date,year,course,type,etape,equipe,selected,classification,statut,rang,pts_uci,rang_gc_final,pts_uci_gc_final,rang_kom_final,pts_uci_kom_final,rang_points_final,pts_uci_points_final,pts_uci_equipe_stage,pts_uci_equipe_total,pts_uci_gc,pts_uci_kom,pts_uci_points,stage_num,distance_gpx_km,asphalt_km,paved_km,cobblestones_km,unpaved_km,compacted_gravel_km,road_km,street_km,state_road_km,cycleway_km,off-grid_(unknown)_km,access_road_km,unknown_km,path_km,singletrack_km,denivele_pos,denivele_neg,altitude_max,altitude_min,n_cols_cat4,n_cols_cat3,n_cols_cat2,n_cols_cat1,n_cols_hc,loc_last_col_cat4,loc_last_col_cat3,loc_last_col_cat2,loc_last_col_cat1,loc_last_col_hc,gradient_last_1km,gradient_last_3km,gradient_last_5km,denivele_last_5km,gradient_first_50km,denivele_first_50km,leader_played,n_races_30d,km_30d,max_pts,cobblestones_last_50km,compacted_gravel_last_50km,cobblestones_last_20km,compacted_gravel_last_20km,cobblestones_last_10km,compacted_gravel_last_10km,pts_ratio,startlist_quality,avg_temperature,won_how,forme_equipe,stage_cluster,stage_cluster_label,is_team_leader
2018-01-24,2018,tour-of-sharjah,stage,1.0,Vérandas Willems-Crelan,0,2.1,,,0.0,,,,,,,0.0,19.0,16.0,0.0,0.0,1.0,10.19,9.73,0.226,0.0,0.0,0.0,9.95,0.0,0.0,0.0,0.0,0.0,0.0,0.117,0.0,56.0,55.0,11.0,0.0,0.0,0.0,0.0,0.0,0.0,0.0,0.0,0.0,0.0,0.0,-0.3,-0.03,0.0,55.0,0.01,56.0,0,0,0.0,14.0,0.0,0.0,0.0,0.0,0.0,0.0,0.0,57.0,,Time trial,,1.0,🟢  Plat/Sprint,0
2018-01-25,2018,tour-of-sharjah,stage,2.0,Vérandas Willems-Crelan,0,2.1,,,0.0,,,,,,,0.0,19.0,16.0,0.0,0.0,2.0,151.44,39.8,8.05,0.0,2.13,0.0,20.3,3.14,25.4,0.0,102.0,0.0,103.0,2.36,0.0,599.0,532.0,188.0,28.0,0.0,1.0,0.0,0.0,0.0,0.5996,0.5996,0.0,0.0,0.0,0.1,0.0,-0.04,48.0,-0.03,200.0,0,0,0.0,14.0,0.0,0.0,0.0,0.0,0.0,0.0,0.0,57.0,,Sprint of large group,0.0,1.0,🟢  Plat/Sprint,0
2018-01-26,2018,tour-of-sharjah,stage,3.0,Vérandas Willems-Crelan,0,2.1,,,0.0,,,,,,,0.0,19.0,16.0,0.0,0.0,3.0,116.57,33.1,23.7,0.0,0.0,0.0,27.9,8.42,25.3,0.0,56.2,0.0,61.3,1.14,0.0,1298.0,1045.0,544.0,0.0,1.0,1.0,1.0,0.0,0.0,0.8788,0.8788,0.8788,0.0,0.0,0.1,-0.4,-1.54,198.0,-0.01,310.0,0,0,0.0,14.0,0.0,0.0,0.0,0.0,0.0,0.0,0.0,57.0,,Sprint of small group,0.0,1.0,🟢  Plat/Sprint,0
2018-01-27,2018,tour-of-sharjah,stage,4.0,Vérandas Willems-Crelan,0,2.1,,,0.0,,,,,,,3.0,19.0,16.0,0.0,0.0,4.0,98.98,97.0,0.0,0.0,0.0,0.0,84.8,0.0,12.2,0.0,2.03,0.0,1.83,0.0,0.0,210.0,210.0,9.0,0.0,0.0,0.0,0.0,0.0,0.0,0.0,0.0,0.0,0.0,0.0,0.1,0.03,-0.04,19.0,0.0,107.0,0,0,0.0,14.0,0.0,0.0,0.0,0.0,0.0,0.0,0.0,57.0,,-,0.0,1.0,🟢  Plat/Sprint,0
2018-01-28,2018,gp-d-ouverture,result,,Vérandas Willems-Crelan,1,1.1,FIN,42.0,0.0,,,,,,,0.0,0.0,0.0,0.0,0.0,,146.39,144.0,1.94,0.0,0.0,0.0,104.0,0.849,39.9,0.973,0.0,0.0,0.0,0.0,0.0,2645.0,2789.0,730.0,10.0,1.0,4.0,3.0,0.0,0.0,0.9409,0.9409,0.816,0.0,0.0,-0.7,-1.27,-1.68,0.0,0.23,842.0,0,0,0.0,125.0,0.0,0.0,0.0,0.0,0.0,0.0,0.0,204.0,,Sprint of small group,,2.0,⛰️  Moy. montagne,0
2018-01-31,2018,etoile-de-besseges,stage,1.0,Vérandas Willems-Crelan,0,2.1,,,0.0,,,,,,,0.0,44.0,30.0,0.0,0.0,1.0,160.95,154.0,4.86,0.0,0.0,0.0,114.0,3.15,41.9,0.0,1.01,0.0,1.57,1.37,0.0,546.0,554.0,61.0,0.0,0.0,0.0,0.0,0.0,0.0,0.0,0.0,0.0,0.0,0.0,-1.5,-0.17,-0.22,60.0,-0.02,148.0,0,1,146.39,14.0,0.0,0.0,0.0,0.0,0.0,0.0,0.0,177.0,,Sprint of large group,0.75,1.0,🟢  Plat/Sprint,0
2018-02-01,2018,etoile-de-besseges,stage,2.0,Vérandas Willems-Crelan,0,2.1,,,0.0,,,,,,,0.0,44.0,30.0,0.0,0.0,2.0,151.08,130.0,19.1,0.0,0.0,0.0,119.0,5.22,21.3,3.37,2.33,0.0,2.5,0.0,0.0,913.0,892.0,199.0,2.0,2.0,0.0,0.0,0.0,0.0,0.2469,0.0,0.0,0.0,0.0,-0.4,0.27,0.7,69.0,-0.04,365.0,0,1,146.39,14.0,0.0,0.0,0.0,0.0,0.0,0.0,0.0,177.0,,Sprint of large group,0.6,1.0,🟢  Plat/Sprint,0
2018-02-02,2018,etoile-de-besseges,stage,3.0,Vérandas Willems-Crelan,0,2.1,,,0.0,,,,,,,0.0,44.0,30.0,0.0,0.0,3.0,152.35,144.0,1.47,0.0,0.0,0.0,120.0,2.7,22.9,0.0,7.28,0.0,7.28,0.0,0.0,2059.0,2056.0,413.0,141.0,5.0,4.0,0.0,0.0,0.0,0.8461,0.8461,0.0,0.0,0.0,0.4,0.0,0.02,69.0,0.4,857.0,0,1,146.39,14.0,0.0,0.0,0.0,0.0,0.0,0.0,0.0,177.0,,Sprint of large group,0.0,2.0,⛰️  Moy. montagne,0
2018-02-03,2018,etoile-de-besseges,stage,4.0,Vérandas Willems-Crelan,0,2.1,,,0.0,,,,,,,14.0,44.0,30.0,0.0,0.0,4.0,151.34,138.0,13.0,0.0,0.0,0.0,112.0,12.2,25.8,0.463,0.889,0.0,0.931,0.28,0.0,1254.0,1213.0,263.0,30.0,3.0,2.0,0.0,0.0,0.0,0.9013,0.4844,0.0,0.0,0.0,4.2,1.83,1.18,78.0,-0.03,438.0,0,1,146.39,14.0,0.0,0.0,0.0,0.0,0.0,0.0,0.0,177.0,,Sprint of large group,0.6,1.0,🟢  Plat/Sprint,0
2018-02-04,2018,etoile-de-besseges,stage,5.0,Vérandas Willems-Crelan,0,2.1,,,0.0,,,,,,,0.0,44.0,30.0,0.0,0.0,5.0,11.97,11.9,0.111,0.0,0.0,0.0,3.65,0.264,7.91,0.148,0.0,0.0,0.0,0.0,0.0,174.0,13.0,290.0,129.0,0.0,1.0,0.0,0.0,0.0,0.9979,0.9979,0.0,0.0,0.0,7.3,5.33,3.14,161.0,1.34,174.0,0,1,146.39,14.0,0.0,0.0,0.0,0.0,0.0,0.0,0.0,177.0,,-,3.4,1.0,🟢  Plat/Sprint,0
2018-02-10,2018,vuelta-ciclista-a-la-region-de-murcia,result,,Vérandas Willems-Crelan,0,1.1,,,0.0,,,,,,,0.0,0.0,0.0,0.0,0.0,,206.91,204.0,1.24,0.466,0.0,0.0,93.9,8.95,102.0,1.39,0.205,0.0,1.63,0.206,0.0,2784.0,2771.0,1199.0,27.0,3.0,1.0,1.0,0.0,1.0,0.8584,0.8066,0.6501,0.6501,0.6501,0.0,0.0,-0.14,7.0,0.25,450.0,0,1,146.39,125.0,0.0,0.0,0.0,0.0,0.0,0.0,0.0,348.0,,0.8 km solo,0.0,2.0,⛰️  Moy. montagne,0
2018-02-11,2018,clasica-de-almeria,result,,Vérandas Willems-Crelan,0,1.HC,,,0.0,,,,,,,8.0,8.0,0.0,0.0,0.0,,191.28,183.0,0.4,0.0,0.001,0.0,123.0,0.365,61.1,0.0,6.95,0.0,6.95,0.0,0.0,1839.0,1889.0,805.0,1.0,0.0,1.0,0.0,1.0,0.0,0.4625,0.4625,0.4625,0.4625,0.0,0.2,-0.1,-0.02,13.0,1.07,727.0,0,1,146.39,200.0,0.0,0.0,0.0,0.0,0.0,0.0,0.0,316.0,,Sprint of large group,0.0,2.0,⛰️  Moy. montagne,0
2018-02-11,2018,trofeo-laigueglia,result,,Vérandas Willems-Crelan,1,1.HC,DNF,,0.0,,,,,,,10.0,10.0,0.0,0.0,0.0,,203.21,182.0,18.6,0.256,0.0,0.0,116.0,8.25,68.9,7.75,2.65,0.0,2.11,0.0,0.0,3018.0,3022.0,480.0,1.0,0.0,4.0,3.0,0.0,0.0,0.9491,0.9491,0.5731,0.0,0.0,-0.4,-2.2,-0.36,90.0,0.16,660.0,0,1,146.39,200.0,0.0,0.0,0.0,0.0,0.0,0.0,0.0,157.0,,9.4 km solo,2.0,2.0,⛰️  Moy. montagne,0
2018-02-14,2018,ruta-del-sol,stage,1.0,Vérandas Willems-Crelan,1,2.HC,FIN,95.0,0.0,41.0,0.0,,,,,0.0,0.0,0.0,0.0,0.0,1.0,197.42,163.0,4.9,0.759,1.91,0.0,120.0,8.29,39.7,0.358,28.2,0.0,28.5,1.99,0.214,4657.0,4006.0,1145.0,0.0,2.0,2.0,2.0,0.0,1.0,0.9176,0.8348,0.8348,0.6619,0.6619,-1.3,-0.91,-0.08,321.0,0.34,1464.0,0,2,349.6,20.0,0.0,0.051,0.0,0.051,0.0,0.051,0.0,401.0,,Sprint à deux,3.6,2.0,⛰️  Moy. montagne,0
2018-02-15,2018,ruta-del-sol,stage,2.0,Vérandas Willems-Crelan,1,2.HC,FIN,47.0,0.0,41.0,0.0,,,,,0.0,0.0,0.0,0.0,0.0,2.0,139.85,131.0,6.67,0.676,0.0,0.0,90.0,4.16,44.1,0.0,2.95,0.0,2.98,0.0,0.0,2825.0,2601.0,1193.0,394.0,4.0,0.0,1.0,0.0,0.0,0.9969,0.9969,0.9969,0.0,0.0,11.0,12.67,8.98,449.0,0.11,513.0,0,3,547.02,20.0,0.0,0.0,0.0,0.0,0.0,0.0,0.0,401.0,,0.3 km solo,,3.0,🏔️  Haute montagne,0
2018-02-16,2018,ruta-del-sol,stage,3.0,Vérandas Willems-Crelan,1,2.HC,FIN,118.0,0.0,41.0,0.0,,,,,0.0,0.0,0.0,0.0,0.0,3.0,165.68,134.0,3.8,0.0,5.6,2.41,46.8,0.414,82.9,2.83,18.9,0.0,18.9,13.2,0.0,2963.0,3430.0,799.0,170.0,8.0,0.0,2.0,0.0,0.0,0.9864,0.7209,0.7209,0.0,0.0,0.1,-0.57,0.16,415.0,-0.18,966.0,0,4,686.87,20.0,0.0,0.0,0.0,0.0,0.0,0.0,0.0,401.0,,Sprint of large group,3.6,2.0,⛰️  Moy. montagne,0
2018-02-17,2018,ruta-del-sol,stage,4.0,Vérandas Willems-Crelan,1,2.HC,FIN,58.0,0.0,41.0,0.0,,,,,0.0,0.0,0.0,0.0,0.0,4.0,190.96,180.0,3.46,0.0,2.0,0.0,119.0,1.26,61.6,0.269,5.8,0.0,5.8,3.32,0.0,2955.0,2759.0,1182.0,14.0,4.0,1.0,0.0,0.0,1.0,0.9998,0.9065,0.4774,0.4774,0.4774,10.0,4.53,2.36,191.0,0.28,348.0,0,5,852.55,20.0,0.0,0.0,0.0,0.0,0.0,0.0,0.0,401.0,,0.65 km solo,0.0,3.0,🏔️  Haute montagne,0
2018-02-18,2018,ruta-del-sol,stage,5.0,Vérandas Willems-Crelan,1,2.HC,FIN,41.0,0.0,41.0,0.0,,,,,0.0,0.0,0.0,0.0,0.0,5.0,14.0,8.56,2.02,0.0,2.88,0.561,13.8,0.0,0.0,0.0,0.0,0.0,0.0,0.172,0.0,206.0,221.0,142.0,2.0,1.0,0.0,0.0,0.0,0.0,0.6151,0.0,0.0,0.0,0.0,0.1,-2.8,-2.4,206.0,-0.11,206.0,0,6,1043.51,20.0,0.0,0.0,0.0,0.0,0.0,0.0,0.0,401.0,,-,3.4,1.0,🟢  Plat/Sprint,0
2018-02-24,2018,omloop-het-nieuwsblad,result,,Vérandas Willems-Crelan,1,1.UWT,DNF,,0.0,,,,,,,10.0,10.0,0.0,0.0,0.0,,197.27,119.0,62.9,15.3,0.282,0.0,72.0,37.1,6.1,71.5,0.209,0.186,0.421,0.174,0.278,1638.0,1624.0,107.0,8.0,4.0,0.0,0.0,0.0,0.0,0.9336,0.0,0.0,0.0,0.0,0.8,-0.63,-0.3,125.0,0.07,329.0,1,7,1057.51,300.0,3.566,0.0,1.663,0.0,0.024,0.0,0.0,750.0,,2.2 km solo,2.8,1.0,🟢  Plat/Sprint,0
2018-02-25,2018,kuurne-brussel-kuurne,result,,Vérandas Willems-Crelan,1,1.HC,FIN,63.0,0.0,,,,,,,5.0,5.0,0.0,0.0,0.0,,202.27,133.0,63.2,4.9,0.0,1.21,65.9,13.0,10.8,101.0,0.0,0.0,0.0,1.31,0.0,1397.0,1395.0,165.0,9.0,6.0,0.0,0.0,0.0,0.0,0.5894,0.0,0.0,0.0,0.0,-0.2,0.07,0.08,30.0,0.06,287.0,0,8,1254.78,200.0,0.308,0.0,0.102,0.0,0.0,0.0,0.0,640.0,,Sprint of large group,4.8,1.0,🟢  Plat/Sprint,0
2018-02-27,2018,gp-samyn,result,,Vérandas Willems-Crelan,0,1.1,,,0.0,,,,,,,3.0,3.0,0.0,0.0,0.0,,197.98,145.0,37.7,14.4,0.103,0.0,136.0,21.7,8.99,29.7,1.49,0.0,1.58,0.0,0.0,1422.0,1353.0,137.0,19.0,5.0,0.0,0.0,0.0,0.0,0.8904,0.0,0.0,0.0,0.0,1.0,1.6,0.92,144.0,0.09,365.0,0,9,1457.05,125.0,6.72,0.0,2.73,0.0,0.751,0.0,0.0,170.0,,-,5.8,1.0,🟢  Plat/Sprint,0
2018-03-03,2018,strade-bianche,result,,Vérandas Willems-Crelan,1,1.UWT,DNF,,0.0,,,,,,,227.0,227.0,0.0,0.0,0.0,,184.05,120.0,2.89,0.989,12.1,47.2,111.0,45.8,26.2,0.0,0.426,0.0,0.456,0.372,0.0,2990.0,2911.0,459.0,141.0,8.0,4.0,0.0,0.0,0.0,0.9975,0.9522,0.0,0.0,0.0,5.4,0.7,-0.42,136.0,-0.15,634.0,1,8,1310.66,300.0,1.001,7.941,0.865,0.0,0.865,0.0,0.0,900.0,,12.3 km solo,3.6,2.0,⛰️  Moy. montagne,0
2018-03-04,2018,3daagse-van-west-vlaanderen,result,,Vérandas Willems-Crelan,0,1.1,,,0.0,,,,,,,25.0,25.0,0.0,0.0,0.0,,201.33,91.4,97.1,9.34,0.395,0.0,101.0,5.8,3.8,80.1,3.03,0.0,3.55,0.315,0.16,604.0,590.0,149.0,-2.0,1.0,0.0,0.0,0.0,0.0,0.2915,0.0,0.0,0.0,0.0,0.3,-0.23,-0.24,198.0,0.01,43.0,0,9,1494.7099999999998,125.0,3.194,0.0,1.039,0.0,0.0,0.0,0.0,131.0,,7 km solo,3.6,1.0,🟢  Plat/Sprint,0
2018-03-04,2018,gp-industria-artigianato,result,,Vérandas Willems-Crelan,1,1.HC,FIN,11.0,30.0,,,,,,,130.0,130.0,0.0,0.0,0.0,,198.78,175.0,23.6,0.0,0.0,0.0,175.0,0.29,23.6,0.0,0.0,0.0,0.29,0.0,0.0,2180.0,2182.0,361.0,15.0,0.0,0.0,4.0,0.0,0.0,0.9588,0.9588,0.9588,0.0,0.0,1.1,-2.53,-4.84,31.0,-0.07,281.0,0,9,1494.7099999999998,200.0,0.0,0.0,0.0,0.0,0.0,0.0,0.15,220.0,,5.9 km solo,49.0,2.0,⛰️  Moy. montagne,0
2018-03-11,2018,ronde-van-drenthe,result,,Vérandas Willems-Crelan,0,1.HC,,,0.0,,,,,,,150.0,150.0,0.0,0.0,0.0,,193.99,97.0,52.9,33.2,4.12,0.784,88.3,7.45,0.0,49.7,4.13,0.0,6.89,22.7,0.731,465.0,473.0,38.0,2.0,0.0,0.0,0.0,0.0,0.0,0.0,0.0,0.0,0.0,0.0,0.0,0.1,0.02,9.0,-0.01,108.0,0,10,1693.4899999999998,200.0,9.436,0.19,2.058,0.0,0.238,0.0,0.0,92.0,,Sprint of small group,8.6,1.0,🟢  Plat/Sprint,0
2018-03-14,2018,nokere-koerse,result,,Vérandas Willems-Crelan,1,1.HC,FIN,36.0,3.0,,,,,,,56.0,56.0,0.0,0.0,0.0,,189.89,122.0,52.7,14.3,0.226,0.0,111.0,13.2,1.16,58.1,1.33,0.0,1.33,0.0,0.226,1140.0,1096.0,76.0,8.0,0.0,0.0,0.0,0.0,0.0,0.0,0.0,0.0,0.0,0.0,-0.7,-0.03,0.0,94.0,0.01,290.0,1,9,1490.28,200.0,5.392,0.0,2.442,0.0,2.442,0.0,0.015,195.0,,Sprint of large group,38.6,1.0,🟢  Plat/Sprint,0
2018-03-18,2018,gp-de-denain,result,,Vérandas Willems-Crelan,0,1.HC,,,0.0,,,,,,,30.0,30.0,0.0,0.0,0.0,,200.76,170.0,10.5,19.0,0.0,0.155,143.0,10.4,20.1,18.8,0.0,0.0,0.364,8.54,0.0,847.0,841.0,77.0,16.0,0.0,0.0,0.0,0.0,0.0,0.0,0.0,0.0,0.0,0.0,-0.7,-0.1,-0.16,47.0,0.02,226.0,1,8,1342.9,200.0,6.9,0.0,3.415,0.0,1.586,0.0,0.0,157.0,,0.4 km solo,47.8,1.0,🟢  Plat/Sprint,0
2018-03-21,2018,classic-brugge-de-panne,result,,Vérandas Willems-Crelan,0,1.HC,,,0.0,,,,,,,18.0,18.0,0.0,0.0,0.0,,,,,,,,,,,,,,,,,,,,,0.0,0.0,0.0,0.0,0.0,,,,,,,,,,,,1,5,972.26,,,,,,,,,256.0,,Sprint of small group,,,,0
2018-03-23,2018,e3-harelbeke,result,,Vérandas Willems-Crelan,1,1.UWT,FIN,46.0,8.0,,,,,,,8.0,8.0,0.0,0.0,0.0,,206.2,121.0,70.3,13.0,0.0,0.381,73.7,29.2,6.31,78.6,1.66,0.0,1.97,0.401,0.105,1844.0,1846.0,151.0,11.0,8.0,0.0,0.0,0.0,0.0,0.852,0.0,0.0,0.0,0.0,0.0,-0.1,-0.02,102.0,0.11,323.0,0,5,972.26,400.0,3.633,0.299,0.069,0.0,0.0,0.0,0.02,899.0,,30 km solo,52.8,1.0,🟢  Plat/Sprint,0
2018-03-25,2018,gent-wevelgem,result,,Vérandas Willems-Crelan,1,1.UWT,FIN,62.0,0.0,,,,,,,85.0,85.0,0.0,0.0,0.0,,249.96,170.0,68.8,3.0,4.47,0.0,122.0,9.14,2.27,90.3,2.99,0.0,3.86,4.27,0.206,1521.0,1511.0,161.0,-3.0,3.0,1.0,0.0,0.0,0.0,0.8657,0.4696,0.0,0.0,0.0,0.0,0.03,-0.02,49.0,-0.01,151.0,1,6,1178.46,500.0,1.433,0.0,0.169,0.0,0.169,0.0,0.0,944.0,,Sprint of small group,53.8,1.0,🟢  Plat/Sprint,0
2018-03-28,2018,dwars-door-vlaanderen,result,,Vérandas Willems-Crelan,1,1.UWT,DNF,,0.0,,,,,,,0.0,0.0,0.0,0.0,0.0,,180.32,109.0,60.7,7.73,0.322,0.381,73.2,12.4,4.98,73.2,2.58,0.0,2.85,0.697,0.0,1268.0,1273.4,165.2,6.6,0.0,0.0,0.0,0.0,0.0,0.0,0.0,0.0,0.0,0.0,-0.99,-0.11,-0.18,6.0,0.0,113.2,1,5,1028.88,300.0,0.0,0.0,0.0,0.0,0.0,0.0,0.0,852.0,,0.8 km solo,65.8,1.0,🟢  Plat/Sprint,0
2018-04-01,2018,ronde-van-vlaanderen,result,,Vérandas Willems-Crelan,1,1.UWT,FIN,70.0,0.0,,,,,,,100.0,100.0,0.0,0.0,0.0,,265.44,131.0,113.0,18.9,0.516,0.0,101.0,31.4,12.3,105.0,2.05,0.24,2.63,0.725,0.644,2157.0,2152.0,165.0,0.0,5.0,2.0,0.0,0.0,0.0,0.9453,0.9039,0.0,0.0,0.0,0.2,-0.13,0.0,61.0,-0.01,80.0,1,6,1028.88,500.0,5.93,0.0,1.839,0.0,0.0,0.0,0.0,920.0,,19 km solo,35.8,1.0,🟢  Plat/Sprint,0
2018-04-04,2018,scheldeprijs,result,,Vérandas Willems-Crelan,0,1.HC,,,0.0,,,,,,,5.0,5.0,0.0,0.0,0.0,,200.19,113.0,67.6,7.34,0.487,0.197,71.2,7.44,6.4,66.6,12.9,0.0,14.0,0.962,2.65,251.0,251.0,22.0,-2.0,0.0,0.0,0.0,0.0,0.0,0.0,0.0,0.0,0.0,0.0,0.3,0.1,0.06,32.0,-0.01,41.0,0,5,911.49,200.0,6.013,0.0,2.178,0.0,1.53,0.0,0.0,347.0,,Sprint of large group,44.6,1.0,🟢  Plat/Sprint,0
2018-04-08,2018,paris-roubaix,result,,Vérandas Willems-Crelan,0,1.UWT,,,0.0,,,,,,,50.0,50.0,0.0,0.0,0.0,,258.1,202.0,1.61,49.9,2.31,1.46,172.0,9.98,45.5,17.5,0.879,0.21,1.26,10.8,1.68,1249.0,1280.0,161.0,15.0,1.0,0.0,0.0,0.0,0.0,0.2306,0.0,0.0,0.0,0.0,-0.1,-0.6,-0.06,31.0,0.08,260.0,1,5,911.49,500.0,14.071,0.0,6.17,0.0,1.409,0.0,0.0,811.0,,Sprint à deux,39.6,1.0,🟢  Plat/Sprint,0
2018-04-11,2018,brabantse-pijl,result,,Vérandas Willems-Crelan,1,1.HC,FIN,8.0,50.0,,,,,,,53.0,53.0,0.0,0.0,0.0,,201.76,134.0,63.8,2.7,0.0,0.0,71.6,21.6,19.5,84.1,2.24,0.0,2.27,0.919,0.0,2082.0,2019.0,149.0,27.0,3.0,0.0,0.0,0.0,0.0,0.4409,0.0,0.0,0.0,0.0,4.7,0.4,1.1,186.0,0.17,439.0,0,5,911.49,200.0,0.713,0.0,0.351,0.0,0.214,0.0,0.25,439.0,,7.8 km solo,48.0,1.0,🟢  Plat/Sprint,0
2018-05-01,2018,eschborn-frankfurt,result,,Vérandas Willems-Crelan,1,1.UWT,FIN,34.0,5.0,,,,,,,125.0,125.0,0.0,0.0,0.0,,211.59,192.0,7.13,4.24,0.152,0.45,138.0,11.7,19.0,26.6,8.63,0.327,9.17,3.07,1.44,3012.0,3020.0,841.0,96.0,3.0,2.0,2.0,1.0,0.0,0.7744,0.7744,0.6046,0.2987,0.0,-0.1,0.0,0.06,32.0,1.06,672.0,0,2,467.2,300.0,2.122,0.308,1.664,0.198,0.568,0.035,0.0166666666666666,472.0,,Sprint of small group,73.4,2.0,⛰️  Moy. montagne,0
2018-05-08,2018,4-jours-de-dunkerque,stage,1.0,Vérandas Willems-Crelan,1,2.HC,FIN,82.0,0.0,32.0,3.0,,,,,0.0,3.0,3.0,0.0,0.0,1.0,185.53,180.0,4.11,0.0,0.448,0.0,129.0,1.89,43.5,9.66,0.57,0.0,0.502,0.467,0.0,795.8,778.4,145.0,0.0,0.0,0.0,0.0,0.0,0.0,0.0,0.0,0.0,0.0,0.0,-0.76,-0.15,-0.18,8.6,0.12,195.6,0,2,413.35,20.0,0.0,0.0,0.0,0.0,0.0,0.0,0.0,191.0,,Sprint of large group,41.6,1.0,🟢  Plat/Sprint,0
2018-05-09,2018,4-jours-de-dunkerque,stage,2.0,Vérandas Willems-Crelan,1,2.HC,FIN,64.0,0.0,32.0,3.0,,,,,0.0,3.0,3.0,0.0,0.0,2.0,177.08,171.0,5.78,0.217,0.0,0.0,151.0,2.17,18.9,4.62,0.441,0.0,0.441,0.0,0.0,1331.6,1389.4,205.0,27.6,0.0,0.0,0.0,0.0,0.0,0.0,0.0,0.0,0.0,0.0,-1.34,-0.41,-0.54,12.0,0.14,363.0,0,3,413.35,20.0,0.0,0.0,0.0,0.0,0.0,0.0,0.0,191.0,,Sprint of large group,41.6,1.0,🟢  Plat/Sprint,0
2018-05-10,2018,4-jours-de-dunkerque,stage,3.0,Vérandas Willems-Crelan,1,2.HC,FIN,80.0,0.0,32.0,3.0,,,,,0.0,3.0,3.0,0.0,0.0,3.0,175.42,162.0,9.6,0.0,1.29,0.0,145.0,7.45,21.0,0.0,0.204,0.0,2.23,0.881,0.442,1592.4,1574.4,183.8,2.4,0.0,0.0,0.0,0.0,0.0,0.0,0.0,0.0,0.0,0.0,-1.83,-0.41,-0.97,18.6,0.17,386.0,0,4,413.35,20.0,0.0,0.0,0.0,0.0,0.0,0.0,0.0,191.0,,Sprint of large group,21.6,1.0,🟢  Plat/Sprint,0
2018-05-11,2018,4-jours-de-dunkerque,stage,4.0,Vérandas Willems-Crelan,1,2.HC,FIN,33.0,0.0,32.0,3.0,,,,,0.0,3.0,3.0,0.0,0.0,4.0,172.32,161.0,11.1,0.0,0.0,0.0,145.0,4.35,22.4,0.8,0.0,0.0,0.0,0.0,0.0,1523.6,1488.8,186.0,45.8,0.0,0.0,0.0,0.0,0.0,0.0,0.0,0.0,0.0,0.0,-1.91,-0.48,0.08,71.0,0.13,504.0,0,5,413.35,20.0,0.0,0.0,0.0,0.0,0.0,0.0,0.0,191.0,,Sprint of large group,20.6,1.0,🟢  Plat/Sprint,0
2018-05-12,2018,4-jours-de-dunkerque,stage,5.0,Vérandas Willems-Crelan,1,2.HC,FIN,32.0,0.0,32.0,3.0,,,,,0.0,3.0,3.0,0.0,0.0,5.0,180.37,157.0,0.0,22.9,0.0,0.0,125.0,6.57,48.3,0.0,0.0,0.715,0.67,0.0,0.0,2597.4,2519.0,158.0,5.0,0.0,0.0,0.0,0.0,0.0,0.0,0.0,0.0,0.0,0.0,-6.78,0.61,0.92,130.0,0.14,269.2,0,5,211.59,20.0,0.0,0.0,0.0,0.0,0.0,0.0,0.0,191.0,,1.2 km solo,96.4,2.0,⛰️  Moy. montagne,0
2018-05-13,2018,4-jours-de-dunkerque,stage,6.0,Vérandas Willems-Crelan,1,2.HC,FIN,71.0,0.0,32.0,3.0,,,,,0.0,3.0,3.0,0.0,0.0,6.0,174.93,157.0,3.08,14.3,0.813,0.0,99.8,37.9,14.3,19.7,0.0,0.0,0.0,3.7,0.0,455.2,453.8,73.0,0.0,0.0,0.0,0.0,0.0,0.0,0.0,0.0,0.0,0.0,0.0,0.04,-0.1,-0.05,6.4,0.11,218.2,0,6,211.59,20.0,0.0,0.0,0.0,0.0,0.0,0.0,0.0,191.0,,-,10.6,1.0,🟢  Plat/Sprint,0
2018-05-20,2018,grote-prijs-marcel-kint,result,,Vérandas Willems-Crelan,0,1.1,,,0.0,,,,,,,120.0,120.0,0.0,0.0,0.0,,172.5,128.0,42.4,1.42,1.91,0.0,56.0,36.7,0.0,78.6,0.185,0.0,0.185,1.91,0.0,1144.0,1141.0,75.0,14.0,0.0,0.0,0.0,0.0,0.0,0.0,0.0,0.0,0.0,0.0,-1.0,-0.23,-0.6,108.0,0.03,343.0,0,7,211.59,125.0,0.828,0.0,0.356,0.0,0.276,0.0,0.0,99.0,,Sprint of large group,0.0,1.0,🟢  Plat/Sprint,0
2018-05-23,2018,tour-of-belgium,stage,1.0,Vérandas Willems-Crelan,0,2.HC,,,0.0,,,,,,,5.0,13.0,3.0,0.0,0.0,1.0,182.75,42.5,133.0,7.19,0.0,0.0,24.7,13.7,0.646,122.0,0.0,0.0,0.126,0.0,0.0,368.0,372.0,41.0,1.0,0.0,0.0,0.0,0.0,0.0,0.0,0.0,0.0,0.0,0.0,0.0,0.1,0.08,70.0,-0.01,101.0,0,7,211.59,20.0,0.0,0.0,0.0,0.0,0.0,0.0,0.0,195.0,,Sprint of large group,24.0,1.0,🟢  Plat/Sprint,0
2018-05-24,2018,tour-of-belgium,stage,2.0,Vérandas Willems-Crelan,0,2.HC,,,0.0,,,,,,,5.0,13.0,3.0,0.0,0.0,2.0,164.2,89.7,67.8,5.43,0.0,0.417,31.7,20.7,0.15,95.0,0.256,0.0,1.4,0.441,0.0,125.0,118.0,16.0,0.0,0.0,0.0,0.0,0.0,0.0,0.0,0.0,0.0,0.0,0.0,0.7,0.27,0.22,24.0,0.0,19.0,0,7,211.59,20.0,0.0,0.0,0.0,0.0,0.0,0.0,0.0,195.0,,Sprint of large group,25.0,1.0,🟢  Plat/Sprint,0
2018-05-25,2018,tour-of-belgium,stage,3.0,Vérandas Willems-Crelan,0,2.HC,,,0.0,,,,,,,0.0,13.0,3.0,0.0,0.0,3.0,10.62,6.44,2.77,1.2,0.246,0.0,1.45,6.38,0.0,1.56,0.0,0.0,1.02,0.153,0.0,23.0,25.0,14.0,0.0,0.0,0.0,0.0,0.0,0.0,0.0,0.0,0.0,0.0,0.0,-0.1,0.07,-0.02,23.0,-0.02,23.0,0,7,211.59,20.0,0.0,0.0,0.0,0.0,0.0,0.0,0.0,195.0,,Time trial,26.0,1.0,🟢  Plat/Sprint,0
2018-05-26,2018,tour-of-belgium,stage,4.0,Vérandas Willems-Crelan,0,2.HC,,,0.0,,,,,,,0.0,13.0,3.0,0.0,0.0,4.0,146.68,114.0,32.9,0.143,0.0,0.0,89.1,20.7,29.4,7.01,0.0,0.0,0.428,0.0,0.0,2103.0,2116.0,268.0,68.0,8.0,2.0,0.0,0.0,0.0,0.9226,0.793,0.0,0.0,0.0,0.2,0.0,-0.98,168.0,0.3,774.0,0,7,211.59,20.0,0.0,0.0,0.0,0.0,0.0,0.0,0.0,195.0,,10 km solo,96.4,2.0,⛰️  Moy. montagne,0
2018-05-27,2018,tour-of-belgium,stage,5.0,Vérandas Willems-Crelan,0,2.HC,,,0.0,,,,,,,0.0,13.0,3.0,0.0,0.0,5.0,164.3,90.9,67.8,5.45,0.427,0.0,71.2,10.1,16.2,52.1,0.0,0.0,0.112,0.703,0.0,892.0,870.0,128.0,60.0,0.0,0.0,0.0,0.0,0.0,0.0,0.0,0.0,0.0,0.0,0.0,-0.43,-0.58,189.0,0.1,316.0,0,7,211.59,20.0,2.367,0.0,0.483,0.0,0.483,0.0,0.0,195.0,,-,26.0,1.0,🟢  Plat/Sprint,0
2018-05-30,2018,tour-de-luxembourg,prologue,,Vérandas Willems-Crelan,1,2.HC,FIN,11.0,0.0,7.0,60.0,,,,,0.0,60.0,60.0,0.0,0.0,,2.37,1.4,0.0,0.684,0.0,0.0,0.731,0.369,0.335,0.287,0.253,0.0,0.287,0.404,0.0,62.0,53.0,307.0,260.0,0.0,0.0,0.0,0.0,0.0,0.0,0.0,0.0,0.0,0.0,4.2,0.38,0.38,62.0,0.38,62.0,0,7,211.59,20.0,0.0,0.0,0.0,0.0,0.0,0.0,0.0,,,,,0.0,⏱️  CLM,0
2018-05-31,2018,tour-de-luxembourg,stage,1.0,Vérandas Willems-Crelan,1,2.HC,FIN,39.0,0.0,7.0,60.0,,,,,0.0,60.0,60.0,0.0,0.0,1.0,186.63,187.0,0.0,0.0,0.0,0.0,154.0,0.144,32.3,0.109,0.0,0.0,0.0,0.0,0.0,2203.0,2241.0,432.0,135.0,6.0,1.0,0.0,0.0,0.0,0.6221,0.6221,0.0,0.0,0.0,-0.2,-1.0,-0.38,90.0,-0.11,641.0,0,8,213.96,20.0,0.0,0.0,0.0,0.0,0.0,0.0,0.0,124.0,,Sprint of large group,96.4,2.0,⛰️  Moy. montagne,0
2018-06-01,2018,tour-de-luxembourg,stage,2.0,Vérandas Willems-Crelan,1,2.HC,FIN,9.0,0.0,7.0,60.0,,,,,0.0,60.0,60.0,0.0,0.0,2.0,89.1,88.6,0.175,0.224,0.0,0.0,49.3,1.98,33.3,1.69,0.0,0.0,0.108,2.89,0.0,898.0,875.0,383.0,218.0,2.0,1.0,0.0,0.0,0.0,0.9988,0.791,0.0,0.0,0.0,7.0,2.7,1.52,165.0,0.06,530.0,0,8,189.0,20.0,0.0,0.0,0.0,0.0,0.0,0.0,0.0,124.0,,Sprint of small group,26.0,1.0,🟢  Plat/Sprint,0
2018-06-02,2018,heist-op-den-berg,result,,Vérandas Willems-Crelan,0,1.1,,,0.0,,,,,,,3.0,3.0,0.0,0.0,0.0,,192.77,83.8,102.0,5.27,0.419,0.0,12.8,14.7,0.0,148.0,1.31,0.0,1.54,0.177,0.239,594.0,597.0,43.0,5.0,0.0,0.0,0.0,0.0,0.0,0.0,0.0,0.0,0.0,0.0,-2.1,0.33,0.22,70.0,-0.02,76.0,0,9,278.1,125.0,1.363,0.0,0.903,0.0,0.454,0.0,0.0,69.0,,-,2.0,1.0,🟢  Plat/Sprint,0
2018-06-02,2018,tour-de-luxembourg,stage,3.0,Vérandas Willems-Crelan,1,2.HC,FIN,4.0,0.0,7.0,60.0,,,,,0.0,60.0,60.0,0.0,0.0,3.0,161.94,162.0,0.0,0.0,0.0,0.0,124.0,1.24,32.6,4.43,0.0,0.0,0.0,0.0,0.0,2543.0,2692.0,531.0,267.0,6.0,7.0,0.0,0.0,0.0,0.9831,0.9831,0.0,0.0,0.0,-4.0,-4.07,-1.96,176.0,0.05,877.0,0,9,278.1,20.0,0.0,0.0,0.0,0.0,0.0,0.0,0.0,124.0,,Sprint of small group,51.0,2.0,⛰️  Moy. montagne,0
2018-06-03,2018,tour-de-luxembourg,stage,4.0,Vérandas Willems-Crelan,1,2.HC,FIN,8.0,0.0,7.0,60.0,,,,,0.0,60.0,60.0,0.0,0.0,4.0,175.96,174.0,1.77,0.187,0.0,0.0,89.4,4.98,74.1,0.653,0.459,0.0,0.749,6.81,0.0,2742.0,2637.0,526.0,186.0,10.0,2.0,1.0,0.0,0.0,0.9758,0.8429,0.4196,0.0,0.0,4.9,-0.23,0.96,202.0,0.53,828.0,0,10,440.04,20.0,0.0,0.0,0.0,0.0,0.0,0.0,0.0,124.0,,-,25.0,2.0,⛰️  Moy. montagne,0
2018-06-07,2018,gp-du-canton-d-argovie,result,,Vérandas Willems-Crelan,1,1.HC,FIN,59.0,0.0,,,,,,,103.0,103.0,0.0,0.0,0.0,,,,,,,,,,,,,,,,,,,,,0.0,0.0,0.0,0.0,0.0,,,,,,,,,,,,0,11,616.0,,,,,,,,,229.0,,Sprint of large group,,,,0
2018-06-10,2018,rund-um-koln,result,,Vérandas Willems-Crelan,1,1.1,FIN,90.0,0.0,,,,,,,20.0,20.0,0.0,0.0,0.0,,209.77,167.0,29.9,2.99,0.667,0.151,137.0,5.66,4.89,46.6,8.08,0.33,8.47,0.814,0.428,2579.0,2586.0,377.0,39.0,7.0,1.0,1.0,0.0,0.0,0.8016,0.662,0.263,0.0,0.0,-0.4,-0.1,0.1,38.0,0.45,737.0,0,9,616.0,125.0,2.666,0.0,1.512,0.0,0.662,0.0,0.0,146.0,,Sprint of large group,0.0,2.0,⛰️  Moy. montagne,0
2018-06-10,2018,ronde-van-limburg,result,,Vérandas Willems-Crelan,0,1.1,,,0.0,,,,,,,73.0,73.0,0.0,0.0,0.0,,199.71,112.0,75.5,10.9,0.637,0.0,87.1,12.9,11.1,74.3,1.96,0.0,2.16,2.9,0.0,1612.0,1607.0,120.0,54.0,0.0,0.0,0.0,0.0,0.0,0.0,0.0,0.0,0.0,0.0,2.5,0.43,0.46,189.0,-0.08,355.0,0,9,616.0,125.0,1.257,0.0,0.0,0.0,0.0,0.0,0.0,74.0,,Sprint of large group,1.6,1.0,🟢  Plat/Sprint,0
2018-06-15,2018,dwars-door-het-hageland,result,,Vérandas Willems-Crelan,1,1.1,FIN,34.0,0.0,,,,,,,55.0,55.0,0.0,0.0,0.0,,200.3,58.4,112.0,6.57,10.1,13.1,42.0,19.8,0.712,95.9,1.74,0.165,1.95,24.1,1.31,1532.0,1538.0,94.0,13.0,0.0,0.0,0.0,0.0,0.0,0.0,0.0,0.0,0.0,0.0,2.6,0.27,0.06,115.0,-0.03,314.0,0,7,825.77,125.0,2.781,9.101,0.941,2.382,0.913,1.926,0.0,206.0,,20 km solo,15.2,1.0,🟢  Plat/Sprint,0
2018-06-17,2018,circuit-des-xi-villes,result,,Vérandas Willems-Crelan,0,1.1,,,0.0,,,,,,,3.0,3.0,0.0,0.0,0.0,,196.09,111.0,66.2,15.2,0.322,0.0,85.2,16.6,4.46,74.1,3.62,0.0,4.14,0.447,0.0,397.0,395.0,47.0,-2.0,0.0,0.0,0.0,0.0,0.0,0.0,0.0,0.0,0.0,0.0,0.1,0.0,0.04,40.0,0.02,126.0,1,8,1026.0700000000002,125.0,8.963,0.0,2.881,0.0,2.025,0.0,0.0,151.0,,Sprint of large group,26.2,1.0,🟢  Plat/Sprint,0
2018-06-19,2018,halle-ingooigem,result,,Vérandas Willems-Crelan,1,1.1,FIN,27.0,0.0,,,,,,,70.0,70.0,0.0,0.0,0.0,,197.13,131.0,62.4,1.26,0.0,1.21,77.3,10.6,16.3,85.9,0.0,0.0,1.09,1.8,0.0,1726.0,1739.0,165.0,10.0,3.0,0.0,0.0,0.0,0.0,0.3474,0.0,0.0,0.0,0.0,0.4,0.3,0.4,145.0,0.03,392.0,0,8,1026.0700000000002,125.0,0.196,0.0,0.098,0.0,0.0,0.0,0.0,182.0,,Sprint of large group,26.8,1.0,🟢  Plat/Sprint,0
2018-06-21,2018,nc-belgium-itt,result,,Vérandas Willems-Crelan,0,NC,,,0.0,,,,,,,3.0,3.0,0.0,0.0,0.0,,,,,,,,,,,,,,,,,,,,,0.0,0.0,0.0,0.0,0.0,,,,,,,,,,,,0,9,1223.2000000000005,,,,,,,,,61.0,,Time trial,,,,0
2018-06-24,2018,nc-belgium,result,,Vérandas Willems-Crelan,0,NC,,,0.0,,,,,,,1.0,1.0,0.0,0.0,0.0,,224.37,123.0,69.7,17.7,12.4,0.0,92.1,60.9,27.1,30.1,3.07,0.0,3.5,13.4,0.0,2392.0,2392.0,160.0,55.0,12.0,0.0,0.0,0.0,0.0,0.9427,0.0,0.0,0.0,0.0,1.9,1.13,0.26,306.0,-0.04,520.0,1,9,1223.2000000000005,100.0,3.701,0.0,1.955,0.0,1.012,0.0,0.0,424.0,,3.5 km solo,4.0,2.0,⛰️  Moy. montagne,0
2018-07-01,2018,nc-netherlands,result,,Vérandas Willems-Crelan,1,NC,FIN,50.0,0.0,,,,,,,0.0,0.0,0.0,0.0,0.0,,,,,,,,,,,,,,,,,,,,,0.0,0.0,0.0,0.0,0.0,,,,,,,,,,,,0,7,1034.1999999999998,,,,,,,,,257.0,,Sprint of small group,,,,0
2018-07-07,2018,tour-of-austria,stage,1.0,Vérandas Willems-Crelan,1,2.1,FIN,3.0,3.0,38.0,0.0,,,,,3.0,11.0,0.0,0.0,0.0,1.0,148.34,145.0,0.0,0.896,0.161,0.0,98.7,6.93,34.0,4.58,2.73,0.0,2.73,0.753,0.833,2257.0,2280.0,727.0,457.0,8.0,4.0,0.0,0.0,0.0,0.972,0.8864,0.0,0.0,0.0,0.0,-4.07,-1.68,144.0,0.06,682.0,1,5,607.2,14.0,0.501,0.0,0.244,0.0,0.244,0.0,0.2142857142857142,135.0,,2.2 km solo,4.2,2.0,⛰️  Moy. montagne,0
2018-07-08,2018,tour-of-austria,stage,2.0,Vérandas Willems-Crelan,1,2.1,FIN,3.0,3.0,38.0,0.0,,,,,3.0,11.0,0.0,0.0,0.0,2.0,182.41,182.0,0.277,0.0,0.0,0.0,62.4,0.909,116.0,3.08,0.0,0.0,0.569,0.0,0.0,2722.0,2237.0,1797.0,463.0,2.0,1.0,1.0,0.0,1.0,0.9616,0.9616,0.9616,0.2668,0.2668,5.6,-0.07,-1.16,150.0,2.3,1225.0,1,5,755.5400000000001,14.0,0.0,0.0,0.0,0.0,0.0,0.0,0.2142857142857142,135.0,,-,4.8,2.0,⛰️  Moy. montagne,0
2018-07-09,2018,tour-of-austria,stage,3.0,Vérandas Willems-Crelan,1,2.1,FIN,47.0,0.0,38.0,0.0,,,,,0.0,11.0,0.0,0.0,0.0,3.0,133.61,132.0,0.0,0.382,0.0,0.0,63.8,5.07,60.2,1.02,0.75,0.0,1.06,1.05,0.0,2244.0,1061.0,1670.0,473.0,3.0,2.0,0.0,0.0,1.0,0.9993,0.9993,0.9993,0.9993,0.9993,13.4,13.3,13.24,662.0,0.17,558.0,1,6,937.95,14.0,0.0,0.0,0.0,0.0,0.0,0.0,0.0,135.0,,-,0.0,3.0,🏔️  Haute montagne,0
2018-07-10,2018,tour-of-austria,stage,4.0,Vérandas Willems-Crelan,1,2.1,FIN,51.0,0.0,38.0,0.0,,,,,5.0,11.0,0.0,0.0,0.0,4.0,140.36,134.0,0.153,0.0,1.18,0.0,21.1,2.22,110.0,0.282,5.92,0.0,5.92,1.29,0.0,2295.0,1763.0,1619.0,664.0,0.0,0.0,1.0,1.0,1.0,0.9996,0.9996,0.9996,0.9996,0.4165,1.3,0.53,0.24,463.0,1.45,1402.0,1,7,1071.56,14.0,0.0,0.0,0.0,0.0,0.0,0.0,0.0,135.0,,-,0.0,3.0,🏔️  Haute montagne,0
2018-07-11,2018,tour-of-austria,stage,5.0,Vérandas Willems-Crelan,1,2.1,FIN,77.0,0.0,38.0,0.0,,,,,0.0,11.0,0.0,0.0,0.0,5.0,92.41,87.0,0.149,0.0,0.0,0.0,26.4,0.16,60.4,0.25,5.92,0.0,0.0,0.0,0.0,2495.0,1076.0,2403.0,751.0,0.0,0.0,1.0,0.0,1.0,0.9992,0.9992,0.9992,0.9992,0.9992,7.1,9.07,9.4,507.0,-0.42,751.0,1,7,1002.15,14.0,0.0,0.0,0.0,0.0,0.0,0.0,0.0,135.0,,-,1.25,3.0,🏔️  Haute montagne,0
2018-07-12,2018,tour-of-austria,stage,6.0,Vérandas Willems-Crelan,1,2.1,FIN,13.0,0.0,38.0,0.0,,,,,0.0,11.0,0.0,0.0,0.0,6.0,176.85,164.0,7.92,0.0,0.209,0.0,125.0,5.21,39.0,5.38,1.9,0.0,5.01,0.719,0.22,3181.0,2997.0,1255.0,476.0,1.0,1.0,3.0,1.0,0.0,0.9608,0.9608,0.9608,0.4271,0.0,2.8,1.23,-1.88,379.0,-0.28,254.0,1,8,1094.56,14.0,0.0,0.0,0.0,0.0,0.0,0.0,0.0,135.0,,0.3 km solo,5.4,2.0,⛰️  Moy. montagne,0
2018-07-13,2018,tour-of-austria,stage,7.0,Vérandas Willems-Crelan,1,2.1,FIN,13.0,0.0,38.0,0.0,,,,,0.0,11.0,0.0,0.0,0.0,7.0,130.88,131.0,0.0,0.0,0.0,0.0,119.0,0.0,11.9,0.0,0.0,0.0,0.0,0.0,0.0,2873.0,2536.0,746.0,334.0,4.0,0.0,5.0,0.0,0.0,0.9996,0.9996,0.9996,0.0,0.0,12.6,10.23,6.86,386.0,0.67,1171.0,1,9,1271.41,14.0,0.0,0.0,0.0,0.0,0.0,0.0,0.0,135.0,,-,1.0,3.0,🏔️  Haute montagne,0
2018-07-14,2018,tour-of-austria,stage,8.0,Vérandas Willems-Crelan,1,2.1,FIN,110.0,0.0,38.0,0.0,,,,,0.0,11.0,0.0,0.0,0.0,8.0,161.1,156.0,3.95,0.0,0.0,0.0,56.9,2.82,92.4,8.31,0.997,0.0,1.41,0.0,0.0,1670.0,1681.0,632.0,288.0,1.0,3.0,0.0,0.0,0.0,0.809,0.6885,0.0,0.0,0.0,-0.1,-0.37,-0.12,20.0,0.03,705.0,1,10,1402.29,14.0,0.0,0.0,0.0,0.0,0.0,0.0,0.0,135.0,,-,5.4,2.0,⛰️  Moy. montagne,0
2018-07-28,2018,tour-de-wallonie,stage,1.0,Vérandas Willems-Crelan,1,2.HC,FIN,64.0,0.0,14.0,15.0,,,,,0.0,18.0,18.0,0.0,0.0,1.0,187.7,144.0,33.2,9.39,0.0,0.0,112.0,8.93,14.2,50.9,1.19,0.0,1.3,0.0,0.0,1208.0,1187.0,168.0,19.0,2.0,0.0,0.0,0.0,0.0,0.8556,0.0,0.0,0.0,0.0,-1.0,-0.07,0.14,188.0,-0.14,153.0,0,9,1165.96,20.0,5.405,0.0,3.417,0.0,0.12,0.0,0.0,215.0,,Sprint of large group,40.8,1.0,🟢  Plat/Sprint,0
2018-07-29,2018,tour-de-wallonie,stage,2.0,Vérandas Willems-Crelan,1,2.HC,FIN,28.0,0.0,14.0,15.0,,,,,0.0,18.0,18.0,0.0,0.0,2.0,163.52,140.0,19.1,4.19,0.0,0.345,91.8,14.1,25.3,31.4,0.186,0.0,0.205,0.324,0.402,1767.0,1829.0,262.0,77.0,5.0,3.0,0.0,0.0,0.0,0.963,0.8703,0.0,0.0,0.0,0.5,-3.23,-0.46,143.0,0.11,245.0,0,10,1353.66,20.0,3.918,0.272,1.959,0.136,1.959,0.136,0.0,215.0,,Sprint of small group,1.4,2.0,⛰️  Moy. montagne,0
2018-07-30,2018,tour-de-wallonie,stage,3.0,Vérandas Willems-Crelan,1,2.HC,FIN,14.0,0.0,14.0,15.0,,,,,0.0,18.0,18.0,0.0,0.0,3.0,170.41,156.0,13.1,0.224,0.0,0.0,120.0,4.02,39.1,5.72,0.783,0.0,0.836,0.0,0.0,2304.0,2328.0,561.0,99.0,4.0,2.0,1.0,0.0,0.0,0.9478,0.9478,0.8851,0.0,0.0,-4.1,-5.3,-3.66,202.0,-0.23,545.0,0,11,1517.18,20.0,0.0,0.0,0.0,0.0,0.0,0.0,0.0,215.0,,4 km solo,1.2,2.0,⛰️  Moy. montagne,0
2018-07-31,2018,tour-de-wallonie,stage,4.0,Vérandas Willems-Crelan,1,2.HC,FIN,6.0,0.0,14.0,15.0,,,,,0.0,18.0,18.0,0.0,0.0,4.0,157.53,145.0,11.1,0.222,0.441,0.0,124.0,3.52,18.3,11.7,0.424,0.0,0.424,0.118,0.0,1895.0,2140.0,692.0,53.0,5.0,2.0,0.0,0.0,0.0,0.9861,0.6132,0.0,0.0,0.0,0.4,0.53,0.9,151.0,0.37,722.0,0,12,1687.59,20.0,0.0,0.0,0.0,0.0,0.0,0.0,0.0,215.0,,Sprint of large group,0.6,2.0,⛰️  Moy. montagne,0
2018-08-01,2018,tour-of-denmark,stage,1.0,Vérandas Willems-Crelan,0,2.HC,,,0.0,,,,,,,0.0,275.0,205.0,0.0,0.0,1.0,218.07,182.0,34.5,0.171,0.247,0.328,129.0,8.97,5.36,56.1,0.0,0.0,1.52,0.239,0.0,1099.0,1099.0,91.0,0.0,1.0,0.0,0.0,0.0,0.0,0.726,0.0,0.0,0.0,0.0,0.0,-0.77,-0.28,114.0,0.0,156.0,1,12,1845.12,20.0,0.0,0.0,0.0,0.0,0.0,0.0,0.0,145.0,,Sprint of large group,40.2,1.0,🟢  Plat/Sprint,0
2018-08-01,2018,tour-de-wallonie,stage,5.0,Vérandas Willems-Crelan,1,2.HC,FIN,51.0,0.0,14.0,15.0,,,,,0.0,18.0,18.0,0.0,0.0,5.0,183.48,164.0,19.3,0.487,0.0,0.0,141.0,9.74,24.7,8.36,0.276,0.0,0.276,0.0,0.0,1803.0,1934.0,335.0,67.0,4.0,2.0,0.0,0.0,0.0,0.7751,0.637,0.0,0.0,0.0,-0.6,-0.63,-0.66,79.0,0.12,556.0,0,12,1845.12,20.0,0.0,0.0,0.0,0.0,0.0,0.0,0.0,215.0,,-,0.0,2.0,⛰️  Moy. montagne,0
2018-08-02,2018,tour-of-denmark,stage,2.0,Vérandas Willems-Crelan,0,2.HC,,,0.0,,,,,,,20.0,275.0,205.0,0.0,0.0,2.0,171.83,148.0,22.7,0.176,0.107,0.0,118.0,4.61,1.28,39.8,1.07,0.0,1.14,0.0,0.107,1623.0,1602.0,168.0,4.0,3.0,0.0,0.0,0.0,0.0,0.7668,0.0,0.0,0.0,0.0,4.3,1.73,-0.16,183.0,0.08,372.0,1,13,2028.6,20.0,0.0,0.0,0.0,0.0,0.0,0.0,0.0,145.0,,0.3 km solo,25.6,1.0,🟢  Plat/Sprint,0
2018-08-03,2018,tour-of-denmark,stage,3.0,Vérandas Willems-Crelan,0,2.HC,,,0.0,,,,,,,20.0,275.0,205.0,0.0,0.0,3.0,178.19,155.0,18.3,1.3,1.93,1.61,121.0,2.35,5.35,35.6,0.0,0.163,0.534,0.866,0.0,844.0,838.0,119.0,0.0,2.0,0.0,0.0,0.0,0.0,0.5633,0.0,0.0,0.0,0.0,1.0,0.1,0.0,75.0,0.0,241.0,1,13,2028.6,20.0,0.507,0.0,0.507,0.0,0.186,0.0,0.0,145.0,,Sprint of large group,18.6,1.0,🟢  Plat/Sprint,0
2018-08-04,2018,tour-of-denmark,stage,4.0,Vérandas Willems-Crelan,0,2.HC,,,0.0,,,,,,,10.0,275.0,205.0,0.0,0.0,4.0,19.08,17.3,1.63,0.0,0.0,0.0,9.41,3.04,0.0,2.7,0.0,0.0,3.94,0.0,0.0,47.0,47.0,19.0,1.0,0.0,0.0,0.0,0.0,0.0,0.0,0.0,0.0,0.0,0.0,-0.2,-0.1,-0.08,47.0,0.0,47.0,1,13,2028.6,20.0,0.0,0.0,0.0,0.0,0.0,0.0,0.0,145.0,,Time trial,22.0,1.0,🟢  Plat/Sprint,0
2018-08-05,2018,tour-of-denmark,stage,5.0,Vérandas Willems-Crelan,0,2.HC,,,0.0,,,,,,,20.0,275.0,205.0,0.0,0.0,5.0,198.62,123.0,72.6,0.23,0.0,0.0,84.0,6.46,0.213,87.6,1.91,0.0,2.85,0.179,0.474,631.0,674.0,94.0,0.0,0.0,0.0,0.0,0.0,0.0,0.0,0.0,0.0,0.0,0.0,0.5,-0.1,0.0,40.0,-0.04,172.0,1,13,2028.6,20.0,0.0,0.0,0.0,0.0,0.0,0.0,0.0,145.0,,-,10.0,1.0,🟢  Plat/Sprint,0
2018-08-05,2018,antwerpse-havenpijl,result,,Vérandas Willems-Crelan,0,1.2,,,0.0,,,,,,,0.0,0.0,0.0,0.0,0.0,,179.93,104.0,67.2,6.35,0.19,0.0,41.1,9.52,3.42,87.1,1.48,0.0,2.67,0.0,0.19,181.0,180.0,8.0,0.0,0.0,0.0,0.0,0.0,0.0,0.0,0.0,0.0,0.0,0.0,0.0,-0.1,-0.08,22.0,0.01,31.0,0,13,2028.6,40.0,0.0,0.0,0.0,0.0,0.0,0.0,0.0,7.0,,-,10.0,1.0,🟢  Plat/Sprint,0
2018-08-13,2018,renewi-tour,stage,1.0,Vérandas Willems-Crelan,0,2.UWT,,,0.0,,,,,,,0.0,10.0,2.0,0.0,0.0,1.0,177.31,127.0,20.6,7.09,1.92,0.0,80.3,2.98,2.38,30.5,20.1,0.246,22.6,1.18,2.27,158.0,162.0,15.0,-4.0,0.0,0.0,0.0,0.0,0.0,0.0,0.0,0.0,0.0,0.0,0.0,0.0,0.02,23.0,-0.01,50.0,0,6,1023.74,50.0,0.237,0.0,0.079,0.0,0.079,0.0,0.0,615.0,,Sprint of large group,14.0,1.0,🟢  Plat/Sprint,0
2018-08-14,2018,renewi-tour,stage,2.0,Vérandas Willems-Crelan,0,2.UWT,,,0.0,,,,,,,0.0,10.0,2.0,0.0,0.0,2.0,12.77,9.75,2.26,0.858,0.0,0.0,6.97,0.234,0.0,3.7,0.0,0.0,1.83,0.0,0.134,12.0,13.0,29.0,23.0,0.0,0.0,0.0,0.0,0.0,0.0,0.0,0.0,0.0,0.0,-0.1,-0.1,-0.04,12.0,-0.01,12.0,0,5,862.64,50.0,0.0,0.0,0.0,0.0,0.0,0.0,0.0,615.0,,Time trial,10.0,1.0,🟢  Plat/Sprint,0
2018-08-15,2018,renewi-tour,stage,3.0,Vérandas Willems-Crelan,0,2.UWT,,,0.0,,,,,,,8.0,10.0,2.0,0.0,0.0,3.0,165.81,80.6,69.0,9.68,1.32,0.176,16.0,13.9,7.8,107.0,4.43,0.27,5.58,1.99,0.376,211.0,223.0,31.0,0.0,0.0,0.0,0.0,0.0,0.0,0.0,0.0,0.0,0.0,0.0,-0.4,-0.37,-0.22,53.0,-0.03,42.0,0,5,862.64,50.0,7.788,0.0,3.232,0.0,1.545,0.0,0.0,615.0,,0.9 km solo,6.0,1.0,🟢  Plat/Sprint,0
2018-08-16,2018,renewi-tour,stage,4.0,Vérandas Willems-Crelan,0,2.UWT,,,0.0,,,,,,,0.0,10.0,2.0,0.0,0.0,4.0,165.26,105.0,57.4,2.63,0.129,0.0,45.1,4.65,3.64,94.6,0.118,0.0,0.519,1.39,0.0,232.0,212.0,45.0,-2.0,0.0,0.0,0.0,0.0,0.0,0.0,0.0,0.0,0.0,0.0,0.0,-0.07,-0.04,64.0,0.01,32.0,0,5,862.64,50.0,0.0,0.0,0.0,0.0,0.0,0.0,0.0,615.0,,1.1 km solo,5.6,1.0,🟢  Plat/Sprint,0
2018-08-17,2018,renewi-tour,stage,5.0,Vérandas Willems-Crelan,0,2.UWT,,,0.0,,,,,,,0.0,10.0,2.0,0.0,0.0,5.0,208.88,153.0,52.0,4.38,0.245,0.0,57.9,24.0,34.3,84.6,0.0,0.0,0.0,0.245,0.0,976.0,962.0,185.0,27.0,1.0,0.0,0.0,0.0,0.0,0.3775,0.0,0.0,0.0,0.0,0.2,-0.03,-0.4,121.0,0.21,426.0,0,5,862.64,50.0,0.0,0.0,0.0,0.0,0.0,0.0,0.0,615.0,,Sprint of small group,5.6,1.0,🟢  Plat/Sprint,0
2018-08-18,2018,renewi-tour,stage,6.0,Vérandas Willems-Crelan,0,2.UWT,,,0.0,,,,,,,0.0,10.0,2.0,0.0,0.0,6.0,181.99,136.0,33.9,5.38,0.82,0.0,75.8,12.6,0.796,53.9,5.84,0.0,7.07,2.8,0.0,1377.0,1412.0,141.0,46.0,2.0,0.0,0.0,0.0,0.0,0.3305,0.0,0.0,0.0,0.0,-0.4,0.07,-0.28,200.0,-0.07,401.0,0,5,862.64,50.0,1.657,0.0,0.0,0.0,0.0,0.0,0.0,615.0,,1.2 km solo,1.6,1.0,🟢  Plat/Sprint,0
2018-08-19,2018,cyclassics-hamburg,result,,Vérandas Willems-Crelan,1,1.UWT,FIN,78.0,0.0,,,,,,,40.0,40.0,0.0,0.0,0.0,,217.31,161.0,41.1,6.54,1.34,0.47,115.0,9.24,8.65,65.9,7.63,0.118,8.07,3.54,0.992,2255.0,2236.0,83.0,2.0,0.0,0.0,0.0,0.0,0.0,0.0,0.0,0.0,0.0,0.0,1.5,0.07,-0.24,458.0,0.1,417.0,0,5,862.64,400.0,0.746,0.208,0.276,0.0,0.216,0.0,0.0,583.0,,Sprint of large group,1.6,1.0,🟢  Plat/Sprint,0
2018-08-19,2018,renewi-tour,stage,7.0,Vérandas Willems-Crelan,0,2.UWT,,,0.0,,,,,,,0.0,10.0,2.0,0.0,0.0,7.0,209.3,163.0,34.6,10.2,0.0,0.0,98.6,26.3,34.0,47.9,0.947,0.654,1.92,0.402,0.0,1695.0,1897.0,262.0,14.0,4.0,0.0,0.0,0.0,0.0,0.8488,0.0,0.0,0.0,0.0,3.6,-0.4,-0.32,249.0,-0.23,306.0,0,5,862.64,50.0,4.484,0.0,1.484,0.0,1.411,0.0,0.0,615.0,,-,9.6,1.0,🟢  Plat/Sprint,0
2018-08-21,2018,gp-stad-zottegem,result,,Vérandas Willems-Crelan,1,1.1,FIN,8.0,30.0,,,,,,,30.0,30.0,0.0,0.0,0.0,,205.73,107.0,85.7,13.9,0.0,0.0,103.0,11.6,4.15,79.8,0.0,0.0,7.77,0.0,0.0,1492.0,1498.0,95.0,17.0,0.0,0.0,0.0,0.0,0.0,0.0,0.0,0.0,0.0,0.0,0.6,1.1,0.6,104.0,0.03,360.0,0,6,1079.95,125.0,3.653,0.0,1.827,0.0,1.827,0.0,0.24,80.0,,-,8.0,1.0,🟢  Plat/Sprint,0
2018-08-24,2018,great-war-remembrance-race,result,,Vérandas Willems-Crelan,1,1.1,FIN,21.0,3.0,,,,,,,23.0,23.0,0.0,0.0,0.0,,192.39,123.0,55.0,10.3,3.88,0.623,95.5,4.2,2.88,72.0,0.0,0.0,0.248,6.97,0.0,1159.0,1139.0,155.0,-2.0,3.0,0.0,0.0,0.0,0.0,0.8352,0.0,0.0,0.0,0.0,0.2,-0.4,-0.38,88.0,0.02,120.0,0,7,1285.68,125.0,2.915,0.23,2.109,0.23,0.81,0.0,0.024,224.0,,Sprint of small group,14.0,1.0,🟢  Plat/Sprint,0
2018-08-25,2018,omloop-mandel-leie-schelde-meulebeke,result,,Vérandas Willems-Crelan,0,1.1,,,0.0,,,,,,,0.0,0.0,0.0,0.0,0.0,,188.07,113.0,75.2,0.0,0.566,0.0,58.6,17.9,0.0,87.3,0.0,0.0,24.1,0.0,0.566,474.0,474.0,34.0,8.0,0.0,0.0,0.0,0.0,0.0,0.0,0.0,0.0,0.0,0.0,-0.2,-0.57,-0.14,32.0,-0.01,96.0,0,8,1478.0700000000002,125.0,0.0,0.0,0.0,0.0,0.0,0.0,0.0,77.0,,Sprint of large group,18.6,1.0,🟢  Plat/Sprint,0
2018-08-26,2018,schaal-schels,result,,Vérandas Willems-Crelan,0,1.1,,,0.0,,,,,,,28.0,28.0,0.0,0.0,0.0,,188.69,79.3,97.8,11.8,0.0,0.0,10.2,21.8,0.0,120.0,0.0,0.0,0.625,1.7,0.0,154.0,155.0,4.0,1.0,0.0,0.0,0.0,0.0,0.0,0.0,0.0,0.0,0.0,0.0,-0.2,-0.03,-0.02,12.0,0.0,43.0,0,8,1478.0700000000002,125.0,2.92,0.0,1.378,0.0,0.75,0.0,0.0,63.0,,Sprint of large group,18.6,1.0,🟢  Plat/Sprint,0
2018-08-29,2018,druivenkoers-overijse,result,,Vérandas Willems-Crelan,1,1.1,FIN,14.0,5.0,,,,,,,5.0,5.0,0.0,0.0,0.0,,195.51,100.0,82.0,9.17,0.958,0.0,28.2,73.3,13.6,73.9,2.38,0.0,2.4,0.958,0.0,2046.0,2047.0,110.0,37.0,0.0,0.0,0.0,0.0,0.0,0.0,0.0,0.0,0.0,0.0,-0.7,-0.27,-0.92,102.0,-0.01,478.0,0,6,1126.85,125.0,3.206,0.0,1.205,0.0,0.404,0.0,0.04,89.0,,Sprint à deux,16.2,1.0,🟢  Plat/Sprint,0
2018-09-01,2018,brussels-cycling-classic,result,,Vérandas Willems-Crelan,0,1.HC,,,0.0,,,,,,,10.0,10.0,0.0,0.0,0.0,,200.05,147.0,47.1,4.6,0.0,0.94,98.2,28.7,7.35,55.4,0.195,0.115,0.475,1.69,0.0,1964.0,1965.0,169.0,24.0,6.0,0.0,0.0,0.0,0.0,0.7091,0.0,0.0,0.0,0.0,1.5,0.17,0.2,105.0,0.16,472.0,0,4,810.9399999999999,200.0,1.476,0.0,0.0,0.0,0.0,0.0,0.0,399.0,,Sprint of large group,17.2,1.0,🟢  Plat/Sprint,0
2018-09-02,2018,antwerp-port-epic,result,,Vérandas Willems-Crelan,0,1.1,,,0.0,,,,,,,33.0,33.0,0.0,0.0,0.0,,208.46,83.9,56.4,26.6,23.6,0.697,82.1,15.1,1.18,36.7,17.0,0.3,17.5,20.4,4.02,201.0,199.0,13.0,-3.0,0.0,0.0,0.0,0.0,0.0,0.0,0.0,0.0,0.0,0.0,-0.1,0.03,-0.04,13.0,0.0,45.0,1,4,810.9399999999999,125.0,0.0,0.0,0.0,0.0,0.0,0.0,0.0,75.0,,22.9 km solo,13.2,1.0,🟢  Plat/Sprint,0
2018-09-12,2018,gp-de-wallonie,result,,Vérandas Willems-Crelan,1,1.1,FIN,6.0,40.0,,,,,,,40.0,40.0,0.0,0.0,0.0,,206.7,196.0,7.82,2.18,0.0,0.15,156.0,11.7,33.6,5.04,0.168,0.0,0.297,0.0,0.15,2741.0,2803.0,526.0,80.0,5.0,5.0,1.0,0.0,0.0,0.9997,0.9138,0.1486,0.0,0.0,1.2,3.9,2.32,201.0,0.01,680.0,0,4,810.9399999999999,125.0,1.931,0.114,1.931,0.114,1.931,0.114,0.32,158.0,,Sprint of small group,0.0,2.0,⛰️  Moy. montagne,0
2018-09-14,2018,kampioenschap-van-vlaanderen1,result,,Vérandas Willems-Crelan,0,1.1,,,0.0,,,,,,,25.0,25.0,0.0,0.0,0.0,,188.05,107.0,74.6,6.76,0.0,0.0,73.4,18.4,2.88,91.4,0.0,0.0,2.51,0.0,0.0,713.0,714.0,44.0,24.0,0.0,0.0,0.0,0.0,0.0,0.0,0.0,0.0,0.0,0.0,0.9,0.4,0.26,122.0,-0.02,182.0,0,5,1017.64,125.0,2.594,0.0,0.727,0.0,0.648,0.0,0.0,212.0,,Sprint of large group,15.2,1.0,🟢  Plat/Sprint,0
2018-09-15,2018,gp-impanis-van-petegem,result,,Vérandas Willems-Crelan,1,1.HC,FIN,2.0,150.0,,,,,,,153.0,153.0,0.0,0.0,0.0,,190.83,151.0,38.6,1.42,0.264,0.0,121.0,8.36,5.97,49.7,0.0,0.0,5.21,0.0,0.228,1547.0,1579.0,161.0,10.0,4.0,0.0,0.0,0.0,0.0,0.6111,0.0,0.0,0.0,0.0,-0.3,-0.03,-0.06,15.0,0.06,372.0,0,5,1017.64,200.0,0.951,0.0,0.83,0.0,0.0,0.0,0.75,247.0,,Sprint of small group,20.2,1.0,🟢  Plat/Sprint,0
2018-09-16,2018,gp-jef-scherens,result,,Vérandas Willems-Crelan,1,1.1,FIN,55.0,0.0,,,,,,,23.0,23.0,0.0,0.0,0.0,,191.51,119.0,37.1,20.5,0.0,0.0,7.02,43.4,6.07,88.3,14.4,0.0,14.3,2.57,0.0,1404.0,1404.0,58.0,16.0,0.0,0.0,0.0,0.0,0.0,0.0,0.0,0.0,0.0,0.0,-0.6,0.13,-0.48,216.0,-0.02,358.0,0,6,1208.4699999999998,125.0,6.585,0.0,3.203,0.0,1.691,0.0,0.0,205.0,,Sprint à deux,45.2,1.0,🟢  Plat/Sprint,0
2018-09-19,2018,omloop-van-het-houtland-lichtervelde,result,,Vérandas Willems-Crelan,0,1.1,,,0.0,,,,,,,6.0,6.0,0.0,0.0,0.0,,189.04,75.7,108.0,5.48,0.0,0.0,104.0,22.6,0.876,48.1,0.0,0.0,0.806,0.0,0.0,333.0,334.0,43.0,-2.0,0.0,0.0,0.0,0.0,0.0,0.0,0.0,0.0,0.0,0.0,-0.1,0.23,0.16,40.0,-0.05,64.0,0,6,1182.67,125.0,2.702,0.0,0.993,0.0,0.497,0.0,0.0,139.0,,-,48.8,1.0,🟢  Plat/Sprint,0
2018-09-22,2018,circuit-franco-belge,result,,Vérandas Willems-Crelan,1,1.HC,DNF,,0.0,,,,,,,3.0,3.0,0.0,0.0,0.0,,,,,,,,,,,,,,,,,,,,,0.0,0.0,0.0,0.0,0.0,,,,,,,,,,,,0,5,976.94,,,,,,,,,419.0,,Sprint of small group,,,,0
2018-09-23,2018,gooikse-pijl,result,,Vérandas Willems-Crelan,1,1.1,DNF,,0.0,,,,,,,0.0,0.0,0.0,0.0,0.0,,196.79,77.6,93.9,0.0,15.9,9.34,86.1,3.81,0.0,80.6,0.0,0.0,0.627,18.3,7.58,1431.0,1434.0,93.0,29.0,0.0,0.0,0.0,0.0,0.0,0.0,0.0,0.0,0.0,0.0,-0.2,-0.1,0.0,232.0,0.07,387.0,0,6,976.94,125.0,0.0,4.055,0.0,1.791,0.0,0.0,0.0,111.0,,Sprint of small group,48.0,1.0,🟢  Plat/Sprint,0
2018-09-27,2018,famenne-ardenne-classic,result,,Vérandas Willems-Crelan,1,1.1,FIN,38.0,0.0,,,,,,,3.0,3.0,0.0,0.0,0.0,,192.78,189.0,2.02,2.36,0.0,0.0,166.0,4.05,6.56,16.2,0.0,0.0,0.206,0.0,0.0,2727.0,2718.0,559.0,176.0,5.0,5.0,1.0,0.0,0.0,0.9496,0.9496,0.1474,0.0,0.0,-3.0,-2.83,-1.16,277.0,0.44,726.0,0,6,981.34,125.0,0.299,0.0,0.1,0.0,0.1,0.0,0.0,204.0,,-,8.0,2.0,⛰️  Moy. montagne,0
2018-10-02,2018,memorial-frank-vandenbroucke,result,,Vérandas Willems-Crelan,1,1.1,FIN,93.0,0.0,,,,,,,0.0,0.0,0.0,0.0,0.0,,195.39,177.0,12.9,4.92,0.0,0.0,89.9,7.39,88.2,9.89,0.0,0.0,0.994,0.0,0.0,2328.0,2407.0,283.0,68.0,5.0,1.0,0.0,0.0,0.0,0.9438,0.2548,0.0,0.0,0.0,1.9,0.33,-0.66,166.0,0.16,750.0,0,6,978.61,125.0,3.441,0.0,1.554,0.0,0.611,0.0,0.0,362.0,,Sprint of small group,8.6,2.0,⛰️  Moy. montagne,0
2018-10-07,2018,paris-tours,result,,Vérandas Willems-Crelan,1,1.HC,FIN,56.0,0.0,,,,,,,0.0,0.0,0.0,0.0,0.0,,,,,,,,,,,,,,,,,,,,,0.0,0.0,0.0,0.0,0.0,,,,,,,,,,,,0,7,1174.0,,,,,,,,,453.0,,10.9 km solo,,,,0
2018-10-13,2018,tacx-pro-classic,result,,Vérandas Willems-Crelan,0,1.1,,,0.0,,,,,,,120.0,120.0,0.0,0.0,0.0,,207.94,142.0,51.6,8.46,0.224,1.74,113.0,5.42,0.102,48.9,4.01,0.212,4.69,2.62,0.49,213.0,210.0,11.0,-5.0,0.0,0.0,0.0,0.0,0.0,0.0,0.0,0.0,0.0,0.0,0.0,-0.07,-0.06,64.0,0.01,42.0,0,7,967.3,125.0,0.577,0.0,0.577,0.0,0.0,0.0,0.0,115.0,,-,41.4,1.0,🟢  Plat/Sprint,0
2019-01-31,2019,trofeo-ses-salines-felanitx,result,,Roompot - Charles,0,1.1,,,0.0,,,,,,,9.0,9.0,0.0,0.0,0.0,,176.93,166.0,10.1,0.0,0.0,0.0,126.0,5.0,23.0,22.6,0.254,0.155,0.53,0.259,0.0,1228.0,806.0,463.0,0.0,0.0,1.0,1.0,0.0,0.0,0.9997,0.9997,0.9997,0.0,0.0,3.8,5.89,6.24,201.0,-0.02,167.0,1,0,0.0,125.0,0.0,0.0,0.0,0.0,0.0,0.0,0.0,379.0,,0.4 km solo,,1.0,🟢  Plat/Sprint,0
2019-02-01,2019,trofeo-pollenca-port-d-andratx,result,,Roompot - Charles,0,1.1,,,0.0,,,,,,,63.0,63.0,0.0,0.0,0.0,,173.34,171.0,2.21,0.0,0.0,0.0,154.0,5.14,12.0,1.95,0.0,0.0,0.0,0.0,0.0,3327.0,3244.0,883.0,1.0,5.0,2.0,1.0,0.0,1.0,0.9928,0.9928,0.7025,0.7025,0.7025,1.5,-0.27,0.16,348.0,0.2,1023.0,0,0,0.0,125.0,0.0,0.0,0.0,0.0,0.0,0.0,0.0,396.0,,21 km solo,,2.0,⛰️  Moy. montagne,0
2019-02-02,2019,deia-trophy,result,,Roompot - Charles,0,1.1,,,0.0,,,,,,,30.0,30.0,0.0,0.0,0.0,,179.07,178.0,0.459,0.0,0.0,0.0,150.0,1.05,18.2,9.59,0.406,0.0,0.469,0.131,0.0,4563.0,4392.0,886.0,5.0,1.0,1.0,3.0,0.0,1.0,0.9479,0.9479,0.7959,0.7959,0.7959,2.5,1.37,-0.82,531.0,0.23,1287.0,1,0,0.0,125.0,0.0,0.0,0.0,0.0,0.0,0.0,0.0,311.0,,1.8 km solo,,3.0,🏔️  Haute montagne,0
2019-02-03,2019,trofeo-palma,result,,Roompot - Charles,0,1.1,,,0.0,,,,,,,0.0,0.0,0.0,0.0,0.0,,159.59,151.0,7.38,0.233,0.0,0.297,70.0,3.5,76.8,8.21,1.04,0.0,1.12,0.958,0.0,1134.0,1135.0,375.0,0.0,1.0,1.0,1.0,0.0,0.0,0.6983,0.6983,0.6983,0.0,0.0,0.5,0.07,0.02,93.0,0.12,365.0,1,0,0.0,125.0,0.0,0.0,0.0,0.0,0.0,0.0,0.0,277.0,,Sprint of large group,9.0,1.0,🟢  Plat/Sprint,0
2019-02-15,2019,vuelta-ciclista-a-la-region-de-murcia,stage,1.0,Roompot - Charles,0,2.1,,,0.0,,,,,,,0.0,10.0,10.0,0.0,0.0,1.0,186.29,184.0,1.45,0.0,0.0,0.0,54.3,1.03,129.0,1.09,0.638,0.0,0.835,0.113,0.0,1099.0,1681.0,741.0,4.0,1.0,1.0,1.0,0.0,0.0,0.8178,0.8178,0.8178,0.0,0.0,0.4,0.17,0.06,9.0,-0.36,242.0,0,0,0.0,14.0,0.0,0.0,0.0,0.0,0.0,0.0,0.0,293.0,,1.2 km solo,4.5,1.0,🟢  Plat/Sprint,0
2019-02-16,2019,tour-of-oman,stage,1.0,Roompot - Charles,1,2.HC,FIN,84.0,0.0,,,,,,,0.0,9.0,9.0,0.0,0.0,1.0,136.36,135.0,0.646,0.0,0.0,0.0,37.9,0.646,97.5,0.0,0.618,0.0,0.618,0.0,0.0,147.0,150.0,14.0,0.0,0.0,0.0,0.0,0.0,0.0,0.0,0.0,0.0,0.0,0.0,-0.3,-0.07,-0.08,28.0,0.0,52.0,1,0,0.0,20.0,0.0,0.0,0.0,0.0,0.0,0.0,0.0,415.0,,Sprint of large group,3.0,1.0,🟢  Plat/Sprint,0
2019-02-16,2019,vuelta-ciclista-a-la-region-de-murcia,stage,2.0,Roompot - Charles,0,2.1,,,0.0,,,,,,,0.0,10.0,10.0,0.0,0.0,2.0,179.16,165.0,11.7,0.494,0.0,0.0,105.0,4.93,66.1,1.03,2.2,0.0,2.2,0.0,0.0,2063.0,2065.0,1199.0,39.0,2.0,1.0,0.0,0.0,1.0,0.9102,0.9102,0.5365,0.5365,0.5365,-0.1,0.0,0.02,8.0,0.28,448.0,0,0,0.0,14.0,0.0,0.0,0.0,0.0,0.0,0.0,0.0,293.0,,-,63.0,2.0,⛰️  Moy. montagne,0
2019-02-17,2019,tour-of-oman,stage,2.0,Roompot - Charles,1,2.HC,FIN,23.0,0.0,,,,,,,0.0,9.0,9.0,0.0,0.0,2.0,160.84,134.0,15.2,0.0,0.0,0.0,59.8,1.49,88.5,0.0,11.8,0.0,10.3,0.0,0.0,1820.0,1801.0,391.0,6.0,2.0,3.0,1.0,0.0,0.0,0.9721,0.9721,0.6921,0.0,0.0,2.3,-3.03,-2.2,333.0,0.39,258.0,1,1,136.36,20.0,0.0,0.0,0.0,0.0,0.0,0.0,0.0,415.0,,5 km solo,52.666666666666664,2.0,⛰️  Moy. montagne,0
2019-02-17,2019,clasica-de-almeria,result,,Roompot - Charles,0,1.HC,,,0.0,,,,,,,95.0,95.0,0.0,0.0,0.0,,192.82,177.0,5.32,0.0,1.91,0.0,119.0,4.03,58.8,1.97,7.39,0.0,8.13,0.765,0.834,1843.0,1882.0,805.0,0.0,0.0,1.0,0.0,1.0,0.0,0.4779,0.4779,0.4779,0.4779,0.0,0.2,-0.07,-0.02,13.0,1.13,735.0,0,1,136.36,200.0,0.0,0.0,0.0,0.0,0.0,0.0,0.0,237.0,,Sprint of small group,31.5,2.0,⛰️  Moy. montagne,0
2019-02-18,2019,tour-of-oman,stage,3.0,Roompot - Charles,1,2.HC,FIN,61.0,0.0,,,,,,,0.0,9.0,9.0,0.0,0.0,3.0,195.21,182.0,2.49,0.0,0.513,0.0,52.2,2.42,131.0,0.0,9.9,0.0,8.41,0.0,0.0,2375.0,2141.0,397.0,1.0,3.0,4.0,1.0,0.0,0.0,0.9989,0.9989,0.1032,0.0,0.0,5.2,6.07,4.2,265.0,0.4,737.0,1,2,297.20000000000005,20.0,0.0,0.0,0.0,0.0,0.0,0.0,0.0,415.0,,0.2 km solo,39.5,2.0,⛰️  Moy. montagne,0
2019-02-19,2019,tour-of-oman,stage,4.0,Roompot - Charles,1,2.HC,FIN,115.0,0.0,,,,,,,0.0,9.0,9.0,0.0,0.0,4.0,130.83,112.0,0.0,0.0,0.0,0.0,33.2,3.72,77.3,0.0,17.0,0.0,18.8,0.0,0.0,2773.0,2769.0,397.0,5.0,4.0,3.0,2.0,0.0,0.0,0.9624,0.8457,0.7444,0.0,0.0,2.6,0.93,-0.48,236.0,-0.01,1001.0,1,3,492.4100000000001,20.0,0.0,0.0,0.0,0.0,0.0,0.0,0.0,415.0,,Sprint of large group,31.6,2.0,⛰️  Moy. montagne,0
2019-02-20,2019,ruta-del-sol,stage,1.0,Roompot - Charles,0,2.HC,,,0.0,,,,,,,0.0,8.0,8.0,0.0,0.0,1.0,171.69,168.0,1.25,0.0,1.99,0.0,168.0,1.25,0.0,0.0,0.0,0.0,0.0,1.99,0.0,2177.0,1992.0,437.0,-1.0,5.0,2.0,1.0,0.0,0.0,0.9996,0.837,0.4662,0.0,0.0,9.8,4.6,2.04,247.0,0.15,265.0,0,4,623.2400000000001,20.0,0.0,0.0,0.0,0.0,0.0,0.0,0.0,454.0,,0.2 km solo,19.0,2.0,⛰️  Moy. montagne,0
2019-02-20,2019,tour-of-oman,stage,5.0,Roompot - Charles,1,2.HC,DNS,,0.0,,,,,,,0.0,9.0,9.0,0.0,0.0,5.0,153.89,151.0,0.0,0.0,0.0,0.0,103.0,0.0,47.1,0.619,3.02,0.0,2.02,0.0,0.0,1927.0,1126.0,1212.0,411.0,1.0,2.0,0.0,0.0,1.0,0.9994,0.9994,0.9994,0.9994,0.9994,12.8,10.6,9.74,651.0,0.68,622.0,1,4,623.2400000000001,20.0,0.0,0.0,0.0,0.0,0.0,0.0,0.0,415.0,,Sprint à deux,30.0,3.0,🏔️  Haute montagne,0
2019-02-21,2019,ruta-del-sol,stage,2.0,Roompot - Charles,0,2.HC,,,0.0,,,,,,,0.0,8.0,8.0,0.0,0.0,2.0,217.47,217.0,0.17,0.0,0.0,0.0,170.0,0.27,46.0,0.859,0.221,0.0,0.297,0.0,0.0,1697.0,1097.0,611.0,11.0,2.0,0.0,1.0,0.0,0.0,0.9997,0.9997,0.9997,0.0,0.0,2.4,2.43,2.38,331.0,0.05,95.0,0,5,777.1300000000001,20.0,0.0,0.0,0.0,0.0,0.0,0.0,0.0,454.0,,Sprint of large group,2.25,1.0,🟢  Plat/Sprint,0
2019-02-21,2019,tour-of-oman,stage,6.0,Roompot - Charles,0,2.HC,,,0.0,,,,,,,0.0,9.0,9.0,0.0,0.0,6.0,134.82,89.4,12.7,0.0,0.0,0.0,44.1,0.479,57.3,0.0,33.1,0.2,33.1,0.0,0.0,1396.0,1389.0,226.0,0.0,1.0,2.0,0.0,0.0,0.0,0.5724,0.5724,0.0,0.0,0.0,-0.2,-1.13,0.02,84.0,0.21,290.0,1,5,777.1300000000001,20.0,0.0,0.0,0.0,0.0,0.0,0.0,0.0,415.0,,-,1.8,1.0,🟢  Plat/Sprint,0
2019-02-22,2019,ruta-del-sol,stage,3.0,Roompot - Charles,0,2.HC,,,0.0,,,,,,,0.0,8.0,8.0,0.0,0.0,3.0,16.47,15.3,1.18,0.0,0.0,0.0,14.3,0.712,1.43,0.0,0.0,0.0,0.0,0.0,0.0,345.0,489.0,928.0,475.0,1.0,1.0,0.0,0.0,0.0,0.9982,0.4789,0.0,0.0,0.0,8.9,4.0,0.12,138.0,-0.87,345.0,0,5,777.1300000000001,20.0,0.0,0.0,0.0,0.0,0.0,0.0,0.0,454.0,,Time trial,0.0,1.0,🟢  Plat/Sprint,0
2019-02-23,2019,ruta-del-sol,stage,4.0,Roompot - Charles,0,2.HC,,,0.0,,,,,,,0.0,8.0,8.0,0.0,0.0,4.0,116.68,113.0,0.0,0.498,0.0,0.0,110.0,0.0,3.91,0.0,2.26,0.0,2.44,0.444,0.0,2608.0,2603.0,1676.0,668.0,3.0,1.0,0.0,0.0,2.0,0.8113,0.8113,0.8113,0.8113,0.8113,-0.9,-1.47,-1.28,11.0,1.56,1291.0,0,5,777.1300000000001,20.0,0.0,0.0,0.0,0.0,0.0,0.0,0.0,454.0,,24 km solo,19.0,2.0,⛰️  Moy. montagne,0
2019-02-24,2019,ruta-del-sol,stage,5.0,Roompot - Charles,0,2.HC,,,0.0,,,,,,,0.0,8.0,8.0,0.0,0.0,5.0,164.48,151.0,9.23,0.0,0.178,0.0,146.0,3.27,11.1,0.0,3.84,0.0,3.84,0.178,0.0,2250.0,2966.0,1142.0,20.0,2.0,3.0,2.0,0.0,0.0,0.8178,0.8178,0.2807,0.0,0.0,2.7,1.3,0.7,83.0,0.69,1003.0,0,5,777.1300000000001,20.0,0.0,0.0,0.0,0.0,0.0,0.0,0.0,454.0,,-,0.0,2.0,⛰️  Moy. montagne,0
2019-03-02,2019,omloop-het-nieuwsblad,result,,Roompot - Charles,0,1.UWT,,,0.0,,,,,,,5.0,5.0,0.0,0.0,0.0,,202.85,103.0,79.8,20.0,0.282,0.0,65.7,47.2,2.52,78.2,0.0,0.186,0.273,0.0,0.291,1635.0,1642.0,107.0,7.0,4.0,0.0,0.0,0.0,0.0,0.9243,0.0,0.0,0.0,0.0,-0.2,-0.73,-0.68,81.0,0.15,382.0,1,5,777.1300000000001,300.0,4.411,0.0,1.648,0.0,0.024,0.0,0.0,766.0,,2.5 km solo,0.0,1.0,🟢  Plat/Sprint,0
2019-03-02,2019,faun-ardeche-classic,result,,Roompot - Charles,1,1.1,FIN,68.0,0.0,,,,,,,50.0,50.0,0.0,0.0,0.0,,196.34,190.0,3.87,0.0,0.0,0.0,114.0,1.01,54.9,24.8,1.25,0.0,1.93,0.0,0.0,3503.0,3527.0,621.0,106.0,4.0,3.0,4.0,0.0,0.0,0.9691,0.9091,0.9091,0.0,0.0,0.1,-0.13,-2.82,36.0,-0.05,943.0,0,5,777.1300000000001,125.0,0.0,0.0,0.0,0.0,0.0,0.0,0.0,275.0,,5 km solo,0.0,2.0,⛰️  Moy. montagne,0
2019-03-03,2019,la-drome-classic,result,,Roompot - Charles,1,1.1,FIN,40.0,0.0,,,,,,,5.0,5.0,0.0,0.0,0.0,,202.05,176.0,23.1,0.0,0.0,0.0,167.0,12.7,18.4,1.95,2.93,0.0,3.13,0.0,0.0,2540.0,2573.0,515.0,104.0,5.0,2.0,1.0,0.0,0.0,0.9218,0.8834,0.8218,0.0,0.0,-3.8,-0.43,-0.48,88.0,-0.06,447.0,0,6,973.47,125.0,0.0,0.0,0.0,0.0,0.0,0.0,0.0,223.0,,Sprint of small group,10.0,2.0,⛰️  Moy. montagne,0
2019-03-03,2019,kuurne-brussel-kuurne,result,,Roompot - Charles,0,1.HC,,,0.0,,,,,,,5.0,5.0,0.0,0.0,0.0,,201.7,133.0,62.6,5.52,0.514,0.0,71.3,17.8,8.81,93.8,0.0,0.0,0.136,0.559,0.0,2095.0,2093.0,162.0,7.0,6.0,0.0,0.0,0.0,0.0,0.6745,0.0,0.0,0.0,0.0,-0.4,0.03,0.02,232.0,0.06,484.0,1,6,973.47,200.0,0.345,0.0,0.102,0.0,0.0,0.0,0.0,546.0,,16.2 km solo,1.0,1.0,🟢  Plat/Sprint,0
2019-03-05,2019,gp-samyn,result,,Roompot - Charles,0,1.1,,,0.0,,,,,,,115.0,115.0,0.0,0.0,0.0,,200.13,150.0,42.1,7.44,0.103,0.0,140.0,14.2,10.2,34.7,0.968,0.0,1.06,0.0,0.0,1449.0,1378.0,137.0,19.0,5.0,0.0,0.0,0.0,0.0,0.8855,0.0,0.0,0.0,0.0,1.0,1.63,0.94,159.0,0.07,363.0,0,7,1175.5200000000002,125.0,4.035,0.0,2.017,0.0,1.035,0.0,0.0,181.0,,Sprint à deux,2.0,1.0,🟢  Plat/Sprint,0
2019-03-17,2019,ronde-van-drenthe,result,,Roompot - Charles,0,1.HC,,,0.0,,,,,,,18.0,18.0,0.0,0.0,0.0,,215.41,119.0,53.0,37.2,3.28,0.21,116.0,13.0,0.0,44.6,0.48,0.0,4.19,23.5,0.605,520.0,516.0,38.0,2.0,0.0,0.0,0.0,0.0,0.0,0.0,0.0,0.0,0.0,0.0,0.1,0.1,0.1,40.0,0.01,92.0,1,7,1175.5200000000002,200.0,9.644,0.19,4.36,0.19,0.619,0.0,0.0,142.0,,Sprint à deux,25.0,1.0,🟢  Plat/Sprint,0
2019-03-20,2019,nokere-koerse,result,,Roompot - Charles,0,1.HC,,,0.0,,,,,,,110.0,110.0,0.0,0.0,0.0,,197.62,113.0,67.8,15.7,0.545,0.0,97.7,16.6,4.05,72.0,1.38,0.0,1.38,0.32,0.226,1123.0,1078.0,75.0,6.0,0.0,0.0,0.0,0.0,0.0,0.0,0.0,0.0,0.0,0.0,-0.6,-0.03,-0.02,115.0,0.09,298.0,1,5,878.3199999999999,200.0,6.054,0.0,2.767,0.0,2.424,0.0,0.0,295.0,,Sprint of small group,28.6,1.0,🟢  Plat/Sprint,0
2019-03-22,2019,bredene-koksijde-classic,result,,Roompot - Charles,0,1.HC,,,0.0,,,,,,,3.0,3.0,0.0,0.0,0.0,,197.73,126.0,66.0,4.9,0.526,0.0,84.0,5.28,3.28,84.0,0.0,0.0,0.837,0.0,0.526,511.0,508.0,153.0,-3.0,1.0,0.0,0.0,0.0,0.0,0.3884,0.0,0.0,0.0,0.0,-0.3,0.07,0.06,21.0,0.01,61.0,0,3,552.28,200.0,0.0,0.0,0.0,0.0,0.0,0.0,0.0,244.0,,Sprint of large group,50.6,1.0,🟢  Plat/Sprint,0
2019-03-24,2019,gp-de-denain,result,,Roompot - Charles,0,1.HC,,,0.0,,,,,,,5.0,5.0,0.0,0.0,0.0,,196.93,166.0,10.7,19.9,0.0,0.0,146.0,12.0,15.1,13.7,0.0,0.0,0.127,9.59,0.0,843.0,840.0,76.0,16.0,0.0,0.0,0.0,0.0,0.0,0.0,0.0,0.0,0.0,0.0,-0.6,-0.13,-0.16,46.0,0.04,251.0,1,2,398.39,200.0,6.9,0.0,3.178,0.0,1.586,0.0,0.0,146.0,,8.6 km solo,50.2,1.0,🟢  Plat/Sprint,0
2019-03-25,2019,volta-a-catalunya,stage,1.0,Roompot - Charles,1,2.UWT,FIN,131.0,0.0,,,,,,,0.0,0.0,0.0,0.0,0.0,1.0,164.9,154.0,8.87,0.0,0.115,0.0,137.0,7.68,18.2,0.0,1.45,0.0,1.11,1.06,0.0,2991.0,3007.0,1305.0,3.0,1.0,2.0,0.0,1.0,1.0,0.8598,0.8598,0.6683,0.6683,0.3073,-0.1,-0.1,0.06,53.0,2.4,1529.0,0,2,398.39,50.0,0.0,0.0,0.0,0.0,0.0,0.0,0.0,937.0,,60 km solo,11.0,2.0,⛰️  Moy. montagne,0
2019-03-26,2019,volta-a-catalunya,stage,2.0,Roompot - Charles,1,2.UWT,FIN,83.0,0.0,,,,,,,0.0,0.0,0.0,0.0,0.0,2.0,167.61,151.0,5.39,0.375,0.76,0.159,97.9,10.9,48.7,0.307,9.28,0.0,9.98,1.18,0.0,1680.0,1682.0,355.0,2.0,0.0,2.0,1.0,0.0,0.0,0.8377,0.8377,0.8377,0.0,0.0,3.9,-0.1,0.72,92.0,0.1,464.0,0,3,563.29,50.0,0.0,0.0,0.0,0.0,0.0,0.0,0.0,937.0,,Sprint of large group,11.0,2.0,⛰️  Moy. montagne,0
2019-03-27,2019,classic-brugge-de-panne,result,,Roompot - Charles,0,1.UWT,,,0.0,,,,,,,47.0,47.0,0.0,0.0,0.0,,203.02,119.0,75.2,8.16,0.545,0.0,100.0,9.69,7.25,75.5,0.53,0.0,0.837,0.0,0.507,636.0,639.0,153.0,-3.0,2.0,0.0,0.0,0.0,0.0,0.403,0.0,0.0,0.0,0.0,0.2,0.2,0.1,21.0,-0.01,132.0,1,4,730.9,300.0,0.917,0.012,0.423,0.006,0.313,0.006,0.0,448.0,,Sprint of large group,50.2,1.0,🟢  Plat/Sprint,0
2019-03-27,2019,volta-a-catalunya,stage,3.0,Roompot - Charles,1,2.UWT,DNS,,0.0,,,,,,,0.0,0.0,0.0,0.0,0.0,3.0,179.31,152.0,19.9,0.0,0.523,0.395,143.0,1.93,27.0,0.312,6.36,0.0,6.21,0.777,0.416,3881.0,1751.0,2148.0,9.0,4.0,2.0,1.0,0.0,1.0,0.9998,0.9998,0.9998,0.9998,0.9998,6.4,7.23,6.74,337.0,0.08,492.0,0,4,730.9,50.0,0.0,0.0,0.0,0.0,0.0,0.0,0.0,937.0,,Sprint of small group,15.0,3.0,🏔️  Haute montagne,0
2019-03-28,2019,volta-a-catalunya,stage,4.0,Roompot - Charles,0,2.UWT,,,0.0,,,,,,,0.0,0.0,0.0,0.0,0.0,4.0,150.92,143.0,0.419,0.0,0.0,0.0,116.0,0.645,27.2,0.207,7.43,0.0,2.88,0.0,0.0,3500.0,2734.0,1922.0,353.0,1.0,0.0,3.0,0.0,1.0,0.9997,0.9756,0.9756,0.6414,0.6414,5.8,0.53,1.52,268.0,-0.11,825.0,0,5,910.21,50.0,0.0,0.0,0.0,0.0,0.0,0.0,0.0,937.0,,? km solo,10.0,3.0,🏔️  Haute montagne,0
2019-03-29,2019,volta-a-catalunya,stage,5.0,Roompot - Charles,0,2.UWT,,,0.0,,,,,,,0.0,0.0,0.0,0.0,0.0,5.0,193.38,182.0,2.14,0.0,0.27,0.0,102.0,1.32,79.5,1.42,8.87,0.0,6.42,0.27,0.0,2704.0,3716.0,1788.0,117.0,3.0,2.0,1.0,1.0,0.0,0.9372,0.649,0.649,0.1531,0.0,-0.9,-0.23,-0.28,63.0,-0.44,692.0,0,5,910.21,50.0,0.0,0.0,0.0,0.0,0.0,0.0,0.0,937.0,,11.5 km solo,11.0,2.0,⛰️  Moy. montagne,0
2019-03-29,2019,e3-harelbeke,result,,Roompot - Charles,0,1.UWT,,,0.0,,,,,,,0.0,0.0,0.0,0.0,0.0,,203.89,114.0,76.8,12.7,0.0,0.0,81.1,27.0,7.71,76.2,0.606,0.0,0.851,0.862,0.0,2602.0,2608.0,162.0,9.0,8.0,0.0,0.0,0.0,0.0,0.871,0.0,0.0,0.0,0.0,-0.3,-0.23,-0.1,433.0,0.11,468.0,0,5,910.21,400.0,3.596,0.267,0.0,0.0,0.0,0.0,0.0,758.0,,Sprint of small group,11.0,2.0,⛰️  Moy. montagne,0
2019-03-30,2019,volta-a-catalunya,stage,6.0,Roompot - Charles,0,2.UWT,,,0.0,,,,,,,0.0,0.0,0.0,0.0,0.0,6.0,169.63,163.0,6.52,0.0,0.0,0.0,121.0,2.53,45.4,0.0,0.285,0.0,0.285,0.0,0.0,2024.0,2203.0,777.0,1.0,0.0,2.0,2.0,0.0,0.0,0.6369,0.6369,0.4808,0.0,0.0,0.5,0.93,0.7,35.0,0.18,651.0,0,5,910.21,50.0,0.0,0.0,0.0,0.0,0.0,0.0,0.0,937.0,,Sprint of large group,1.0,2.0,⛰️  Moy. montagne,0
2019-03-31,2019,volta-a-catalunya,stage,7.0,Roompot - Charles,0,2.UWT,,,0.0,,,,,,,0.0,0.0,0.0,0.0,0.0,7.0,145.88,124.0,10.2,0.173,0.0,0.0,76.9,21.8,32.0,2.82,8.67,0.0,10.7,2.6,0.16,2148.0,2193.0,486.0,0.0,8.0,1.0,1.0,0.0,0.0,0.9684,0.3873,0.1595,0.0,0.0,-3.7,-1.2,-1.44,160.0,0.55,732.0,0,5,910.21,50.0,0.0,0.0,0.0,0.0,0.0,0.0,0.0,937.0,,-,0.0,2.0,⛰️  Moy. montagne,0
2019-03-31,2019,gent-wevelgem,result,,Roompot - Charles,0,1.UWT,,,0.0,,,,,,,13.0,13.0,0.0,0.0,0.0,,251.32,173.0,67.2,2.98,4.55,0.0,121.0,6.36,2.27,96.1,3.21,0.0,4.06,4.38,0.206,1503.0,1493.0,162.0,-2.0,3.0,1.0,0.0,0.0,0.0,0.8662,0.4635,0.0,0.0,0.0,0.0,0.07,0.0,24.0,-0.01,156.0,1,5,910.21,500.0,1.433,0.0,0.169,0.0,0.169,0.0,0.0,873.0,,Sprint of large group,36.6,1.0,🟢  Plat/Sprint,0
2019-04-06,2019,volta-nxt-classic,result,,Roompot - Charles,1,1.1,FIN,19.0,3.0,,,,,,,6.0,6.0,0.0,0.0,0.0,,194.47,175.0,16.0,2.88,0.0,0.0,131.0,5.31,0.0,51.0,0.414,0.0,0.414,0.0,0.0,3042.0,3035.0,325.0,48.0,4.0,4.0,0.0,0.0,0.0,0.854,0.7349,0.0,0.0,0.0,0.7,0.2,0.06,26.0,0.25,753.0,0,3,511.82,125.0,0.803,0.0,0.775,0.0,0.775,0.0,0.024,93.0,,Sprint of small group,0.0,2.0,⛰️  Moy. montagne,0
2019-04-07,2019,ronde-van-vlaanderen,result,,Roompot - Charles,0,1.UWT,,,0.0,,,,,,,13.0,13.0,0.0,0.0,0.0,,269.8,134.0,114.0,19.4,0.391,0.0,95.2,37.1,13.6,106.0,2.31,0.186,2.9,0.695,0.773,2156.0,2151.0,165.0,0.0,6.0,2.0,0.0,0.0,0.0,0.9433,0.9034,0.0,0.0,0.0,0.1,-0.17,-0.02,59.0,-0.01,64.0,1,4,706.29,500.0,6.134,0.0,2.043,0.0,0.204,0.0,0.0,881.0,,17 km solo,35.6,1.0,🟢  Plat/Sprint,0
2019-04-09,2019,region-pays-de-la-loire,stage,1.0,Roompot - Charles,1,2.1,FIN,42.0,0.0,11.0,15.0,,,,,0.0,99.0,96.0,0.0,0.0,1.0,177.72,157.0,17.8,0.173,0.374,0.0,153.0,3.62,13.1,5.91,2.14,0.0,2.39,0.374,0.0,1799.0,1768.0,226.0,53.0,8.0,1.0,0.0,0.0,0.0,0.9654,0.3229,0.0,0.0,0.0,2.7,-0.23,-0.18,140.0,0.18,473.0,0,4,706.29,14.0,0.0,0.0,0.0,0.0,0.0,0.0,0.0,167.0,,Sprint of large group,1.2,2.0,⛰️  Moy. montagne,0
2019-04-10,2019,region-pays-de-la-loire,stage,2.0,Roompot - Charles,1,2.1,FIN,78.0,0.0,11.0,15.0,,,,,0.0,99.0,96.0,0.0,0.0,2.0,171.74,171.0,0.74,0.0,0.0,0.0,168.0,0.334,1.67,1.73,0.0,0.0,0.0,0.0,0.0,960.0,944.0,78.0,12.0,0.0,0.0,0.0,0.0,0.0,0.0,0.0,0.0,0.0,0.0,-0.1,-0.13,-0.08,67.0,-0.03,324.0,0,5,884.01,14.0,0.0,0.0,0.0,0.0,0.0,0.0,0.0,167.0,,Sprint of large group,16.2,1.0,🟢  Plat/Sprint,0
2019-04-10,2019,scheldeprijs,result,,Roompot - Charles,0,1.HC,,,0.0,,,,,,,10.0,10.0,0.0,0.0,0.0,,202.83,107.0,77.4,5.19,0.413,0.197,91.8,7.52,4.03,55.8,12.5,0.113,13.9,0.868,1.81,235.0,233.0,22.0,-2.0,0.0,0.0,0.0,0.0,0.0,0.0,0.0,0.0,0.0,0.0,0.3,0.1,0.06,29.0,-0.01,40.0,1,5,884.01,200.0,4.336,0.0,2.186,0.0,1.586,0.0,0.0,295.0,,Sprint of large group,15.6,1.0,🟢  Plat/Sprint,0
2019-04-11,2019,region-pays-de-la-loire,stage,3.0,Roompot - Charles,1,2.1,FIN,11.0,0.0,11.0,15.0,,,,,3.0,99.0,96.0,0.0,0.0,3.0,184.41,137.0,47.2,0.0,0.0,0.0,178.0,2.23,3.27,0.25,0.591,0.0,0.636,0.0,0.0,2659.0,2491.0,411.0,51.0,5.0,0.0,5.0,0.0,0.0,0.9581,0.9581,0.9581,0.0,0.0,-0.4,-3.13,-1.58,187.0,0.16,432.0,0,6,1055.75,14.0,0.0,0.0,0.0,0.0,0.0,0.0,0.0,167.0,,2 km solo,1.2,2.0,⛰️  Moy. montagne,0
2019-04-12,2019,region-pays-de-la-loire,stage,4.0,Roompot - Charles,1,2.1,FIN,19.0,0.0,11.0,15.0,,,,,0.0,99.0,96.0,0.0,0.0,4.0,182.57,179.0,3.43,0.0,0.133,0.0,167.0,13.8,1.53,0.0,0.0,0.0,0.0,0.133,0.0,2820.0,2744.0,269.0,78.0,4.0,7.0,0.0,0.0,0.0,0.9966,0.9322,0.0,0.0,0.0,1.6,-0.1,1.62,193.0,0.09,567.0,0,7,1240.16,14.0,0.0,0.0,0.0,0.0,0.0,0.0,0.0,167.0,,-,1.8,2.0,⛰️  Moy. montagne,0
2019-04-14,2019,paris-roubaix,result,,Roompot - Charles,0,1.UWT,,,0.0,,,,,,,0.0,0.0,0.0,0.0,0.0,,256.71,202.0,2.12,49.5,0.839,1.56,166.0,15.0,46.1,18.0,1.05,0.0,1.35,10.1,1.25,1283.0,1305.0,161.0,16.0,1.0,0.0,0.0,0.0,0.0,0.2319,0.0,0.0,0.0,0.0,-0.2,-0.57,-0.06,28.0,0.08,268.0,1,8,1422.73,500.0,14.386,0.394,6.351,0.0,1.499,0.0,0.0,681.0,,Sprint à deux,16.6,1.0,🟢  Plat/Sprint,0
2019-04-17,2019,brabantse-pijl,result,,Roompot - Charles,1,1.HC,FIN,28.0,5.0,,,,,,,48.0,48.0,0.0,0.0,0.0,,199.87,116.0,77.7,5.02,0.0,0.0,77.9,29.2,4.59,81.4,1.16,0.0,1.45,1.18,0.0,2105.0,2038.0,124.0,23.0,4.0,0.0,0.0,0.0,0.0,0.5148,0.0,0.0,0.0,0.0,4.5,0.67,1.12,181.0,0.05,459.0,0,8,1422.73,200.0,0.703,0.0,0.348,0.0,0.211,0.0,0.025,450.0,,Sprint of small group,7.2,1.0,🟢  Plat/Sprint,0
2019-04-21,2019,amstel-gold-race,result,,Roompot - Charles,1,1.UWT,FIN,43.0,10.0,,,,,,,30.0,30.0,0.0,0.0,0.0,,265.73,237.0,20.3,5.92,0.0,0.14,121.0,9.5,0.0,87.9,1.92,0.0,2.5,1.63,0.0,3489.0,3409.0,328.0,42.0,13.0,2.0,0.0,0.0,0.0,0.9786,0.8143,0.0,0.0,0.0,-0.6,0.4,-0.28,119.0,0.06,383.0,0,9,1622.6,500.0,0.518,0.001,0.123,0.0,0.123,0.0,0.02,1041.0,,Sprint of small group,1.8,2.0,⛰️  Moy. montagne,0
2019-05-01,2019,eschborn-frankfurt,result,,Roompot - Charles,0,1.UWT,,,0.0,,,,,,,17.0,17.0,0.0,0.0,0.0,,187.15,169.0,6.42,3.16,0.18,0.249,120.0,4.76,13.5,30.6,9.82,0.489,9.9,2.08,1.21,2660.0,2687.0,841.0,92.0,2.0,3.0,1.0,1.0,0.0,0.7554,0.7554,0.5559,0.293,0.0,0.1,0.27,0.12,55.0,1.19,862.0,0,7,1376.5100000000002,300.0,1.141,0.273,0.09,0.0,0.09,0.0,0.0,472.0,,Sprint of large group,7.8,2.0,⛰️  Moy. montagne,0
2019-05-02,2019,tour-de-yorkshire,stage,1.0,Roompot - Charles,1,2.HC,FIN,77.0,0.0,29.0,5.0,,,,,20.0,75.0,45.0,0.0,0.0,1.0,182.6,152.0,30.6,0.0,0.0,0.0,141.0,4.69,35.0,1.58,0.0,0.0,0.0,0.0,0.0,791.0,789.0,150.0,0.0,2.0,0.0,0.0,0.0,0.0,0.7568,0.0,0.0,0.0,0.0,0.3,0.1,0.06,18.0,-0.01,119.0,1,7,1376.5100000000002,20.0,0.0,0.0,0.0,0.0,0.0,0.0,0.0,154.0,,Sprint of small group,14.2,1.0,🟢  Plat/Sprint,0
2019-05-03,2019,tour-de-yorkshire,stage,2.0,Roompot - Charles,1,2.HC,FIN,78.0,0.0,29.0,5.0,,,,,10.0,75.0,45.0,0.0,0.0,2.0,132.77,128.0,3.58,0.0,0.0,0.0,90.9,3.65,35.3,1.52,0.546,0.0,1.11,0.812,0.0,1220.0,1233.0,226.0,11.0,1.0,1.0,0.0,0.0,0.0,0.5565,0.5565,0.0,0.0,0.0,0.6,0.17,0.02,44.0,0.13,471.0,1,8,1559.11,20.0,0.0,0.0,0.0,0.0,0.0,0.0,0.0,154.0,,Sprint of large group,15.6,1.0,🟢  Plat/Sprint,0
2019-05-04,2019,tour-de-yorkshire,stage,3.0,Roompot - Charles,1,2.HC,FIN,43.0,0.0,29.0,5.0,,,,,0.0,75.0,45.0,0.0,0.0,3.0,131.74,116.0,14.8,0.56,0.0,0.0,74.9,0.774,55.3,0.445,0.324,0.0,0.512,0.0,0.0,1682.0,1711.0,224.0,4.0,4.0,3.0,0.0,0.0,0.0,0.7874,0.7874,0.0,0.0,0.0,-0.1,-0.23,-0.14,54.0,0.24,607.0,1,9,1691.88,20.0,0.59,0.0,0.59,0.0,0.59,0.0,0.0,154.0,,Sprint of small group,10.0,2.0,⛰️  Moy. montagne,0
2019-05-04,2019,ronde-van-overijssel,result,,Roompot - Charles,0,1.2,,,0.0,,,,,,,23.0,23.0,0.0,0.0,0.0,,203.88,169.0,11.3,21.0,0.648,0.0,142.0,2.28,0.707,46.5,2.11,0.0,2.78,0.633,0.356,670.0,672.0,81.0,5.0,0.0,0.0,0.0,0.0,0.0,0.0,0.0,0.0,0.0,0.0,-0.7,-0.3,-0.28,42.0,0.01,122.0,0,9,1691.88,40.0,8.39,0.0,0.0,0.0,0.0,0.0,0.0,26.0,,-,17.6,1.0,🟢  Plat/Sprint,0
2019-05-05,2019,tour-de-yorkshire,stage,4.0,Roompot - Charles,1,2.HC,FIN,30.0,0.0,29.0,5.0,,,,,0.0,75.0,45.0,0.0,0.0,4.0,174.51,154.0,20.0,0.0,0.0,0.0,137.0,8.19,28.8,0.426,0.0,0.0,0.115,0.473,0.0,2768.0,2896.0,498.0,30.0,2.0,5.0,2.0,0.0,0.0,0.8782,0.8782,0.8028,0.0,0.0,0.4,-0.07,-1.12,91.0,0.04,1005.0,1,10,1823.62,20.0,0.0,0.0,0.0,0.0,0.0,0.0,0.0,154.0,,-,10.0,2.0,⛰️  Moy. montagne,0
2019-05-14,2019,4-jours-de-dunkerque,stage,1.0,Roompot - Charles,0,2.HC,,,0.0,,,,,,,0.0,8.0,8.0,0.0,0.0,1.0,175.98,172.0,3.27,0.0,0.448,0.0,127.0,2.43,29.2,17.1,0.0,0.0,0.0,0.467,0.0,816.4,804.4,145.0,0.0,0.0,0.0,0.0,0.0,0.0,0.0,0.0,0.0,0.0,0.0,-1.28,-0.17,-0.08,18.0,0.27,424.4,0,6,1087.22,20.0,0.0,0.0,0.0,0.0,0.0,0.0,0.0,220.0,,Sprint of large group,20.2,1.0,🟢  Plat/Sprint,0
2019-05-15,2019,4-jours-de-dunkerque,stage,2.0,Roompot - Charles,0,2.HC,,,0.0,,,,,,,0.0,8.0,8.0,0.0,0.0,2.0,179.25,176.0,3.22,0.0,0.0,0.0,154.0,4.41,6.08,14.5,0.201,0.0,0.201,0.0,0.0,1115.4,1066.8,161.0,12.6,0.0,0.0,0.0,0.0,0.0,0.0,0.0,0.0,0.0,0.0,-1.29,-0.49,-0.28,44.8,0.06,220.2,0,6,1087.22,20.0,0.0,0.0,0.0,0.0,0.0,0.0,0.0,220.0,,Sprint of large group,20.2,1.0,🟢  Plat/Sprint,0
2019-05-16,2019,4-jours-de-dunkerque,stage,3.0,Roompot - Charles,0,2.HC,,,0.0,,,,,,,0.0,8.0,8.0,0.0,0.0,3.0,159.61,159.0,0.133,0.506,0.0,0.0,151.0,2.74,4.85,1.21,0.0,0.0,0.0,0.0,0.0,1182.0,1197.2,205.4,27.0,0.0,0.0,0.0,0.0,0.0,0.0,0.0,0.0,0.0,0.0,-1.79,-0.17,-0.1,14.0,0.14,547.0,0,6,1087.22,20.0,0.0,0.0,0.0,0.0,0.0,0.0,0.0,220.0,,Sprint of large group,10.6,1.0,🟢  Plat/Sprint,0
2019-05-17,2019,4-jours-de-dunkerque,stage,4.0,Roompot - Charles,0,2.HC,,,0.0,,,,,,,0.0,8.0,8.0,0.0,0.0,4.0,183.35,167.0,14.0,1.28,0.0,0.0,160.0,6.6,7.47,8.54,1.11,0.0,0.94,0.0,0.0,1973.8,1959.6,192.2,3.0,0.0,0.0,0.0,0.0,0.0,0.0,0.0,0.0,0.0,0.0,-2.09,-2.05,-1.27,29.2,0.13,345.4,0,6,1087.22,20.0,0.0,0.0,0.0,0.0,0.0,0.0,0.0,220.0,,Sprint of small group,9.4,2.0,⛰️  Moy. montagne,0
2019-05-18,2019,4-jours-de-dunkerque,stage,5.0,Roompot - Charles,0,2.HC,,,0.0,,,,,,,0.0,8.0,8.0,0.0,0.0,5.0,177.81,157.0,0.0,20.6,0.0,0.0,130.0,5.9,40.4,0.589,0.0,0.572,0.526,0.0,0.0,2472.6,2384.4,158.0,-1.0,0.0,0.0,0.0,0.0,0.0,0.0,0.0,0.0,0.0,0.0,-6.48,0.68,0.87,130.0,0.04,201.8,0,5,887.35,20.0,0.0,0.0,0.0,0.0,0.0,0.0,0.0,220.0,,Sprint of small group,9.4,2.0,⛰️  Moy. montagne,0
2019-05-19,2019,4-jours-de-dunkerque,stage,6.0,Roompot - Charles,0,2.HC,,,0.0,,,,,,,0.0,8.0,8.0,0.0,0.0,6.0,190.6,174.0,6.7,9.08,0.265,0.0,99.6,43.3,21.2,24.7,0.0,0.0,0.785,0.0,0.265,432.6,460.8,95.6,0.0,0.0,0.0,0.0,0.0,0.0,0.0,0.0,0.0,0.0,0.0,0.02,-0.11,-0.07,4.8,-0.03,66.8,0,5,887.35,20.0,0.0,0.0,0.0,0.0,0.0,0.0,0.0,220.0,,-,6.6,1.0,🟢  Plat/Sprint,0
2019-05-26,2019,grote-prijs-marcel-kint,result,,Roompot - Charles,0,1.1,,,0.0,,,,,,,46.0,46.0,0.0,0.0,0.0,,186.2,143.0,42.4,1.81,0.0,0.0,43.0,36.7,0.0,101.0,0.0,0.0,6.62,0.0,0.0,882.0,884.0,54.0,14.0,0.0,0.0,0.0,0.0,0.0,0.0,0.0,0.0,0.0,0.0,-1.1,-0.33,-0.14,85.0,0.03,240.0,0,4,621.62,125.0,0.204,0.0,0.102,0.0,0.0,0.0,0.0,135.0,,Sprint of large group,4.6,1.0,🟢  Plat/Sprint,0
2019-05-28,2019,tour-of-norway,stage,1.0,Roompot - Charles,0,2.HC,,,0.0,,,,,,,0.0,3.0,3.0,0.0,0.0,1.0,168.01,167.0,0.191,0.0,0.0,0.0,64.7,0.506,102.0,0.841,0.0,0.0,0.638,0.221,0.0,1697.0,1684.0,274.0,-1.0,4.0,1.0,0.0,0.0,0.0,0.8869,0.5203,0.0,0.0,0.0,0.2,0.47,-0.26,23.0,0.2,466.0,1,4,621.62,20.0,0.0,0.0,0.0,0.0,0.0,0.0,0.0,275.0,,Sprint of large group,9.2,1.0,🟢  Plat/Sprint,0
2019-05-29,2019,tour-of-norway,stage,2.0,Roompot - Charles,0,2.HC,,,0.0,,,,,,,0.0,3.0,3.0,0.0,0.0,2.0,173.64,167.0,4.07,2.4,0.199,0.0,55.7,9.4,104.0,3.74,0.354,0.0,0.465,0.322,0.111,2355.0,2366.0,249.0,0.0,1.0,3.0,0.0,0.0,0.0,0.4045,0.4045,0.0,0.0,0.0,0.3,0.03,-0.3,29.0,-0.02,826.0,1,4,621.62,20.0,2.093,0.0,1.046,0.0,0.523,0.0,0.0,275.0,,Sprint of large group,3.4,2.0,⛰️  Moy. montagne,0
2019-05-30,2019,circuit-de-wallonie,result,,Roompot - Charles,1,1.1,FIN,25.0,3.0,,,,,,,94.0,94.0,0.0,0.0,0.0,,191.85,163.0,22.0,3.42,0.936,0.0,96.3,9.75,53.9,28.5,2.74,0.0,2.91,0.936,0.0,2003.0,1975.0,266.0,59.0,7.0,1.0,0.0,0.0,0.0,0.9787,0.5647,0.0,0.0,0.0,2.5,0.5,-1.04,185.0,0.0,333.0,0,4,621.62,125.0,2.997,0.0,1.498,0.0,0.749,0.0,0.024,87.0,,Sprint of small group,0.0,2.0,⛰️  Moy. montagne,0
2019-05-30,2019,tour-of-norway,stage,3.0,Roompot - Charles,0,2.HC,,,0.0,,,,,,,0.0,3.0,3.0,0.0,0.0,3.0,180.3,177.0,3.25,0.0,0.0,0.0,36.1,4.67,137.0,1.87,0.0,0.0,0.0,0.91,0.0,2562.0,2569.0,469.0,2.0,6.0,2.0,1.0,0.0,0.0,0.9763,0.568,0.568,0.0,0.0,-0.3,-0.47,-1.52,73.0,0.33,749.0,1,4,621.62,20.0,0.0,0.0,0.0,0.0,0.0,0.0,0.0,275.0,,0.4 km solo,18.8,2.0,⛰️  Moy. montagne,0
2019-05-31,2019,tour-of-norway,stage,4.0,Roompot - Charles,0,2.HC,,,0.0,,,,,,,0.0,3.0,3.0,0.0,0.0,4.0,224.28,219.0,4.61,0.331,0.0,0.0,89.1,1.65,126.0,6.27,0.827,0.0,0.909,0.838,0.0,2755.0,2770.0,176.0,0.0,8.0,1.0,0.0,0.0,0.0,0.9688,0.5118,0.0,0.0,0.0,-0.2,-0.3,-1.18,26.0,0.08,693.0,1,5,813.47,20.0,0.0,0.0,0.0,0.0,0.0,0.0,0.0,275.0,,Sprint of small group,18.8,2.0,⛰️  Moy. montagne,0
2019-06-01,2019,tour-of-norway,stage,5.0,Roompot - Charles,0,2.HC,,,0.0,,,,,,,0.0,3.0,3.0,0.0,0.0,5.0,159.87,149.0,1.11,0.0,0.908,0.448,65.0,0.858,80.8,4.29,7.96,0.0,4.87,0.544,0.562,2078.0,2101.0,480.0,2.0,4.0,0.0,2.0,0.0,0.0,0.891,0.6448,0.6448,0.0,0.0,0.2,-0.17,-0.04,11.0,0.12,688.0,1,5,813.47,20.0,0.0,0.0,0.0,0.0,0.0,0.0,0.0,275.0,,Sprint of large group,18.8,2.0,⛰️  Moy. montagne,0
2019-06-02,2019,tour-of-norway,stage,6.0,Roompot - Charles,0,2.HC,,,0.0,,,,,,,0.0,3.0,3.0,0.0,0.0,6.0,174.1,172.0,0.334,0.0,0.303,0.0,96.6,0.651,69.9,4.13,1.99,0.0,2.07,1.21,0.0,2102.0,2228.0,397.0,64.0,3.0,5.0,0.0,0.0,0.0,0.9335,0.9335,0.0,0.0,0.0,0.3,-1.6,-1.32,29.0,-0.09,559.0,1,4,630.87,20.0,0.0,0.0,0.0,0.0,0.0,0.0,0.0,275.0,,-,19.4,2.0,⛰️  Moy. montagne,0
2019-06-02,2019,rund-um-koln,result,,Roompot - Charles,0,1.1,,,0.0,,,,,,,3.0,3.0,0.0,0.0,0.0,,209.01,172.0,26.0,2.88,0.177,0.151,143.0,5.73,4.76,41.1,8.3,0.0,8.33,0.43,0.272,2713.0,2716.0,376.0,39.0,8.0,1.0,1.0,0.0,0.0,0.8138,0.6723,0.3272,0.0,0.0,-0.5,-0.13,0.1,32.0,0.3,752.0,0,4,630.87,125.0,2.64,0.0,1.522,0.0,0.914,0.0,0.0,98.0,,-,18.8,2.0,⛰️  Moy. montagne,0
2019-06-05,2019,tour-de-luxembourg,prologue,,Roompot - Charles,1,2.HC,FIN,28.0,0.0,13.0,20.0,,,,,0.0,238.0,208.0,0.0,0.0,,2.11,1.24,0.102,0.4,0.0,0.0,0.171,1.3,0.0,0.0,0.228,0.0,0.303,0.0,0.252,54.0,30.0,303.0,249.0,0.0,0.0,0.0,0.0,0.0,0.0,0.0,0.0,0.0,0.0,5.4,1.14,1.14,54.0,1.14,54.0,0,1,191.85,20.0,0.0,0.0,0.0,0.0,0.0,0.0,0.0,,,,,0.0,⏱️  CLM,0
2019-06-06,2019,tour-de-luxembourg,stage,1.0,Roompot - Charles,1,2.HC,FIN,67.0,0.0,13.0,20.0,,,,,0.0,238.0,208.0,0.0,0.0,1.0,189.9,187.0,1.32,0.761,0.204,0.509,118.0,2.12,62.8,4.31,0.0,0.0,0.0,3.07,0.0,2766.0,2764.0,517.0,246.0,9.0,3.0,0.0,0.0,0.0,0.9719,0.6295,0.0,0.0,0.0,-0.2,-2.0,-1.44,132.0,0.44,895.0,0,2,193.96,20.0,0.0,0.0,0.0,0.0,0.0,0.0,0.0,140.0,,Sprint of large group,0.6,2.0,⛰️  Moy. montagne,0
2019-06-07,2019,tour-de-luxembourg,stage,2.0,Roompot - Charles,1,2.HC,FIN,17.0,0.0,13.0,20.0,,,,,20.0,238.0,208.0,0.0,0.0,2.0,168.15,166.0,0.45,0.223,0.0,0.0,118.0,0.559,45.4,1.2,1.1,0.0,1.18,1.14,0.0,2141.0,2316.0,400.0,133.0,5.0,4.0,0.0,0.0,0.0,0.9097,0.9097,0.0,0.0,0.0,0.3,0.2,0.12,51.0,-0.13,586.0,0,3,383.86,20.0,0.0,0.0,0.0,0.0,0.0,0.0,0.0,140.0,,2.2 km solo,0.6,2.0,⛰️  Moy. montagne,0
2019-06-08,2019,tour-de-luxembourg,stage,3.0,Roompot - Charles,1,2.HC,FIN,15.0,0.0,13.0,20.0,,,,,10.0,238.0,208.0,0.0,0.0,3.0,174.29,165.0,0.101,1.38,1.59,0.0,121.0,1.42,41.4,0.413,6.81,0.0,6.97,3.24,0.0,3005.0,2887.0,519.0,158.0,8.0,5.0,1.0,0.0,0.0,0.9998,0.9257,0.822,0.0,0.0,5.1,4.63,2.74,164.0,0.23,641.0,0,4,552.01,20.0,0.019,0.344,0.0,0.344,0.0,0.0,0.0,140.0,,10 km solo,4.6,2.0,⛰️  Moy. montagne,0
2019-06-09,2019,tour-de-luxembourg,stage,4.0,Roompot - Charles,1,2.HC,FIN,7.0,0.0,13.0,20.0,,,,,0.0,238.0,208.0,0.0,0.0,4.0,174.16,173.0,0.947,0.112,0.0,0.0,90.4,5.44,76.9,0.186,0.0,0.0,0.12,1.18,0.0,2960.0,2851.0,525.0,199.0,8.0,5.0,0.0,0.0,0.0,0.9762,0.7718,0.0,0.0,0.0,6.4,0.1,1.36,220.0,0.41,959.0,0,5,726.3,20.0,0.0,0.0,0.0,0.0,0.0,0.0,0.0,140.0,,-,6.6,2.0,⛰️  Moy. montagne,0
2019-06-10,2019,ronde-van-limburg,result,,Roompot - Charles,0,1.1,,,0.0,,,,,,,50.0,50.0,0.0,0.0,0.0,,200.92,110.0,78.0,10.9,0.25,0.0,92.4,14.8,11.8,69.9,2.12,0.0,2.22,3.31,0.0,1246.0,1238.0,123.0,38.0,1.0,0.0,0.0,0.0,0.0,0.6231,0.0,0.0,0.0,0.0,1.5,0.17,0.42,213.0,-0.05,213.0,1,6,900.4599999999999,125.0,3.485,0.047,0.429,0.0,0.025,0.0,0.0,103.0,,Sprint of large group,9.2,1.0,🟢  Plat/Sprint,0
2019-06-12,2019,tour-of-belgium,stage,1.0,Roompot - Charles,0,2.HC,,,0.0,,,,,,,20.0,63.0,43.0,0.0,0.0,1.0,184.14,101.0,71.7,8.82,0.272,0.732,36.5,16.4,0.291,103.0,1.23,0.0,2.71,0.912,0.12,167.0,169.0,19.0,0.0,0.0,0.0,0.0,0.0,0.0,0.0,0.0,0.0,0.0,0.0,0.4,0.17,0.18,19.0,-0.02,38.0,0,6,900.4599999999999,20.0,5.381,0.568,1.975,0.189,1.168,0.189,0.0,247.0,,5 km solo,19.2,1.0,🟢  Plat/Sprint,0
2019-06-13,2019,tour-of-belgium,stage,2.0,Roompot - Charles,0,2.HC,,,0.0,,,,,,,0.0,63.0,43.0,0.0,0.0,2.0,178.61,101.0,63.0,14.3,0.0,0.0,65.3,29.1,2.33,64.9,0.578,0.63,1.28,0.405,0.0,1121.0,1063.0,104.0,1.0,4.0,0.0,0.0,0.0,0.0,0.9718,0.0,0.0,0.0,0.0,-1.7,-0.83,-0.64,126.0,0.01,96.0,0,6,900.4599999999999,20.0,5.746,0.0,2.869,0.0,0.0,0.0,0.0,247.0,,6.7 km solo,23.2,1.0,🟢  Plat/Sprint,0
2019-06-14,2019,tour-of-belgium,stage,3.0,Roompot - Charles,0,2.HC,,,0.0,,,,,,,0.0,63.0,43.0,0.0,0.0,3.0,9.12,2.82,4.38,1.9,0.0,0.0,1.12,4.2,0.0,3.79,0.0,0.0,0.0,0.0,0.0,34.0,36.0,36.0,16.0,0.0,0.0,0.0,0.0,0.0,0.0,0.0,0.0,0.0,0.0,0.0,0.27,0.34,34.0,-0.02,34.0,0,6,900.4599999999999,20.0,0.0,0.0,0.0,0.0,0.0,0.0,0.0,247.0,,Time trial,23.2,1.0,🟢  Plat/Sprint,0
2019-06-15,2019,tour-of-belgium,stage,4.0,Roompot - Charles,0,2.HC,,,0.0,,,,,,,0.0,63.0,43.0,0.0,0.0,4.0,151.55,150.0,1.75,0.709,0.0,0.0,122.0,3.18,24.6,2.31,0.0,0.0,0.0,0.0,0.0,2154.0,2229.0,506.0,60.0,3.0,4.0,1.0,0.0,0.0,0.9136,0.9136,0.2924,0.0,0.0,0.2,0.03,-0.14,475.0,0.35,713.0,0,6,900.4599999999999,20.0,0.751,0.0,0.312,0.0,0.312,0.0,0.0,247.0,,Sprint of small group,6.0,2.0,⛰️  Moy. montagne,0
2019-06-16,2019,tour-of-belgium,stage,5.0,Roompot - Charles,0,2.HC,,,0.0,,,,,,,0.0,63.0,43.0,0.0,0.0,5.0,158.47,108.0,42.9,5.01,0.256,0.0,36.4,23.6,2.24,83.0,2.27,0.0,2.45,0.402,0.116,505.0,571.0,121.0,25.0,0.0,0.0,0.0,0.0,0.0,0.0,0.0,0.0,0.0,0.0,0.2,-0.2,0.1,49.0,-0.11,208.0,0,6,900.4599999999999,20.0,0.195,0.0,0.098,0.0,0.0,0.0,0.0,247.0,,-,14.0,1.0,🟢  Plat/Sprint,0
2019-06-19,2019,zlm-tour,prologue,,Roompot - Charles,1,2.1,FIN,66.0,0.0,16.0,3.0,,,,,0.0,43.0,43.0,0.0,0.0,,6.8,6.14,0.612,0.0,0.0,0.0,6.29,0.142,0.0,0.327,0.0,0.0,0.0,0.0,0.0,0.0,1.0,-1.0,-2.0,0.0,0.0,0.0,0.0,0.0,0.0,0.0,0.0,0.0,0.0,0.0,0.0,0.0,0.0,-0.01,0.0,1,6,900.4599999999999,14.0,0.0,0.0,0.0,0.0,0.0,0.0,0.0,,,,0.0,0.0,⏱️  CLM,0
2019-06-20,2019,zlm-tour,stage,1.0,Roompot - Charles,1,2.1,FIN,76.0,0.0,16.0,3.0,,,,,0.0,43.0,43.0,0.0,0.0,1.0,198.9,148.0,29.6,0.551,0.619,0.0,63.8,2.1,10.1,39.2,19.1,0.649,21.6,1.3,0.147,145.0,146.0,6.0,-4.0,0.0,0.0,0.0,0.0,0.0,0.0,0.0,0.0,0.0,0.0,0.0,0.0,-0.02,12.0,-0.0,23.0,1,7,907.26,14.0,0.078,0.0,0.039,0.0,0.0,0.0,0.0,126.0,,Sprint of large group,14.0,1.0,🟢  Plat/Sprint,0
2019-06-21,2019,zlm-tour,stage,2.0,Roompot - Charles,1,2.1,FIN,77.0,0.0,16.0,3.0,,,,,0.0,43.0,43.0,0.0,0.0,2.0,171.52,98.0,54.9,6.05,0.539,0.111,63.0,4.11,0.0,75.6,13.3,0.0,13.4,0.328,0.257,194.0,169.0,39.0,3.0,0.0,0.0,0.0,0.0,0.0,0.0,0.0,0.0,0.0,0.0,0.1,0.03,0.02,74.0,0.01,49.0,1,8,1106.16,14.0,0.607,0.006,0.0,0.0,0.0,0.0,0.0,126.0,,Sprint of large group,9.2,1.0,🟢  Plat/Sprint,0
2019-06-21,2019,dwars-door-het-hageland,result,,Roompot - Charles,0,1.1,,,0.0,,,,,,,46.0,46.0,0.0,0.0,0.0,,205.47,69.1,91.6,7.38,11.9,24.9,38.6,27.5,1.19,71.5,1.18,0.282,1.7,36.9,1.4,1593.0,1558.0,72.0,11.0,0.0,0.0,0.0,0.0,0.0,0.0,0.0,0.0,0.0,0.0,2.6,-0.03,0.6,101.0,0.01,283.0,0,8,1106.16,125.0,3.101,13.459,1.094,5.68,0.988,4.026,0.0,134.0,,7.5 km solo,4.0,1.0,🟢  Plat/Sprint,0
2019-06-22,2019,zlm-tour,stage,3.0,Roompot - Charles,1,2.1,FIN,5.0,0.0,16.0,3.0,,,,,0.0,43.0,43.0,0.0,0.0,3.0,175.07,161.0,9.23,3.47,0.434,0.0,68.6,1.78,0.0,72.3,1.54,0.101,1.77,3.35,0.353,2114.0,2001.0,292.0,42.0,5.0,2.0,0.0,0.0,0.0,0.7638,0.6926,0.0,0.0,0.0,0.9,1.0,0.44,72.0,0.16,452.0,1,9,1277.6799999999998,14.0,1.769,0.0,0.131,0.0,0.083,0.0,0.0,126.0,,1.9 km solo,6.0,2.0,⛰️  Moy. montagne,0
2019-06-22,2019,heist-op-den-berg,result,,Roompot - Charles,0,1.1,,,0.0,,,,,,,35.0,35.0,0.0,0.0,0.0,,193.73,86.7,98.7,7.06,0.238,0.0,5.72,19.2,0.825,147.0,2.05,0.0,2.14,0.0,0.365,690.0,694.0,43.0,3.0,0.0,0.0,0.0,0.0,0.0,0.0,0.0,0.0,0.0,0.0,-2.6,0.23,0.16,70.0,0.0,92.0,0,9,1277.6799999999998,125.0,2.348,0.0,1.073,0.0,0.607,0.0,0.0,151.0,,-,9.2,1.0,🟢  Plat/Sprint,0
2019-06-23,2019,zlm-tour,stage,4.0,Roompot - Charles,1,2.1,FIN,48.0,0.0,16.0,3.0,,,,,0.0,43.0,43.0,0.0,0.0,4.0,172.61,108.0,44.0,12.9,1.47,0.0,76.7,2.56,0.0,40.6,7.17,0.0,8.17,1.61,0.476,244.0,248.0,26.0,6.0,0.0,0.0,0.0,0.0,0.0,0.0,0.0,0.0,0.0,0.0,0.1,0.07,-0.02,21.0,-0.02,56.0,1,10,1452.7499999999998,14.0,5.576,0.0,1.156,0.0,0.215,0.0,0.0,126.0,,-,21.8,1.0,🟢  Plat/Sprint,0
2019-06-23,2019,circuit-des-xi-villes,result,,Roompot - Charles,0,1.1,,,0.0,,,,,,,28.0,28.0,0.0,0.0,0.0,,199.77,112.0,70.8,14.2,0.322,0.0,88.7,19.4,2.79,75.5,2.99,0.209,3.74,0.796,0.0,301.0,300.0,48.0,0.0,0.0,0.0,0.0,0.0,0.0,0.0,0.0,0.0,0.0,0.0,0.0,0.03,0.04,18.0,0.02,113.0,0,10,1452.7499999999998,125.0,9.18,0.01,4.089,0.01,3.337,0.01,0.0,182.0,,Sprint of large group,16.2,1.0,🟢  Plat/Sprint,0
2019-06-26,2019,halle-ingooigem,result,,Roompot - Charles,0,1.1,,,0.0,,,,,,,10.0,10.0,0.0,0.0,0.0,,198.77,132.0,63.2,1.13,0.0,1.21,82.8,10.8,14.9,80.9,0.233,0.0,1.21,1.8,0.0,1652.0,1664.0,151.0,11.0,3.0,0.0,0.0,0.0,0.0,0.3788,0.0,0.0,0.0,0.0,0.5,0.3,0.4,144.0,0.03,402.0,1,11,1625.3599999999997,125.0,0.196,0.0,0.098,0.0,0.0,0.0,0.0,198.0,,-,21.8,1.0,🟢  Plat/Sprint,0
2019-06-27,2019,nc-belgium-itt,result,,Roompot - Charles,0,NC,,,0.0,,,,,,,0.0,0.0,0.0,0.0,0.0,,,,,,,,,,,,,,,,,,,,,0.0,0.0,0.0,0.0,0.0,,,,,,,,,,,,0,11,1625.3599999999997,,,,,,,,,110.0,,Time trial,,,,0
2019-06-30,2019,nc-belgium,result,,Roompot - Charles,0,NC,,,0.0,,,,,,,20.0,20.0,0.0,0.0,0.0,,228.33,77.4,113.0,26.8,0.331,0.0,67.3,29.1,12.6,106.0,11.1,0.107,11.5,0.0,0.0,509.0,512.0,60.0,4.0,0.0,0.0,0.0,0.0,0.0,0.0,0.0,0.0,0.0,0.0,0.1,0.0,0.04,20.0,0.08,240.0,0,10,1433.5099999999998,100.0,6.088,0.0,2.475,0.0,0.69,0.0,0.0,406.0,,Sprint of large group,14.6,1.0,🟢  Plat/Sprint,0
2019-06-30,2019,nc-netherlands,result,,Roompot - Charles,1,NC,FIN,13.0,1.0,,,,,,,6.0,6.0,0.0,0.0,0.0,,,,,,,,,,,,,,,,,,,,,0.0,0.0,0.0,0.0,0.0,,,,,,,,,,,,1,10,1433.5099999999998,,,,,,,,,127.0,,Sprint of large group,,,,0
2019-07-25,2019,adriatica-ionica-race,stage,1.0,Roompot - Charles,0,2.1,,,0.0,,,,,,,0.0,6.0,3.0,0.0,0.0,1.0,0.0,158.0,3.98,0.0,12.2,5.62,105.0,2.65,53.1,0.33,2.17,0.0,2.17,18.2,0.0,0.0,0.0,0.0,0.0,0.0,0.0,0.0,0.0,0.0,0.0,0.0,0.0,0.0,0.0,0.0,0.0,0.0,0.0,0.0,0.0,1,1,0.0,14.0,0.0,0.0,0.0,0.0,0.0,0.0,0.0,220.0,,Sprint of large group,18.6,1.0,🟢  Plat/Sprint,0
2019-07-25,2019,gp-cerami,result,,Roompot - Charles,1,1.1,FIN,48.0,0.0,,,,,,,40.0,40.0,0.0,0.0,0.0,,164.53,153.0,8.01,1.06,1.02,0.0,70.0,1.82,64.9,25.6,1.32,0.0,1.54,1.13,0.0,1454.0,1375.0,275.0,22.0,2.0,1.0,0.0,0.0,0.0,0.9529,0.6412,0.0,0.0,0.0,2.7,0.2,-0.56,186.0,0.36,450.0,0,1,0.0,125.0,0.193,0.0,0.0,0.0,0.0,0.0,0.0,163.0,,Sprint of small group,11.6,1.0,🟢  Plat/Sprint,0
2019-07-26,2019,adriatica-ionica-race,stage,2.0,Roompot - Charles,0,2.1,,,0.0,,,,,,,0.0,6.0,3.0,0.0,0.0,2.0,0.0,197.0,0.621,0.0,0.0,0.0,120.0,0.76,76.1,0.0,1.17,0.0,1.39,0.523,0.0,0.0,0.0,0.0,0.0,0.0,0.0,0.0,0.0,0.0,0.0,0.0,0.0,0.0,0.0,0.0,0.0,0.0,0.0,0.0,0.0,1,2,164.53,14.0,0.0,0.0,0.0,0.0,0.0,0.0,0.0,220.0,,Sprint of small group,7.5,3.0,🏔️  Haute montagne,0
2019-07-27,2019,adriatica-ionica-race,stage,3.0,Roompot - Charles,0,2.1,,,0.0,,,,,,,3.0,6.0,3.0,0.0,0.0,3.0,0.0,184.0,22.0,0.521,0.0,0.0,129.0,5.28,71.4,0.381,1.52,0.0,0.915,0.0,0.0,0.0,0.0,0.0,0.0,0.0,0.0,0.0,0.0,0.0,0.0,0.0,0.0,0.0,0.0,0.0,0.0,0.0,0.0,0.0,0.0,1,2,164.53,14.0,0.0,0.0,0.0,0.0,0.0,0.0,0.0,220.0,,13.3 km solo,6.0,2.0,⛰️  Moy. montagne,0
2019-07-27,2019,tour-de-wallonie,stage,1.0,Roompot - Charles,1,2.HC,FIN,97.0,0.0,59.0,0.0,,,,,0.0,15.0,10.0,0.0,0.0,1.0,185.24,153.0,26.2,2.62,2.9,0.0,106.0,4.84,5.89,68.5,0.0,0.0,0.0,0.219,0.0,1279.0,1362.0,168.0,11.0,5.0,0.0,0.0,0.0,0.0,0.6898,0.0,0.0,0.0,0.0,0.6,0.27,0.06,33.0,-0.1,180.0,0,2,164.53,20.0,0.078,0.0,0.078,0.0,0.078,0.0,0.0,219.0,,Sprint of large group,14.0,1.0,🟢  Plat/Sprint,0
2019-07-28,2019,adriatica-ionica-race,stage,4.0,Roompot - Charles,0,2.1,,,0.0,,,,,,,0.0,6.0,3.0,0.0,0.0,4.0,0.0,101.0,1.05,0.0,0.0,0.0,69.8,2.29,28.6,0.434,0.815,0.0,1.11,0.769,0.0,0.0,0.0,0.0,0.0,0.0,0.0,0.0,0.0,0.0,0.0,0.0,0.0,0.0,0.0,0.0,0.0,0.0,0.0,0.0,0.0,1,3,349.77,14.0,0.0,0.0,0.0,0.0,0.0,0.0,0.0,220.0,,-,14.0,1.0,🟢  Plat/Sprint,0
2019-07-28,2019,tour-de-wallonie,stage,2.0,Roompot - Charles,1,2.HC,FIN,64.0,0.0,59.0,0.0,,,,,0.0,15.0,10.0,0.0,0.0,2.0,172.69,147.0,24.6,0.371,0.462,0.0,141.0,9.25,5.71,14.4,0.206,0.0,0.23,0.546,0.0,1685.0,1597.0,269.0,55.0,6.0,2.0,0.0,0.0,0.0,0.9997,0.9416,0.0,0.0,0.0,4.9,3.87,0.1,215.0,0.09,407.0,0,3,349.77,20.0,0.0,0.0,0.0,0.0,0.0,0.0,0.0,219.0,,1.2 km solo,2.6,2.0,⛰️  Moy. montagne,0
2019-07-29,2019,tour-de-wallonie,stage,3.0,Roompot - Charles,1,2.HC,FIN,71.0,0.0,59.0,0.0,,,,,0.0,15.0,10.0,0.0,0.0,3.0,191.5,189.0,2.24,0.0,0.0,0.0,140.0,0.126,42.1,9.18,0.0,0.0,0.0,0.0,0.0,2334.0,2434.0,692.0,186.0,3.0,2.0,1.0,0.0,0.0,0.9801,0.894,0.7041,0.0,0.0,1.2,-1.03,0.4,117.0,-0.01,684.0,0,4,522.46,20.0,0.0,0.0,0.0,0.0,0.0,0.0,0.0,219.0,,Sprint of large group,0.6,2.0,⛰️  Moy. montagne,0
2019-07-30,2019,tour-de-wallonie,stage,4.0,Roompot - Charles,1,2.HC,FIN,76.0,0.0,59.0,0.0,,,,,5.0,15.0,10.0,0.0,0.0,4.0,176.58,161.0,15.2,0.276,0.0,0.0,142.0,3.07,28.0,3.48,0.0,0.0,0.0,0.0,0.0,2639.0,2427.0,643.0,67.0,5.0,3.0,1.0,0.0,0.0,0.98,0.8137,0.8137,0.0,0.0,-1.5,-2.5,-0.68,130.0,-0.09,617.0,0,5,713.96,20.0,0.0,0.0,0.0,0.0,0.0,0.0,0.0,219.0,,Sprint of large group,0.6,2.0,⛰️  Moy. montagne,0
2019-07-31,2019,tour-de-wallonie,stage,5.0,Roompot - Charles,1,2.HC,FIN,15.0,0.0,59.0,0.0,,,,,0.0,15.0,10.0,0.0,0.0,5.0,186.31,175.0,9.3,1.62,0.0,0.0,129.0,2.27,49.3,4.81,0.0,0.0,0.0,0.641,0.0,2131.0,2170.0,373.0,97.0,3.0,2.0,0.0,0.0,0.0,0.544,0.544,0.0,0.0,0.0,3.8,0.67,0.16,144.0,-0.08,650.0,0,5,890.5400000000001,20.0,0.949,0.0,0.633,0.0,0.316,0.0,0.0,219.0,,-,1.6,2.0,⛰️  Moy. montagne,0
2019-08-11,2019,slag-om-norg,result,,Roompot - Charles,1,1.1,FIN,11.0,15.0,,,,,,,18.0,18.0,0.0,0.0,0.0,,187.27,84.8,41.7,26.9,31.9,0.446,96.3,1.74,1.3,41.0,1.71,0.494,2.52,30.7,0.963,212.0,213.0,22.0,-4.0,0.0,0.0,0.0,0.0,0.0,0.0,0.0,0.0,0.0,0.0,0.0,0.13,0.0,48.0,-0.0,72.0,0,6,1076.85,125.0,4.661,0.0,2.319,0.0,1.148,0.0,0.12,34.0,,-,12.0,1.0,🟢  Plat/Sprint,0
2019-08-12,2019,renewi-tour,stage,1.0,Roompot - Charles,0,2.UWT,,,0.0,,,,,,,0.0,4.0,4.0,0.0,0.0,1.0,167.35,101.0,54.3,10.5,0.21,0.0,68.7,9.91,0.497,71.4,1.67,0.0,1.81,0.0,0.134,128.0,138.0,18.0,-1.0,0.0,0.0,0.0,0.0,0.0,0.0,0.0,0.0,0.0,0.0,0.0,-0.07,-0.04,26.0,-0.01,54.0,1,7,1264.12,50.0,7.844,0.0,3.014,0.0,1.99,0.0,0.0,536.0,,Sprint of large group,11.6,1.0,🟢  Plat/Sprint,0
2019-08-13,2019,renewi-tour,stage,2.0,Roompot - Charles,0,2.UWT,,,0.0,,,,,,,0.0,4.0,4.0,0.0,0.0,2.0,167.86,99.7,65.3,2.53,0.258,0.0,53.1,9.21,1.6,88.2,0.118,0.0,0.53,1.81,0.0,257.0,235.0,45.0,0.0,0.0,0.0,0.0,0.0,0.0,0.0,0.0,0.0,0.0,0.0,0.2,-0.1,-0.02,85.0,0.01,34.0,1,7,1264.12,50.0,0.0,0.0,0.0,0.0,0.0,0.0,0.0,536.0,,Sprint of large group,11.6,1.0,🟢  Plat/Sprint,0
2019-08-14,2019,renewi-tour,stage,3.0,Roompot - Charles,0,2.UWT,,,0.0,,,,,,,0.0,4.0,4.0,0.0,0.0,3.0,166.82,82.3,73.4,11.0,0.264,0.135,68.6,19.3,0.0,73.9,0.0,0.0,0.0,0.294,0.0,267.0,268.0,30.0,7.0,0.0,0.0,0.0,0.0,0.0,0.0,0.0,0.0,0.0,0.0,0.4,0.03,-0.06,72.0,-0.02,73.0,1,7,1264.12,50.0,4.192,0.012,1.69,0.006,0.658,0.006,0.0,536.0,,Sprint of large group,3.6,1.0,🟢  Plat/Sprint,0
2019-08-15,2019,renewi-tour,stage,4.0,Roompot - Charles,0,2.UWT,,,0.0,,,,,,,0.0,4.0,4.0,0.0,0.0,4.0,96.17,89.2,6.46,0.0,0.0,0.0,78.4,8.28,8.93,0.0,0.647,0.0,0.647,0.0,0.0,1547.0,1620.0,468.0,298.0,4.0,2.0,0.0,0.0,0.0,0.8666,0.8107,0.0,0.0,0.0,1.5,0.7,0.7,529.0,-0.04,863.0,1,7,1264.12,50.0,0.0,0.0,0.0,0.0,0.0,0.0,0.0,536.0,,Sprint of small group,3.6,1.0,🟢  Plat/Sprint,0
2019-08-16,2019,renewi-tour,stage,5.0,Roompot - Charles,0,2.UWT,,,0.0,,,,,,,0.0,4.0,4.0,0.0,0.0,5.0,184.77,110.0,62.9,8.74,4.09,0.0,51.4,2.77,1.03,87.9,0.353,0.0,0.939,4.15,0.137,193.0,270.0,106.0,22.0,0.0,0.0,0.0,0.0,0.0,0.0,0.0,0.0,0.0,0.0,0.1,0.1,0.0,28.0,-0.14,104.0,1,7,1264.12,50.0,3.797,0.0,1.735,0.0,0.704,0.0,0.0,536.0,,Sprint of large group,3.6,1.0,🟢  Plat/Sprint,0
2019-08-17,2019,renewi-tour,stage,6.0,Roompot - Charles,0,2.UWT,,,0.0,,,,,,,0.0,4.0,4.0,0.0,0.0,6.0,8.35,6.15,0.653,1.15,0.0,0.0,0.0,1.07,0.0,6.49,0.448,0.0,0.476,0.0,0.0,16.0,16.0,10.0,-1.0,0.0,0.0,0.0,0.0,0.0,0.0,0.0,0.0,0.0,0.0,0.0,-0.03,-0.02,16.0,0.0,16.0,1,7,1264.12,50.0,0.0,0.0,0.0,0.0,0.0,0.0,0.0,536.0,,Time trial,0.0,1.0,🟢  Plat/Sprint,0
2019-08-18,2019,renewi-tour,stage,7.0,Roompot - Charles,0,2.UWT,,,0.0,,,,,,,0.0,4.0,4.0,0.0,0.0,7.0,178.45,103.0,61.4,14.1,0.356,0.0,51.2,41.7,2.16,76.8,0.0,0.654,0.717,0.654,0.0,1704.0,1704.0,105.0,12.0,4.0,0.0,0.0,0.0,0.0,0.8541,0.0,0.0,0.0,0.0,3.8,-0.37,-0.28,251.0,-0.05,290.0,1,7,1264.12,50.0,4.498,0.0,1.497,0.0,1.424,0.0,0.0,536.0,,-,0.0,1.0,🟢  Plat/Sprint,0
2019-08-20,2019,gp-stad-zottegem,result,,Roompot - Charles,0,1.1,,,0.0,,,,,,,3.0,3.0,0.0,0.0,0.0,,200.08,104.0,81.9,13.9,0.0,0.0,92.1,21.7,6.43,76.5,1.46,0.0,1.85,0.392,0.0,1474.0,1475.0,96.0,18.0,0.0,0.0,0.0,0.0,0.0,0.0,0.0,0.0,0.0,0.0,1.6,0.8,0.26,86.0,-0.0,382.0,1,7,1264.12,125.0,3.798,0.0,1.266,0.0,1.266,0.0,0.0,112.0,,-,0.0,1.0,🟢  Plat/Sprint,0
2019-08-21,2019,tour-of-denmark,stage,1.0,Roompot - Charles,1,2.HC,FIN,56.0,0.0,19.0,5.0,,,,,0.0,18.0,13.0,0.0,0.0,1.0,169.43,152.0,16.4,0.0,0.726,0.0,119.0,0.247,4.02,39.6,0.0,0.0,0.247,0.0,0.162,1481.0,1530.0,136.0,5.0,2.0,0.0,0.0,0.0,0.0,0.6374,0.0,0.0,0.0,0.0,-0.8,-1.93,0.0,131.0,0.02,259.0,0,7,1264.12,20.0,0.0,0.0,0.0,0.0,0.0,0.0,0.0,108.0,,1 km solo,0.6,1.0,🟢  Plat/Sprint,0
2019-08-21,2019,veenendaal-veenendaal,result,,Roompot - Charles,0,1.1,,,0.0,,,,,,,150.0,150.0,0.0,0.0,0.0,,190.52,128.0,41.8,7.8,2.09,0.0,89.3,5.13,2.21,64.2,11.6,0.0,12.1,2.24,0.0,968.0,979.0,71.0,4.0,0.0,0.0,0.0,0.0,0.0,0.0,0.0,0.0,0.0,0.0,0.0,0.0,0.02,14.0,-0.01,282.0,1,7,1264.12,125.0,1.93,0.0,1.92,0.0,0.717,0.0,0.0,61.0,,-,0.6,1.0,🟢  Plat/Sprint,0
2019-08-22,2019,tour-of-denmark,stage,2.0,Roompot - Charles,1,2.HC,FIN,67.0,0.0,19.0,5.0,,,,,0.0,18.0,13.0,0.0,0.0,2.0,17.07,16.5,0.0,0.0,0.186,0.0,12.4,0.407,0.0,2.75,0.0,0.0,0.314,0.179,0.0,20.0,22.0,42.0,30.0,0.0,0.0,0.0,0.0,0.0,0.0,0.0,0.0,0.0,0.0,0.1,0.13,0.12,20.0,-0.01,20.0,0,8,1433.5500000000002,20.0,0.0,0.0,0.0,0.0,0.0,0.0,0.0,108.0,,Time trial,30.6,1.0,🟢  Plat/Sprint,0
2019-08-23,2019,tour-of-denmark,stage,3.0,Roompot - Charles,1,2.HC,FIN,12.0,0.0,19.0,5.0,,,,,0.0,18.0,13.0,0.0,0.0,3.0,198.92,185.0,11.5,0.293,0.44,0.0,162.0,8.24,0.0,20.2,0.812,0.0,1.45,0.557,0.0,1571.0,1535.0,122.0,2.0,4.0,0.0,0.0,0.0,0.0,0.7699,0.0,0.0,0.0,0.0,4.2,1.7,-0.18,193.0,0.07,148.0,0,9,1450.62,20.0,0.0,0.0,0.0,0.0,0.0,0.0,0.0,108.0,,Sprint of small group,30.6,1.0,🟢  Plat/Sprint,0
2019-08-24,2019,tour-of-denmark,stage,4.0,Roompot - Charles,1,2.HC,FIN,3.0,5.0,19.0,5.0,,,,,5.0,18.0,13.0,0.0,0.0,4.0,174.86,170.0,3.92,0.396,0.0,0.0,149.0,1.98,0.0,19.9,0.674,0.0,0.825,0.0,0.0,1318.0,1286.0,78.0,-1.0,0.0,0.0,0.0,0.0,0.0,0.0,0.0,0.0,0.0,0.0,3.8,0.07,0.76,191.0,-0.02,250.0,0,10,1649.5400000000002,20.0,0.0,0.0,0.0,0.0,0.0,0.0,0.25,108.0,,Sprint of large group,30.6,1.0,🟢  Plat/Sprint,0
2019-08-25,2019,schaal-schels,result,,Roompot - Charles,0,1.1,,,0.0,,,,,,,70.0,70.0,0.0,0.0,0.0,,198.0,64.4,124.0,9.52,0.0,0.0,10.2,36.4,0.0,120.0,0.0,0.0,1.28,1.54,0.0,295.0,296.0,6.0,0.0,0.0,0.0,0.0,0.0,0.0,0.0,0.0,0.0,0.0,0.0,-0.1,0.0,0.0,17.0,0.0,74.0,1,10,1659.8700000000003,125.0,2.607,0.0,1.001,0.0,0.607,0.0,0.0,102.0,,-,31.0,1.0,🟢  Plat/Sprint,0
2019-08-25,2019,tour-of-denmark,stage,5.0,Roompot - Charles,1,2.HC,FIN,36.0,0.0,19.0,5.0,,,,,0.0,18.0,13.0,0.0,0.0,5.0,165.52,94.0,70.9,0.0,0.0,0.0,56.1,4.55,0.0,88.8,0.377,0.0,0.71,0.223,0.0,834.0,865.0,56.0,0.0,0.0,0.0,0.0,0.0,0.0,0.0,0.0,0.0,0.0,0.0,0.3,-0.17,-0.1,36.0,-0.04,323.0,0,10,1659.8700000000003,20.0,0.0,0.0,0.0,0.0,0.0,0.0,0.0,108.0,,-,45.0,1.0,🟢  Plat/Sprint,0
2019-08-28,2019,druivenkoers-overijse,result,,Roompot - Charles,1,1.1,FIN,9.0,25.0,,,,,,,55.0,55.0,0.0,0.0,0.0,,203.5,120.0,74.2,3.97,0.0,0.0,39.8,46.8,13.6,77.9,4.37,0.0,5.18,0.0,0.0,1869.0,1915.0,108.0,37.0,0.0,0.0,0.0,0.0,0.0,0.0,0.0,0.0,0.0,0.0,-0.5,-0.23,-0.18,63.0,0.01,447.0,0,9,1467.46,125.0,1.232,0.0,0.418,0.0,0.011,0.0,0.2,116.0,,Sprint of large group,15.0,1.0,🟢  Plat/Sprint,0
2019-08-31,2019,omloop-mandel-leie-schelde-meulebeke,result,,Roompot - Charles,0,1.1,,,0.0,,,,,,,63.0,63.0,0.0,0.0,0.0,,191.51,120.0,69.1,0.0,0.0,0.0,56.0,27.2,0.0,103.0,0.0,0.0,2.87,0.0,0.0,449.0,450.0,33.0,13.0,0.0,0.0,0.0,0.0,0.0,0.0,0.0,0.0,0.0,0.0,-0.3,-0.13,-0.34,80.0,0.0,118.0,1,7,1116.5700000000002,125.0,0.0,0.0,0.0,0.0,0.0,0.0,0.0,102.0,,Sprint of large group,26.0,1.0,🟢  Plat/Sprint,0
2019-09-01,2019,gp-jef-scherens,result,,Roompot - Charles,1,1.1,FIN,40.0,0.0,,,,,,,50.0,50.0,0.0,0.0,0.0,,191.51,119.0,37.1,20.5,0.0,0.0,7.02,43.4,6.07,88.3,14.4,0.0,14.3,2.57,0.0,1391.0,1391.0,58.0,16.0,0.0,0.0,0.0,0.0,0.0,0.0,0.0,0.0,0.0,0.0,-0.6,0.13,-0.48,214.0,-0.02,355.0,0,7,1116.5700000000002,125.0,6.585,0.0,3.203,0.0,1.691,0.0,0.0,134.0,,-,38.6,1.0,🟢  Plat/Sprint,0
2019-09-07,2019,brussels-cycling-classic,result,,Roompot - Charles,1,1.HC,FIN,113.0,0.0,,,,,,,5.0,5.0,0.0,0.0,0.0,,189.02,137.0,46.6,4.34,0.0,1.59,94.0,25.6,5.65,53.9,0.0,0.115,0.28,1.58,0.0,1815.0,1877.0,172.0,24.0,5.0,0.0,0.0,0.0,0.0,0.709,0.0,0.0,0.0,0.0,1.6,0.13,0.18,99.0,-0.01,405.0,1,8,1308.08,200.0,2.937,0.0,0.119,0.0,0.0,0.0,0.0,464.0,,Sprint of large group,47.6,1.0,🟢  Plat/Sprint,0
2019-09-08,2019,antwerp-port-epic,result,,Roompot - Charles,0,1.1,,,0.0,,,,,,,56.0,56.0,0.0,0.0,0.0,,188.29,76.8,39.8,26.5,26.6,0.697,69.0,11.6,3.42,31.8,18.0,0.241,18.4,24.0,3.26,183.0,184.0,9.0,-4.0,0.0,0.0,0.0,0.0,0.0,0.0,0.0,0.0,0.0,0.0,0.0,0.03,0.0,17.0,-0.0,55.0,0,9,1497.1,125.0,9.364,1.711,0.578,0.834,0.075,0.0,0.0,87.0,,2.8 km solo,34.6,1.0,🟢  Plat/Sprint,0
2019-09-08,2019,gp-de-fourmies,result,,Roompot - Charles,1,1.HC,FIN,80.0,0.0,,,,,,,128.0,128.0,0.0,0.0,0.0,,203.71,114.0,3.22,0.0,0.0,0.0,114.0,3.56,0.0,0.0,0.0,0.0,0.316,0.0,0.0,2093.4,2103.8,250.0,110.4,0.0,0.0,0.0,0.0,0.0,0.0,0.0,0.0,0.0,0.0,-8.31,-4.15,-2.07,34.0,0.19,593.4,1,9,1497.1,200.0,0.0,0.0,0.0,0.0,0.0,0.0,0.0,294.0,,Sprint of large group,45.8,1.0,🟢  Plat/Sprint,0
2019-09-18,2019,gp-de-wallonie,result,,Roompot - Charles,1,1.1,FIN,27.0,0.0,,,,,,,35.0,35.0,0.0,0.0,0.0,,205.47,197.0,5.42,2.23,0.116,0.15,155.0,10.8,33.1,4.94,0.53,0.155,0.854,0.181,0.304,2881.0,2948.0,530.0,79.0,4.0,5.0,1.0,0.0,0.0,0.9998,0.9143,0.1401,0.0,0.0,1.3,3.93,2.34,136.0,0.07,742.0,0,9,1309.83,125.0,2.018,0.114,2.018,0.114,2.018,0.114,0.0,220.0,,6.2 km solo,1.6,2.0,⛰️  Moy. montagne,0
2019-09-20,2019,kampioenschap-van-vlaanderen1,result,,Roompot - Charles,0,1.1,,,0.0,,,,,,,3.0,3.0,0.0,0.0,0.0,,185.21,123.0,62.1,0.0,0.0,0.0,55.3,13.2,12.6,102.0,0.0,0.0,2.51,0.0,0.0,613.0,625.0,45.0,28.0,0.0,0.0,0.0,0.0,0.0,0.0,0.0,0.0,0.0,0.0,0.4,-0.37,-0.14,48.0,-0.02,163.0,0,10,1515.3,125.0,0.0,0.0,0.0,0.0,0.0,0.0,0.0,279.0,,7.5 km solo,60.4,1.0,🟢  Plat/Sprint,0
2019-09-21,2019,gp-impanis-van-petegem,result,,Roompot - Charles,1,1.HC,DNF,,0.0,,,,,,,0.0,0.0,0.0,0.0,0.0,,197.93,149.0,46.4,2.24,0.264,0.0,116.0,17.9,5.41,52.2,0.0,0.0,0.0,0.0,0.228,1693.0,1724.0,172.0,10.0,4.0,0.0,0.0,0.0,0.0,0.6259,0.0,0.0,0.0,0.0,-0.3,-0.03,-0.06,15.0,0.06,395.0,0,9,1345.87,200.0,1.539,0.0,0.108,0.0,0.0,0.0,0.0,486.0,,3 km solo,48.4,1.0,🟢  Plat/Sprint,0
2019-09-22,2019,gp-d-isbergues,result,,Roompot - Charles,1,1.1,DNS,,0.0,,,,,,,15.0,15.0,0.0,0.0,0.0,,199.06,146.0,51.8,0.0,0.0,0.0,128.0,44.9,26.5,0.0,0.0,0.0,1.84,0.0,0.0,1229.0,1229.0,194.0,17.0,2.0,1.0,0.0,0.0,0.0,0.4349,0.236,0.0,0.0,0.0,-0.8,-0.3,0.06,26.0,0.33,296.0,0,9,1526.73,125.0,0.0,0.0,0.0,0.0,0.0,0.0,0.0,183.0,,12 km solo,38.4,1.0,🟢  Plat/Sprint,0
2019-09-25,2019,omloop-van-het-houtland-lichtervelde,result,,Roompot - Charles,0,1.1,,,0.0,,,,,,,68.0,68.0,0.0,0.0,0.0,,186.1,75.9,104.0,5.58,0.187,0.139,103.0,21.6,0.576,41.3,0.0,0.0,0.862,0.187,0.0,713.0,700.0,46.0,-2.0,0.0,0.0,0.0,0.0,0.0,0.0,0.0,0.0,0.0,0.0,-0.3,0.17,0.14,70.0,-0.02,109.0,0,7,1186.49,125.0,2.632,0.0,0.887,0.0,0.351,0.0,0.0,178.0,,Sprint of small group,40.4,1.0,🟢  Plat/Sprint,0
2019-10-03,2019,munsterland-giro,result,,Roompot - Charles,0,1.HC,,,0.0,,,,,,,5.0,5.0,0.0,0.0,0.0,,192.95,143.0,37.0,11.3,0.205,0.0,142.0,12.4,1.59,29.0,1.37,0.0,1.68,0.694,0.146,1062.0,1039.0,199.0,35.0,1.0,2.0,0.0,0.0,0.0,0.5151,0.5151,0.0,0.0,0.0,-0.5,-0.1,-0.1,30.0,0.06,232.0,1,5,791.48,200.0,10.642,0.0,10.405,0.0,5.224,0.0,0.0,407.0,,Sprint of small group,42.8,1.0,🟢  Plat/Sprint,0
2019-10-05,2019,circuit-franco-belge,result,,Roompot - Charles,1,1.HC,FIN,78.0,0.0,,,,,,,23.0,23.0,0.0,0.0,0.0,,,,,,,,,,,,,,,,,,,,,0.0,0.0,0.0,0.0,0.0,,,,,,,,,,,,0,5,791.48,,,,,,,,,235.0,,Sprint of large group,,,,0
2019-10-06,2019,famenne-ardenne-classic,result,,Roompot - Charles,1,1.1,DNF,,0.0,,,,,,,33.0,33.0,0.0,0.0,0.0,,179.11,167.0,11.5,1.09,0.0,0.0,149.0,8.45,8.91,7.8,0.0,0.0,5.66,0.0,0.0,2784.0,2774.0,557.0,176.0,6.0,3.0,1.0,0.0,0.0,0.9199,0.9199,0.3756,0.0,0.0,1.9,-1.2,-0.58,109.0,0.37,832.0,0,6,791.48,125.0,0.703,0.0,0.234,0.0,0.234,0.0,0.0,230.0,,0.9 km solo,8.0,2.0,⛰️  Moy. montagne,0
2019-10-08,2019,memorial-frank-vandenbroucke,result,,Roompot - Charles,0,1.1,,,0.0,,,,,,,0.0,0.0,0.0,0.0,0.0,,198.35,180.0,12.9,4.92,0.0,0.0,90.4,7.39,89.5,11.1,0.0,0.0,0.994,0.0,0.0,1768.0,1849.0,275.0,70.0,7.0,0.0,0.0,0.0,0.0,0.9437,0.0,0.0,0.0,0.0,1.6,0.03,-0.74,126.0,0.08,537.0,0,6,781.57,125.0,3.441,0.0,1.554,0.0,0.611,0.0,0.0,352.0,,Sprint of small group,14.6,2.0,⛰️  Moy. montagne,0
2019-10-12,2019,tacx-pro-classic,result,,Roompot - Charles,1,1.1,FIN,65.0,0.0,,,,,,,0.0,0.0,0.0,0.0,0.0,,203.18,147.0,42.7,7.08,0.411,0.0,108.0,5.89,0.267,31.8,4.97,0.0,5.97,0.369,0.643,278.0,274.0,12.0,-12.0,0.0,0.0,0.0,0.0,0.0,0.0,0.0,0.0,0.0,0.0,0.0,-0.07,-0.04,33.0,0.01,55.0,0,5,781.57,125.0,0.0,0.0,0.0,0.0,0.0,0.0,0.0,207.0,,Sprint of large group,18.2,1.0,🟢  Plat/Sprint,0
2019-10-13,2019,paris-tours,result,,Roompot - Charles,0,1.HC,,,0.0,,,,,,,5.0,5.0,0.0,0.0,0.0,,217.3,186.0,19.8,0.12,7.86,2.33,181.0,12.8,6.91,5.85,0.714,0.0,0.714,9.27,0.0,1254.0,1342.0,214.0,40.0,1.0,0.0,0.0,0.0,0.0,0.3129,0.0,0.0,0.0,0.0,0.2,0.07,0.02,19.0,0.04,172.0,1,6,984.75,200.0,0.114,2.716,0.114,0.822,0.114,0.0,0.0,293.0,,44 km solo,41.8,1.0,🟢  Plat/Sprint,0
2019-10-13,2019,memorial-rik-van-steenbergen,result,,Roompot - Charles,1,1.1,FIN,11.0,15.0,,,,,,,121.0,121.0,0.0,0.0,0.0,,199.23,93.2,90.6,15.1,0.589,0.0,65.1,30.6,0.284,70.9,0.0,0.0,0.141,0.623,0.376,402.0,403.0,46.0,12.0,0.0,0.0,0.0,0.0,0.0,0.0,0.0,0.0,0.0,0.0,-0.1,0.07,0.02,18.0,-0.01,104.0,0,6,984.75,125.0,0.174,0.0,0.143,0.0,0.072,0.0,0.12,81.0,,0.9 km solo,17.6,1.0,🟢  Plat/Sprint,0
