date,year,course,type,etape,equipe,selected,classification,statut,rang,pts_uci,rang_gc_final,pts_uci_gc_final,rang_kom_final,pts_uci_kom_final,rang_points_final,pts_uci_points_final,pts_uci_equipe_stage,pts_uci_equipe_total,pts_uci_gc,pts_uci_kom,pts_uci_points,stage_num,distance_gpx_km,asphalt_km,paved_km,cobblestones_km,unpaved_km,compacted_gravel_km,road_km,street_km,state_road_km,cycleway_km,off-grid_(unknown)_km,access_road_km,unknown_km,path_km,singletrack_km,denivele_pos,denivele_neg,altitude_max,altitude_min,n_cols_cat4,n_cols_cat3,n_cols_cat2,n_cols_cat1,n_cols_hc,loc_last_col_cat4,loc_last_col_cat3,loc_last_col_cat2,loc_last_col_cat1,loc_last_col_hc,gradient_last_1km,gradient_last_3km,gradient_last_5km,denivele_last_5km,gradient_first_50km,denivele_first_50km,leader_played,n_races_30d,km_30d,max_pts,cobblestones_last_50km,compacted_gravel_last_50km,cobblestones_last_20km,compacted_gravel_last_20km,cobblestones_last_10km,compacted_gravel_last_10km,pts_ratio,startlist_quality,avg_temperature,won_how,forme_equipe,stage_cluster,stage_cluster_label,is_team_leader
2018-04-28,2018,carpathia-couriers-paths,stage,1.0,Staki - Technorama,1,2.2U,FIN,33.0,0.0,7.0,3.0,,,,,0.0,3.0,3.0,0.0,0.0,1.0,147.25,146.0,0.98,0.0,0.0,0.0,91.9,1.56,53.2,0.465,0.0,0.176,0.275,0.0,0.0,806.0,938.0,342.0,121.0,1.0,1.0,0.0,0.0,0.0,0.6264,0.6264,0.0,0.0,0.0,0.2,0.23,0.2,54.0,-0.12,356.0,1.0,0,0.0,5.0,0.0,0.0,0.0,0.0,0.0,0.0,0.0,0.0,,-,,1.0,🟢  Plat/Sprint,1
2018-05-11,2018,szlakiem-grodow-piastowskich,stage,2.0,Staki - Technorama,1,2.2,FIN,18.0,0.0,70.0,0.0,,,,,0.0,0.0,0.0,0.0,0.0,2.0,,,,,,,,,,,,,,,,,,,,0.0,0.0,0.0,0.0,0.0,,,,,,,,,,,,1.0,1,147.25,,,,,,,,,1.0,,-,,,,0
2018-05-11,2018,szlakiem-grodow-piastowskich,stage,1.0,Staki - Technorama,1,2.2,FIN,97.0,0.0,70.0,0.0,,,,,0.0,0.0,0.0,0.0,0.0,1.0,,,,,,,,,,,,,,,,,,,,0.0,0.0,0.0,0.0,0.0,,,,,,,,,,,,1.0,1,147.25,,,,,,,,,1.0,,Time trial,,,,0
2018-05-12,2018,szlakiem-grodow-piastowskich,stage,3.0,Staki - Technorama,1,2.2,FIN,71.0,0.0,70.0,0.0,,,,,0.0,0.0,0.0,0.0,0.0,3.0,,,,,,,,,,,,,,,,,,,,0.0,0.0,0.0,0.0,0.0,,,,,,,,,,,,1.0,3,147.25,,,,,,,,,1.0,,-,,,,0
2018-05-13,2018,szlakiem-grodow-piastowskich,stage,4.0,Staki - Technorama,1,2.2,FIN,41.0,0.0,70.0,0.0,,,,,0.0,0.0,0.0,0.0,0.0,4.0,,,,,,,,,,,,,,,,,,,,0.0,0.0,0.0,0.0,0.0,,,,,,,,,,,,1.0,4,147.25,,,,,,,,,1.0,,-,,,,0
2018-05-25,2018,tour-of-estonia,stage,1.0,Staki - Technorama,1,2.1,FIN,12.0,0.0,29.0,0.0,,,,,0.0,0.0,0.0,0.0,0.0,1.0,199.21,197.0,1.91,0.0,0.0,0.0,191.0,3.39,4.56,0.206,0.0,0.0,0.0,0.22,0.0,656.0,659.0,112.0,35.0,0.0,0.0,0.0,0.0,0.0,0.0,0.0,0.0,0.0,0.0,0.1,-0.43,-0.1,85.0,0.06,159.0,1.0,5,147.25,14.0,0.0,0.0,0.0,0.0,0.0,0.0,0.0,20.0,,-,0.0,1.0,🟢  Plat/Sprint,1
2018-05-26,2018,tour-of-estonia,stage,2.0,Staki - Technorama,1,2.1,FIN,40.0,0.0,29.0,0.0,,,,,0.0,0.0,0.0,0.0,0.0,2.0,173.7,171.0,0.528,1.9,0.0,0.0,103.0,40.1,0.0,23.7,0.0,0.756,0.733,7.02,0.0,1156.0,1157.0,69.0,36.0,0.0,0.0,0.0,0.0,0.0,0.0,0.0,0.0,0.0,0.0,0.0,-0.5,-0.04,66.0,0.02,334.0,1.0,6,346.46000000000004,14.0,0.55,0.0,0.258,0.0,0.161,0.0,0.0,20.0,,-,0.0,1.0,🟢  Plat/Sprint,1
2018-06-01,2018,szlakiem-walk-majora-hubala,stage,1.0,Staki - Technorama,1,2.1,FIN,102.0,0.0,95.0,0.0,,,,,0.0,0.0,0.0,0.0,0.0,1.0,195.12,188.0,5.54,0.76,0.731,0.0,165.0,15.5,12.5,0.0,0.0,0.0,0.833,2.49,0.0,1305.0,1280.0,362.0,156.0,3.0,1.0,0.0,0.0,0.0,0.8697,0.3465,0.0,0.0,0.0,0.9,0.57,0.16,37.0,0.08,211.0,1.0,6,372.91,14.0,0.0,0.0,0.0,0.0,0.0,0.0,0.0,45.0,,-,0.0,1.0,🟢  Plat/Sprint,1
2018-06-02,2018,szlakiem-walk-majora-hubala,stage,3.0,Staki - Technorama,1,2.1,FIN,54.0,0.0,95.0,0.0,,,,,0.0,0.0,0.0,0.0,0.0,3.0,,,,,,,,,,,,,,,,,,,,0.0,0.0,0.0,0.0,0.0,,,,,,,,,,,,1.0,7,568.03,,,,,,,,,45.0,,Time trial,,,,0
2018-06-02,2018,szlakiem-walk-majora-hubala,stage,2.0,Staki - Technorama,1,2.1,FIN,29.0,0.0,95.0,0.0,,,,,0.0,0.0,0.0,0.0,0.0,2.0,126.25,119.0,5.12,0.0,0.664,0.126,119.0,4.47,0.743,0.0,0.225,0.0,1.12,1.91,0.0,1011.0,1046.0,412.0,184.0,2.0,1.0,0.0,0.0,0.0,0.7766,0.1451,0.0,0.0,0.0,0.3,-0.87,-0.64,140.0,-0.0,444.0,1.0,7,568.03,14.0,0.0,0.0,0.0,0.0,0.0,0.0,0.0,45.0,,-,0.0,1.0,🟢  Plat/Sprint,1
2018-06-03,2018,szlakiem-walk-majora-hubala,stage,4.0,Staki - Technorama,1,2.1,FIN,74.0,0.0,95.0,0.0,,,,,0.0,0.0,0.0,0.0,0.0,4.0,,,,,,,,,,,,,,,,,,,,0.0,0.0,0.0,0.0,0.0,,,,,,,,,,,,1.0,9,694.28,,,,,,,,,45.0,,-,,,,0
2018-06-22,2018,nc-lithuania-itt,result,,Staki - Technorama,0,NC,,,0.0,,,,,,,5.0,5.0,0.0,0.0,0.0,,,,,,,,,,,,,,,,,,,,,0.0,0.0,0.0,0.0,0.0,,,,,,,,,,,,0.0,6,694.28,,,,,,,,,3.0,,Time trial,,,,0
2018-06-24,2018,nc-lithuania,result,,Staki - Technorama,1,NC,FIN,7.0,20.0,,,,,,,24.0,24.0,0.0,0.0,0.0,,,,,,,,,,,,,,,,,,,,,0.0,0.0,0.0,0.0,0.0,,,,,,,,,,,,1.0,6,694.28,,,,,,,,,3.0,,-,,,,0
2018-07-04,2018,course-cycliste-de-solidarnosc,stage,2.0,Staki - Technorama,1,2.2,FIN,32.0,0.0,35.0,0.0,,,,,0.0,0.0,0.0,0.0,0.0,2.0,104.01,102.0,0.232,2.08,0.0,0.0,96.7,1.09,5.15,0.0,0.0,0.0,0.0,1.53,0.0,1184.0,1148.0,467.0,225.0,1.0,3.0,0.0,0.0,0.0,0.899,0.899,0.0,0.0,0.0,0.7,0.5,-0.4,66.0,0.16,527.0,1.0,1,0.0,7.0,1.424,0.0,1.232,0.0,0.343,0.0,0.0,15.0,,-,0.0,1.0,🟢  Plat/Sprint,1
2018-07-04,2018,course-cycliste-de-solidarnosc,stage,1.0,Staki - Technorama,1,2.2,FIN,29.0,0.0,35.0,0.0,,,,,0.0,0.0,0.0,0.0,0.0,1.0,91.78,86.6,3.11,1.24,0.0,0.0,48.8,4.27,34.3,2.6,0.0,0.0,1.18,2.22,0.0,727.0,823.0,421.0,211.0,0.0,2.0,0.0,0.0,0.0,0.7992,0.7992,0.0,0.0,0.0,0.0,0.0,0.02,68.0,-0.16,269.0,1.0,1,0.0,7.0,0.336,0.0,0.0,0.0,0.0,0.0,0.0,15.0,,-,0.0,1.0,🟢  Plat/Sprint,1
2018-07-05,2018,course-cycliste-de-solidarnosc,stage,3.0,Staki - Technorama,1,2.2,FIN,28.0,0.0,35.0,0.0,,,,,0.0,0.0,0.0,0.0,0.0,3.0,146.3,132.0,1.51,10.4,0.559,0.0,125.0,2.08,5.34,11.5,0.0,0.0,0.0,0.389,0.559,871.0,943.0,407.0,156.0,2.0,1.0,0.0,0.0,0.0,0.3714,0.2972,0.0,0.0,0.0,0.2,0.1,0.06,40.0,-0.0,563.0,1.0,3,195.79,7.0,10.645,0.0,10.645,0.0,7.708,0.0,0.0,15.0,,-,0.0,1.0,🟢  Plat/Sprint,1
2018-07-06,2018,course-cycliste-de-solidarnosc,stage,4.0,Staki - Technorama,1,2.2,FIN,37.0,0.0,35.0,0.0,,,,,0.0,0.0,0.0,0.0,0.0,4.0,197.35,191.0,3.56,2.28,0.0,0.0,136.0,7.53,49.2,1.45,0.358,0.0,1.1,3.54,0.0,1983.0,1978.0,644.0,209.0,5.0,1.0,1.0,0.0,0.0,0.9787,0.3129,0.0755,0.0,0.0,1.3,-0.63,0.16,86.0,0.22,787.0,1.0,4,342.09000000000003,7.0,0.542,0.0,0.542,0.0,0.542,0.0,0.0,15.0,,-,,2.0,⛰️  Moy. montagne,0
2018-07-07,2018,course-cycliste-de-solidarnosc,stage,5.0,Staki - Technorama,1,2.2,FIN,55.0,0.0,35.0,0.0,,,,,0.0,0.0,0.0,0.0,0.0,5.0,185.19,164.0,9.14,2.22,0.518,0.0,159.0,5.01,8.76,2.24,5.82,0.128,6.16,0.977,0.0,761.0,879.0,344.0,144.0,1.0,0.0,0.0,0.0,0.0,0.8618,0.0,0.0,0.0,0.0,0.4,0.07,0.06,38.0,-0.2,370.0,1.0,5,539.44,7.0,0.592,0.0,0.592,0.0,0.274,0.0,0.0,15.0,,-,0.0,1.0,🟢  Plat/Sprint,1
2018-08-18,2018,minsk-cup,result,,Staki - Technorama,1,1.2,FIN,9.0,3.0,,,,,,,3.0,3.0,0.0,0.0,0.0,,175.67,167.0,2.04,5.54,0.0,0.0,85.7,0.745,78.3,3.94,0.924,0.127,1.41,6.53,0.0,1019.0,1020.0,249.0,194.0,0.0,0.0,0.0,0.0,0.0,0.0,0.0,0.0,0.0,0.0,-0.1,-0.03,-0.14,147.0,0.06,308.0,1.0,0,0.0,40.0,3.448,0.0,3.448,0.0,3.448,0.0,0.075,18.0,,-,0.0,1.0,🟢  Plat/Sprint,1
2018-08-19,2018,grand-prix-minsk,result,,Staki - Technorama,1,1.2,FIN,22.0,0.0,,,,,,,0.0,0.0,0.0,0.0,0.0,,154.77,61.9,6.31,80.7,0.0,0.0,0.0,13.9,15.8,46.0,0.634,2.8,8.61,77.2,1.09,590.0,591.0,208.0,194.0,0.0,0.0,0.0,0.0,0.0,0.0,0.0,0.0,0.0,0.0,0.0,-0.03,-0.14,106.0,-0.0,199.0,1.0,1,175.67,40.0,26.179,0.0,10.937,0.0,5.367,0.0,0.0,21.0,,-,0.6,1.0,🟢  Plat/Sprint,1
2018-08-23,2018,baltic-chain-tour,prologue,,Staki - Technorama,1,2.2,FIN,37.0,0.0,75.0,0.0,,,,,0.0,0.0,0.0,0.0,0.0,,4.84,4.77,0.0,0.0,0.0,0.0,0.0,0.0,0.0,4.77,0.0,0.0,0.0,0.0,0.0,53.0,53.0,30.0,11.0,0.0,0.0,0.0,0.0,0.0,0.0,0.0,0.0,0.0,0.0,-1.6,0.0,0.0,53.0,0.0,53.0,1.0,2,330.44,7.0,0.0,0.0,0.0,0.0,0.0,0.0,0.0,,,,,0.0,⏱️  CLM,0
2018-08-24,2018,baltic-chain-tour,stage,1.0,Staki - Technorama,1,2.2,FIN,46.0,0.0,75.0,0.0,,,,,0.0,0.0,0.0,0.0,0.0,1.0,157.42,157.0,0.0,0.0,0.0,0.0,101.0,1.75,13.9,38.9,0.953,0.104,1.04,0.221,0.604,623.0,623.0,82.0,10.0,0.0,0.0,0.0,0.0,0.0,0.0,0.0,0.0,0.0,0.0,-1.6,-0.77,0.04,84.0,0.12,171.0,1.0,3,335.28,7.0,0.0,0.0,0.0,0.0,0.0,0.0,0.0,13.0,,-,0.6,1.0,🟢  Plat/Sprint,1
2018-08-25,2018,baltic-chain-tour,stage,2.0,Staki - Technorama,1,2.2,FIN,80.0,0.0,75.0,0.0,,,,,0.0,0.0,0.0,0.0,0.0,2.0,156.37,153.0,0.0,0.839,0.128,0.0,5.55,0.236,147.0,0.452,1.6,0.0,0.354,1.11,0.0,942.0,893.0,215.0,20.0,1.0,1.0,0.0,0.0,0.0,0.5585,0.2733,0.0,0.0,0.0,5.6,1.67,0.7,209.0,0.31,271.0,1.0,4,492.69999999999993,7.0,1.01,0.0,1.01,0.0,1.01,0.0,0.0,13.0,,-,0.6,1.0,🟢  Plat/Sprint,1
2018-08-26,2018,baltic-chain-tour,stage,3.0,Staki - Technorama,1,2.2,FIN,21.0,0.0,75.0,0.0,,,,,0.0,0.0,0.0,0.0,0.0,3.0,160.02,158.0,0.967,0.785,0.0,0.0,56.3,0.236,97.0,0.857,0.0,0.0,0.0,0.561,0.427,558.0,519.0,186.0,52.0,1.0,0.0,0.0,0.0,0.0,0.8433,0.0,0.0,0.0,0.0,-1.2,-2.3,-1.24,90.0,0.05,90.0,1.0,5,649.0699999999999,7.0,0.901,0.0,0.901,0.0,0.901,0.0,0.0,13.0,,-,0.6,1.0,🟢  Plat/Sprint,1
2018-09-06,2018,okolo-jiznich-cech,stage,2.0,Staki - Technorama,1,2.2,FIN,41.0,0.0,74.0,0.0,,,,,0.0,0.0,0.0,0.0,0.0,2.0,0.0,155.0,1.63,0.127,0.0,0.0,133.0,9.84,1.26,4.35,0.0,0.0,0.812,10.0,0.0,0.0,0.0,0.0,0.0,0.0,0.0,0.0,0.0,0.0,0.0,0.0,0.0,0.0,0.0,0.0,0.0,0.0,0.0,0.0,0.0,1.0,6,809.0899999999999,7.0,0.0,0.0,0.0,0.0,0.0,0.0,0.0,19.0,,-,0.6,1.0,🟢  Plat/Sprint,1
2018-09-07,2018,okolo-jiznich-cech,stage,3.0,Staki - Technorama,1,2.2,FIN,58.0,0.0,74.0,0.0,,,,,0.0,0.0,0.0,0.0,0.0,3.0,0.0,10.7,0.0,0.0,0.0,0.0,1.67,8.96,0.0,0.0,0.0,0.0,0.0,0.0,0.0,0.0,0.0,0.0,0.0,0.0,0.0,0.0,0.0,0.0,0.0,0.0,0.0,0.0,0.0,0.0,0.0,0.0,0.0,0.0,0.0,1.0,7,809.0899999999999,7.0,0.0,0.0,0.0,0.0,0.0,0.0,0.0,19.0,,Time trial,,3.0,🏔️  Haute montagne,0
2018-09-08,2018,okolo-jiznich-cech,stage,4.0,Staki - Technorama,1,2.2,FIN,97.0,0.0,74.0,0.0,,,,,0.0,0.0,0.0,0.0,0.0,4.0,0.0,172.0,1.61,2.48,0.0,0.0,169.0,4.3,1.31,0.507,0.0,0.0,0.0,0.876,0.0,0.0,0.0,0.0,0.0,0.0,0.0,0.0,0.0,0.0,0.0,0.0,0.0,0.0,0.0,0.0,0.0,0.0,0.0,0.0,0.0,1.0,8,809.0899999999999,7.0,0.0,0.0,0.0,0.0,0.0,0.0,0.0,19.0,,-,0.0,2.0,⛰️  Moy. montagne,0
2018-09-09,2018,okolo-jiznich-cech,stage,5.0,Staki - Technorama,1,2.2,FIN,64.0,0.0,74.0,0.0,,,,,0.0,0.0,0.0,0.0,0.0,5.0,0.0,139.0,7.62,1.02,0.0,0.0,130.0,15.0,0.368,0.0,0.53,0.0,1.23,3.54,0.0,0.0,0.0,0.0,0.0,0.0,0.0,0.0,0.0,0.0,0.0,0.0,0.0,0.0,0.0,0.0,0.0,0.0,0.0,0.0,0.0,1.0,9,809.0899999999999,7.0,0.0,0.0,0.0,0.0,0.0,0.0,0.0,19.0,,-,0.0,1.0,🟢  Plat/Sprint,1
2018-09-30,2018,international-azerbaijan-tour,stage,1.0,Staki - Technorama,1,2.1,FIN,13.0,0.0,3.0,70.0,,,,,0.0,70.0,70.0,0.0,0.0,1.0,149.07,66.8,0.182,0.0,0.454,0.0,3.91,1.4,63.1,0.0,81.2,0.0,82.1,0.0,0.0,364.0,565.0,1524.0,1270.0,1.0,0.0,0.0,0.0,0.0,0.7165,0.0,0.0,0.0,0.0,0.4,0.13,-0.04,245.0,-0.48,104.0,1.0,4,0.0,14.0,0.0,0.0,0.0,0.0,0.0,0.0,0.0,10.0,,-,0.0,1.0,🟢  Plat/Sprint,1
2018-10-01,2018,international-azerbaijan-tour,stage,2.0,Staki - Technorama,1,2.1,FIN,9.0,0.0,3.0,70.0,,,,,0.0,70.0,70.0,0.0,0.0,2.0,209.16,207.0,0.105,0.0,0.0,0.0,0.605,0.227,207.0,0.0,2.02,0.0,2.14,0.0,0.0,1316.0,1917.0,1847.0,722.0,0.0,2.0,1.0,0.0,0.0,0.9116,0.9116,0.3116,0.0,0.0,-0.8,-1.97,-1.14,362.0,0.78,492.0,1.0,5,149.07,14.0,0.0,0.0,0.0,0.0,0.0,0.0,0.0,10.0,,-,0.0,2.0,⛰️  Moy. montagne,0
2018-10-02,2018,international-azerbaijan-tour,stage,3.0,Staki - Technorama,1,2.1,FIN,26.0,0.0,3.0,70.0,,,,,0.0,70.0,70.0,0.0,0.0,3.0,147.37,133.0,0.0,0.0,0.0,0.0,2.51,0.0,130.0,0.0,15.2,0.0,15.0,0.0,0.0,1687.0,902.0,1786.0,829.0,1.0,2.0,0.0,0.0,1.0,0.9988,0.9988,0.4272,0.4272,0.4272,3.4,0.07,0.32,292.0,0.82,664.0,1.0,6,358.23,14.0,0.0,0.0,0.0,0.0,0.0,0.0,0.0,10.0,,-,0.0,2.0,⛰️  Moy. montagne,0
2018-10-03,2018,international-azerbaijan-tour,stage,4.0,Staki - Technorama,1,2.1,FIN,27.0,0.0,3.0,70.0,,,,,0.0,70.0,70.0,0.0,0.0,4.0,195.98,189.0,0.71,0.0,0.0,0.0,8.76,0.71,180.0,0.0,5.6,1.15,6.48,0.0,0.0,1652.0,1480.0,2097.0,1465.0,0.0,1.0,2.0,0.0,0.0,0.9992,0.9992,0.7972,0.0,0.0,2.8,2.5,2.46,292.0,0.52,693.0,1.0,7,505.6,14.0,0.0,0.0,0.0,0.0,0.0,0.0,0.0,10.0,,-,0.0,2.0,⛰️  Moy. montagne,0
2018-10-04,2018,international-azerbaijan-tour,stage,5.0,Staki - Technorama,1,2.1,FIN,12.0,0.0,3.0,70.0,,,,,0.0,70.0,70.0,0.0,0.0,5.0,198.79,194.0,0.0,3.04,0.0,0.0,5.0,0.0,192.0,0.0,1.19,0.0,1.29,0.371,0.0,1789.0,1473.0,2097.0,1461.0,0.0,1.0,2.0,0.0,0.0,0.9989,0.9989,0.6899,0.0,0.0,11.5,8.03,5.62,350.0,0.56,654.0,1.0,8,701.58,14.0,3.082,0.0,3.082,0.0,3.082,0.0,0.0,10.0,,-,0.0,3.0,🏔️  Haute montagne,0
2018-10-05,2018,international-azerbaijan-tour,stage,6.0,Staki - Technorama,1,2.1,FIN,24.0,0.0,3.0,70.0,,,,,0.0,70.0,70.0,0.0,0.0,6.0,92.73,90.8,0.0,0.0,0.0,0.0,1.15,0.0,89.6,0.0,1.63,0.0,1.51,0.0,0.0,1073.0,1073.0,1598.0,1480.0,8.0,0.0,0.0,0.0,0.0,0.9297,0.0,0.0,0.0,0.0,-0.1,-1.17,-1.8,202.0,0.17,609.0,1.0,9,900.37,14.0,0.0,0.0,0.0,0.0,0.0,0.0,0.0,10.0,,-,0.0,1.0,🟢  Plat/Sprint,1
2019-05-11,2019,minsk-cup,result,,,1,1.2,FIN,121.0,0.0,,,,,,,0.0,0.0,0.0,0.0,0.0,,175.67,167.0,2.04,5.54,0.0,0.0,85.7,0.745,78.3,3.94,0.924,0.127,1.41,6.53,0.0,1019.0,1020.0,249.0,194.0,0.0,0.0,0.0,0.0,0.0,0.0,0.0,0.0,0.0,0.0,-0.1,-0.03,-0.14,147.0,0.06,308.0,,0,0.0,40.0,3.448,0.0,3.448,0.0,3.448,0.0,0.0,19.0,,-,,,,0
2019-05-12,2019,grand-prix-minsk,result,,,1,1.2,FIN,7.0,5.0,,,,,,,0.0,0.0,0.0,0.0,0.0,,150.07,93.9,0.22,42.1,0.0,0.0,58.9,7.05,9.83,3.76,1.6,1.75,12.6,65.1,0.787,1037.0,1042.0,221.0,190.0,0.0,0.0,0.0,0.0,0.0,0.0,0.0,0.0,0.0,0.0,1.5,0.4,0.34,120.0,-0.05,338.0,,1,175.67,40.0,15.65,0.0,7.042,0.0,2.757,0.0,0.125,21.0,,-,,,,0
2019-05-23,2019,tour-of-estonia,prologue,,Lithuania,1,2.1,FIN,28.0,0.0,25.0,3.0,,,,,0.0,3.0,3.0,0.0,0.0,,3.62,2.93,0.301,0.0,0.0,0.191,0.0,1.32,0.0,0.785,0.0,0.249,0.0,1.19,0.0,41.0,38.0,47.0,6.0,0.0,0.0,0.0,0.0,0.0,0.0,0.0,0.0,0.0,0.0,-2.8,0.27,0.08,41.0,0.08,41.0,0.0,2,325.74,14.0,0.0,0.0,0.0,0.0,0.0,0.0,0.0,,,,1.0,0.0,⏱️  CLM,0
2019-05-24,2019,tour-of-estonia,stage,1.0,Lithuania,1,2.1,FIN,13.0,0.0,25.0,3.0,,,,,0.0,3.0,3.0,0.0,0.0,1.0,186.4,185.0,1.88,0.0,0.0,0.0,180.0,4.14,2.82,0.0,0.0,0.0,0.0,0.0,0.0,631.0,635.0,111.0,36.0,0.0,0.0,0.0,0.0,0.0,0.0,0.0,0.0,0.0,0.0,-0.1,-0.43,-0.12,81.0,0.08,184.0,0.0,3,329.36,14.0,0.0,0.0,0.0,0.0,0.0,0.0,0.0,21.0,,-,0.2,1.0,🟢  Plat/Sprint,0
2019-05-25,2019,tour-of-estonia,stage,2.0,Lithuania,1,2.1,FIN,8.0,0.0,25.0,3.0,,,,,0.0,3.0,3.0,0.0,0.0,2.0,173.7,171.0,0.528,1.9,0.0,0.0,103.0,40.1,0.0,23.7,0.0,0.756,0.733,7.02,0.0,1156.0,1157.0,69.0,36.0,0.0,0.0,0.0,0.0,0.0,0.0,0.0,0.0,0.0,0.0,0.0,-0.5,-0.04,66.0,0.02,334.0,0.0,4,515.76,14.0,0.55,0.0,0.258,0.0,0.161,0.0,0.0,21.0,,-,0.2,1.0,🟢  Plat/Sprint,0
2019-06-23,2019,european-games,result,,Lithuania,1,JC,FIN,91.0,0.0,,,,,,,5.0,5.0,0.0,0.0,0.0,,119.91,74.6,0.148,34.6,0.0,0.0,47.2,5.4,7.87,1.59,0.0,0.915,7.88,53.6,0.698,837.0,841.0,221.0,190.0,0.0,0.0,0.0,0.0,0.0,0.0,0.0,0.0,0.0,0.0,1.4,0.37,0.34,122.0,-0.05,339.0,0.0,2,360.1,250.0,15.685,0.0,6.99,0.0,2.743,0.0,0.0,104.0,,2.6 km solo,0.2,1.0,🟢  Plat/Sprint,0
2019-06-25,2019,european-games-itt,result,,Lithuania,0,JC,,,0.0,,,,,,,25.0,25.0,0.0,0.0,0.0,,28.44,25.3,0.108,3.65,0.0,0.0,0.583,2.25,20.6,2.11,0.0,0.0,0.138,3.55,0.0,186.0,189.0,217.0,196.0,0.0,0.0,0.0,0.0,0.0,0.0,0.0,0.0,0.0,0.0,0.6,-0.23,-0.12,122.0,-0.01,186.0,0.0,1,119.91,70.0,3.388,0.0,2.623,0.0,1.189,0.0,0.0,27.0,,Time trial,0.75,0.0,⏱️  CLM,0
2019-06-30,2019,nc-lithuania,result,,,1,NC,FIN,3.0,60.0,,,,,,,0.0,0.0,0.0,0.0,0.0,,,,,,,,,,,,,,,,,,,,,0.0,0.0,0.0,0.0,0.0,,,,,,,,,,,,,1,119.91,,,,,,,,,4.0,,-,,,,0
2019-07-02,2019,course-cycliste-de-solidarnosc,stage,1.0,,1,2.2,FIN,53.0,0.0,11.0,0.0,,,,,0.0,0.0,0.0,0.0,0.0,1.0,211.39,173.0,26.9,7.3,3.21,0.0,170.0,14.8,17.2,7.03,0.357,0.354,0.419,1.67,0.0,703.0,765.0,248.0,127.0,1.0,0.0,0.0,0.0,0.0,0.6115,0.0,0.0,0.0,0.0,0.2,0.07,0.02,188.0,0.06,227.0,,2,119.91,7.0,4.923,0.0,2.737,0.0,0.032,0.0,0.0,15.0,,Sprint of large group,,,,0
2019-07-03,2019,course-cycliste-de-solidarnosc,stage,2.0,,1,2.2,FIN,28.0,0.0,11.0,0.0,,,,,0.0,0.0,0.0,0.0,0.0,2.0,142.17,131.0,8.44,0.6,0.974,0.0,128.0,7.98,1.63,1.34,0.917,0.0,1.21,1.67,0.0,424.0,504.0,188.0,90.0,0.0,0.0,0.0,0.0,0.0,0.0,0.0,0.0,0.0,0.0,0.5,-0.47,0.08,255.0,-0.15,129.0,,3,331.29999999999995,7.0,0.194,0.076,0.194,0.0,0.194,0.0,0.0,15.0,,-,,,,0
2019-07-04,2019,course-cycliste-de-solidarnosc,stage,3.0,,1,2.2,FIN,41.0,0.0,11.0,0.0,,,,,0.0,0.0,0.0,0.0,0.0,3.0,168.7,155.0,6.15,0.363,0.186,0.0,140.0,4.25,15.3,1.32,2.65,0.112,3.17,0.923,0.111,872.0,977.0,429.0,152.0,1.0,1.0,0.0,0.0,0.0,0.5802,0.2008,0.0,0.0,0.0,0.2,-0.17,0.14,125.0,0.03,334.0,,4,473.4699999999999,7.0,0.0,0.0,0.0,0.0,0.0,0.0,0.0,15.0,,-,,,,0
2019-07-05,2019,course-cycliste-de-solidarnosc,stage,4.0,,1,2.2,FIN,34.0,0.0,11.0,0.0,,,,,0.0,0.0,0.0,0.0,0.0,4.0,171.1,151.0,2.6,8.9,2.13,0.0,90.2,19.1,36.3,17.7,2.68,0.0,3.04,2.88,0.0,732.0,846.0,299.0,134.0,0.0,0.0,0.0,0.0,0.0,0.0,0.0,0.0,0.0,0.0,-0.1,-0.03,-0.02,107.0,-0.22,263.0,,5,642.1699999999998,7.0,4.491,0.024,2.959,0.0,1.056,0.0,0.0,15.0,,-,,,,0
2019-07-06,2019,course-cycliste-de-solidarnosc,stage,5.0,,1,2.2,FIN,10.0,0.0,11.0,0.0,,,,,0.0,0.0,0.0,0.0,0.0,5.0,174.82,162.0,1.77,9.08,0.275,0.0,145.0,11.2,8.16,8.0,0.0,0.0,0.886,1.77,0.118,1401.0,1290.0,468.0,142.0,2.0,1.0,1.0,0.0,0.0,0.9337,0.7196,0.7196,0.0,0.0,1.1,0.33,-0.2,301.0,0.01,103.0,,6,813.2699999999999,7.0,1.269,0.0,1.269,0.0,0.452,0.0,0.0,15.0,,-,,,,0
2019-07-24,2019,dookola-mazowsza,prologue,,Lithuania,1,2.2,FIN,25.0,0.0,13.0,0.0,,,,,0.0,0.0,0.0,0.0,0.0,,2.24,2.22,0.0,0.0,0.0,0.0,0.0,2.22,0.0,0.0,0.0,0.0,0.0,0.0,0.0,0.0,1.0,101.0,100.0,0.0,0.0,0.0,0.0,0.0,0.0,0.0,0.0,0.0,0.0,0.0,-0.04,-0.04,0.0,-0.04,0.0,0.0,6,868.1800000000001,7.0,0.0,0.0,0.0,0.0,0.0,0.0,0.0,,,,5.6,0.0,⏱️  CLM,0
2019-07-25,2019,dookola-mazowsza,stage,1.0,Lithuania,1,2.2,FIN,21.0,0.0,13.0,0.0,,,,,0.0,0.0,0.0,0.0,0.0,1.0,168.34,150.0,0.0,18.8,0.0,0.0,150.0,0.0,0.0,18.8,0.0,0.0,0.0,0.0,0.0,212.0,212.0,94.0,81.0,0.0,0.0,0.0,0.0,0.0,0.0,0.0,0.0,0.0,0.0,-0.1,0.1,0.06,39.0,-0.0,63.0,0.0,7,870.4200000000001,7.0,7.107,0.0,2.411,0.0,2.411,0.0,0.0,22.0,,-,1.2,1.0,🟢  Plat/Sprint,0
2019-07-26,2019,dookola-mazowsza,stage,2.0,Lithuania,1,2.2,FIN,24.0,0.0,13.0,0.0,,,,,0.0,0.0,0.0,0.0,0.0,2.0,166.39,164.0,2.27,0.0,0.0,0.0,161.0,5.79,0.0,0.0,0.0,0.0,0.0,0.0,0.0,459.0,458.0,149.0,108.0,0.0,0.0,0.0,0.0,0.0,0.0,0.0,0.0,0.0,0.0,-0.3,-0.33,-0.56,51.0,0.06,151.0,0.0,8,1038.76,7.0,0.0,0.0,0.0,0.0,0.0,0.0,0.0,22.0,,-,1.0,1.0,🟢  Plat/Sprint,0
2019-07-27,2019,dookola-mazowsza,stage,3.0,Lithuania,1,2.2,FIN,12.0,0.0,13.0,0.0,,,,,0.0,0.0,0.0,0.0,0.0,3.0,166.11,149.0,15.2,0.198,0.191,0.0,85.0,11.4,68.0,0.0,0.732,0.0,0.732,0.198,0.191,562.0,563.0,167.0,112.0,0.0,0.0,0.0,0.0,0.0,0.0,0.0,0.0,0.0,0.0,0.1,0.03,-0.24,114.0,0.07,185.0,0.0,9,1205.15,7.0,0.0,0.0,0.0,0.0,0.0,0.0,0.0,22.0,,-,1.0,1.0,🟢  Plat/Sprint,0
2019-08-08,2019,uec-road-european-championships-itt,result,,Lithuania,0,CC,,,0.0,,,,,,,0.0,0.0,0.0,0.0,0.0,,22.52,19.0,2.81,0.123,0.0,0.0,9.04,0.286,0.0,3.28,0.668,0.0,0.668,0.0,0.0,22.0,23.0,2.0,-4.0,0.0,0.0,0.0,0.0,0.0,0.0,0.0,0.0,0.0,0.0,0.1,0.1,0.06,17.0,-0.0,22.0,1.0,4,503.08,70.0,0.0,0.0,0.0,0.0,0.0,0.0,0.0,78.0,,Time trial,5.6,0.0,⏱️  CLM,0
2019-08-11,2019,uec-road-european-championships-me,result,,Lithuania,0,CC,,,0.0,,,,,,,0.0,0.0,0.0,0.0,0.0,,182.3,52.4,12.8,50.31,0.0,0.0,3.62,23.4,0.0,54.4,2.15,0.0,2.15,4.78,0.0,779.98,779.98,8.0,0.0,0.0,0.0,0.0,0.0,0.0,0.0,0.0,0.0,0.0,0.0,0.0,0.0,0.0,95.0,0.0,421.19,1.0,4,503.08,250.0,26.41,0.0,12.06,0.0,6.01,0.0,0.0,480.0,,Sprint à deux,1.0,1.0,🟢  Plat/Sprint,0
2019-09-25,2019,world-championship-itt,result,,Lithuania,0,WC,,,0.0,,,,,,,0.0,0.0,0.0,0.0,0.0,,27.78,25.6,1.13,0.0,0.0,0.0,21.6,3.18,0.77,0.269,1.09,0.0,1.16,1.0,0.0,405.0,408.0,178.0,99.0,0.0,0.0,0.0,0.0,0.0,0.0,0.0,0.0,0.0,0.0,1.1,-0.27,-0.8,199.0,-0.01,405.0,0.0,0,0.0,350.0,0.0,0.0,0.0,0.0,0.0,0.0,0.0,261.0,,Time trial,5.0,0.0,⏱️  CLM,0
2019-09-29,2019,world-championship,result,,Lithuania,0,WC,,,0.0,,,,,,,0.0,0.0,0.0,0.0,0.0,,261.3,145.0,2.61,0.0,0.0,0.0,101.0,6.14,37.6,1.05,1.18,0.0,1.28,1.9,0.0,3469.51,3465.97,424.0,70.0,7.07,3.53,0.0,0.0,0.0,0.9326,0.653,0.0,0.0,0.0,1.0,-0.27,-0.76,198.0,0.21,1284.94,1.0,0,0.0,600.0,0.0,0.0,0.0,0.0,0.0,0.0,0.0,1505.0,,Sprint of small group,0.5,2.0,⛰️  Moy. montagne,0
2020-03-04,2020,trofej-umag,result,,Klaipeda Cycling Team,1,1.2,FIN,141.0,0.0,,,,,,,0.0,0.0,0.0,0.0,0.0,,151.53,150.0,1.14,0.0,0.0,0.0,124.0,2.47,24.7,0.0,0.0,0.0,0.0,0.0,0.0,1102.0,1104.0,93.0,1.0,8.0,0.0,0.0,0.0,0.0,0.9541,0.0,0.0,0.0,0.0,-0.5,-1.07,-1.0,241.0,0.13,400.0,1.0,0,0.0,40.0,0.0,0.0,0.0,0.0,0.0,0.0,0.0,17.0,,Sprint of small group,,1.0,🟢  Plat/Sprint,0
2020-03-08,2020,porec-trophy,result,,Klaipeda Cycling Team,1,1.2,FIN,108.0,0.0,,,,,,,0.0,0.0,0.0,0.0,0.0,,149.61,149.0,0.684,0.0,0.0,0.0,91.6,0.417,57.1,0.417,0.0,0.0,0.0,0.0,0.0,1587.0,1490.0,177.0,5.0,0.0,7.0,0.0,0.0,0.0,0.9239,0.9239,0.0,0.0,0.0,4.9,2.3,1.48,147.0,0.06,514.0,1.0,1,151.53,40.0,0.0,0.0,0.0,0.0,0.0,0.0,0.0,19.0,,Sprint of large group,,2.0,⛰️  Moy. montagne,0
2020-07-15,2020,dookola-mazowsza,stage,1.0,Klaipeda Cycling Team,0,2.2,,,0.0,,,,,,,0.0,0.0,0.0,0.0,0.0,1.0,168.34,150.0,0.0,18.8,0.0,0.0,150.0,0.0,0.0,18.8,0.0,0.0,0.0,0.0,0.0,212.0,212.0,94.0,81.0,0.0,0.0,0.0,0.0,0.0,0.0,0.0,0.0,0.0,0.0,-0.1,0.1,0.06,39.0,-0.0,63.0,0.0,0,0.0,0.0,7.107,0.0,2.411,0.0,2.411,0.0,,19.0,,-,0.0,1.0,🟢  Plat/Sprint,0
2020-07-16,2020,dookola-mazowsza,stage,2.0,Klaipeda Cycling Team,0,2.2,,,0.0,,,,,,,0.0,0.0,0.0,0.0,0.0,2.0,2.24,2.22,0.0,0.0,0.0,0.0,0.0,2.22,0.0,0.0,0.0,0.0,0.0,0.0,0.0,0.0,1.0,101.0,100.0,0.0,0.0,0.0,0.0,0.0,0.0,0.0,0.0,0.0,0.0,0.0,-0.04,-0.04,0.0,-0.04,0.0,1.0,0,0.0,7.0,0.0,0.0,0.0,0.0,0.0,0.0,0.0,19.0,,Time trial,0.0,1.0,🟢  Plat/Sprint,0
2020-07-17,2020,dookola-mazowsza,stage,3.0,Klaipeda Cycling Team,0,2.2,,,0.0,,,,,,,0.0,0.0,0.0,0.0,0.0,3.0,166.39,164.0,2.27,0.0,0.0,0.0,161.0,5.79,0.0,0.0,0.0,0.0,0.0,0.0,0.0,459.0,458.0,149.0,108.0,0.0,0.0,0.0,0.0,0.0,0.0,0.0,0.0,0.0,0.0,-0.3,-0.33,-0.56,51.0,0.06,151.0,1.0,0,0.0,7.0,0.0,0.0,0.0,0.0,0.0,0.0,0.0,19.0,,-,0.0,1.0,🟢  Plat/Sprint,0
2020-07-18,2020,dookola-mazowsza,stage,4.0,Klaipeda Cycling Team,0,2.2,,,0.0,,,,,,,0.0,0.0,0.0,0.0,0.0,4.0,166.11,149.0,15.2,0.198,0.191,0.0,85.0,11.4,68.0,0.0,0.732,0.0,0.732,0.198,0.191,562.0,563.0,167.0,112.0,0.0,0.0,0.0,0.0,0.0,0.0,0.0,0.0,0.0,0.0,0.1,0.03,-0.24,114.0,0.07,185.0,1.0,0,0.0,7.0,0.0,0.0,0.0,0.0,0.0,0.0,0.0,19.0,,-,0.0,1.0,🟢  Plat/Sprint,0
2020-07-19,2020,puchar-ministra-obrony-narodowej,result,,Klaipeda Cycling Team,0,1.2,,,0.0,,,,,,,0.0,0.0,0.0,0.0,0.0,,177.24,176.0,0.573,0.0,0.0,0.0,146.0,10.8,18.5,1.7,0.0,0.0,0.0,0.0,0.0,657.0,658.0,163.0,136.0,0.0,0.0,0.0,0.0,0.0,0.0,0.0,0.0,0.0,0.0,0.3,-0.03,-0.06,64.0,-0.0,188.0,1.0,0,0.0,40.0,0.0,0.0,0.0,0.0,0.0,0.0,0.0,13.0,,-,0.0,1.0,🟢  Plat/Sprint,0
2020-08-13,2020,baltic-chain-tour,stage,1.0,Lithuania,1,2.2,FIN,33.0,0.0,13.0,0.0,,,,,0.0,10.0,10.0,0.0,0.0,1.0,195.19,194.0,1.18,0.0,0.0,0.0,193.0,2.04,0.0,0.0,0.0,0.0,0.0,0.0,0.0,669.0,633.0,162.0,37.0,1.0,0.0,0.0,0.0,0.0,0.7141,0.0,0.0,0.0,0.0,0.4,0.1,-0.14,74.0,0.06,147.0,1.0,0,0.0,7.0,0.0,0.0,0.0,0.0,0.0,0.0,0.0,3.0,,-,1.0,1.0,🟢  Plat/Sprint,0
2020-08-14,2020,baltic-chain-tour,stage,2.0,Lithuania,1,2.2,FIN,13.0,0.0,13.0,0.0,,,,,0.0,10.0,10.0,0.0,0.0,2.0,173.61,167.0,5.83,0.0,0.422,0.0,156.0,5.4,8.65,3.88,0.0,0.0,0.0,0.0,0.0,1046.0,1032.0,200.0,33.0,0.0,1.0,0.0,0.0,0.0,0.5534,0.5534,0.0,0.0,0.0,0.4,0.2,-0.04,98.0,0.06,227.0,1.0,1,195.19,7.0,0.0,0.0,0.0,0.0,0.0,0.0,0.0,3.0,,-,0.0,1.0,🟢  Plat/Sprint,0
2020-08-15,2020,baltic-chain-tour,stage,3.0,Lithuania,1,2.2,FIN,8.0,0.0,13.0,0.0,,,,,0.0,10.0,10.0,0.0,0.0,3.0,174.55,174.0,0.0,0.155,0.0,0.473,2.18,0.0,172.0,0.153,0.0,0.0,0.0,0.0,0.0,749.0,742.0,114.0,35.0,0.0,0.0,0.0,0.0,0.0,0.0,0.0,0.0,0.0,0.0,0.8,0.27,0.04,122.0,0.04,222.0,1.0,2,368.8,7.0,0.0,0.0,0.0,0.0,0.0,0.0,0.0,3.0,,-,0.0,1.0,🟢  Plat/Sprint,0
2020-08-19,2020,nc-lithuania-itt,result,,,1,NC,FIN,3.0,20.0,,,,,,,0.0,0.0,0.0,0.0,0.0,,,,,,,,,,,,,,,,,,,,,0.0,0.0,0.0,0.0,0.0,,,,,,,,,,,,,3,543.35,,,,,,,,,4.0,,Time trial,,,,0
2020-08-21,2020,nc-lithuania,result,,,1,NC,FIN,2.0,75.0,,,,,,,0.0,0.0,0.0,0.0,0.0,,,,,,,,,,,,,,,,,,,,,0.0,0.0,0.0,0.0,0.0,,,,,,,,,,,,,4,543.35,,,,,,,,,4.0,,-,,,,0
2020-08-24,2020,uec-road-european-championships-itt,result,,Lithuania,0,CC,,,0.0,,,,,,,0.0,0.0,0.0,0.0,0.0,,25.69,25.2,0.383,0.0,0.0,0.0,25.6,0.0,0.0,0.0,0.0,0.0,0.0,0.0,0.0,312.0,313.0,151.0,47.0,0.0,0.0,0.0,0.0,0.0,0.0,0.0,0.0,0.0,0.0,-2.1,0.17,0.56,87.0,-0.0,312.0,0.0,5,543.35,70.0,0.0,0.0,0.0,0.0,0.0,0.0,0.0,74.0,,Time trial,5.0,0.0,⏱️  CLM,0
2020-08-26,2020,uec-road-european-championships-me,result,,Lithuania,1,CC,FIN,92.0,0.0,,,,,,,0.0,0.0,0.0,0.0,0.0,,178.46,132.0,47.2,0.0,0.0,0.0,175.0,3.6,0.0,0.0,0.0,0.0,0.0,0.0,0.0,2313.0,2314.0,153.0,47.0,12.0,0.0,0.0,0.0,0.0,0.9625,0.0,0.0,0.0,0.0,-2.3,0.53,0.5,81.0,-0.06,641.0,0.0,5,543.35,250.0,0.0,0.0,0.0,0.0,0.0,0.0,0.0,569.0,,Sprint of large group,0.3333333333333333,2.0,⛰️  Moy. montagne,0
2020-09-25,2020,world-championship-itt,result,,Lithuania,0,WC,,,0.0,,,,,,,0.0,0.0,0.0,0.0,0.0,,31.68,27.3,1.45,0.0,0.103,0.0,17.9,0.201,7.67,2.98,2.89,0.0,2.94,0.0,0.103,344.0,348.0,103.0,27.0,0.0,0.0,0.0,0.0,0.0,0.0,0.0,0.0,0.0,0.0,0.4,-0.6,-0.88,174.0,-0.01,344.0,0.0,1,178.46,350.0,0.0,0.0,0.0,0.0,0.0,0.0,0.0,236.0,,Time trial,5.0,0.0,⏱️  CLM,0
2020-09-27,2020,world-championship,result,,Lithuania,0,WC,,,0.0,,,,,,,0.0,0.0,0.0,0.0,0.0,,258.2,129.0,0.637,0.0,0.0,0.0,127.0,0.42,0.0,1.92,14.8,0.0,15.0,0.153,0.126,6231.17,6236.59,267.0,39.0,0.0,18.09,0.0,0.0,0.0,0.927,0.927,0.0,0.0,0.0,-0.2,-1.0,-1.74,424.0,0.21,2364.04,0.0,0,0.0,600.0,0.0,0.0,0.0,0.0,0.0,0.0,0.0,1222.0,,12 km solo,0.25,2.0,⛰️  Moy. montagne,0
2021-03-02,2021,gp-samyn,result,,Lviv Continental Cycling Team,0,1.1,,,0.0,,,,,,,0.0,0.0,0.0,0.0,0.0,,204.4,144.0,44.5,14.7,0.106,0.0,129.0,27.1,7.63,39.7,1.59,0.0,1.77,0.0,0.0,1427.0,1357.0,143.0,23.0,5.0,0.0,0.0,0.0,0.0,0.8837,0.0,0.0,0.0,0.0,0.8,1.3,0.92,130.0,0.08,327.0,1.0,0,0.0,125.0,7.287,0.0,2.017,0.0,1.035,0.0,0.0,294.0,,Sprint of large group,,1.0,🟢  Plat/Sprint,0
2021-03-07,2021,grote-prijs-jean-pierre-monsere,result,,Lviv Continental Cycling Team,0,1.1,,,0.0,,,,,,,3.0,3.0,0.0,0.0,0.0,,200.44,99.5,93.1,8.03,0.0,0.0,80.7,22.9,0.0,80.3,0.0,0.0,0.296,0.0,0.0,636.0,639.0,48.0,18.0,0.0,0.0,0.0,0.0,0.0,0.0,0.0,0.0,0.0,0.0,-0.1,-0.07,-0.14,31.0,-0.01,151.0,1.0,0,0.0,125.0,2.252,0.0,0.751,0.0,0.751,0.0,0.0,113.0,,Sprint of large group,0.0,1.0,🟢  Plat/Sprint,0
2021-05-13,2021,circuit-de-wallonie,result,,Lviv Continental Cycling Team,1,1.1,FIN,99.0,0.0,,,,,,,0.0,0.0,0.0,0.0,0.0,,195.3,165.0,23.2,3.42,0.0,0.0,99.5,9.37,54.3,29.1,3.15,0.0,3.39,0.0,0.0,2023.0,1978.0,266.0,57.0,6.0,1.0,0.0,0.0,0.0,0.9783,0.5661,0.0,0.0,0.0,2.0,0.87,-1.12,184.0,0.03,339.0,1.0,0,0.0,125.0,2.997,0.0,1.498,0.0,0.749,0.0,0.0,129.0,,Sprint of large group,,2.0,⛰️  Moy. montagne,0
2021-05-28,2021,tour-of-estonia,stage,1.0,Lithuania,1,2.1,FIN,30.0,0.0,27.0,0.0,,,,,0.0,23.0,23.0,0.0,0.0,1.0,185.96,183.0,2.33,0.293,0.0,0.0,178.0,3.97,1.26,2.57,0.345,0.0,0.443,0.238,0.0,461.0,440.0,109.0,36.0,0.0,0.0,0.0,0.0,0.0,0.0,0.0,0.0,0.0,0.0,2.7,0.77,0.42,179.0,0.08,129.0,1.0,1,195.3,14.0,0.0,0.0,0.0,0.0,0.0,0.0,0.0,25.0,,0.2 km solo,0.0,1.0,🟢  Plat/Sprint,0
2021-05-29,2021,tour-of-estonia,stage,2.0,Lithuania,1,2.1,FIN,26.0,0.0,27.0,0.0,,,,,0.0,23.0,23.0,0.0,0.0,2.0,164.15,127.0,19.9,12.8,0.0,0.0,69.8,76.5,0.0,9.19,3.89,0.0,4.54,5.14,0.0,975.0,979.0,71.0,35.0,0.0,0.0,0.0,0.0,0.0,0.0,0.0,0.0,0.0,0.0,2.9,0.9,0.62,231.0,-0.07,274.0,1.0,2,381.26,14.0,3.706,0.0,1.293,0.0,0.733,0.0,0.0,25.0,,Sprint of small group,0.0,1.0,🟢  Plat/Sprint,0
2021-06-05,2021,dwars-door-het-hageland,result,,Lviv Continental Cycling Team,0,1.Pro,,,0.0,,,,,,,0.0,0.0,0.0,0.0,0.0,,177.06,61.2,75.0,3.31,10.2,26.5,30.4,19.2,1.04,66.9,0.812,0.0,0.998,37.5,0.106,1056.0,1018.0,71.0,9.0,0.0,0.0,0.0,0.0,0.0,0.0,0.0,0.0,0.0,0.0,2.9,0.33,0.6,80.0,0.03,225.0,0.0,3,545.41,200.0,2.268,11.462,0.687,5.51,0.687,3.856,0.0,170.0,,Sprint of small group,1.5,1.0,🟢  Plat/Sprint,0
2021-06-17,2021,nc-lithuania-itt,result,,Lviv Continental Cycling Team,1,NC,FIN,3.0,20.0,,,,,,,35.0,35.0,0.0,0.0,0.0,,,,,,,,,,,,,,,,,,,,,0.0,0.0,0.0,0.0,0.0,,,,,,,,,,,,0.0,2,350.11,,,,,,,,,2.0,,Time trial,,,,0
2021-06-18,2021,nc-portugal,result,,Lviv Continental Cycling Team,0,NC,,,0.0,,,,,,,0.0,0.0,0.0,0.0,0.0,,,,,,,,,,,,,,,,,,,,,0.0,0.0,0.0,0.0,0.0,,,,,,,,,,,,0.0,3,350.11,,,,,,,,,50.0,,Time trial,,,,0
2021-06-20,2021,nc-ukraine,result,,Lviv Continental Cycling Team,0,NC,,,0.0,,,,,,,3.0,3.0,0.0,0.0,0.0,,,,,,,,,,,,,,,,,,,,,0.0,0.0,0.0,0.0,0.0,,,,,,,,,,,,0.0,3,350.11,,,,,,,,,7.0,,? km solo,,,,0
2021-06-20,2021,nc-luxembourg,result,,Lviv Continental Cycling Team,0,NC,,,0.0,,,,,,,0.0,0.0,0.0,0.0,0.0,,145.04,126.0,19.8,0.0,0.0,0.0,94.8,0.0,32.3,0.0,0.0,0.0,0.0,18.7,0.0,2470.0,2472.0,500.0,325.0,0.0,8.0,0.0,0.0,0.0,0.9638,0.9638,0.0,0.0,0.0,6.0,0.43,-0.18,235.0,0.0,859.0,0.0,3,350.11,100.0,0.0,0.0,0.0,0.0,0.0,0.0,0.0,10.0,,-,0.0,2.0,⛰️  Moy. montagne,0
2021-06-20,2021,nc-lithuania,result,,Lviv Continental Cycling Team,1,NC,FIN,7.0,20.0,,,,,,,80.0,80.0,0.0,0.0,0.0,,,,,,,,,,,,,,,,,,,,,0.0,0.0,0.0,0.0,0.0,,,,,,,,,,,,1.0,3,350.11,,,,,,,,,2.0,,-,,,,0
2021-06-20,2021,nc-germany,result,,Lviv Continental Cycling Team,0,NC,,,0.0,,,,,,,0.0,0.0,0.0,0.0,0.0,,185.38,186.0,0.0,0.0,0.0,0.0,165.0,21.1,0.0,0.0,0.0,0.0,0.0,0.0,0.0,3312.0,3200.0,483.0,330.0,26.0,0.0,0.0,0.0,0.0,0.9991,0.0,0.0,0.0,0.0,1.0,2.53,1.58,79.0,0.22,911.0,0.0,3,350.11,100.0,0.0,0.0,0.0,0.0,0.0,0.0,0.0,120.0,,? km solo,0.0,2.0,⛰️  Moy. montagne,0
2021-06-20,2021,nc-portugal2,result,,Lviv Continental Cycling Team,0,NC,,,0.0,,,,,,,0.0,0.0,0.0,0.0,0.0,,,,,,,,,,,,,,,,,,,,,0.0,0.0,0.0,0.0,0.0,,,,,,,,,,,,0.0,3,350.11,,,,,,,,,71.0,,-,,,,0
2021-06-20,2021,nc-belgium,result,,Lviv Continental Cycling Team,0,NC,,,0.0,,,,,,,0.0,0.0,0.0,0.0,0.0,,220.25,119.0,90.4,6.18,1.42,0.0,72.9,28.2,0.0,102.0,3.29,0.0,3.29,0.0,0.0,551.0,549.0,58.0,7.0,0.0,0.0,0.0,0.0,0.0,0.0,0.0,0.0,0.0,0.0,-0.3,-0.13,-0.24,82.0,0.01,64.0,0.0,3,350.11,100.0,3.54,0.0,1.18,0.0,0.0,0.0,0.0,349.0,,Sprint of small group,1.0,1.0,🟢  Plat/Sprint,0
2021-07-18,2021,gp-de-la-ville-de-nogent-sur-oise,result,,Lviv Continental Cycling Team,1,1.2,FIN,54.0,0.0,,,,,,,0.0,0.0,0.0,0.0,0.0,,173.68,170.0,2.09,1.88,0.0,0.0,135.0,3.97,21.8,13.1,0.0,0.0,0.0,0.0,0.0,909.0,910.0,116.0,27.0,7.0,0.0,0.0,0.0,0.0,0.9703,0.0,0.0,0.0,0.0,0.3,-0.07,-0.06,209.0,0.01,265.0,1.0,1,0.0,40.0,0.17,0.0,0.085,0.0,0.085,0.0,0.0,8.0,,-,0.75,1.0,🟢  Plat/Sprint,0
2021-07-24,2021,olympic-games,result,,Lithuania,0,Olympics,,,0.0,,,,,,,0.0,0.0,0.0,0.0,0.0,,232.12,114.0,92.1,0.0,0.0,0.0,95.0,8.73,109.0,0.0,17.8,0.284,26.7,1.36,0.0,4541.0,4000.0,1449.0,35.0,8.0,0.0,1.0,1.0,1.0,0.9997,0.8586,0.8586,0.8586,0.6249,0.8,0.87,0.4,138.0,0.64,833.0,1.0,1,173.68,600.0,0.0,0.0,0.0,0.0,0.0,0.0,0.0,1176.0,,5.7 km solo,0.2,2.0,⛰️  Moy. montagne,0
2021-07-25,2021,prueba-villafranca,result,,Lviv Continental Cycling Team,0,1.1,,,0.0,,,,,,,0.0,0.0,0.0,0.0,0.0,,166.77,165.0,0.376,1.29,0.0,0.0,156.0,4.87,0.0,2.9,0.0,0.0,0.0,2.75,0.0,2391.0,2392.0,402.0,93.0,2.0,5.0,0.0,0.0,0.0,0.9376,0.9376,0.0,0.0,0.0,0.0,-0.7,-1.16,19.0,0.03,574.0,0.0,1,173.68,125.0,0.258,0.0,0.0,0.0,0.0,0.0,0.0,80.0,,Sprint of small group,0.0,2.0,⛰️  Moy. montagne,0
2021-07-31,2021,heist-op-den-berg,result,,Lviv Continental Cycling Team,1,1.1,DNF,,0.0,,,,,,,0.0,0.0,0.0,0.0,0.0,,192.42,91.9,90.9,7.13,0.449,0.242,7.54,27.1,0.825,131.0,1.98,0.0,2.12,0.614,0.164,552.0,567.0,43.0,3.0,0.0,0.0,0.0,0.0,0.0,0.0,0.0,0.0,0.0,0.0,-2.6,0.23,0.18,63.0,-0.02,68.0,1.0,1,173.68,125.0,2.22,0.0,1.11,0.0,0.655,0.0,0.0,106.0,,Sprint of small group,0.6,1.0,🟢  Plat/Sprint,0
2021-08-15,2021,gp-jef-scherens,result,,Lviv Continental Cycling Team,0,1.1,,,0.0,,,,,,,0.0,0.0,0.0,0.0,0.0,,190.62,149.0,28.8,8.6,0.21,0.0,32.8,80.4,5.6,39.8,4.64,0.64,4.64,4.88,0.123,1657.0,1646.0,59.0,16.0,0.0,0.0,0.0,0.0,0.0,0.0,0.0,0.0,0.0,0.0,-0.6,-0.43,0.1,96.0,0.05,459.0,1.0,2,366.1,125.0,2.288,0.0,0.841,0.0,0.282,0.0,0.0,115.0,,Sprint of large group,0.6,1.0,🟢  Plat/Sprint,0
2021-08-17,2021,gp-stad-zottegem,result,,Lviv Continental Cycling Team,0,1.1,,,0.0,,,,,,,0.0,0.0,0.0,0.0,0.0,,,,,,,,,,,,,,,,,,,,,0.0,0.0,0.0,0.0,0.0,,,,,,,,,,,,1.0,2,366.1,,,,,,,,,91.0,,Sprint of large group,,,,0
2021-08-20,2021,baltic-chain-tour,stage,1.0,Lithuania,1,2.2,FIN,20.0,0.0,41.0,0.0,,,,,0.0,16.0,15.0,0.0,0.0,1.0,163.99,160.0,4.23,0.0,0.0,0.0,146.0,0.305,0.0,17.2,0.0,0.0,0.0,0.533,0.0,610.0,636.0,67.0,7.0,0.0,0.0,0.0,0.0,0.0,0.0,0.0,0.0,0.0,0.0,0.0,-0.8,-0.28,70.0,0.02,138.0,1.0,1,192.42,7.0,0.0,0.0,0.0,0.0,0.0,0.0,0.0,19.0,,Sprint of large group,0.0,1.0,🟢  Plat/Sprint,0
2021-08-20,2021,grote-prijs-marcel-kint,result,,Lviv Continental Cycling Team,0,1.1,,,0.0,,,,,,,0.0,0.0,0.0,0.0,0.0,,195.94,138.0,49.7,8.46,0.0,0.0,59.7,20.6,1.41,105.0,0.0,0.0,8.98,0.0,0.0,1173.0,1171.0,90.0,11.0,0.0,0.0,0.0,0.0,0.0,0.0,0.0,0.0,0.0,0.0,0.1,-0.13,-0.12,46.0,-0.01,306.0,0.0,1,192.42,125.0,1.082,0.0,0.293,0.0,0.293,0.0,0.0,170.0,,Sprint of small group,0.0,1.0,🟢  Plat/Sprint,0
2021-08-21,2021,baltic-chain-tour,stage,2.0,Lithuania,1,2.2,FIN,58.0,0.0,41.0,0.0,,,,,1.0,16.0,15.0,0.0,0.0,2.0,163.15,137.0,11.3,0.0,12.8,1.33,163.0,0.0,0.0,0.0,0.0,0.0,0.0,0.0,0.0,797.0,789.0,121.0,33.0,2.0,0.0,0.0,0.0,0.0,0.7818,0.0,0.0,0.0,0.0,1.0,-0.37,-0.48,78.0,0.03,208.0,1.0,2,356.40999999999997,7.0,0.0,0.784,0.0,0.0,0.0,0.0,0.0,19.0,,Sprint of large group,0.0,1.0,🟢  Plat/Sprint,0
2021-08-22,2021,baltic-chain-tour,stage,3.0,Lithuania,1,2.2,FIN,11.0,0.0,41.0,0.0,,,,,0.0,16.0,15.0,0.0,0.0,3.0,166.52,165.0,0.181,1.01,0.139,0.0,2.08,1.34,163.0,0.0,0.0,0.0,0.0,0.362,0.0,594.0,590.0,106.0,42.0,0.0,0.0,0.0,0.0,0.0,0.0,0.0,0.0,0.0,0.0,1.3,0.27,0.0,86.0,-0.01,212.0,1.0,3,519.56,7.0,0.0,0.0,0.0,0.0,0.0,0.0,0.0,19.0,,? km solo,0.2,1.0,🟢  Plat/Sprint,0
2021-08-29,2021,gp-de-la-somme,result,,Lviv Continental Cycling Team,0,1.2,,,0.0,,,,,,,0.0,0.0,0.0,0.0,0.0,,178.77,168.0,11.1,0.0,0.0,0.0,173.0,6.15,0.0,0.0,0.0,0.0,0.0,0.0,0.0,1843.0,1810.0,191.0,36.0,4.0,0.0,0.0,0.0,0.0,0.347,0.0,0.0,0.0,0.0,1.0,0.97,0.3,84.0,0.29,707.0,0.0,4,686.0799999999999,40.0,0.0,0.0,0.0,0.0,0.0,0.0,0.0,7.0,,-,0.0,1.0,🟢  Plat/Sprint,0
2021-08-29,2021,ronde-van-de-achterhoek,result,,Lviv Continental Cycling Team,1,1.2,DNS,,0.0,,,,,,,0.0,0.0,0.0,0.0,0.0,,204.73,140.0,24.7,16.4,6.26,13.0,111.0,10.3,10.4,37.3,4.8,0.0,6.8,20.1,0.642,485.0,502.0,77.0,8.0,0.0,0.0,0.0,0.0,0.0,0.0,0.0,0.0,0.0,0.0,0.0,0.03,-0.02,6.0,-0.03,95.0,0.0,4,686.0799999999999,40.0,4.096,0.0,2.723,0.0,1.362,0.0,0.0,9.0,16.0,Sprint of small group,0.0,1.0,🟢  Plat/Sprint,0
2021-09-09,2021,uec-road-european-championships-itt,result,,Lithuania,1,CC,FIN,36.0,0.0,,,,,,,0.0,0.0,0.0,0.0,0.0,,22.37,21.3,0.0,0.271,0.0,0.0,20.9,0.0,0.0,0.489,0.883,0.0,0.883,0.232,0.0,50.0,50.0,210.0,185.0,0.0,0.0,0.0,0.0,0.0,0.0,0.0,0.0,0.0,0.0,0.0,-0.23,-0.42,50.0,0.0,50.0,1.0,4,698.39,70.0,0.0,0.0,0.0,0.0,0.0,0.0,0.0,257.0,,Time trial,0.0,0.0,⏱️  CLM,0
2021-09-12,2021,antwerp-port-epic,result,,Lviv Continental Cycling Team,0,1.1,,,0.0,,,,,,,0.0,0.0,0.0,0.0,0.0,,182.08,77.1,36.6,26.0,27.3,0.697,63.4,11.3,3.39,32.5,14.6,0.241,15.0,23.9,4.13,167.4,168.0,8.2,-4.0,0.0,0.0,0.0,0.0,0.0,0.0,0.0,0.0,0.0,0.0,-0.26,-0.02,-0.01,3.0,-0.0,55.8,0.0,5,720.76,125.0,0.0,0.0,0.0,0.0,0.0,0.0,0.0,174.0,20.0,Sprint à deux,0.0,1.0,🟢  Plat/Sprint,0
2021-09-12,2021,uec-road-european-championships-me,result,,Lithuania,1,CC,DNF,,0.0,,,,,,,0.0,0.0,0.0,0.0,0.0,,175.7,78.5,0.28,7.8,0.0,0.0,70.7,3.13,0.0,8.25,0.671,0.0,0.671,0.341,0.0,2566.64,2566.64,378.0,189.0,0.0,12.65,0.0,0.0,0.0,0.9073,0.9073,0.0,0.0,0.0,0.3,-0.07,-0.94,215.0,0.25,1687.19,1.0,5,720.76,250.0,3.36,0.0,1.12,0.0,0.01,0.0,0.0,703.0,27.0,Sprint à deux,0.0,2.0,⛰️  Moy. montagne,0
2021-09-19,2021,world-championship-itt,result,,Lithuania,1,WC,FIN,42.0,0.0,,,,,,,0.0,0.0,0.0,0.0,0.0,,43.27,35.3,5.76,1.88,0.0,0.0,19.1,2.2,0.2,16.6,0.0,0.0,0.634,1.17,0.0,22.0,21.0,8.0,0.0,0.0,0.0,0.0,0.0,0.0,0.0,0.0,0.0,0.0,0.0,0.4,0.13,0.1,12.0,0.0,22.0,0.0,6,804.0699999999999,350.0,1.858,0.007,0.516,0.007,0.339,0.0,0.0,346.0,,Time trial,0.0,0.0,⏱️  CLM,0
2021-09-26,2021,world-championship,result,,Lithuania,0,WC,,,0.0,,,,,,,0.0,0.0,0.0,0.0,0.0,,268.3,88.1,55.0,21.31,0.503,0.0,36.9,28.7,2.56,63.1,5.56,0.309,6.05,2.85,0.228,1821.07,1762.81,107.0,-5.0,1.66,0.0,0.0,0.0,0.0,0.5974,0.0,0.0,0.0,0.0,0.7,0.63,-0.36,104.0,0.01,138.16,1.0,4,353.67999999999995,600.0,4.15,0.0,1.85,0.0,0.47,0.0,0.0,1357.0,21.0,17.4 km solo,0.2,1.0,🟢  Plat/Sprint,0
2021-10-17,2021,ncgreat-britain,result,,Lviv Continental Cycling Team,0,NC,,,0.0,,,,,,,0.0,0.0,0.0,0.0,0.0,,,,,,,,,,,,,,,,,,,,,0.0,0.0,0.0,0.0,0.0,,,,,,,,,,,,0.0,1,43.27,,,,,,,,,102.0,,-,,,,0
2022-03-05,2022,grand-prix-gazipasa,result,,Lithuania,0,1.2,,,0.0,,,,,,,3.0,3.0,0.0,0.0,0.0,,124.45,124.0,0.802,0.0,0.0,0.0,43.7,0.0,80.8,0.0,0.0,0.0,0.0,0.0,0.0,2366.0,2375.0,257.0,1.0,0.0,4.0,0.0,0.0,0.0,0.8242,0.8242,0.0,0.0,0.0,0.0,-0.93,-0.28,221.0,0.12,750.0,1.0,0,0.0,40.0,0.0,0.0,0.0,0.0,0.0,0.0,0.0,17.0,,-,0.0,2.0,⛰️  Moy. montagne,0
2022-03-06,2022,grand-prix-mediterrennean,result,,Lithuania,0,1.2,,,0.0,,,,,,,0.0,0.0,0.0,0.0,0.0,,74.65,73.1,0.773,0.675,0.0,0.0,54.5,0.547,19.3,0.0,0.0,0.0,0.0,0.293,0.0,2171.0,1292.0,1034.0,0.0,1.0,0.0,0.0,0.0,1.0,0.9985,0.9076,0.9076,0.9076,0.9076,5.3,-1.3,-1.48,381.0,1.04,1156.0,1.0,0,0.0,40.0,0.0,0.0,0.0,0.0,0.0,0.0,0.0,17.0,,-,0.6,2.0,⛰️  Moy. montagne,0
2022-03-19,2022,grand-prix-manavgat-side,result,,Lithuania,0,1.2,,,0.0,,,,,,,35.0,35.0,0.0,0.0,0.0,,145.43,144.0,0.0,0.948,0.0,0.0,9.21,0.0,135.0,0.0,0.0,0.0,0.179,1.05,0.0,555.0,570.0,33.0,-4.0,0.0,0.0,0.0,0.0,0.0,0.0,0.0,0.0,0.0,0.0,-0.3,-0.23,-0.16,59.0,0.01,201.0,1.0,0,0.0,40.0,0.4,0.0,0.0,0.0,0.0,0.0,0.0,16.0,,-,0.2,1.0,🟢  Plat/Sprint,0
2022-03-20,2022,grand-prix-gundogmus-me,result,,Lithuania,0,1.2,,,0.0,,,,,,,0.0,0.0,0.0,0.0,0.0,,111.36,109.0,0.284,0.469,0.0,0.0,23.9,0.423,85.0,0.0,1.41,0.0,1.48,0.53,0.0,2005.0,1177.0,865.0,0.0,0.0,1.0,0.0,0.0,1.0,0.9859,0.9859,0.9859,0.9859,0.9859,0.3,2.9,4.84,242.0,-0.05,395.0,1.0,0,0.0,40.0,0.0,0.0,0.0,0.0,0.0,0.0,0.0,17.0,,-,,3.0,🏔️  Haute montagne,0
2022-04-29,2022,grand-prix-nasielsk-serock,result,,Kaunas Cycling Team,1,1.2,FIN,12.0,0.0,,,,,,,0.0,0.0,0.0,0.0,0.0,,141.57,130.0,9.39,0.719,1.58,0.0,121.0,14.7,4.29,1.3,0.0,0.0,0.251,0.116,0.0,542.0,513.0,123.0,77.0,0.0,0.0,0.0,0.0,0.0,0.0,0.0,0.0,0.0,0.0,-0.6,-0.1,0.12,79.0,0.07,213.0,1.0,0,0.0,40.0,0.061,0.618,0.061,0.0,0.061,0.0,0.0,23.0,15.0,-,,1.0,🟢  Plat/Sprint,0
2022-04-30,2022,grand-prix-wyszkow,result,,Kaunas Cycling Team,1,1.2,FIN,23.0,0.0,,,,,,,0.0,0.0,0.0,0.0,0.0,,168.07,165.0,1.19,0.597,1.78,0.0,153.0,3.64,0.0,9.99,0.0,0.0,0.0,1.85,0.0,565.0,565.0,123.0,84.0,0.0,0.0,0.0,0.0,0.0,0.0,0.0,0.0,0.0,0.0,0.4,0.3,0.22,32.0,0.01,186.0,1.0,1,141.57,40.0,0.0,0.68,0.0,0.0,0.0,0.0,0.0,21.0,17.0,-,0.0,1.0,🟢  Plat/Sprint,0
2022-05-07,2022,hadeland-gp,result,,Kaunas Cycling Team,1,1.2,FIN,20.0,0.0,,,,,,,0.0,0.0,0.0,0.0,0.0,,168.9,163.0,3.64,0.0,0.0,0.0,68.4,4.85,90.9,2.62,2.66,0.0,3.08,0.0,0.0,2629.0,2314.0,398.0,47.0,4.0,3.0,1.0,0.0,0.0,0.9981,0.9981,0.9981,0.0,0.0,4.8,6.47,6.38,402.0,0.01,565.0,1.0,2,309.64,40.0,0.0,0.0,0.0,0.0,0.0,0.0,0.0,7.0,15.0,-,,3.0,🏔️  Haute montagne,0
2022-05-08,2022,ringerike-gp,result,,Kaunas Cycling Team,1,1.2,FIN,44.0,0.0,,,,,,,0.0,0.0,0.0,0.0,0.0,,165.73,155.0,8.78,1.25,0.0,0.0,109.0,4.71,44.6,6.03,0.0,0.0,0.378,1.34,0.0,2090.0,2091.0,314.0,65.0,7.0,1.0,0.0,0.0,0.0,0.978,0.6623,0.0,0.0,0.0,-0.5,-1.1,-2.26,266.0,0.03,636.0,1.0,3,478.54,40.0,0.794,0.0,0.366,0.0,0.153,0.0,0.0,6.0,13.0,Sprint of small group,,2.0,⛰️  Moy. montagne,0
2022-05-21,2022,gp-herning,result,,Kaunas Cycling Team,1,1.2,FIN,19.0,0.0,,,,,,,0.0,0.0,0.0,0.0,0.0,,180.4,152.0,2.19,0.297,21.5,3.44,141.0,9.16,2.81,9.65,0.0,0.0,1.55,7.73,0.983,621.0,618.0,90.0,17.0,0.0,0.0,0.0,0.0,0.0,0.0,0.0,0.0,0.0,0.0,0.9,0.33,0.18,79.0,-0.04,175.0,1.0,4,644.27,40.0,0.0,0.0,0.0,0.0,0.0,0.0,0.0,40.0,14.0,Sprint à deux,0.0,1.0,🟢  Plat/Sprint,0
2022-05-22,2022,albani-classic-fyen-rundt,result,,Kaunas Cycling Team,1,1.2,FIN,25.0,0.0,,,,,,,0.0,0.0,0.0,0.0,0.0,,188.79,174.0,13.9,0.674,0.0,0.0,153.0,3.38,0.0,25.9,0.0,0.0,0.229,0.0,0.0,1432.0,1450.0,112.0,1.0,3.0,0.0,0.0,0.0,0.0,0.5655,0.0,0.0,0.0,0.0,-1.5,-0.5,-0.2,137.0,0.0,297.0,1.0,5,824.67,40.0,0.591,0.0,0.443,0.0,0.295,0.0,0.0,36.0,16.0,Sprint of small group,0.0,1.0,🟢  Plat/Sprint,0
2022-05-26,2022,tour-of-estonia,prologue,,Lithuania,1,2.1,FIN,39.0,0.0,11.0,15.0,,,,,0.0,145.0,140.0,0.0,0.0,,3.7,2.57,0.445,0.0,0.0,0.191,0.0,1.23,0.0,0.785,0.222,0.249,0.229,0.974,0.0,39.0,38.0,46.0,7.0,0.0,0.0,0.0,0.0,0.0,0.0,0.0,0.0,0.0,0.0,-2.5,0.47,0.03,39.0,0.03,39.0,1.0,6,1013.46,14.0,0.0,0.0,0.0,0.0,0.0,0.0,0.0,,,,0.0,0.0,⏱️  CLM,0
2022-05-27,2022,tour-of-estonia,stage,1.0,Lithuania,1,2.1,FIN,12.0,0.0,11.0,15.0,,,,,0.0,145.0,140.0,0.0,0.0,1.0,192.53,189.0,1.88,0.325,0.981,0.0,186.0,4.48,2.09,0.0,0.319,0.0,0.371,0.0,0.0,733.0,706.0,114.0,36.0,0.0,0.0,0.0,0.0,0.0,0.0,0.0,0.0,0.0,0.0,3.2,0.67,0.5,96.0,0.07,183.0,1.0,7,1017.16,14.0,0.0,0.0,0.0,0.0,0.0,0.0,0.0,41.0,10.0,Sprint of small group,7.2,1.0,🟢  Plat/Sprint,0
2022-05-28,2022,tour-of-estonia,stage,2.0,Lithuania,1,2.1,FIN,8.0,0.0,11.0,15.0,,,,,5.0,145.0,140.0,0.0,0.0,2.0,164.15,127.0,19.9,12.8,0.0,0.0,69.8,76.5,0.0,9.19,3.89,0.0,4.54,5.14,0.0,975.0,979.0,71.0,35.0,0.0,0.0,0.0,0.0,0.0,0.0,0.0,0.0,0.0,0.0,2.9,0.9,0.62,231.0,-0.07,274.0,1.0,8,1209.69,14.0,3.706,0.0,1.293,0.0,0.733,0.0,0.0,41.0,11.0,Sprint à deux,7.2,1.0,🟢  Plat/Sprint,0
2022-06-05,2022,memorial-philippe-van-coningsloo,result,,Kaunas Cycling Team,0,1.2,,,0.0,,,,,,,0.0,0.0,0.0,0.0,0.0,,175.99,85.7,82.8,7.78,0.0,0.0,36.6,38.0,1.31,95.0,0.0,0.0,0.112,0.0,0.0,931.0,972.0,104.0,3.0,0.0,0.0,0.0,0.0,0.0,0.0,0.0,0.0,0.0,0.0,-0.1,-0.1,-0.02,25.0,-0.0,602.0,0.0,7,1064.2,40.0,4.946,0.0,2.447,0.0,1.237,0.0,0.0,4.0,17.0,Sprint of small group,0.0,1.0,🟢  Plat/Sprint,0
2022-06-10,2022,tour-d-eure-et-loir,stage,1.0,Kaunas Cycling Team,0,2.2,,,0.0,,,,,,,0.0,0.0,0.0,0.0,0.0,1.0,161.12,158.0,3.33,0.0,0.0,0.0,154.0,0.721,5.98,0.873,0.0,0.0,0.0,0.0,0.0,855.0,933.0,279.0,99.0,1.0,0.0,0.0,0.0,0.0,0.0532,0.0,0.0,0.0,0.0,3.6,0.97,0.64,61.0,-0.12,275.0,0.0,5,729.5699999999999,7.0,0.0,0.0,0.0,0.0,0.0,0.0,0.0,12.0,22.0,-,0.0,1.0,🟢  Plat/Sprint,0
2022-06-11,2022,tour-d-eure-et-loir,stage,2.0,Kaunas Cycling Team,0,2.2,,,0.0,,,,,,,0.0,0.0,0.0,0.0,0.0,2.0,190.64,184.0,6.7,0.0,0.0,0.0,185.0,1.21,4.35,0.0,0.248,0.0,0.248,0.0,0.0,1543.0,1436.0,269.0,96.0,4.0,1.0,0.0,0.0,0.0,0.9741,0.5453,0.0,0.0,0.0,0.4,0.37,-0.02,50.0,0.21,356.0,0.0,5,729.5699999999999,7.0,0.0,0.0,0.0,0.0,0.0,0.0,0.0,12.0,23.0,Sprint of large group,0.0,1.0,🟢  Plat/Sprint,0
2022-06-12,2022,tour-d-eure-et-loir,stage,3.0,Kaunas Cycling Team,0,2.2,,,0.0,,,,,,,0.0,0.0,0.0,0.0,0.0,3.0,184.2,175.0,6.82,0.235,2.0,0.0,157.0,4.21,19.0,2.22,0.212,0.0,0.212,2.0,0.0,1144.0,1113.0,204.0,82.0,1.0,0.0,0.0,0.0,0.0,0.3716,0.0,0.0,0.0,0.0,1.9,1.03,0.02,44.0,0.08,244.0,0.0,5,729.5699999999999,7.0,0.0,0.0,0.0,0.0,0.0,0.0,0.0,12.0,21.0,Sprint of large group,0.0,1.0,🟢  Plat/Sprint,0
2022-06-22,2022,nc-lithuania-itt,result,,Kaunas Cycling Team,1,NC,FIN,3.0,20.0,,,,,,,30.0,30.0,0.0,0.0,0.0,,,,,,,,,,,,,,,,,,,,,0.0,0.0,0.0,0.0,0.0,,,,,,,,,,,,1.0,3,360.38,,,,,,,,,2.0,,Time trial,,,,0
2022-06-26,2022,nc-lithuania,result,,Kaunas Cycling Team,1,NC,FIN,1.0,100.0,,,,,,,120.0,120.0,0.0,0.0,0.0,,,,,,,,,,,,,,,,,,,,,0.0,0.0,0.0,0.0,0.0,,,,,,,,,,,,1.0,3,356.68,,,,,,,,,3.0,,-,,,,0
2022-07-26,2022,memorial-andrzeja-trochanowskiego,result,,Kaunas Cycling Team,1,1.2,FIN,42.0,0.0,,,,,,,0.0,0.0,0.0,0.0,0.0,,139.13,94.4,44.9,0.0,0.0,0.0,131.0,8.35,0.0,0.0,0.0,0.0,0.0,0.0,0.0,252.0,252.0,125.0,100.0,0.0,0.0,0.0,0.0,0.0,0.0,0.0,0.0,0.0,0.0,-0.2,-0.17,-0.1,34.0,-0.0,88.0,1.0,1,0.0,40.0,0.0,0.0,0.0,0.0,0.0,0.0,0.0,19.0,21.0,-,0.0,1.0,🟢  Plat/Sprint,0
2022-07-27,2022,dookola-mazowsza,stage,1.0,Kaunas Cycling Team,1,2.2,FIN,16.0,0.0,33.0,0.0,,,,,0.0,0.0,0.0,0.0,0.0,1.0,168.34,150.0,0.0,18.8,0.0,0.0,150.0,0.0,0.0,18.8,0.0,0.0,0.0,0.0,0.0,212.0,212.0,94.0,81.0,0.0,0.0,0.0,0.0,0.0,0.0,0.0,0.0,0.0,0.0,-0.1,0.1,0.06,39.0,-0.0,63.0,1.0,1,139.13,7.0,7.107,0.0,2.411,0.0,2.411,0.0,0.0,23.0,23.0,-,0.0,1.0,🟢  Plat/Sprint,0
2022-07-28,2022,dookola-mazowsza,stage,2.0,Kaunas Cycling Team,1,2.2,FIN,58.0,0.0,33.0,0.0,,,,,0.0,0.0,0.0,0.0,0.0,2.0,177.16,177.0,0.0,0.0,0.0,0.0,174.0,3.13,0.0,0.0,0.0,0.0,0.0,0.0,0.0,432.0,431.0,151.0,108.0,0.0,0.0,0.0,0.0,0.0,0.0,0.0,0.0,0.0,0.0,-0.4,-0.37,-0.64,108.0,0.05,134.0,1.0,2,307.47,7.0,0.0,0.0,0.0,0.0,0.0,0.0,0.0,23.0,23.0,Sprint of large group,0.0,1.0,🟢  Plat/Sprint,0
2022-07-29,2022,dookola-mazowsza,stage,3.0,Kaunas Cycling Team,1,2.2,FIN,11.0,0.0,33.0,0.0,,,,,0.0,0.0,0.0,0.0,0.0,3.0,164.65,106.0,42.3,5.97,9.71,0.0,145.0,14.8,1.63,2.86,0.0,0.0,0.282,0.272,0.0,537.0,548.0,156.0,94.0,0.0,0.0,0.0,0.0,0.0,0.0,0.0,0.0,0.0,0.0,-0.1,-0.1,-0.02,8.0,0.03,182.0,1.0,3,484.63,7.0,3.966,0.0,3.099,0.0,2.381,0.0,0.0,23.0,24.0,-,0.0,1.0,🟢  Plat/Sprint,0
2022-07-30,2022,dookola-mazowsza,stage,4.0,Kaunas Cycling Team,1,2.2,FIN,18.0,0.0,33.0,0.0,,,,,0.0,0.0,0.0,0.0,0.0,4.0,166.11,149.0,15.2,0.198,0.191,0.0,85.0,11.4,68.0,0.0,0.732,0.0,0.732,0.198,0.191,562.0,563.0,167.0,112.0,0.0,0.0,0.0,0.0,0.0,0.0,0.0,0.0,0.0,0.0,0.1,0.03,-0.24,114.0,0.07,185.0,1.0,4,649.28,7.0,0.0,0.0,0.0,0.0,0.0,0.0,0.0,23.0,22.0,-,0.0,1.0,🟢  Plat/Sprint,0
2022-08-14,2022,uec-road-european-championships-me,result,,Lithuania,1,CC,FIN,124.0,0.0,,,,,,,0.0,0.0,0.0,0.0,0.0,,182.1,128.0,1.6,0.64,0.0,0.0,103.0,13.8,13.8,0.263,0.0,0.0,0.0,0.0,0.0,2571.68,2528.35,208.0,33.0,1.4,6.99,0.0,0.0,0.0,0.8997,0.8997,0.0,0.0,0.0,3.1,1.27,1.06,106.0,0.18,1009.1,0.0,5,815.39,250.0,0.0,0.0,0.0,0.0,0.0,0.0,0.0,455.0,26.0,Sprint of large group,0.6,2.0,⛰️  Moy. montagne,0
2022-08-17,2022,uec-road-european-championships-itt,result,,Lithuania,0,CC,,,0.0,,,,,,,0.0,0.0,0.0,0.0,0.0,,21.95,21.0,0.883,0.0,0.0,0.0,19.6,2.28,0.0,0.0,0.0,0.0,0.0,0.0,0.0,239.0,227.0,86.0,27.0,0.0,0.0,0.0,0.0,0.0,0.0,0.0,0.0,0.0,0.0,2.7,-0.07,-0.32,76.0,0.05,239.0,0.0,6,945.68,70.0,0.0,0.0,0.0,0.0,0.0,0.0,0.0,91.0,,Time trial,0.0,0.0,⏱️  CLM,0
2022-08-18,2022,baltic-chain-tour,stage,1.0,Kaunas Cycling Team,1,2.2,FIN,9.0,0.0,9.0,3.0,,,,,0.0,3.0,3.0,0.0,0.0,1.0,156.53,156.0,0.583,0.0,0.0,0.0,6.53,1.18,149.0,0.0,0.0,0.0,0.0,0.0,0.0,389.0,388.0,123.0,46.0,0.0,0.0,0.0,0.0,0.0,0.0,0.0,0.0,0.0,0.0,0.1,-0.13,-0.1,21.0,0.05,123.0,1.0,6,945.68,7.0,0.0,0.0,0.0,0.0,0.0,0.0,0.0,13.0,27.0,-,0.0,1.0,🟢  Plat/Sprint,0
2022-08-19,2022,baltic-chain-tour,stage,2.0,Kaunas Cycling Team,1,2.2,FIN,23.0,0.0,9.0,3.0,,,,,0.0,3.0,3.0,0.0,0.0,2.0,147.34,140.0,0.167,0.0,0.983,5.33,42.1,0.276,105.0,0.0,0.0,0.0,0.445,0.347,0.0,624.0,529.0,111.0,0.0,1.0,0.0,0.0,0.0,0.0,0.9267,0.0,0.0,0.0,0.0,0.3,-0.03,-0.06,68.0,0.05,192.0,1.0,7,1102.21,7.0,0.0,0.0,0.0,0.0,0.0,0.0,0.0,13.0,30.0,-,0.0,1.0,🟢  Plat/Sprint,0
2022-08-20,2022,baltic-chain-tour,stage,3.0,Kaunas Cycling Team,1,2.2,FIN,26.0,0.0,9.0,3.0,,,,,0.0,3.0,3.0,0.0,0.0,3.0,186.29,179.0,6.96,0.0,0.0,0.0,163.0,6.94,11.5,4.25,0.0,0.0,0.0,0.955,0.0,1060.0,1058.0,152.0,33.0,1.0,0.0,0.0,0.0,0.0,0.4408,0.0,0.0,0.0,0.0,-0.8,-0.2,0.3,55.0,0.02,217.0,1.0,8,1249.55,7.0,0.0,0.0,0.0,0.0,0.0,0.0,0.0,13.0,24.0,-,0.0,1.0,🟢  Plat/Sprint,0
2022-08-21,2022,baltic-chain-tour,stage,4.0,Kaunas Cycling Team,1,2.2,FIN,27.0,0.0,9.0,3.0,,,,,0.0,3.0,3.0,0.0,0.0,4.0,206.87,206.0,1.2,0.0,0.0,0.0,182.0,3.55,4.03,17.4,0.0,0.0,0.121,0.537,0.0,692.0,777.0,163.0,10.0,1.0,0.0,0.0,0.0,0.0,0.1494,0.0,0.0,0.0,0.0,0.1,-0.77,-0.28,68.0,0.04,210.0,1.0,9,1435.84,7.0,0.0,0.0,0.0,0.0,0.0,0.0,0.0,13.0,24.0,Sprint of large group,0.0,1.0,🟢  Plat/Sprint,0
2022-09-18,2022,world-championship-itt,result,,Lithuania,1,WC,FIN,33.0,0.0,,,,,,,0.0,0.0,0.0,0.0,0.0,,34.19,11.9,21.4,0.0,0.0,0.0,25.8,4.06,2.68,1.75,0.0,0.0,1.25,0.301,0.0,310.0,315.0,58.0,3.0,0.0,0.0,0.0,0.0,0.0,0.0,0.0,0.0,0.0,0.0,-0.8,0.17,0.02,103.0,-0.01,310.0,0.0,3,540.5,350.0,0.0,0.0,0.0,0.0,0.0,0.0,0.0,286.0,,Time trial,0.0,0.0,⏱️  CLM,0
2022-09-25,2022,world-championship,result,,Lithuania,1,WC,DNF,,0.0,,,,,,,0.0,0.0,0.0,0.0,0.0,,266.9,59.1,104.0,0.0,0.0,0.0,121.0,32.5,11.9,3.57,0.0,0.0,7.71,2.61,0.0,3865.32,3885.72,125.0,4.0,15.69,0.0,0.0,0.0,0.0,0.9617,0.0,0.0,0.0,0.0,-0.8,0.2,0.02,459.0,-0.03,1140.92,0.0,1,34.19,600.0,0.0,0.0,0.0,0.0,0.0,0.0,0.0,1052.0,,25.8 km solo,0.6,2.0,⛰️  Moy. montagne,0
2023-04-12,2023,tour-du-loir-et-cher,stage,1.0,Kaunas Cycling Team,1,2.2,FIN,117.0,0.0,,,,,,,0.0,0.0,0.0,0.0,0.0,1.0,162.45,128.0,34.3,0.0,0.0,0.0,126.0,6.57,26.6,2.98,0.0,0.0,0.0,0.0,0.0,1069.0,1085.0,143.0,58.0,0.0,0.0,0.0,0.0,0.0,0.0,0.0,0.0,0.0,0.0,2.3,0.8,0.48,35.0,0.02,459.0,1.0,0,0.0,7.0,0.0,0.0,0.0,0.0,0.0,0.0,0.0,19.0,11.0,-,0.0,1.0,🟢  Plat/Sprint,0
2023-04-13,2023,tour-du-loir-et-cher,stage,2.0,Kaunas Cycling Team,1,2.2,DNF,,0.0,,,,,,,0.0,0.0,0.0,0.0,0.0,2.0,169.96,167.0,2.75,0.0,0.0,0.0,167.0,0.844,0.688,1.39,0.0,0.0,0.0,0.0,0.0,621.0,612.0,155.0,71.0,1.0,0.0,0.0,0.0,0.0,0.6285,0.0,0.0,0.0,0.0,0.3,0.0,-0.06,25.0,-0.02,276.0,1.0,1,162.45,7.0,0.0,0.0,0.0,0.0,0.0,0.0,0.0,19.0,12.0,Sprint of large group,0.0,1.0,🟢  Plat/Sprint,0
2023-05-13,2023,gp-herning,result,,Kaunas Cycling Team,1,1.2,FIN,22.0,0.0,,,,,,,0.0,0.0,0.0,0.0,0.0,,180.39,150.0,3.26,0.565,21.6,3.44,139.0,7.37,2.81,11.9,0.0,0.19,1.92,8.42,0.981,615.0,613.0,90.0,17.0,0.0,0.0,0.0,0.0,0.0,0.0,0.0,0.0,0.0,0.0,0.0,0.3,0.0,51.0,-0.04,175.0,1.0,1,169.96,40.0,0.189,0.0,0.189,0.0,0.154,0.0,0.0,23.0,20.0,65 km solo,0.0,1.0,🟢  Plat/Sprint,0
2023-05-14,2023,albani-classic-fyen-rundt,result,,Kaunas Cycling Team,1,1.2,FIN,30.0,0.0,,,,,,,0.0,0.0,0.0,0.0,0.0,,188.64,174.0,13.9,0.674,0.0,0.0,151.0,3.73,0.0,27.5,0.0,0.0,0.229,0.0,0.0,1419.0,1437.0,112.0,1.0,3.0,0.0,0.0,0.0,0.0,0.5682,0.0,0.0,0.0,0.0,-1.5,-0.5,-0.2,137.0,0.0,297.0,1.0,1,180.39,40.0,0.591,0.0,0.443,0.0,0.295,0.0,0.0,21.0,20.0,0.8 km solo,0.0,1.0,🟢  Plat/Sprint,0
2023-05-26,2023,tour-of-estonia,stage,1.0,Kaunas Cycling Team,1,2.1,FIN,83.0,0.0,49.0,0.0,,,,,0.0,0.0,0.0,0.0,0.0,1.0,192.53,189.0,1.88,0.325,0.981,0.0,186.0,4.48,2.09,0.0,0.319,0.0,0.371,0.0,0.0,733.0,706.0,114.0,36.0,0.0,0.0,0.0,0.0,0.0,0.0,0.0,0.0,0.0,0.0,3.2,0.67,0.5,96.0,0.07,183.0,1.0,2,369.03,14.0,0.0,0.0,0.0,0.0,0.0,0.0,0.0,17.0,17.0,Sprint of large group,0.0,1.0,🟢  Plat/Sprint,0
2023-05-27,2023,tour-of-estonia,stage,2.0,Kaunas Cycling Team,1,2.1,FIN,34.0,0.0,49.0,0.0,,,,,0.0,0.0,0.0,0.0,0.0,2.0,163.98,131.0,19.9,8.43,0.0,0.368,69.8,75.5,0.0,5.8,4.08,0.0,4.47,9.47,0.0,1088.0,1089.0,69.0,35.0,0.0,0.0,0.0,0.0,0.0,0.0,0.0,0.0,0.0,0.0,0.0,-0.5,-0.28,57.0,0.0,338.0,1.0,3,561.56,14.0,2.49,0.017,1.105,0.007,0.553,0.003,0.0,17.0,14.0,? km solo,0.0,1.0,🟢  Plat/Sprint,0
2023-06-22,2023,nc-lithuania-itt,result,,Kaunas Cycling Team,1,NC,FIN,2.0,30.0,,,,,,,35.0,35.0,0.0,0.0,0.0,,,,,,,,,,,,,,,,,,,,,0.0,0.0,0.0,0.0,0.0,,,,,,,,,,,,1.0,2,356.51,,,,,,,,,1.0,,Time trial,,,,0
2023-06-25,2023,nc-lithuania,result,,Kaunas Cycling Team,1,NC,FIN,2.0,75.0,,,,,,,101.0,101.0,0.0,0.0,0.0,,,,,,,,,,,,,,,,,,,,,0.0,0.0,0.0,0.0,0.0,,,,,,,,,,,,1.0,3,356.51,,,,,,,,,2.0,,-,,,,0
2023-07-25,2023,memorial-andrzeja-trochanowskiego,result,,Kaunas Cycling Team,1,1.2,FIN,13.0,0.0,,,,,,,0.0,0.0,0.0,0.0,0.0,,142.88,143.0,0.0,0.0,0.0,0.0,131.0,11.5,0.0,0.0,0.0,0.0,0.0,0.0,0.0,378.0,377.0,135.0,97.0,0.0,0.0,0.0,0.0,0.0,0.0,0.0,0.0,0.0,0.0,0.3,-0.13,0.0,63.0,0.02,134.0,1.0,1,0.0,40.0,0.0,0.0,0.0,0.0,0.0,0.0,0.0,13.0,25.0,Sprint of large group,0.0,1.0,🟢  Plat/Sprint,0
2023-07-26,2023,dookola-mazowsza,stage,1.0,Kaunas Cycling Team,1,2.2,FIN,24.0,0.0,11.0,0.0,,,,,0.0,0.0,0.0,0.0,0.0,1.0,168.34,150.0,0.0,18.8,0.0,0.0,150.0,0.0,0.0,18.8,0.0,0.0,0.0,0.0,0.0,212.0,212.0,94.0,81.0,0.0,0.0,0.0,0.0,0.0,0.0,0.0,0.0,0.0,0.0,-0.1,0.1,0.06,39.0,-0.0,63.0,1.0,1,142.88,7.0,7.107,0.0,2.411,0.0,2.411,0.0,0.0,7.0,16.0,-,0.0,1.0,🟢  Plat/Sprint,0
2023-07-27,2023,dookola-mazowsza,stage,2.0,Kaunas Cycling Team,1,2.2,FIN,10.0,0.0,11.0,0.0,,,,,0.0,0.0,0.0,0.0,0.0,2.0,177.16,177.0,0.0,0.0,0.0,0.0,174.0,3.13,0.0,0.0,0.0,0.0,0.0,0.0,0.0,432.0,431.0,151.0,108.0,0.0,0.0,0.0,0.0,0.0,0.0,0.0,0.0,0.0,0.0,-0.4,-0.37,-0.64,108.0,0.05,134.0,1.0,2,311.22,7.0,0.0,0.0,0.0,0.0,0.0,0.0,0.0,7.0,22.0,-,0.0,1.0,🟢  Plat/Sprint,0
2023-07-28,2023,dookola-mazowsza,stage,3.0,Kaunas Cycling Team,1,2.2,FIN,11.0,0.0,11.0,0.0,,,,,0.0,0.0,0.0,0.0,0.0,3.0,155.26,103.0,39.4,3.58,9.71,0.0,141.0,12.4,1.63,0.679,0.0,0.0,0.0,0.0,0.0,535.0,541.0,156.0,96.0,0.0,0.0,0.0,0.0,0.0,0.0,0.0,0.0,0.0,0.0,0.0,0.03,-0.18,25.0,0.03,185.0,1.0,3,488.38,7.0,1.585,0.0,0.718,0.0,0.718,0.0,0.0,7.0,17.0,Sprint of large group,0.0,1.0,🟢  Plat/Sprint,0
2023-07-29,2023,dookola-mazowsza,stage,4.0,Kaunas Cycling Team,1,2.2,FIN,9.0,0.0,11.0,0.0,,,,,0.0,0.0,0.0,0.0,0.0,4.0,166.11,149.0,15.2,0.198,0.191,0.0,85.0,11.4,68.0,0.0,0.732,0.0,0.732,0.198,0.191,562.0,563.0,167.0,112.0,0.0,0.0,0.0,0.0,0.0,0.0,0.0,0.0,0.0,0.0,0.1,0.03,-0.24,114.0,0.07,185.0,1.0,4,643.64,7.0,0.0,0.0,0.0,0.0,0.0,0.0,0.0,7.0,26.0,-,0.0,1.0,🟢  Plat/Sprint,0
2023-08-18,2023,baltic-chain-tour,stage,1.0,Kaunas Cycling Team,1,2.2,FIN,30.0,0.0,25.0,0.0,,,,,0.0,0.0,0.0,0.0,0.0,1.0,199.18,194.0,0.21,0.0,3.44,0.759,173.0,0.951,18.3,7.57,0.0,0.0,0.757,0.0,0.0,1197.0,1192.0,152.0,33.0,1.0,0.0,0.0,0.0,0.0,0.4874,0.0,0.0,0.0,0.0,1.4,0.07,0.22,114.0,0.02,216.0,1.0,5,809.75,7.0,0.0,0.935,0.0,0.0,0.0,0.0,0.0,9.0,,-,0.0,1.0,🟢  Plat/Sprint,0
2023-08-19,2023,baltic-chain-tour,stage,2.0,Kaunas Cycling Team,1,2.2,FIN,4.0,0.0,25.0,0.0,,,,,0.0,0.0,0.0,0.0,0.0,2.0,160.22,157.0,0.0,2.56,0.759,0.0,55.6,1.59,98.7,1.04,0.0,0.0,0.179,3.27,0.0,957.0,952.0,110.0,6.0,2.0,0.0,0.0,0.0,0.0,0.4252,0.0,0.0,0.0,0.0,6.3,1.53,0.64,178.0,-0.15,276.0,1.0,6,1008.93,7.0,0.977,0.0,0.977,0.0,0.977,0.0,0.0,9.0,,-,0.0,1.0,🟢  Plat/Sprint,0
2023-08-20,2023,baltic-chain-tour,stage,3.0,Kaunas Cycling Team,1,2.2,FIN,12.0,0.0,25.0,0.0,,,,,0.0,0.0,0.0,0.0,0.0,3.0,156.33,156.0,0.583,0.0,0.0,0.0,6.56,1.21,148.0,0.418,0.0,0.0,0.0,0.0,0.0,388.0,388.0,124.0,47.0,0.0,0.0,0.0,0.0,0.0,0.0,0.0,0.0,0.0,0.0,0.1,-0.13,-0.1,20.0,0.05,126.0,1.0,7,1169.15,7.0,0.0,0.0,0.0,0.0,0.0,0.0,0.0,9.0,,Sprint of large group,0.0,1.0,🟢  Plat/Sprint,0
2024-05-24,2024,tour-of-estonia,stage,1.0,Energus Cycling Team,1,2.1,FIN,71.0,0.0,10.0,20.0,,,,,0.0,53.0,53.0,0.0,0.0,1.0,195.63,192.0,1.88,0.325,0.981,0.0,187.0,5.35,2.87,0.0,0.319,0.0,0.371,0.0,0.0,769.0,742.0,114.0,36.0,0.0,0.0,0.0,0.0,0.0,0.0,0.0,0.0,0.0,0.0,3.2,0.63,0.44,54.0,0.07,185.0,1.0,0,0.0,14.0,0.0,0.0,0.0,0.0,0.0,0.0,0.0,17.0,26.0,-,,1.0,🟢  Plat/Sprint,0
2024-05-25,2024,tour-of-estonia,stage,2.0,Energus Cycling Team,1,2.1,FIN,6.0,0.0,10.0,20.0,,,,,0.0,53.0,53.0,0.0,0.0,2.0,163.98,131.0,19.9,8.43,0.0,0.368,69.8,75.5,0.0,5.8,4.08,0.0,4.47,9.47,0.0,1088.0,1089.0,69.0,35.0,0.0,0.0,0.0,0.0,0.0,0.0,0.0,0.0,0.0,0.0,0.0,-0.5,-0.28,57.0,0.0,338.0,1.0,1,195.63,14.0,2.49,0.017,1.105,0.007,0.553,0.003,0.0,17.0,27.0,-,0.0,1.0,🟢  Plat/Sprint,0
2024-05-30,2024,tour-of-malopolska,prologue,,Energus Cycling Team,0,2.2,,,0.0,,,,,,,0.0,0.0,0.0,0.0,0.0,,1.33,1.34,0.0,0.0,0.0,0.0,0.0,0.0,0.0,0.0,0.0,0.0,0.0,1.34,0.0,117.0,5.0,357.0,245.0,1.0,0.0,0.0,0.0,0.0,0.98,0.0,0.0,0.0,0.0,8.4,8.41,8.41,117.0,8.41,117.0,0.0,2,359.61,7.0,0.0,0.0,0.0,0.0,0.0,0.0,0.0,,,,,0.0,⏱️  CLM,0
2024-05-31,2024,tour-of-malopolska,stage,1.0,Energus Cycling Team,0,2.2,,,0.0,,,,,,,0.0,0.0,0.0,0.0,0.0,1.0,150.33,140.0,8.0,1.85,0.0,0.0,141.0,6.3,0.503,0.819,0.0,0.0,0.27,1.94,0.0,1887.0,1520.0,578.0,177.0,4.0,2.0,1.0,0.0,0.0,0.9996,0.9996,0.6589,0.0,0.0,5.8,6.37,5.4,293.0,0.09,111.0,0.0,2,359.61,7.0,0.0,0.0,0.0,0.0,0.0,0.0,0.0,19.0,25.0,-,,3.0,🏔️  Haute montagne,0
2024-06-01,2024,tour-of-malopolska,stage,2.0,Energus Cycling Team,0,2.2,,,0.0,,,,,,,0.0,0.0,0.0,0.0,0.0,2.0,148.43,147.0,0.948,0.653,0.0,0.0,137.0,6.18,3.87,0.768,0.0,0.0,0.243,0.867,0.0,2330.0,1982.0,831.0,231.0,3.0,3.0,1.0,0.0,0.0,0.8392,0.8392,0.8392,0.0,0.0,0.8,-0.17,-0.56,54.0,0.42,678.0,0.0,2,359.61,7.0,0.138,0.0,0.027,0.0,0.027,0.0,0.0,19.0,23.0,-,,2.0,⛰️  Moy. montagne,0
2024-06-02,2024,tour-of-malopolska,stage,3.0,Energus Cycling Team,0,2.2,,,0.0,,,,,,,0.0,0.0,0.0,0.0,0.0,3.0,125.51,121.0,3.19,0.18,0.778,0.0,121.0,3.01,0.151,0.691,0.0,0.0,0.34,0.778,0.0,1965.0,1439.0,1142.0,310.0,2.0,2.0,0.0,0.0,1.0,0.9997,0.9997,0.9997,0.9997,0.9997,8.3,9.0,9.38,614.0,0.06,439.0,0.0,2,359.61,7.0,0.0,0.0,0.0,0.0,0.0,0.0,0.0,19.0,15.0,-,0.0,3.0,🏔️  Haute montagne,0
2024-06-05,2024,tour-of-lithuania,stage,1.0,Energus Cycling Team,1,2.2,FIN,18.0,0.0,64.0,0.0,,,,,0.0,10.0,10.0,0.0,0.0,1.0,179.5,174.0,0.156,4.31,0.0,0.0,95.9,1.16,78.1,0.156,0.0,0.0,0.979,4.31,0.0,680.0,680.0,33.0,2.0,0.0,0.0,0.0,0.0,0.0,0.0,0.0,0.0,0.0,0.0,-0.1,-0.07,-0.16,68.0,0.01,195.0,1.0,2,359.61,7.0,1.366,0.0,0.683,0.0,0.0,0.0,0.0,5.0,21.0,-,0.0,1.0,🟢  Plat/Sprint,0
2024-06-06,2024,tour-of-lithuania,stage,2.0,Energus Cycling Team,1,2.2,FIN,22.0,0.0,64.0,0.0,,,,,0.0,10.0,10.0,0.0,0.0,2.0,155.98,154.0,0.0,2.0,0.725,0.0,99.5,4.99,51.0,0.718,0.0,0.0,0.0,0.0,0.0,603.0,594.0,118.0,7.0,2.0,0.0,0.0,0.0,0.0,0.4066,0.0,0.0,0.0,0.0,1.5,0.37,0.16,62.0,0.0,212.0,1.0,3,539.11,7.0,1.963,0.0,1.227,0.0,0.49,0.0,0.0,5.0,18.0,-,0.0,1.0,🟢  Plat/Sprint,0
2024-06-07,2024,tour-of-lithuania,stage,3.0,Energus Cycling Team,1,2.2,FIN,92.0,0.0,64.0,0.0,,,,,0.0,10.0,10.0,0.0,0.0,3.0,170.35,163.0,2.76,0.409,4.63,0.0,147.0,1.11,22.0,0.0,0.0,0.0,0.0,0.197,0.0,749.0,751.0,164.0,47.0,2.0,0.0,0.0,0.0,0.0,0.8685,0.0,0.0,0.0,0.0,2.1,0.03,-0.18,123.0,-0.0,104.0,1.0,4,695.09,7.0,0.0,0.0,0.0,0.0,0.0,0.0,0.0,5.0,17.0,-,0.0,1.0,🟢  Plat/Sprint,0
2024-06-08,2024,tour-of-lithuania,stage,4.0,Energus Cycling Team,1,2.2,FIN,84.0,0.0,64.0,0.0,,,,,0.0,10.0,10.0,0.0,0.0,4.0,169.21,169.0,0.34,0.0,0.0,0.0,90.2,0.0,78.6,0.384,0.0,0.0,0.0,0.0,0.0,924.0,925.0,216.0,104.0,2.0,0.0,0.0,0.0,0.0,0.9308,0.0,0.0,0.0,0.0,0.3,-0.63,-0.92,83.0,0.07,256.0,1.0,5,865.44,7.0,0.0,0.0,0.0,0.0,0.0,0.0,0.0,5.0,16.0,-,0.0,1.0,🟢  Plat/Sprint,0
2024-06-09,2024,tour-of-lithuania,stage,5.0,Energus Cycling Team,1,2.2,FIN,45.0,0.0,64.0,0.0,,,,,0.0,10.0,10.0,0.0,0.0,5.0,168.66,166.0,2.96,0.0,0.0,0.0,127.0,0.0,41.0,0.347,0.0,0.0,0.0,0.342,0.0,974.0,974.0,189.0,62.0,3.0,0.0,0.0,0.0,0.0,0.9129,0.0,0.0,0.0,0.0,0.1,-0.1,0.54,85.0,0.09,309.0,1.0,6,1034.65,7.0,0.0,0.0,0.0,0.0,0.0,0.0,0.0,5.0,16.0,-,0.0,1.0,🟢  Plat/Sprint,0
2024-06-15,2024,nc-lithuania-itt,result,,Energus Cycling Team,1,NC,FIN,1.0,25.0,,,,,,,35.0,35.0,0.0,0.0,0.0,,,,,,,,,,,,,,,,,,,,,0.0,0.0,0.0,0.0,0.0,,,,,,,,,,,,1.0,7,1203.3100000000002,,,,,,,,,,,Time trial,,,,0
2024-06-22,2024,nc-latvia,result,,Energus Cycling Team,0,NC,,,0.0,,,,,,,63.0,63.0,0.0,0.0,0.0,,,,,,,,,,,,,,,,,,,,,0.0,0.0,0.0,0.0,0.0,,,,,,,,,,,,0.0,8,1203.31,,,,,,,,,2.0,,-,,,,0
2024-06-22,2024,nc-lithuania,result,,Energus Cycling Team,1,NC,FIN,1.0,50.0,,,,,,,74.0,74.0,0.0,0.0,0.0,,,,,,,,,,,,,,,,,,,,,0.0,0.0,0.0,0.0,0.0,,,,,,,,,,,,1.0,8,1203.31,,,,,,,,,1.0,,-,,,,0
2024-06-23,2024,nc-belgium,result,,Energus Cycling Team,0,NC,,,0.0,,,,,,,0.0,0.0,0.0,0.0,0.0,,218.04,128.0,76.0,13.9,0.0,0.0,122.0,21.6,0.0,64.5,0.0,0.155,0.373,0.218,0.0,1796.0,1780.0,94.0,21.0,0.0,0.0,0.0,0.0,0.0,0.0,0.0,0.0,0.0,0.0,1.5,0.8,0.26,86.0,0.04,389.0,0.0,9,1203.31,100.0,3.115,0.0,1.502,0.0,1.502,0.0,0.0,475.0,,Sprint of large group,0.0,1.0,🟢  Plat/Sprint,0
2024-07-20,2024,gp-czech-republic,result,,Energus Cycling Team,1,1.2,DNF,,0.0,,,,,,,0.0,0.0,0.0,0.0,0.0,,186.19,172.0,7.78,1.4,0.735,3.73,172.0,4.22,0.0,1.08,0.0,0.0,0.345,8.47,0.0,2125.0,2077.0,454.0,165.0,3.0,3.0,0.0,0.0,0.0,0.9428,0.8833,0.0,0.0,0.0,0.4,2.13,-0.94,137.0,-0.11,356.0,1.0,1,0.0,40.0,1.016,0.0,0.261,0.0,0.261,0.0,0.0,13.0,26.0,6 km solo,0.0,2.0,⛰️  Moy. montagne,0
2024-07-21,2024,visegrad-4-bicycle-race-gp-polski-via-odra,result,,Energus Cycling Team,1,1.2,FIN,26.0,0.0,,,,,,,0.0,0.0,0.0,0.0,0.0,,174.56,166.0,8.44,0.516,0.0,0.0,173.0,1.26,0.0,0.0,0.0,0.0,0.0,0.0,0.0,1332.0,1337.0,201.0,82.0,6.0,0.0,0.0,0.0,0.0,0.8644,0.0,0.0,0.0,0.0,-0.3,-0.77,-0.1,26.0,0.04,434.0,1.0,2,186.19,40.0,0.0,0.0,0.0,0.0,0.0,0.0,0.0,14.0,30.0,-,0.0,1.0,🟢  Plat/Sprint,0
2024-07-23,2024,memorial-andrzeja-trochanowskiego,result,,Energus Cycling Team,0,1.2,,,0.0,,,,,,,0.0,0.0,0.0,0.0,0.0,,160.48,143.0,15.2,2.08,0.0,0.0,138.0,20.0,0.0,2.08,0.0,0.0,0.0,0.0,0.0,865.0,865.0,182.0,143.0,0.0,0.0,0.0,0.0,0.0,0.0,0.0,0.0,0.0,0.0,0.0,-0.17,-0.24,76.0,0.05,270.0,0.0,2,360.75,40.0,0.857,0.0,0.428,0.0,0.428,0.0,0.0,8.0,22.0,Sprint of large group,0.0,1.0,🟢  Plat/Sprint,0
2024-07-24,2024,dookola-mazowsza,stage,1.0,Energus Cycling Team,1,2.2,FIN,11.0,0.0,26.0,0.0,,,,,0.0,0.0,0.0,0.0,0.0,1.0,168.34,150.0,0.0,18.8,0.0,0.0,150.0,0.0,0.0,18.8,0.0,0.0,0.0,0.0,0.0,212.0,212.0,94.0,81.0,0.0,0.0,0.0,0.0,0.0,0.0,0.0,0.0,0.0,0.0,-0.1,0.1,0.06,39.0,-0.0,63.0,1.0,2,360.75,7.0,7.107,0.0,2.411,0.0,2.411,0.0,0.0,9.0,25.0,-,0.0,1.0,🟢  Plat/Sprint,0
2024-07-25,2024,dookola-mazowsza,stage,2.0,Energus Cycling Team,1,2.2,FIN,28.0,0.0,26.0,0.0,,,,,0.0,0.0,0.0,0.0,0.0,2.0,166.21,166.0,0.0,0.0,0.0,0.0,163.0,3.13,0.0,0.0,0.0,0.0,0.0,0.0,0.0,520.0,520.0,151.0,108.0,0.0,0.0,0.0,0.0,0.0,0.0,0.0,0.0,0.0,0.0,-0.3,-0.37,-0.56,33.0,0.06,172.0,1.0,3,529.09,7.0,0.0,0.0,0.0,0.0,0.0,0.0,0.0,9.0,22.0,Sprint of large group,0.0,1.0,🟢  Plat/Sprint,0
2024-07-27,2024,dookola-mazowsza,stage,4.0,Energus Cycling Team,1,2.2,FIN,11.0,0.0,26.0,0.0,,,,,0.0,0.0,0.0,0.0,0.0,4.0,166.11,149.0,15.2,0.198,0.191,0.0,85.0,11.4,68.0,0.0,0.732,0.0,0.732,0.198,0.191,562.0,563.0,167.0,112.0,0.0,0.0,0.0,0.0,0.0,0.0,0.0,0.0,0.0,0.0,0.1,0.03,-0.24,114.0,0.07,185.0,1.0,4,695.3000000000001,7.0,0.0,0.0,0.0,0.0,0.0,0.0,0.0,9.0,29.0,Sprint of large group,0.0,1.0,🟢  Plat/Sprint,0
2024-07-28,2024,puchar-ministra-obrony-narodowej,result,,Energus Cycling Team,0,1.2,,,0.0,,,,,,,0.0,0.0,0.0,0.0,0.0,,167.0,167.0,0.0,0.0,0.0,0.0,164.0,3.34,0.0,0.0,0.0,0.0,0.0,0.0,0.0,373.0,379.0,118.0,93.0,0.0,0.0,0.0,0.0,0.0,0.0,0.0,0.0,0.0,0.0,-0.3,-0.17,-0.12,32.0,0.01,116.0,0.0,5,861.4100000000001,40.0,0.0,0.0,0.0,0.0,0.0,0.0,0.0,8.0,22.0,-,0.0,1.0,🟢  Plat/Sprint,0
2024-08-21,2024,tour-bitwa-warszawska-1920,stage,1.0,Energus Cycling Team,1,2.2,FIN,19.0,0.0,48.0,0.0,,,,,0.0,0.0,0.0,0.0,0.0,1.0,117.87,117.0,0.0,0.242,0.0,0.0,109.0,7.55,0.0,1.21,0.0,0.0,0.239,0.264,0.0,298.0,298.0,97.0,79.0,0.0,0.0,0.0,0.0,0.0,0.0,0.0,0.0,0.0,0.0,0.1,0.1,0.02,6.0,-0.01,120.0,1.0,3,500.66,7.0,0.0,0.0,0.0,0.0,0.0,0.0,0.0,8.0,,Sprint of large group,0.0,1.0,🟢  Plat/Sprint,0
2024-09-05,2024,okolo-jiznich-cech,stage,1.0,Energus Cycling Team,0,2.2,,,0.0,,,,,,,0.0,0.0,0.0,0.0,0.0,1.0,0.0,126.0,3.63,0.823,0.0,0.0,127.0,2.74,0.779,0.123,0.0,0.0,0.0,0.192,0.0,0.0,0.0,0.0,0.0,0.0,0.0,0.0,0.0,0.0,0.0,0.0,0.0,0.0,0.0,0.0,0.0,0.0,0.0,0.0,0.0,0.0,1,117.87,7.0,0.0,0.0,0.0,0.0,0.0,0.0,0.0,23.0,28.0,-,0.0,1.0,🟢  Plat/Sprint,0
2024-09-06,2024,okolo-jiznich-cech,stage,2.0,Energus Cycling Team,0,2.2,,,0.0,,,,,,,0.0,0.0,0.0,0.0,0.0,2.0,0.0,150.0,3.49,0.0,0.0,0.0,150.0,3.09,0.0,0.0,0.294,0.0,0.454,0.509,0.0,0.0,0.0,0.0,0.0,0.0,0.0,0.0,0.0,0.0,0.0,0.0,0.0,0.0,0.0,0.0,0.0,0.0,0.0,0.0,0.0,0.0,1,117.87,7.0,0.0,0.0,0.0,0.0,0.0,0.0,0.0,23.0,24.0,-,0.0,1.0,🟢  Plat/Sprint,0
2024-09-07,2024,okolo-jiznich-cech,stage,3.0,Energus Cycling Team,0,2.2,,,0.0,,,,,,,0.0,0.0,0.0,0.0,0.0,3.0,0.0,130.0,2.65,1.62,0.0,0.0,129.0,3.15,0.141,0.885,0.0,0.0,0.0,1.11,0.382,0.0,0.0,0.0,0.0,0.0,0.0,0.0,0.0,0.0,0.0,0.0,0.0,0.0,0.0,0.0,0.0,0.0,0.0,0.0,0.0,0.0,1,117.87,7.0,0.0,0.0,0.0,0.0,0.0,0.0,0.0,23.0,27.0,-,0.0,2.0,⛰️  Moy. montagne,0
2024-09-08,2024,okolo-jiznich-cech,stage,4.0,Energus Cycling Team,0,2.2,,,0.0,,,,,,,0.0,0.0,0.0,0.0,0.0,4.0,0.0,149.0,1.74,0.192,0.0,0.0,146.0,3.83,0.148,0.134,0.0,0.0,0.0,0.569,0.0,0.0,0.0,0.0,0.0,0.0,0.0,0.0,0.0,0.0,0.0,0.0,0.0,0.0,0.0,0.0,0.0,0.0,0.0,0.0,0.0,0.0,1,117.87,7.0,0.0,0.0,0.0,0.0,0.0,0.0,0.0,23.0,27.0,-,0.0,2.0,⛰️  Moy. montagne,0
2025-04-06,2025,syedra-ancient-city,result,,Energus Cycling Team,1,1.2,FIN,74.0,0.0,,,,,,,0.0,0.0,0.0,0.0,0.0,,140.79,138.0,1.36,1.35,0.0,0.0,4.72,0.334,134.0,1.01,0.0,0.0,0.318,0.951,0.0,2376.0,2067.0,313.0,-2.0,4.0,5.0,0.0,0.0,0.0,0.9988,0.9988,0.0,0.0,0.0,11.0,10.23,6.24,312.0,0.01,565.0,1.0,0,0.0,40.0,0.0,0.0,0.0,0.0,0.0,0.0,0.0,19.0,,-,0.0,3.0,🏔️  Haute montagne,0
2025-04-10,2025,tour-of-mersin,stage,1.0,Energus Cycling Team,1,2.2,FIN,126.0,0.0,71.0,0.0,,,,,0.0,0.0,0.0,0.0,0.0,1.0,92.75,91.5,0.474,0.0,0.0,0.0,22.5,0.0,69.5,0.0,0.869,0.0,0.0,0.0,0.0,951.0,820.0,204.0,3.0,1.0,2.0,0.0,0.0,0.0,0.9978,0.9978,0.0,0.0,0.0,0.2,3.9,2.54,553.0,0.01,233.0,1.0,1,140.79,7.0,0.0,0.0,0.0,0.0,0.0,0.0,0.0,25.0,,-,0.0,1.0,🟢  Plat/Sprint,0
2025-04-11,2025,tour-of-mersin,stage,2.0,Energus Cycling Team,1,2.2,FIN,56.0,0.0,71.0,0.0,,,,,0.0,0.0,0.0,0.0,0.0,2.0,120.54,120.0,0.352,0.0,0.0,0.0,29.1,0.414,90.5,0.0,0.736,0.0,0.736,0.0,0.0,1211.0,2248.0,1224.0,2.0,1.0,3.0,0.0,0.0,0.0,0.6626,0.6626,0.0,0.0,0.0,0.2,-0.13,0.06,247.0,-1.63,617.0,1.0,2,233.54,7.0,0.0,0.0,0.0,0.0,0.0,0.0,0.0,25.0,,-,0.0,2.0,⛰️  Moy. montagne,0
2025-04-12,2025,tour-of-mersin,stage,3.0,Energus Cycling Team,1,2.2,FIN,65.0,0.0,71.0,0.0,,,,,0.0,0.0,0.0,0.0,0.0,3.0,101.27,99.1,2.09,0.0,0.17,0.0,80.3,1.22,19.8,0.0,0.0,0.0,0.0,0.0,0.0,3233.0,2142.0,1259.0,66.0,2.0,0.0,2.0,1.0,1.0,0.9993,0.9993,0.9993,0.9993,0.5788,13.5,9.63,9.7,485.0,1.3,1313.0,1.0,3,354.08,7.0,0.0,0.0,0.0,0.0,0.0,0.0,0.0,25.0,,-,0.0,3.0,🏔️  Haute montagne,0
2025-04-13,2025,tour-of-mersin,stage,4.0,Energus Cycling Team,1,2.2,FIN,15.0,0.0,71.0,0.0,,,,,0.0,0.0,0.0,0.0,0.0,4.0,119.67,119.0,0.0,0.0,0.0,0.0,0.0,0.0,119.0,0.0,0.0,0.0,0.0,0.0,0.0,30.0,31.0,3.0,2.0,0.0,0.0,0.0,0.0,0.0,0.0,0.0,0.0,0.0,0.0,0.0,0.0,0.0,2.0,0.0,13.0,0.0,4,455.35,7.0,0.0,0.0,0.0,0.0,0.0,0.0,0.0,25.0,,Sprint of large group,0.0,1.0,🟢  Plat/Sprint,0
2025-05-10,2025,silesian-classic,result,,Energus Cycling Team,0,1.2,,,0.0,,,,,,,0.0,0.0,0.0,0.0,0.0,,154.86,135.0,18.8,0.0,0.0,0.0,77.9,70.3,0.0,5.45,0.0,0.186,3.27,3.61,0.0,2546.0,2560.0,456.0,354.0,8.0,0.0,0.0,0.0,0.0,0.9497,0.0,0.0,0.0,0.0,-1.4,-0.27,0.28,110.0,-0.05,793.0,1.0,4,434.23,40.0,0.0,0.0,0.0,0.0,0.0,0.0,0.0,15.0,,? km solo,0.0,2.0,⛰️  Moy. montagne,0
2025-05-30,2025,tour-of-estonia,stage,1.0,Energus Cycling Team,0,2.1,,,0.0,,,,,,,0.0,6.0,6.0,0.0,0.0,1.0,195.63,192.0,1.88,0.325,0.981,0.0,187.0,5.35,2.87,0.0,0.319,0.0,0.371,0.0,0.0,769.0,742.0,114.0,36.0,0.0,0.0,0.0,0.0,0.0,0.0,0.0,0.0,0.0,0.0,3.2,0.63,0.44,54.0,0.07,185.0,1.0,0,0.0,14.0,0.0,0.0,0.0,0.0,0.0,0.0,0.0,31.0,,-,0.0,1.0,🟢  Plat/Sprint,0
2025-05-31,2025,tour-of-estonia,stage,2.0,Energus Cycling Team,0,2.1,,,0.0,,,,,,,0.0,6.0,6.0,0.0,0.0,2.0,163.98,131.0,19.9,8.43,0.0,0.368,69.8,75.5,0.0,5.8,4.08,0.0,4.47,9.47,0.0,1088.0,1089.0,69.0,35.0,0.0,0.0,0.0,0.0,0.0,0.0,0.0,0.0,0.0,0.0,0.0,-0.5,-0.28,57.0,0.0,338.0,1.0,0,0.0,14.0,2.49,0.017,1.105,0.007,0.553,0.003,0.0,31.0,,-,0.0,1.0,🟢  Plat/Sprint,0
2025-06-04,2025,tour-of-lithuania,stage,1.0,Lithuania,1,2.2,FIN,10.0,0.0,53.0,0.0,,,,,0.0,0.0,0.0,0.0,0.0,1.0,179.5,174.0,0.156,4.31,0.0,0.0,95.9,1.16,78.1,0.156,0.0,0.0,0.979,4.31,0.0,680.0,680.0,33.0,2.0,0.0,0.0,0.0,0.0,0.0,0.0,0.0,0.0,0.0,0.0,-0.1,-0.07,-0.16,68.0,0.01,195.0,1.0,0,0.0,7.0,1.366,0.0,0.683,0.0,0.0,0.0,0.0,14.0,,Sprint of large group,1.0,1.0,🟢  Plat/Sprint,0
2025-06-04,2025,tour-of-lithuania,stage,1.0,Energus Cycling Team,0,2.2,,,0.0,,,,,,,0.0,0.0,0.0,0.0,0.0,1.0,179.5,174.0,0.156,4.31,0.0,0.0,95.9,1.16,78.1,0.156,0.0,0.0,0.979,4.31,0.0,680.0,680.0,33.0,2.0,0.0,0.0,0.0,0.0,0.0,0.0,0.0,0.0,0.0,0.0,-0.1,-0.07,-0.16,68.0,0.01,195.0,1.0,0,0.0,7.0,1.366,0.0,0.683,0.0,0.0,0.0,0.0,14.0,,Sprint of large group,0.0,1.0,🟢  Plat/Sprint,0
2025-06-05,2025,tour-of-lithuania,stage,2.0,Energus Cycling Team,0,2.2,,,0.0,,,,,,,0.0,0.0,0.0,0.0,0.0,2.0,172.12,169.0,2.17,0.109,0.0,0.0,77.5,3.61,90.3,1.1,0.0,0.0,0.922,0.0,0.0,641.0,629.0,58.0,5.0,0.0,0.0,0.0,0.0,0.0,0.0,0.0,0.0,0.0,0.0,1.1,0.37,0.12,76.0,0.02,201.0,1.0,1,179.5,7.0,0.0,0.0,0.0,0.0,0.0,0.0,0.0,14.0,,-,0.0,1.0,🟢  Plat/Sprint,0
2025-06-05,2025,tour-of-lithuania,stage,2.0,Lithuania,1,2.2,FIN,4.0,0.0,53.0,0.0,,,,,0.0,0.0,0.0,0.0,0.0,2.0,172.12,169.0,2.17,0.109,0.0,0.0,77.5,3.61,90.3,1.1,0.0,0.0,0.922,0.0,0.0,641.0,629.0,58.0,5.0,0.0,0.0,0.0,0.0,0.0,0.0,0.0,0.0,0.0,0.0,1.1,0.37,0.12,76.0,0.02,201.0,1.0,1,179.5,7.0,0.0,0.0,0.0,0.0,0.0,0.0,0.0,14.0,,-,0.0,1.0,🟢  Plat/Sprint,0
2025-06-06,2025,tour-of-lithuania,stage,3.0,Lithuania,1,2.2,FIN,99.0,0.0,53.0,0.0,,,,,0.0,0.0,0.0,0.0,0.0,3.0,157.11,153.0,4.37,0.0,0.218,0.0,102.0,0.507,51.8,2.75,0.0,0.0,0.0,0.218,0.0,313.0,327.0,93.0,24.0,0.0,0.0,0.0,0.0,0.0,0.0,0.0,0.0,0.0,0.0,-0.2,-0.43,-0.58,65.0,0.08,105.0,1.0,2,351.62,7.0,0.0,0.0,0.0,0.0,0.0,0.0,0.0,14.0,,-,0.0,1.0,🟢  Plat/Sprint,0
2025-06-06,2025,tour-of-lithuania,stage,3.0,Energus Cycling Team,0,2.2,,,0.0,,,,,,,0.0,0.0,0.0,0.0,0.0,3.0,157.11,153.0,4.37,0.0,0.218,0.0,102.0,0.507,51.8,2.75,0.0,0.0,0.0,0.218,0.0,313.0,327.0,93.0,24.0,0.0,0.0,0.0,0.0,0.0,0.0,0.0,0.0,0.0,0.0,-0.2,-0.43,-0.58,65.0,0.08,105.0,1.0,2,351.62,7.0,0.0,0.0,0.0,0.0,0.0,0.0,0.0,14.0,,-,0.0,1.0,🟢  Plat/Sprint,0
2025-06-07,2025,tour-of-lithuania,stage,4.0,Lithuania,1,2.2,FIN,5.0,0.0,53.0,0.0,,,,,0.0,0.0,0.0,0.0,0.0,4.0,157.07,157.0,0.0,0.0,0.335,0.0,86.9,0.0,70.0,0.255,0.0,0.0,0.0,0.103,0.0,863.0,866.0,216.0,91.0,2.0,0.0,0.0,0.0,0.0,0.9101,0.0,0.0,0.0,0.0,0.4,-0.63,-0.86,111.0,0.13,312.0,1.0,3,508.73,7.0,0.0,0.0,0.0,0.0,0.0,0.0,0.0,14.0,,-,0.0,1.0,🟢  Plat/Sprint,0
2025-06-07,2025,tour-of-lithuania,stage,4.0,Energus Cycling Team,0,2.2,,,0.0,,,,,,,0.0,0.0,0.0,0.0,0.0,4.0,157.07,157.0,0.0,0.0,0.335,0.0,86.9,0.0,70.0,0.255,0.0,0.0,0.0,0.103,0.0,863.0,866.0,216.0,91.0,2.0,0.0,0.0,0.0,0.0,0.9101,0.0,0.0,0.0,0.0,0.4,-0.63,-0.86,111.0,0.13,312.0,1.0,3,508.73,7.0,0.0,0.0,0.0,0.0,0.0,0.0,0.0,14.0,,-,0.0,1.0,🟢  Plat/Sprint,0
2025-06-08,2025,tour-of-lithuania,stage,5.0,Energus Cycling Team,0,2.2,,,0.0,,,,,,,0.0,0.0,0.0,0.0,0.0,5.0,143.78,137.0,0.543,5.95,0.19,0.0,99.0,3.01,25.4,10.5,0.549,0.0,0.885,0.477,0.12,860.0,920.0,194.0,85.0,1.0,0.0,0.0,0.0,0.0,0.5255,0.0,0.0,0.0,0.0,-0.4,-0.3,0.04,65.0,0.03,296.0,1.0,4,665.8,7.0,6.174,0.0,6.09,0.0,2.951,0.0,0.0,14.0,,Sprint of large group,0.0,1.0,🟢  Plat/Sprint,0
2025-06-08,2025,tour-of-lithuania,stage,5.0,Lithuania,1,2.2,FIN,53.0,0.0,53.0,0.0,,,,,0.0,0.0,0.0,0.0,0.0,5.0,143.78,137.0,0.543,5.95,0.19,0.0,99.0,3.01,25.4,10.5,0.549,0.0,0.885,0.477,0.12,860.0,920.0,194.0,85.0,1.0,0.0,0.0,0.0,0.0,0.5255,0.0,0.0,0.0,0.0,-0.4,-0.3,0.04,65.0,0.03,296.0,1.0,4,665.8,7.0,6.174,0.0,6.09,0.0,2.951,0.0,0.0,14.0,,Sprint of large group,0.0,1.0,🟢  Plat/Sprint,0
2025-06-21,2025,nc-lithuania-itt,result,,Energus Cycling Team,0,NC,,,0.0,,,,,,,23.0,23.0,0.0,0.0,0.0,,,,,,,,,,,,,,,,,,,,,0.0,0.0,0.0,0.0,0.0,,,,,,,,,,,,0.0,5,809.5799999999999,,,,,,,,,,,Time trial,,,,0
2025-06-29,2025,nc-lithuania,result,,,1,NC,FIN,4.0,15.0,,,,,,,0.0,0.0,0.0,0.0,0.0,,,,,,,,,,,,,,,,,,,,,0.0,0.0,0.0,0.0,0.0,,,,,,,,,,,,,5,809.5799999999999,,,,,,,,,,,-,,,,0
2025-06-29,2025,nc-lithuania,result,,Energus Cycling Team,0,NC,,,0.0,,,,,,,11.0,11.0,0.0,0.0,0.0,,,,,,,,,,,,,,,,,,,,,0.0,0.0,0.0,0.0,0.0,,,,,,,,,,,,0.0,5,809.5799999999999,,,,,,,,,,,-,,,,0
2025-06-29,2025,nc-latvia,result,,Energus Cycling Team,0,NC,,,0.0,,,,,,,40.0,40.0,0.0,0.0,0.0,,,,,,,,,,,,,,,,,,,,,0.0,0.0,0.0,0.0,0.0,,,,,,,,,,,,1.0,5,809.5799999999999,,,,,,,,,13.0,,-,,,,0
2025-09-04,2025,okolo-jiznich-cech,stage,1.0,Energus Cycling Team,0,2.2,,,0.0,,,,,,,0.0,0.0,0.0,0.0,0.0,1.0,0.0,160.0,6.7,0.9,0.0,0.0,165.0,2.66,0.0,0.0,0.0,0.0,0.0,0.0,0.0,0.0,0.0,0.0,0.0,0.0,0.0,0.0,0.0,0.0,0.0,0.0,0.0,0.0,0.0,0.0,0.0,0.0,0.0,0.0,0.0,1.0,0,0.0,7.0,0.0,0.0,0.0,0.0,0.0,0.0,0.0,19.0,,-,0.0,2.0,⛰️  Moy. montagne,0
2025-09-05,2025,okolo-jiznich-cech,stage,2.0,Energus Cycling Team,0,2.2,,,0.0,,,,,,,0.0,0.0,0.0,0.0,0.0,2.0,0.0,161.0,7.01,0.0,0.0,0.0,164.0,3.81,0.0,0.0,0.0,0.0,0.206,0.576,0.0,0.0,0.0,0.0,0.0,0.0,0.0,0.0,0.0,0.0,0.0,0.0,0.0,0.0,0.0,0.0,0.0,0.0,0.0,0.0,0.0,1.0,0,0.0,7.0,0.0,0.0,0.0,0.0,0.0,0.0,0.0,19.0,,-,0.0,1.0,🟢  Plat/Sprint,0
2025-09-06,2025,okolo-jiznich-cech,stage,3.0,Energus Cycling Team,0,2.2,,,0.0,,,,,,,0.0,0.0,0.0,0.0,0.0,3.0,0.0,124.0,2.13,0.0,0.0,0.0,125.0,1.43,0.0,0.0,0.0,0.0,0.0,0.0,0.0,0.0,0.0,0.0,0.0,0.0,0.0,0.0,0.0,0.0,0.0,0.0,0.0,0.0,0.0,0.0,0.0,0.0,0.0,0.0,0.0,1.0,0,0.0,7.0,0.0,0.0,0.0,0.0,0.0,0.0,0.0,19.0,,-,0.0,2.0,⛰️  Moy. montagne,0
2025-09-07,2025,okolo-jiznich-cech,stage,4.0,Energus Cycling Team,0,2.2,,,0.0,,,,,,,0.0,0.0,0.0,0.0,0.0,4.0,0.0,165.0,5.28,1.75,0.0,0.0,159.0,11.2,0.148,0.401,0.0,0.0,0.0,1.01,0.0,0.0,0.0,0.0,0.0,0.0,0.0,0.0,0.0,0.0,0.0,0.0,0.0,0.0,0.0,0.0,0.0,0.0,0.0,0.0,0.0,1.0,0,0.0,7.0,0.0,0.0,0.0,0.0,0.0,0.0,0.0,19.0,,-,0.0,2.0,⛰️  Moy. montagne,0
