date,year,course,type,etape,equipe,selected,classification,statut,rang,pts_uci,rang_gc_final,pts_uci_gc_final,rang_kom_final,pts_uci_kom_final,rang_points_final,pts_uci_points_final,pts_uci_equipe_stage,pts_uci_equipe_total,pts_uci_gc,pts_uci_kom,pts_uci_points,stage_num,distance_gpx_km,asphalt_km,paved_km,cobblestones_km,unpaved_km,compacted_gravel_km,road_km,street_km,state_road_km,cycleway_km,off-grid_(unknown)_km,access_road_km,unknown_km,path_km,singletrack_km,denivele_pos,denivele_neg,altitude_max,altitude_min,n_cols_cat4,n_cols_cat3,n_cols_cat2,n_cols_cat1,n_cols_hc,loc_last_col_cat4,loc_last_col_cat3,loc_last_col_cat2,loc_last_col_cat1,loc_last_col_hc,gradient_last_1km,gradient_last_3km,gradient_last_5km,denivele_last_5km,gradient_first_50km,denivele_first_50km,leader_played,n_races_30d,km_30d,max_pts,cobblestones_last_50km,compacted_gravel_last_50km,cobblestones_last_20km,compacted_gravel_last_20km,cobblestones_last_10km,compacted_gravel_last_10km,pts_ratio,startlist_quality,avg_temperature,won_how,forme_equipe,stage_cluster,stage_cluster_label,is_team_leader
2021-03-07,2021,gp-industria-artigianato,result,,Italy,0,1.Pro,,,0.0,,,,,,,0.0,0.0,0.0,0.0,0.0,,191.99,162.0,29.6,0.0,0.0,0.0,169.0,4.06,18.1,0.0,0.0,0.0,0.29,0.0,0.0,2207.0,2208.0,353.0,19.0,0.0,0.0,4.0,0.0,0.0,0.9592,0.9592,0.9592,0.0,0.0,1.1,-3.07,-4.8,16.0,-0.01,324.0,0,0,0.0,200.0,0.0,0.0,0.0,0.0,0.0,0.0,0.0,310.0,,Sprint of small group,166.6,2.0,⛰️  Moy. montagne,0
2021-03-21,2021,per-sempre-alfredo,result,,Italy,0,1.1,,,0.0,,,,,,,150.0,150.0,0.0,0.0,0.0,,161.73,155.0,4.0,0.119,0.0,0.0,118.0,5.31,35.5,0.919,1.85,0.0,2.02,0.109,0.0,2018.0,2023.0,522.0,42.0,0.0,1.0,3.0,0.0,0.0,0.5611,0.5611,0.3908,0.0,0.0,1.1,0.23,0.04,18.0,0.7,1165.0,0,0,0.0,125.0,0.0,0.0,0.0,0.0,0.0,0.0,0.0,69.0,,Sprint of small group,97.4,2.0,⛰️  Moy. montagne,0
2021-06-15,2021,adriatica-ionica-race,stage,1.0,Italy,0,2.1,,,0.0,,,,,,,14.0,28.0,0.0,0.0,0.0,1.0,0.0,169.0,8.82,0.0,0.0,0.0,131.0,0.948,46.3,0.0,0.0,0.0,0.0,0.0,0.0,0.0,0.0,0.0,0.0,0.0,0.0,0.0,0.0,0.0,0.0,0.0,0.0,0.0,0.0,0.0,0.0,0.0,0.0,0.0,0.0,0,0,0.0,14.0,0.0,0.0,0.0,0.0,0.0,0.0,0.0,62.0,,Sprint of large group,4.2,1.0,🟢  Plat/Sprint,0
2021-06-16,2021,adriatica-ionica-race,stage,2.0,Italy,0,2.1,,,0.0,,,,,,,0.0,28.0,0.0,0.0,0.0,2.0,0.0,133.0,9.9,0.545,0.0,0.0,137.0,1.24,2.69,2.3,1.16,0.0,1.25,0.0,0.0,0.0,0.0,0.0,0.0,0.0,0.0,0.0,0.0,0.0,0.0,0.0,0.0,0.0,0.0,0.0,0.0,0.0,0.0,0.0,0.0,0,0,0.0,14.0,0.0,0.0,0.0,0.0,0.0,0.0,0.0,62.0,,Sprint of small group,1.0,3.0,🏔️  Haute montagne,0
2021-06-17,2021,adriatica-ionica-race,stage,3.0,Italy,0,2.1,,,0.0,,,,,,,14.0,28.0,0.0,0.0,0.0,3.0,0.0,117.0,15.3,0.0,16.7,0.517,136.0,2.12,12.0,0.0,0.0,0.0,0.0,0.0,0.0,0.0,0.0,0.0,0.0,0.0,0.0,0.0,0.0,0.0,0.0,0.0,0.0,0.0,0.0,0.0,0.0,0.0,0.0,0.0,0.0,0,0,0.0,14.0,0.0,0.0,0.0,0.0,0.0,0.0,0.0,62.0,,Sprint of large group,5.0,1.0,🟢  Plat/Sprint,0
2021-06-24,2021,giro-dell-appennino,result,,Italy,0,1.1,,,0.0,,,,,,,15.0,15.0,0.0,0.0,0.0,,191.98,185.0,4.19,0.0,0.574,0.0,114.0,3.17,34.8,38.9,1.84,0.323,3.27,0.287,0.0,2689.0,2886.0,766.0,0.0,1.0,0.0,2.0,2.0,0.0,0.8372,0.8372,0.8372,0.8372,0.0,1.4,0.27,0.3,37.0,0.03,259.0,0,0,0.0,125.0,0.0,0.0,0.0,0.0,0.0,0.0,0.0,122.0,,26 km solo,125.2,2.0,⛰️  Moy. montagne,0
2021-07-04,2021,giro-del-medio-brenta,result,,Italy,0,1.2,,,0.0,,,,,,,0.0,0.0,0.0,0.0,0.0,,170.49,166.0,4.04,0.115,0.0,0.0,129.0,5.26,32.5,3.43,0.0,0.0,0.0,0.351,0.0,2094.0,1039.0,1098.0,19.0,0.0,2.0,0.0,0.0,1.0,0.9998,0.9998,0.8059,0.8059,0.8059,4.9,1.33,3.7,236.0,0.01,32.0,0,0,0.0,40.0,0.0,0.0,0.0,0.0,0.0,0.0,0.0,8.0,,-,1.0,3.0,🏔️  Haute montagne,0
2021-07-14,2021,settimana-ciclistica-italiana,stage,1.0,Italy,0,2.1,,,0.0,,,,,,,5.0,5.0,0.0,0.0,0.0,1.0,155.32,154.0,1.94,0.0,0.0,0.0,145.0,0.0,8.82,1.94,0.0,0.0,0.0,0.0,0.0,2177.0,1951.0,552.0,2.0,1.0,5.0,1.0,0.0,0.0,0.9661,0.9661,0.5031,0.0,0.0,1.4,-2.57,0.3,87.0,0.28,340.0,0,0,0.0,14.0,0.0,0.0,0.0,0.0,0.0,0.0,0.0,288.0,,Sprint of small group,90.2,2.0,⛰️  Moy. montagne,0
2021-07-15,2021,settimana-ciclistica-italiana,stage,2.0,Italy,0,2.1,,,0.0,,,,,,,0.0,5.0,0.0,0.0,0.0,2.0,185.55,184.0,0.415,0.0,0.0,0.0,177.0,0.139,8.06,0.0,0.86,0.0,0.272,0.0,0.0,2338.0,2487.0,877.0,1.0,3.0,2.0,1.0,1.0,0.0,0.7332,0.7332,0.7332,0.7332,0.0,-0.1,-0.07,-0.02,12.0,0.39,788.0,0,0,0.0,14.0,0.0,0.0,0.0,0.0,0.0,0.0,0.0,288.0,,Sprint of large group,76.6,2.0,⛰️  Moy. montagne,0
2021-07-16,2021,settimana-ciclistica-italiana,stage,3.0,Italy,0,2.1,,,0.0,,,,,,,0.0,5.0,0.0,0.0,0.0,3.0,180.54,177.0,0.246,0.58,0.0,0.0,107.0,0.257,70.7,0.0,3.02,0.0,2.73,0.0,0.0,1492.0,1491.0,552.0,-2.0,1.0,0.0,2.0,0.0,0.0,0.6749,0.6749,0.6749,0.0,0.0,-0.1,-0.03,-0.36,41.0,0.1,88.0,0,0,0.0,14.0,0.636,0.0,0.636,0.0,0.636,0.0,0.0,288.0,,Sprint of large group,7.8,1.0,🟢  Plat/Sprint,0
2021-07-17,2021,settimana-ciclistica-italiana,stage,4.0,Italy,0,2.1,,,0.0,,,,,,,0.0,5.0,0.0,0.0,0.0,4.0,167.65,166.0,0.0,0.0,0.0,0.0,114.0,0.0,51.8,0.0,2.1,0.136,2.23,0.0,0.0,2503.0,2500.0,627.0,-1.0,1.0,1.0,3.0,0.0,0.0,0.7273,0.7273,0.7273,0.0,0.0,0.2,0.1,0.04,8.0,0.77,750.0,0,0,0.0,14.0,0.0,0.0,0.0,0.0,0.0,0.0,0.0,288.0,,Sprint of small group,34.0,2.0,⛰️  Moy. montagne,0
2021-07-18,2021,settimana-ciclistica-italiana,stage,5.0,Italy,0,2.1,,,0.0,,,,,,,0.0,5.0,0.0,0.0,0.0,5.0,170.04,164.0,0.0,0.58,0.0,0.0,108.0,0.203,56.9,0.0,5.34,0.0,3.62,0.0,0.0,1889.0,1902.0,540.0,0.0,1.0,1.0,2.0,0.0,0.0,0.7529,0.7529,0.5324,0.0,0.0,-0.1,-0.03,-0.36,43.0,0.4,386.0,0,0,0.0,14.0,0.636,0.0,0.636,0.0,0.636,0.0,0.0,288.0,,Sprint of large group,34.0,2.0,⛰️  Moy. montagne,0
2021-07-24,2021,olympic-games,result,,Italy,0,Olympics,,,0.0,,,,,,,108.0,108.0,0.0,0.0,0.0,,232.12,114.0,92.1,0.0,0.0,0.0,95.0,8.73,109.0,0.0,17.8,0.284,26.7,1.36,0.0,4541.0,4000.0,1449.0,35.0,8.0,0.0,1.0,1.0,1.0,0.9997,0.8586,0.8586,0.8586,0.6249,0.8,0.87,0.4,138.0,0.64,833.0,0,0,0.0,600.0,0.0,0.0,0.0,0.0,0.0,0.0,0.0,1176.0,,5.7 km solo,4.0,2.0,⛰️  Moy. montagne,0
2021-07-28,2021,olympic-games-itt,result,,Italy,0,Olympics,,,0.0,,,,,,,165.0,165.0,0.0,0.0,0.0,,43.78,23.7,1.42,0.0,0.0,0.0,24.6,6.78,0.0,0.0,12.5,0.0,18.8,0.0,0.0,745.0,744.0,674.0,453.0,2.0,2.0,0.0,0.0,0.0,0.9981,0.7409,0.0,0.0,0.0,0.9,0.87,0.42,133.0,0.0,745.0,0,0,0.0,350.0,0.0,0.0,0.0,0.0,0.0,0.0,0.0,487.0,,Time trial,133.0,0.0,⏱️  CLM,0
2021-09-09,2021,uec-road-european-championships-itt,result,,Italy,0,CC,,,0.0,,,,,,,75.0,75.0,0.0,0.0,0.0,,22.37,21.3,0.0,0.271,0.0,0.0,20.9,0.0,0.0,0.489,0.883,0.0,0.883,0.232,0.0,50.0,50.0,210.0,185.0,0.0,0.0,0.0,0.0,0.0,0.0,0.0,0.0,0.0,0.0,0.0,-0.23,-0.42,50.0,0.0,50.0,0,0,0.0,70.0,0.0,0.0,0.0,0.0,0.0,0.0,0.0,257.0,,Time trial,166.0,0.0,⏱️  CLM,0
2021-09-12,2021,uec-road-european-championships-me,result,,Italy,0,CC,,,0.0,,,,,,,400.0,400.0,0.0,0.0,0.0,,175.7,78.5,0.28,7.8,0.0,0.0,70.7,3.13,0.0,8.25,0.671,0.0,0.671,0.341,0.0,2566.64,2566.64,378.0,189.0,0.0,12.65,0.0,0.0,0.0,0.9073,0.9073,0.0,0.0,0.0,0.3,-0.07,-0.94,215.0,0.25,1687.19,1,0,0.0,250.0,3.36,0.0,1.12,0.0,0.01,0.0,0.0,703.0,27.0,Sprint à deux,22.6,2.0,⛰️  Moy. montagne,0
2021-09-15,2021,giro-di-toscana,result,,Italy,0,1.1,,,0.0,,,,,,,85.0,85.0,0.0,0.0,0.0,,193.08,190.0,2.57,0.0,0.0,0.0,154.0,0.245,38.4,0.0,0.0,0.0,0.0,0.0,0.0,2009.0,2006.0,638.0,7.0,1.0,2.0,2.0,0.0,0.0,0.8422,0.8422,0.8422,0.0,0.0,-0.1,-0.03,0.0,18.0,0.2,477.0,1,0,0.0,125.0,0.0,0.0,0.0,0.0,0.0,0.0,0.0,303.0,20.0,14.2 km solo,101.6,2.0,⛰️  Moy. montagne,0
2021-09-16,2021,gp-citta-di-peccioli,result,,Italy,0,1.Pro,,,0.0,,,,,,,108.0,108.0,0.0,0.0,0.0,,210.31,183.0,26.4,0.708,0.0,0.0,160.0,5.25,44.3,0.0,1.09,0.0,1.09,0.0,0.0,2671.0,2693.0,209.0,34.0,21.0,1.0,0.0,0.0,0.0,0.9998,0.1799,0.0,0.0,0.0,5.4,2.4,1.6,103.0,-0.18,539.0,1,0,0.0,200.0,0.135,0.0,0.0,0.0,0.0,0.0,0.0,276.0,24.0,Sprint à deux,118.6,2.0,⛰️  Moy. montagne,0
2021-09-18,2021,memorial-marco-pantani,result,,Italy,0,1.1,,,0.0,,,,,,,43.0,43.0,0.0,0.0,0.0,,199.05,177.0,16.7,0.0,0.0,0.0,178.0,11.5,3.09,0.958,5.58,0.0,4.99,0.531,0.0,2860.0,2928.0,448.0,-1.0,1.0,2.0,4.0,0.0,0.0,0.8143,0.7274,0.7274,0.0,0.0,0.0,0.0,0.0,2.0,0.11,743.0,1,0,0.0,125.0,0.0,0.0,0.0,0.0,0.0,0.0,0.0,232.0,25.0,Sprint of small group,140.2,2.0,⛰️  Moy. montagne,0
2021-09-19,2021,world-championship-itt,result,,Italy,0,WC,,,0.0,,,,,,,410.0,410.0,0.0,0.0,0.0,,43.27,35.3,5.76,1.88,0.0,0.0,19.1,2.2,0.2,16.6,0.0,0.0,0.634,1.17,0.0,22.0,21.0,8.0,0.0,0.0,0.0,0.0,0.0,0.0,0.0,0.0,0.0,0.0,0.0,0.4,0.13,0.1,12.0,0.0,22.0,0,0,0.0,350.0,1.858,0.007,0.516,0.007,0.339,0.0,0.0,346.0,,Time trial,169.0,0.0,⏱️  CLM,0
2021-09-19,2021,trofeo-matteotti,result,,Italy,0,1.1,,,0.0,,,,,,,45.0,45.0,0.0,0.0,0.0,,193.63,192.0,1.15,0.111,0.0,0.0,167.0,8.62,0.0,16.8,0.0,0.0,0.0,1.6,0.0,2508.0,2510.0,142.0,1.0,13.0,0.0,0.0,0.0,0.0,0.9507,0.0,0.0,0.0,0.0,0.2,-1.97,-2.38,276.0,0.17,675.0,0,0,0.0,125.0,0.0,0.0,0.0,0.0,0.0,0.0,0.0,150.0,28.0,5 km solo,148.8,2.0,⛰️  Moy. montagne,0
2021-09-26,2021,world-championship,result,,Italy,0,WC,,,0.0,,,,,,,163.0,163.0,0.0,0.0,0.0,,268.3,88.1,55.0,21.31,0.503,0.0,36.9,28.7,2.56,63.1,5.56,0.309,6.05,2.85,0.228,1821.07,1762.81,107.0,-5.0,1.66,0.0,0.0,0.0,0.0,0.5974,0.0,0.0,0.0,0.0,0.7,0.63,-0.36,104.0,0.01,138.16,1,0,0.0,600.0,4.15,0.0,1.85,0.0,0.47,0.0,0.0,1357.0,21.0,17.4 km solo,7.8,1.0,🟢  Plat/Sprint,0
2021-10-11,2021,coppa-agostoni,result,,Italy,0,1.1,,,0.0,,,,,,,3.0,3.0,0.0,0.0,0.0,,181.97,155.0,26.8,0.0,0.0,0.0,174.0,5.09,0.267,2.05,0.0,0.0,0.0,0.153,0.0,2816.0,2833.0,539.0,184.0,5.0,4.0,4.0,0.0,0.0,0.8736,0.8736,0.8103,0.0,0.0,-0.7,-0.5,-0.48,1.0,0.05,347.0,0,0,0.0,125.0,0.0,0.0,0.0,0.0,0.0,0.0,0.0,246.0,17.0,Sprint à deux,136.2,2.0,⛰️  Moy. montagne,0
2021-10-13,2021,giro-del-veneto,result,,Italy,1,1.1,FIN,102.0,0.0,,,,,,,70.0,70.0,0.0,0.0,0.0,,168.24,164.0,2.31,1.27,0.0,0.0,150.0,1.53,7.93,7.16,0.381,0.0,0.691,0.488,0.21,1673.0,1711.0,425.0,11.0,1.0,2.0,2.0,0.0,0.0,0.7994,0.7994,0.7994,0.0,0.0,-0.2,-0.07,-0.02,4.0,0.17,153.0,0,0,0.0,125.0,0.149,0.0,0.057,0.0,0.0,0.0,0.0,193.0,18.0,Sprint of small group,56.8,2.0,⛰️  Moy. montagne,0
2021-10-17,2021,veneto-classic,result,,Italy,0,1.1,,,0.0,,,,,,,35.0,35.0,0.0,0.0,0.0,,206.03,194.0,11.3,1.11,0.0,0.0,145.0,3.25,44.3,12.4,0.456,0.0,0.702,0.371,0.52,2570.0,2465.0,426.0,5.0,4.0,5.0,1.0,0.0,0.0,0.9596,0.9596,0.2494,0.0,0.0,-1.8,-2.73,-2.16,53.0,0.19,139.0,0,1,168.24,125.0,0.334,0.0,0.0,0.0,0.0,0.0,0.0,185.0,18.0,21.9 km solo,53.8,2.0,⛰️  Moy. montagne,0
2022-03-02,2022,trofeo-laigueglia,result,,Italy,0,1.Pro,,,0.0,,,,,,,3.0,3.0,0.0,0.0,0.0,,202.72,182.0,19.1,0.0,0.0,0.0,117.0,8.08,68.1,7.46,1.76,0.0,1.22,0.0,0.0,2967.0,2967.0,481.0,1.0,0.0,4.0,3.0,0.0,0.0,0.9537,0.9537,0.5837,0.0,0.0,-0.4,-1.97,-0.04,83.0,0.21,643.0,0,0,0.0,200.0,0.0,0.0,0.0,0.0,0.0,0.0,0.0,311.0,,0.5 km solo,39.2,2.0,⛰️  Moy. montagne,0
2022-03-20,2022,popolarissima,result,,Arvedi Cycling,1,1.2,DNF,,0.0,,,,,,,0.0,0.0,0.0,0.0,0.0,,175.74,167.0,3.25,0.294,0.0,0.0,72.6,8.71,47.4,41.5,5.01,0.0,5.21,0.575,0.0,218.0,217.0,22.0,12.0,0.0,0.0,0.0,0.0,0.0,0.0,0.0,0.0,0.0,0.0,0.0,0.03,-0.02,8.0,0.02,67.0,1,0,0.0,40.0,0.0,0.0,0.0,0.0,0.0,0.0,0.0,0.0,,Sprint of large group,,1.0,🟢  Plat/Sprint,1
2022-03-20,2022,per-sempre-alfredo,result,,Italy,0,1.1,,,0.0,,,,,,,94.0,94.0,0.0,0.0,0.0,,173.27,165.0,4.62,0.0,0.0,0.0,131.0,3.08,35.6,0.3,2.91,0.0,3.29,0.109,0.0,2918.0,2922.0,521.0,45.0,1.0,5.0,2.0,0.0,0.0,0.9559,0.9559,0.2346,0.0,0.0,0.8,0.0,-1.22,13.0,0.34,932.0,0,0,0.0,125.0,0.0,0.0,0.0,0.0,0.0,0.0,0.0,82.0,,8.5 km solo,31.2,2.0,⛰️  Moy. montagne,0
2022-03-22,2022,settimana-internazionale-coppi-e-bartali,stage,1.0,Italy,0,2.1,,,0.0,,,,,,,0.0,30.0,30.0,0.0,0.0,1.0,162.93,162.0,0.105,0.194,0.0,0.0,162.0,0.0,0.0,0.308,0.0,0.0,0.0,0.0,0.0,2898.0,2967.0,394.0,1.0,6.0,2.0,4.0,0.0,0.0,0.9345,0.821,0.7557,0.0,0.0,0.1,-2.23,-1.86,6.0,-0.03,809.0,0,1,175.74,14.0,0.0,0.0,0.0,0.0,0.0,0.0,0.0,264.0,,Sprint à deux,41.0,2.0,⛰️  Moy. montagne,0
2022-03-23,2022,settimana-internazionale-coppi-e-bartali,stage,2.0,Italy,0,2.1,,,0.0,,,,,,,0.0,30.0,30.0,0.0,0.0,2.0,166.18,140.0,25.4,0.0,0.0,0.0,163.0,1.47,0.17,0.0,1.25,0.0,1.25,0.0,0.0,2673.0,2530.0,371.0,1.0,8.0,0.0,5.0,0.0,0.0,0.9997,0.9345,0.9345,0.0,0.0,6.9,3.37,1.78,121.0,0.1,334.0,0,1,175.74,14.0,0.0,0.0,0.0,0.0,0.0,0.0,0.0,264.0,,Sprint of small group,40.4,2.0,⛰️  Moy. montagne,0
2022-03-24,2022,settimana-internazionale-coppi-e-bartali,stage,3.0,Italy,0,2.1,,,0.0,,,,,,,0.0,30.0,30.0,0.0,0.0,3.0,147.2,145.0,1.72,0.621,0.0,0.0,131.0,3.24,13.2,0.0,0.0,0.0,0.0,0.0,0.0,3963.0,3805.0,984.0,62.0,5.0,0.0,5.0,1.0,0.0,0.9998,0.9998,0.9998,0.1695,0.0,5.9,7.07,7.38,358.0,-0.6,928.0,0,1,175.74,14.0,0.355,0.0,0.218,0.0,0.08,0.0,0.0,264.0,,1.5 km solo,1.0,3.0,🏔️  Haute montagne,0
2022-03-25,2022,settimana-internazionale-coppi-e-bartali,stage,4.0,Italy,0,2.1,,,0.0,,,,,,,0.0,30.0,30.0,0.0,0.0,4.0,156.33,153.0,2.4,0.0,0.0,0.0,121.0,7.54,27.4,0.0,0.0,0.0,1.5,1.5,0.0,2410.0,2411.0,868.0,24.0,0.0,8.0,0.0,0.0,1.0,0.9429,0.9429,0.516,0.516,0.516,1.0,0.3,-0.04,18.0,0.05,738.0,0,1,175.74,14.0,0.0,0.0,0.0,0.0,0.0,0.0,0.0,264.0,20.0,Sprint of large group,26.4,2.0,⛰️  Moy. montagne,0
2022-03-26,2022,settimana-internazionale-coppi-e-bartali,stage,5.0,Italy,0,2.1,,,0.0,,,,,,,0.0,30.0,30.0,0.0,0.0,5.0,160.46,142.0,17.1,0.0,0.0,0.0,145.0,2.23,12.0,0.585,0.457,0.0,0.584,0.0,0.0,1997.0,1998.0,404.0,16.0,1.0,1.0,3.0,0.0,0.0,0.9119,0.9119,0.9119,0.0,0.0,0.5,0.03,-0.3,10.0,0.02,190.0,0,1,175.74,14.0,0.0,0.0,0.0,0.0,0.0,0.0,0.0,264.0,22.0,Other,19.4,2.0,⛰️  Moy. montagne,0
2022-03-27,2022,gp-industria-artigianato,result,,Italy,0,1.Pro,,,0.0,,,,,,,245.0,245.0,0.0,0.0,0.0,,191.99,162.0,29.6,0.0,0.0,0.0,169.0,4.06,18.1,0.0,0.0,0.0,0.29,0.0,0.0,2207.0,2208.0,353.0,19.0,0.0,0.0,4.0,0.0,0.0,0.9592,0.9592,0.9592,0.0,0.0,1.1,-3.07,-4.8,16.0,-0.01,324.0,0,1,175.74,200.0,0.0,0.0,0.0,0.0,0.0,0.0,0.0,123.0,22.0,Sprint of small group,18.8,2.0,⛰️  Moy. montagne,0
2022-04-12,2022,giro-di-sicilia,stage,1.0,Italy,0,2.1,,,0.0,,,,,,,14.0,213.0,171.0,0.0,0.0,1.0,198.78,196.0,1.34,0.397,0.0,0.0,57.5,0.662,140.0,0.0,0.277,0.0,0.372,0.0,0.0,1623.0,1555.0,201.0,-1.0,2.0,1.0,0.0,0.0,0.0,0.7717,0.1067,0.0,0.0,0.0,1.2,1.03,1.02,85.0,0.02,445.0,0,1,175.74,14.0,0.0,0.0,0.0,0.0,0.0,0.0,0.0,102.0,16.0,Sprint of large group,40.4,1.0,🟢  Plat/Sprint,0
2022-04-13,2022,giro-di-sicilia,stage,2.0,Italy,0,2.1,,,0.0,,,,,,,14.0,213.0,171.0,0.0,0.0,2.0,152.15,152.0,0.287,0.0,0.0,0.0,28.9,0.0,122.0,0.484,0.207,0.0,0.0,0.0,0.0,2351.0,1879.0,911.0,1.0,2.0,2.0,0.0,0.0,1.0,0.9998,0.9998,0.8001,0.8001,0.8001,5.2,1.27,2.94,337.0,0.52,606.0,0,1,175.74,14.0,0.0,0.0,0.0,0.0,0.0,0.0,0.0,102.0,17.0,Sprint of small group,1.0,3.0,🏔️  Haute montagne,0
2022-04-14,2022,giro-di-sicilia,stage,3.0,Italy,0,2.1,,,0.0,,,,,,,0.0,213.0,171.0,0.0,0.0,3.0,170.81,170.0,0.0,0.0,0.0,0.0,55.2,0.0,115.0,0.0,0.976,0.0,0.976,0.0,0.0,2806.0,2120.0,702.0,2.0,5.0,1.0,1.0,1.0,0.0,0.9911,0.9911,0.9911,0.9911,0.0,0.6,1.33,1.84,201.0,0.79,801.0,0,1,175.74,14.0,0.0,0.0,0.0,0.0,0.0,0.0,0.0,102.0,16.0,10.7 km solo,49.0,2.0,⛰️  Moy. montagne,0
2022-04-15,2022,giro-di-sicilia,stage,4.0,Italy,0,2.1,,,0.0,,,,,,,14.0,213.0,171.0,0.0,0.0,4.0,139.69,136.0,1.23,1.68,0.0,0.0,88.8,1.54,48.8,0.0,0.617,0.0,0.748,0.0,0.0,3562.0,2281.0,1800.0,17.0,1.0,1.0,2.0,0.0,1.0,0.9998,0.9998,0.9998,0.9998,0.9998,6.9,8.37,3.48,264.0,0.71,927.0,0,1,175.74,14.0,0.872,0.0,0.0,0.0,0.0,0.0,0.0,102.0,15.0,1.4 km solo,3.8,3.0,🏔️  Haute montagne,0
2022-05-01,2022,circuito-del-porto-trofeo-arvedi,result,,Arvedi Cycling,1,1.2,FIN,2.0,30.0,,,,,,,30.0,30.0,0.0,0.0,0.0,,180.03,177.0,0.0,0.0,0.0,0.0,111.0,0.0,45.8,19.9,2.86,0.0,2.65,0.0,0.0,265.0,266.0,46.0,37.0,0.0,0.0,0.0,0.0,0.0,0.0,0.0,0.0,0.0,0.0,0.1,-0.1,0.0,58.0,-0.0,73.0,1,0,0.0,40.0,0.0,0.0,0.0,0.0,0.0,0.0,0.75,14.0,,-,0.0,1.0,🟢  Plat/Sprint,1
2022-06-04,2022,adriatica-ionica-race,stage,1.0,Italy,0,2.1,,,0.0,,,,,,,14.0,42.0,0.0,0.0,0.0,1.0,0.0,156.0,13.9,0.165,0.0,0.0,86.2,3.92,76.6,3.22,0.0,0.0,0.0,0.0,0.0,0.0,0.0,0.0,0.0,0.0,0.0,0.0,0.0,0.0,0.0,0.0,0.0,0.0,0.0,0.0,0.0,0.0,0.0,0.0,0.0,0,0,0.0,14.0,0.0,0.0,0.0,0.0,0.0,0.0,0.0,57.0,27.0,Sprint of small group,41.0,1.0,🟢  Plat/Sprint,0
2022-06-05,2022,adriatica-ionica-race,stage,2.0,Italy,0,2.1,,,0.0,,,,,,,0.0,42.0,0.0,0.0,0.0,2.0,0.0,154.0,3.65,0.0,0.0,0.0,126.0,1.81,27.9,2.05,0.0,0.0,0.338,0.44,0.0,0.0,0.0,0.0,0.0,0.0,0.0,0.0,0.0,0.0,0.0,0.0,0.0,0.0,0.0,0.0,0.0,0.0,0.0,0.0,0.0,0,0,0.0,14.0,0.0,0.0,0.0,0.0,0.0,0.0,0.0,57.0,28.0,Sprint of small group,5.6,3.0,🏔️  Haute montagne,0
2022-06-06,2022,adriatica-ionica-race,stage,3.0,Italy,0,2.1,,,0.0,,,,,,,14.0,42.0,0.0,0.0,0.0,3.0,0.0,134.0,0.232,1.13,0.252,0.182,120.0,1.23,11.6,1.93,0.776,0.0,0.824,0.567,0.394,0.0,0.0,0.0,0.0,0.0,0.0,0.0,0.0,0.0,0.0,0.0,0.0,0.0,0.0,0.0,0.0,0.0,0.0,0.0,0.0,0,0,0.0,14.0,0.0,0.0,0.0,0.0,0.0,0.0,0.0,57.0,28.0,13.5 km solo,49.0,2.0,⛰️  Moy. montagne,0
2022-06-07,2022,adriatica-ionica-race,stage,4.0,Italy,0,2.1,,,0.0,,,,,,,0.0,42.0,0.0,0.0,0.0,4.0,0.0,157.0,2.32,0.0,0.0,0.0,113.0,2.42,42.6,1.61,0.0,0.0,0.0,0.0,0.0,0.0,0.0,0.0,0.0,0.0,0.0,0.0,0.0,0.0,0.0,0.0,0.0,0.0,0.0,0.0,0.0,0.0,0.0,0.0,0.0,0,0,0.0,14.0,0.0,0.0,0.0,0.0,0.0,0.0,0.0,57.0,28.0,10.5 km solo,51.8,2.0,⛰️  Moy. montagne,0
2022-06-08,2022,adriatica-ionica-race,stage,5.0,Italy,0,2.1,,,0.0,,,,,,,14.0,42.0,0.0,0.0,0.0,5.0,0.0,158.0,0.305,0.646,0.0,0.0,74.5,4.14,78.9,1.08,0.231,0.0,0.0,0.54,0.0,0.0,0.0,0.0,0.0,0.0,0.0,0.0,0.0,0.0,0.0,0.0,0.0,0.0,0.0,0.0,0.0,0.0,0.0,0.0,0.0,0,0,0.0,14.0,0.0,0.0,0.0,0.0,0.0,0.0,0.0,57.0,25.0,Sprint of small group,51.8,2.0,⛰️  Moy. montagne,0
2022-06-30,2022,mediterranean-games-itt,result,,Italy,0,JR,,,0.0,,,,,,,0.0,0.0,0.0,0.0,0.0,,,,,,,,,,,,,,,,,,,,,0.0,0.0,0.0,0.0,0.0,,,,,,,,,,,,0,0,0.0,,,,,,,,,7.0,,Time trial,,,,0
2022-07-02,2022,mersin-mediterranean-games,result,,Italy,1,JR,FIN,43.0,0.0,,,,,,,0.0,0.0,0.0,0.0,0.0,,,,,,,,,,,,,,,,,,,,,0.0,0.0,0.0,0.0,0.0,,,,,,,,,,,,0,0,0.0,,,,,,,,,20.0,,-,,,,0
2022-08-14,2022,uec-road-european-championships-me,result,,Italy,0,CC,,,0.0,,,,,,,120.0,120.0,0.0,0.0,0.0,,182.1,128.0,1.6,0.64,0.0,0.0,103.0,13.8,13.8,0.263,0.0,0.0,0.0,0.0,0.0,2571.68,2528.35,208.0,33.0,1.4,6.99,0.0,0.0,0.0,0.8997,0.8997,0.0,0.0,0.0,3.1,1.27,1.06,106.0,0.18,1009.1,1,0,0.0,250.0,0.0,0.0,0.0,0.0,0.0,0.0,0.0,455.0,26.0,Sprint of large group,54.6,2.0,⛰️  Moy. montagne,0
2022-08-17,2022,uec-road-european-championships-itt,result,,Italy,0,CC,,,0.0,,,,,,,40.0,40.0,0.0,0.0,0.0,,21.95,21.0,0.883,0.0,0.0,0.0,19.6,2.28,0.0,0.0,0.0,0.0,0.0,0.0,0.0,239.0,227.0,86.0,27.0,0.0,0.0,0.0,0.0,0.0,0.0,0.0,0.0,0.0,0.0,2.7,-0.07,-0.32,76.0,0.05,239.0,0,0,0.0,70.0,0.0,0.0,0.0,0.0,0.0,0.0,0.0,91.0,,Time trial,209.0,0.0,⏱️  CLM,0
2022-09-02,2022,giro-della-regione-friuli-venezia-giulia,stage,2.0,Italy,0,2.2,,,0.0,,,,,,,0.0,25.0,25.0,0.0,0.0,2.0,156.46,151.0,5.23,0.244,0.0,0.0,148.0,1.51,6.3,0.946,0.0,0.0,0.0,0.0,0.0,1569.0,1515.0,253.0,113.0,5.0,0.0,0.0,0.0,0.0,0.9485,0.0,0.0,0.0,0.0,0.8,0.33,0.12,355.0,0.0,434.0,0,0,0.0,7.0,0.0,0.0,0.0,0.0,0.0,0.0,0.0,11.0,25.0,Sprint of small group,41.0,1.0,🟢  Plat/Sprint,0
2022-09-03,2022,giro-della-regione-friuli-venezia-giulia,stage,3.0,Italy,0,2.2,,,0.0,,,,,,,0.0,25.0,25.0,0.0,0.0,3.0,159.66,153.0,6.76,0.0,0.0,0.0,106.0,0.0,53.9,0.171,0.0,0.0,0.0,0.0,0.0,2205.0,977.0,1304.0,37.0,2.0,0.0,1.0,0.0,1.0,0.9992,0.9992,0.9992,0.9992,0.9992,5.8,7.57,7.98,399.0,0.04,104.0,0,0,0.0,7.0,0.0,0.0,0.0,0.0,0.0,0.0,0.0,11.0,24.0,-,5.6,3.0,🏔️  Haute montagne,0
2022-09-04,2022,giro-della-regione-friuli-venezia-giulia,stage,4.0,Italy,0,2.2,,,0.0,,,,,,,0.0,25.0,25.0,0.0,0.0,4.0,154.51,152.0,2.36,0.0,0.0,0.0,105.0,0.0,47.1,2.12,0.0,0.0,0.0,0.141,0.0,928.0,864.0,257.0,1.0,0.0,2.0,0.0,0.0,0.0,0.8172,0.8172,0.0,0.0,0.0,-0.7,-0.13,-0.08,135.0,0.06,366.0,0,0,0.0,7.0,0.0,0.0,0.0,0.0,0.0,0.0,0.0,11.0,28.0,? km solo,38.2,1.0,🟢  Plat/Sprint,0
2022-09-18,2022,world-championship-itt,result,,Italy,0,WC,,,0.0,,,,,,,125.0,125.0,0.0,0.0,0.0,,34.19,11.9,21.4,0.0,0.0,0.0,25.8,4.06,2.68,1.75,0.0,0.0,1.25,0.301,0.0,310.0,315.0,58.0,3.0,0.0,0.0,0.0,0.0,0.0,0.0,0.0,0.0,0.0,0.0,-0.8,0.17,0.02,103.0,-0.01,310.0,0,0,0.0,350.0,0.0,0.0,0.0,0.0,0.0,0.0,0.0,286.0,,Time trial,212.0,0.0,⏱️  CLM,0
2022-09-25,2022,world-championship,result,,Italy,0,WC,,,0.0,,,,,,,505.0,505.0,0.0,0.0,0.0,,266.9,59.1,104.0,0.0,0.0,0.0,121.0,32.5,11.9,3.57,0.0,0.0,7.71,2.61,0.0,3865.32,3885.72,125.0,4.0,15.69,0.0,0.0,0.0,0.0,0.9617,0.0,0.0,0.0,0.0,-0.8,0.2,0.02,459.0,-0.03,1140.92,1,0,0.0,600.0,0.0,0.0,0.0,0.0,0.0,0.0,0.0,1052.0,,25.8 km solo,29.6,2.0,⛰️  Moy. montagne,0
2023-01-22,2023,vuelta-ciclista-a-la-provincia-de-san-juan,stage,1.0,Italy,1,2.Pro,FIN,79.0,0.0,100.0,0.0,,,,,0.0,0.0,0.0,0.0,0.0,1.0,145.31,122.0,13.5,0.0,2.69,0.0,17.1,1.34,120.0,0.0,7.63,0.0,7.63,0.0,0.0,530.0,508.0,828.0,572.0,1.0,2.0,0.0,0.0,0.0,0.971,0.5025,0.0,0.0,0.0,-0.3,-0.5,-0.4,91.0,0.02,112.0,1,0,0.0,20.0,0.0,0.0,0.0,0.0,0.0,0.0,0.0,286.0,34.0,Sprint of large group,38.2,1.0,🟢  Plat/Sprint,0
2023-01-23,2023,vuelta-ciclista-a-la-provincia-de-san-juan,stage,2.0,Italy,1,2.Pro,FIN,37.0,0.0,100.0,0.0,,,,,0.0,0.0,0.0,0.0,0.0,2.0,201.78,189.0,9.73,0.0,2.47,0.0,65.1,6.0,130.0,0.0,1.11,0.0,0.659,0.0,0.0,1461.0,1155.0,1511.0,773.0,1.0,0.0,1.0,1.0,0.0,0.9785,0.9785,0.9785,0.3764,0.0,-0.5,0.13,0.3,128.0,0.77,395.0,1,1,145.31,20.0,0.0,0.0,0.0,0.0,0.0,0.0,0.0,286.0,30.0,Sprint of large group,130.6,2.0,⛰️  Moy. montagne,0
2023-01-24,2023,vuelta-ciclista-a-la-provincia-de-san-juan,stage,3.0,Italy,1,2.Pro,FIN,74.0,0.0,100.0,0.0,,,,,0.0,0.0,0.0,0.0,0.0,3.0,173.4,137.0,19.5,0.0,0.0,0.0,75.0,0.757,81.2,0.0,16.9,0.0,17.7,0.136,0.0,381.0,373.0,763.0,554.0,0.0,1.0,0.0,0.0,0.0,0.9952,0.9952,0.0,0.0,0.0,0.8,1.0,0.26,236.0,-0.31,54.0,1,2,347.09000000000003,20.0,0.0,0.0,0.0,0.0,0.0,0.0,0.0,286.0,36.0,0.7 km solo,5.6,1.0,🟢  Plat/Sprint,0
2023-01-25,2023,vuelta-ciclista-a-la-provincia-de-san-juan,stage,4.0,Italy,1,2.Pro,FIN,124.0,0.0,100.0,0.0,,,,,0.0,0.0,0.0,0.0,0.0,4.0,196.03,161.0,35.2,0.0,0.176,0.0,158.0,0.0,37.8,0.0,0.0,0.0,0.0,0.0,0.0,2646.0,1771.0,2221.0,763.0,2.0,1.0,1.0,0.0,1.0,0.9997,0.9997,0.9997,0.344,0.344,0.9,0.33,0.46,139.0,0.9,656.0,1,3,520.49,20.0,0.0,0.0,0.0,0.0,0.0,0.0,0.0,286.0,27.0,Sprint of large group,127.8,2.0,⛰️  Moy. montagne,0
2023-01-27,2023,vuelta-ciclista-a-la-provincia-de-san-juan,stage,5.0,Italy,1,2.Pro,FIN,112.0,0.0,100.0,0.0,,,,,0.0,0.0,0.0,0.0,0.0,5.0,173.79,155.0,18.8,0.0,0.0,0.0,84.6,0.0,86.1,2.76,0.535,0.0,0.535,0.0,0.0,2569.0,587.0,2623.0,623.0,2.0,1.0,0.0,0.0,1.0,0.9985,0.9985,0.9985,0.9985,0.9985,3.5,4.8,4.86,243.0,0.04,182.0,1,4,716.52,20.0,0.0,0.0,0.0,0.0,0.0,0.0,0.0,286.0,24.0,? km solo,5.6,3.0,🏔️  Haute montagne,0
2023-01-28,2023,vuelta-ciclista-a-la-provincia-de-san-juan,stage,6.0,Italy,1,2.Pro,FIN,10.0,0.0,100.0,0.0,,,,,0.0,0.0,0.0,0.0,0.0,6.0,145.23,130.0,6.14,0.0,0.512,0.0,55.3,0.614,71.4,9.41,8.51,0.0,8.91,0.893,0.0,609.0,614.0,956.0,596.0,0.0,0.0,1.0,0.0,0.0,0.4795,0.4795,0.4795,0.0,0.0,0.3,0.5,0.34,68.0,0.46,357.0,1,5,890.31,20.0,0.0,0.0,0.0,0.0,0.0,0.0,0.0,286.0,31.0,Sprint of large group,2.8,1.0,🟢  Plat/Sprint,0
2023-01-29,2023,vuelta-ciclista-a-la-provincia-de-san-juan,stage,7.0,Italy,1,2.Pro,FIN,28.0,0.0,100.0,0.0,,,,,0.0,0.0,0.0,0.0,0.0,7.0,112.09,13.6,1.76,0.0,0.0,0.0,13.5,0.0,0.0,0.0,99.1,0.0,101.0,3.86,0.0,348.0,350.0,664.0,620.0,0.0,0.0,0.0,0.0,0.0,0.0,0.0,0.0,0.0,0.0,0.5,0.07,0.08,63.0,0.03,167.0,1,6,1035.54,20.0,0.0,0.0,0.0,0.0,0.0,0.0,0.0,286.0,32.0,Sprint of large group,0.0,1.0,🟢  Plat/Sprint,0
2023-03-19,2023,popolarissima,result,,Arvedi Cycling,1,1.2,FIN,20.0,0.0,,,,,,,15.0,15.0,0.0,0.0,0.0,,175.74,167.0,3.25,0.294,0.0,0.0,72.6,8.71,47.4,41.5,5.01,0.0,5.21,0.575,0.0,218.0,217.0,22.0,12.0,0.0,0.0,0.0,0.0,0.0,0.0,0.0,0.0,0.0,0.0,0.0,0.03,-0.02,8.0,0.02,67.0,1,0,0.0,40.0,0.0,0.0,0.0,0.0,0.0,0.0,0.0,2.0,15.0,Sprint of large group,15.0,1.0,🟢  Plat/Sprint,1
2023-04-06,2023,circuit-des-ardennes,stage,1.0,Italy,1,2.2,FIN,146.0,0.0,,,,,,,0.0,1.0,0.0,0.0,0.0,1.0,89.79,78.2,11.4,0.0,0.0,0.0,75.0,3.64,10.3,0.643,0.216,0.0,0.216,0.0,0.0,1006.0,1004.0,309.0,145.0,4.0,1.0,0.0,0.0,0.0,0.9189,0.9189,0.0,0.0,0.0,0.0,-0.1,-0.68,35.0,0.01,494.0,0,1,175.74,7.0,0.0,0.0,0.0,0.0,0.0,0.0,0.0,32.0,8.0,Sprint of large group,0.0,1.0,🟢  Plat/Sprint,0
2023-04-07,2023,circuit-des-ardennes,stage,2.0,Italy,1,2.2,FIN,122.0,0.0,,,,,,,0.0,1.0,0.0,0.0,0.0,2.0,185.49,164.0,21.4,0.0,0.0,0.0,174.0,2.75,9.25,0.0,0.0,0.0,0.0,0.0,0.0,2589.0,2520.0,313.0,83.0,6.0,1.0,0.0,0.0,0.0,0.95,0.6421,0.0,0.0,0.0,-1.0,-1.13,0.28,118.0,0.1,673.0,0,2,265.53000000000003,7.0,0.0,0.0,0.0,0.0,0.0,0.0,0.0,32.0,11.0,2 km solo,127.8,2.0,⛰️  Moy. montagne,0
2023-04-08,2023,circuit-des-ardennes,stage,3.0,Italy,1,2.2,DNF,,0.0,,,,,,,0.0,1.0,0.0,0.0,0.0,3.0,169.73,140.0,29.5,0.0,0.0,0.0,151.0,3.8,14.2,1.22,0.0,0.0,0.265,0.159,0.0,2805.0,2714.0,492.0,100.0,1.0,1.0,4.0,0.0,0.0,0.8888,0.8888,0.8888,0.0,0.0,6.9,1.47,-0.42,79.0,0.62,774.0,0,3,451.02,7.0,0.0,0.0,0.0,0.0,0.0,0.0,0.0,32.0,9.0,-,125.0,2.0,⛰️  Moy. montagne,0
2023-04-09,2023,circuit-des-ardennes,stage,4.0,Italy,0,2.2,,,0.0,,,,,,,1.0,1.0,0.0,0.0,0.0,4.0,138.85,130.0,7.52,1.48,0.0,0.0,123.0,5.97,6.29,3.21,0.0,0.0,0.0,0.389,0.0,1807.0,1826.0,335.0,140.0,5.0,2.0,0.0,0.0,0.0,0.9393,0.8585,0.0,0.0,0.0,0.1,0.03,0.24,64.0,-0.03,542.0,0,4,620.75,7.0,1.382,0.0,0.427,0.0,0.427,0.0,0.0,32.0,14.0,-,101.0,2.0,⛰️  Moy. montagne,0
2023-04-11,2023,giro-di-sicilia,stage,1.0,Italy,0,2.1,,,0.0,,,,,,,0.0,3.0,0.0,0.0,0.0,1.0,158.27,156.0,0.968,0.0,0.0,0.0,60.5,1.82,94.7,0.0,1.22,0.0,1.31,0.357,0.0,1667.0,1423.0,425.0,1.0,3.0,1.0,1.0,0.0,0.0,0.9997,0.9997,0.3302,0.0,0.0,4.6,5.73,4.44,236.0,0.66,443.0,0,4,620.75,14.0,0.0,0.0,0.0,0.0,0.0,0.0,0.0,129.0,17.0,1.1 km solo,0.2,2.0,⛰️  Moy. montagne,0
2023-04-12,2023,giro-di-sicilia,stage,2.0,Italy,0,2.1,,,0.0,,,,,,,0.0,3.0,0.0,0.0,0.0,2.0,193.93,192.0,1.62,0.124,0.0,0.0,61.8,1.84,130.0,0.0,0.433,0.0,0.476,0.102,0.0,2490.0,2762.0,808.0,116.0,5.0,2.0,0.0,1.0,0.0,0.8983,0.5102,0.5102,0.5102,0.0,0.6,0.3,-0.1,36.0,0.0,777.0,0,4,620.75,14.0,0.0,0.0,0.0,0.0,0.0,0.0,0.0,129.0,19.0,Sprint of large group,0.2,2.0,⛰️  Moy. montagne,0
2023-04-13,2023,giro-di-sicilia,stage,3.0,Italy,0,2.1,,,0.0,,,,,,,3.0,3.0,0.0,0.0,0.0,3.0,150.72,150.0,0.552,0.0,0.0,0.0,93.2,0.788,56.3,0.0,0.0,0.0,0.0,0.0,0.0,1996.0,2511.0,1106.0,3.0,3.0,1.0,0.0,1.0,0.0,0.8965,0.5134,0.5134,0.5134,0.0,4.7,2.37,1.28,97.0,0.18,901.0,0,4,620.75,14.0,0.0,0.0,0.0,0.0,0.0,0.0,0.0,129.0,20.0,15.8 km solo,0.2,2.0,⛰️  Moy. montagne,0
2023-04-14,2023,giro-di-sicilia,stage,4.0,Italy,0,2.1,,,0.0,,,,,,,0.0,3.0,0.0,0.0,0.0,4.0,216.01,213.0,1.43,0.801,0.0,0.0,143.0,0.485,71.9,0.0,0.337,0.0,0.337,0.0,0.0,4122.0,4058.0,1628.0,5.0,1.0,1.0,0.0,2.0,1.0,0.9231,0.9231,0.9231,0.9231,0.7255,3.4,2.07,0.5,62.0,0.23,596.0,0,4,620.75,14.0,0.623,0.0,0.623,0.0,0.623,0.0,0.0,129.0,14.0,25.4 km solo,5.6,3.0,🏔️  Haute montagne,0
2023-04-16,2023,giro-di-reggio-calabria,result,,Italy,0,1.1,,,0.0,,,,,,,38.0,38.0,0.0,0.0,0.0,,162.78,155.0,4.15,0.0,0.0,0.0,84.3,3.1,61.2,10.4,3.91,0.0,3.95,0.0,0.0,2259.0,2262.0,966.0,2.0,0.0,0.0,1.0,0.0,1.0,0.7298,0.7298,0.7298,0.3226,0.3226,-0.7,-0.33,-0.34,50.0,1.74,1010.0,0,4,620.75,125.0,0.0,0.0,0.0,0.0,0.0,0.0,0.0,36.0,13.0,Sprint of 11 riders,0.8,2.0,⛰️  Moy. montagne,0
2023-04-25,2023,le-tour-de-bretagne,stage,1.0,Italy,0,2.2,,,0.0,,,,,,,0.0,4.0,3.0,0.0,0.0,1.0,155.91,101.0,52.3,1.47,0.0,0.0,126.0,16.5,10.3,2.94,0.399,0.0,1.13,0.137,0.0,1136.0,1149.0,126.0,2.0,1.0,0.0,0.0,0.0,0.0,0.1524,0.0,0.0,0.0,0.0,2.2,1.43,0.02,47.0,0.08,365.0,0,3,445.01,7.0,1.533,0.0,1.073,0.0,0.523,0.0,0.0,33.0,13.0,Sprint of large group,0.0,1.0,🟢  Plat/Sprint,0
2023-04-26,2023,le-tour-de-bretagne,stage,2.0,Italy,0,2.2,,,0.0,,,,,,,0.0,4.0,3.0,0.0,0.0,2.0,173.11,155.0,18.6,0.0,0.0,0.0,163.0,1.8,5.22,2.72,0.0,0.0,0.0,0.0,0.0,2127.0,2090.0,300.0,16.0,5.0,2.0,0.0,0.0,0.0,0.6532,0.5724,0.0,0.0,0.0,-0.2,1.1,0.7,75.0,0.34,635.0,0,3,445.01,7.0,0.0,0.0,0.0,0.0,0.0,0.0,0.0,33.0,13.0,Sprint of large group,8.4,2.0,⛰️  Moy. montagne,0
2023-04-27,2023,le-tour-de-bretagne,stage,3.0,Italy,0,2.2,,,0.0,,,,,,,1.0,4.0,3.0,0.0,0.0,3.0,192.53,173.0,19.8,0.0,0.0,0.0,189.0,2.27,1.2,0.547,0.0,0.0,0.0,0.0,0.0,2514.0,2399.0,290.0,48.0,4.0,1.0,0.0,0.0,0.0,0.7089,0.5296,0.0,0.0,0.0,1.0,1.37,0.64,106.0,0.03,543.0,0,3,445.01,7.0,0.0,0.0,0.0,0.0,0.0,0.0,0.0,33.0,15.0,Sprint à deux,8.2,2.0,⛰️  Moy. montagne,0
2023-04-28,2023,le-tour-de-bretagne,stage,4.0,Italy,0,2.2,,,0.0,,,,,,,0.0,4.0,3.0,0.0,0.0,4.0,182.42,170.0,12.4,0.0,0.0,0.0,175.0,1.75,6.07,0.0,0.0,0.0,0.0,0.0,0.0,2287.0,2304.0,251.0,21.0,17.0,0.0,0.0,0.0,0.0,0.9998,0.0,0.0,0.0,0.0,6.2,3.6,1.3,128.0,-0.25,536.0,0,3,445.01,7.0,0.0,0.0,0.0,0.0,0.0,0.0,0.0,33.0,18.0,0.3 km solo,8.4,2.0,⛰️  Moy. montagne,0
2023-04-29,2023,le-tour-de-bretagne,stage,5.0,Italy,0,2.2,,,0.0,,,,,,,0.0,4.0,3.0,0.0,0.0,5.0,176.76,137.0,39.9,0.0,0.0,0.0,176.0,0.318,0.183,0.0,0.0,0.0,0.0,0.0,0.0,1308.0,1297.0,90.0,3.0,0.0,0.0,0.0,0.0,0.0,0.0,0.0,0.0,0.0,0.0,1.2,0.57,0.5,83.0,-0.0,398.0,0,3,445.01,7.0,0.0,0.0,0.0,0.0,0.0,0.0,0.0,33.0,16.0,Sprint of large group,0.0,1.0,🟢  Plat/Sprint,0
2023-04-30,2023,le-tour-de-bretagne,stage,6.0,Italy,0,2.2,,,0.0,,,,,,,0.0,4.0,3.0,0.0,0.0,6.0,165.05,141.0,23.9,0.0,0.207,0.0,160.0,0.86,3.74,0.0,0.205,0.0,0.205,0.207,0.0,1436.0,1459.0,171.0,8.0,4.0,0.0,0.0,0.0,0.0,0.8609,0.0,0.0,0.0,0.0,3.0,0.97,-0.2,48.0,-0.02,400.0,0,3,445.01,0.0,0.0,0.0,0.0,0.0,0.0,0.0,,33.0,15.0,-,0.0,1.0,🟢  Plat/Sprint,0
2023-05-01,2023,le-tour-de-bretagne,stage,7.0,Italy,0,2.2,,,0.0,,,,,,,0.0,4.0,3.0,0.0,0.0,7.0,166.72,126.0,39.8,0.0,0.0,0.489,144.0,7.38,7.6,7.04,0.0,0.0,0.0,0.548,0.0,1466.0,1479.0,125.0,34.0,2.0,0.0,0.0,0.0,0.0,0.556,0.0,0.0,0.0,0.0,1.0,-0.3,-0.12,33.0,0.06,454.0,0,3,445.01,7.0,0.0,0.0,0.0,0.0,0.0,0.0,0.0,33.0,16.0,Sprint of small group,0.0,1.0,🟢  Plat/Sprint,0
2023-05-01,2023,circuito-del-porto-trofeo-arvedi,result,,Arvedi Cycling,1,1.2,FIN,1.0,40.0,,,,,,,40.0,40.0,0.0,0.0,0.0,,180.03,177.0,0.0,0.0,0.0,0.0,111.0,0.0,45.8,19.9,2.86,0.0,2.65,0.0,0.0,265.0,266.0,46.0,37.0,0.0,0.0,0.0,0.0,0.0,0.0,0.0,0.0,0.0,0.0,0.1,-0.1,0.0,58.0,-0.0,73.0,1,3,445.01,40.0,0.0,0.0,0.0,0.0,0.0,0.0,1.0,10.0,,-,15.0,1.0,🟢  Plat/Sprint,1
2023-05-04,2023,tour-de-catamarca-internacional,stage,1.0,Italy,0,2.2,,,0.0,,,,,,,0.0,14.0,0.0,0.0,0.0,1.0,184.59,59.1,126.0,0.0,0.0,0.0,132.0,0.0,6.31,46.7,0.0,0.0,0.0,0.0,0.0,2823.0,2812.0,1670.0,518.0,0.0,0.0,0.0,0.0,2.0,0.9418,0.9418,0.9418,0.9418,0.9418,-0.9,-1.93,-2.36,9.0,-1.58,232.0,0,4,625.04,7.0,0.0,0.0,0.0,0.0,0.0,0.0,0.0,19.0,,-,8.4,2.0,⛰️  Moy. montagne,0
2023-05-05,2023,tour-de-catamarca-internacional,stage,2.0,Italy,0,2.2,,,0.0,,,,,,,7.0,14.0,0.0,0.0,0.0,2.0,118.97,1.02,118.0,0.0,0.0,0.0,6.74,0.511,112.0,0.0,0.0,0.0,0.0,0.0,0.0,605.0,1169.0,1220.0,389.0,0.0,0.0,1.0,0.0,0.0,0.3516,0.3516,0.3516,0.0,0.0,1.9,0.6,0.36,114.0,0.32,460.0,0,4,625.04,7.0,0.0,0.0,0.0,0.0,0.0,0.0,0.0,19.0,,Sprint of large group,0.0,1.0,🟢  Plat/Sprint,0
2023-05-06,2023,tour-de-catamarca-internacional,stage,3.0,Italy,0,2.2,,,0.0,,,,,,,0.0,14.0,0.0,0.0,0.0,3.0,100.09,41.0,59.5,0.0,0.0,0.0,30.5,0.0,69.8,0.0,0.0,0.0,0.0,0.0,0.0,1993.0,838.0,1700.0,490.0,0.0,0.0,1.0,0.0,1.0,0.9996,0.9996,0.9996,0.9996,0.9996,5.3,6.43,5.78,165.0,0.64,774.0,0,4,625.04,7.0,0.0,0.0,0.0,0.0,0.0,0.0,0.0,19.0,,-,2.8,3.0,🏔️  Haute montagne,0
2023-05-07,2023,tour-de-catamarca-internacional,stage,4.0,Italy,0,2.2,,,0.0,,,,,,,7.0,14.0,0.0,0.0,0.0,4.0,121.9,84.2,37.5,0.0,0.0,0.0,90.4,0.0,2.5,28.8,0.0,0.0,0.0,0.0,0.0,1067.0,1065.0,573.0,497.0,0.0,0.0,0.0,0.0,0.0,0.0,0.0,0.0,0.0,0.0,-1.6,-0.57,-1.38,89.0,0.02,445.0,0,3,535.25,7.0,0.0,0.0,0.0,0.0,0.0,0.0,0.0,19.0,,Sprint of large group,1.4,1.0,🟢  Plat/Sprint,0
2023-05-11,2023,vuelta-a-formosa-internacional,stage,1.0,Italy,0,2.2,,,0.0,,,,,,,3.0,24.0,18.0,0.0,0.0,1.0,141.04,37.4,103.0,0.0,0.0,0.0,96.9,0.0,44.0,0.0,0.204,0.0,0.204,0.0,0.0,87.0,69.0,81.0,57.0,0.0,0.0,0.0,0.0,0.0,0.0,0.0,0.0,0.0,0.0,0.1,0.07,0.06,37.0,0.01,33.0,0,1,180.03,7.0,0.0,0.0,0.0,0.0,0.0,0.0,0.0,31.0,,-,2.8,1.0,🟢  Plat/Sprint,0
2023-05-12,2023,vuelta-a-formosa-internacional,stage,2.0,Italy,0,2.2,,,0.0,,,,,,,3.0,24.0,18.0,0.0,0.0,2.0,125.17,6.64,89.1,0.0,0.534,0.0,12.7,2.22,81.3,0.0,29.4,0.0,29.5,0.0,0.0,92.0,92.0,73.0,57.0,0.0,0.0,0.0,0.0,0.0,0.0,0.0,0.0,0.0,0.0,0.1,0.13,0.04,26.0,0.0,49.0,0,1,180.03,7.0,0.0,0.0,0.0,0.0,0.0,0.0,0.0,31.0,,Sprint of large group,3.4,1.0,🟢  Plat/Sprint,0
2023-05-13,2023,vuelta-a-formosa-internacional,stage,3.0,Italy,0,2.2,,,0.0,,,,,,,0.0,24.0,18.0,0.0,0.0,3.0,189.79,125.0,65.0,0.0,0.0,0.0,3.17,0.0,187.0,0.0,0.204,0.0,0.204,0.0,0.0,156.0,133.0,88.0,57.0,0.0,0.0,0.0,0.0,0.0,0.0,0.0,0.0,0.0,0.0,0.2,0.13,-0.02,41.0,0.02,43.0,0,1,180.03,7.0,0.0,0.0,0.0,0.0,0.0,0.0,0.0,31.0,,-,4.0,1.0,🟢  Plat/Sprint,0
2023-07-04,2023,trofeo-citta-di-brescia,result,,Arvedi Cycling,0,1.2,,,0.0,,,,,,,0.0,0.0,0.0,0.0,0.0,,122.71,114.0,0.837,5.93,0.468,0.0,67.3,46.7,0.0,0.0,0.0,0.0,0.0,7.13,0.468,1297.0,1302.0,199.0,138.0,0.0,0.0,0.0,0.0,0.0,0.0,0.0,0.0,0.0,0.0,4.4,1.77,0.5,111.0,-0.12,499.0,0,0,0.0,40.0,1.625,0.0,0.649,0.0,0.259,0.0,0.0,12.0,26.0,Sprint à deux,21.25,1.0,🟢  Plat/Sprint,1
2023-07-28,2023,kreiz-breizh-elites,stage,1.0,Italy,0,2.2,,,0.0,,,,,,,0.0,5.0,5.0,0.0,0.0,1.0,11.84,5.89,5.86,0.0,0.0,0.0,10.5,0.847,0.0,0.434,0.0,0.0,0.0,0.0,0.0,86.0,94.0,156.0,112.0,0.0,0.0,0.0,0.0,0.0,0.0,0.0,0.0,0.0,0.0,2.3,0.2,-0.26,43.0,-0.07,86.0,0,0,0.0,7.0,0.0,0.0,0.0,0.0,0.0,0.0,0.0,16.0,21.0,Time trial,4.0,1.0,🟢  Plat/Sprint,0
2023-07-29,2023,kreiz-breizh-elites,stage,2.0,Italy,0,2.2,,,0.0,,,,,,,0.0,5.0,5.0,0.0,0.0,2.0,210.37,152.0,58.2,0.0,0.0,0.0,206.0,1.32,2.41,0.431,0.0,0.0,0.0,0.0,0.0,2445.0,2459.0,289.0,42.0,10.0,1.0,0.0,0.0,0.0,0.9887,0.3693,0.0,0.0,0.0,0.5,-0.9,0.12,62.0,-0.06,641.0,0,0,0.0,7.0,0.0,0.0,0.0,0.0,0.0,0.0,0.0,16.0,18.0,Sprint of 3 riders,7.8,2.0,⛰️  Moy. montagne,0
2023-07-30,2023,kreiz-breizh-elites,stage,3.0,Italy,0,2.2,,,0.0,,,,,,,0.0,5.0,5.0,0.0,0.0,3.0,185.43,180.0,5.13,0.0,0.0,0.0,154.0,11.3,1.75,18.6,0.0,0.0,0.0,0.0,0.0,2741.0,2719.0,275.0,77.0,4.0,0.0,0.0,0.0,0.0,0.316,0.0,0.0,0.0,0.0,2.1,0.53,0.2,168.0,0.13,661.0,0,0,0.0,7.0,0.0,0.0,0.0,0.0,0.0,0.0,0.0,16.0,20.0,4 km solo,0.2,2.0,⛰️  Moy. montagne,0
2023-07-31,2023,kreiz-breizh-elites,stage,4.0,Italy,0,2.2,,,0.0,,,,,,,0.0,5.0,5.0,0.0,0.0,4.0,189.46,149.0,40.6,0.0,0.0,0.0,173.0,15.6,0.142,0.484,0.0,0.0,0.0,0.0,0.0,2646.0,2471.0,280.0,69.0,11.0,1.0,0.0,0.0,0.0,0.9991,0.161,0.0,0.0,0.0,1.7,1.63,1.42,133.0,0.3,674.0,0,0,0.0,7.0,0.0,0.0,0.0,0.0,0.0,0.0,0.0,16.0,19.0,16 km solo,0.2,2.0,⛰️  Moy. montagne,0
2023-08-06,2023,world-championship,result,,Italy,0,WC,,,0.0,,,,,,,240.0,240.0,0.0,0.0,0.0,,271.1,91.4,1.6,15.69,0.0,0.0,58.8,10.1,7.13,17.2,26.2,0.0,28.9,10.4,0.0,3101.02,3126.52,48.0,9.0,0.0,0.0,0.0,0.0,0.0,0.0,0.0,0.0,0.0,0.0,-0.9,-0.83,-0.56,93.0,0.01,1217.88,0,0,0.0,900.0,6.75,0.0,2.61,0.0,1.44,0.0,0.0,1113.0,16.0,22.3 km solo,2.6,1.0,🟢  Plat/Sprint,0
2023-08-11,2023,world-championship-itt,result,,Italy,0,WC,,,0.0,,,,,,,415.0,415.0,0.0,0.0,0.0,,36.24,35.7,0.0,0.578,0.0,0.0,21.7,0.0,14.4,0.0,0.0,0.0,0.0,0.198,0.0,180.0,117.0,78.0,9.0,0.0,0.0,0.0,0.0,0.0,0.0,0.0,0.0,0.0,0.0,5.0,1.37,1.12,86.0,0.17,180.0,1,0,0.0,455.0,0.539,0.0,0.539,0.0,0.539,0.0,0.0,392.0,21.0,Time trial,163.0,0.0,⏱️  CLM,0
2023-09-16,2023,memorial-marco-pantani,result,,Italy,0,1.1,,,0.0,,,,,,,0.0,0.0,0.0,0.0,0.0,,192.88,167.0,23.6,0.12,0.0,0.0,159.0,19.9,11.5,0.184,2.02,0.0,2.13,0.0,0.0,2456.0,2528.0,421.0,-1.0,9.0,2.0,1.0,0.0,0.0,0.8348,0.4278,0.3104,0.0,0.0,0.0,0.03,0.0,5.0,0.57,882.0,0,0,0.0,125.0,0.0,0.0,0.0,0.0,0.0,0.0,0.0,263.0,24.0,Sprint of 3 riders,0.0,2.0,⛰️  Moy. montagne,0
2023-09-17,2023,trofeo-matteotti,result,,Italy,0,1.1,,,0.0,,,,,,,88.0,88.0,0.0,0.0,0.0,,193.63,192.0,1.15,0.111,0.0,0.0,167.0,8.62,0.0,16.8,0.0,0.0,0.0,1.6,0.0,2508.0,2510.0,142.0,1.0,13.0,0.0,0.0,0.0,0.0,0.9507,0.0,0.0,0.0,0.0,0.2,-1.97,-2.38,276.0,0.17,675.0,0,0,0.0,125.0,0.0,0.0,0.0,0.0,0.0,0.0,0.0,229.0,,Sprint à deux,0.0,2.0,⛰️  Moy. montagne,0
2023-09-20,2023,uec-road-european-championships-itt,result,,Italy,0,CC,,,0.0,,,,,,,25.0,25.0,0.0,0.0,0.0,,28.64,12.6,0.557,1.5,2.27,0.0,5.23,0.139,0.0,1.73,12.2,0.0,12.3,2.44,0.0,61.0,62.0,26.0,13.0,0.0,0.0,0.0,0.0,0.0,0.0,0.0,0.0,0.0,0.0,0.1,0.2,0.14,36.0,-0.0,61.0,0,0,0.0,70.0,1.359,0.35,0.015,0.35,0.015,0.0,0.0,139.0,21.0,Time trial,213.0,0.0,⏱️  CLM,0
2023-09-24,2023,uec-road-european-championships-me,result,,Italy,0,CC,,,0.0,,,,,,,30.0,30.0,0.0,0.0,0.0,,208.0,97.6,17.6,10.54,0.495,0.0,84.7,13.6,0.0,20.9,4.72,0.0,13.5,1.83,0.0,706.0,664.47,44.0,6.0,0.0,0.0,0.0,0.0,0.0,0.0,0.0,0.0,0.0,0.0,1.0,0.77,0.5,57.0,0.01,104.59,1,0,0.0,250.0,1.02,0.03,0.51,0.01,0.25,0.0,0.0,555.0,18.0,12.1 km solo,49.2,1.0,🟢  Plat/Sprint,0
2024-01-24,2024,trofeo-calvia,result,,VF Group - Bardiani CSF - Faizanè,0,1.1,,,0.0,,,,,,,15.0,15.0,0.0,0.0,0.0,,149.49,149.0,0.271,0.0,0.0,0.0,138.0,0.588,5.06,5.09,0.392,0.0,0.0,0.0,0.0,3127.0,3135.0,502.0,8.0,4.0,2.0,3.0,0.0,0.0,0.9225,0.8431,0.6034,0.0,0.0,0.7,-2.23,-1.62,69.0,0.17,1002.0,0,0,0.0,125.0,0.0,0.0,0.0,0.0,0.0,0.0,0.0,292.0,18.0,Sprint à deux,,2.0,⛰️  Moy. montagne,0
2024-01-25,2024,trofeo-ses-salines-felanitx,result,,VF Group - Bardiani CSF - Faizanè,0,1.1,,,0.0,,,,,,,50.0,50.0,0.0,0.0,0.0,,181.33,169.0,11.6,0.0,0.0,0.0,118.0,0.29,50.3,12.1,0.0,0.0,0.0,0.0,0.0,1086.0,1022.0,177.0,0.0,1.0,2.0,0.0,0.0,0.0,0.9921,0.6632,0.0,0.0,0.0,-0.2,0.7,0.82,126.0,0.03,194.0,0,0,0.0,125.0,0.0,0.0,0.0,0.0,0.0,0.0,0.0,198.0,20.0,Sprint of large group,,1.0,🟢  Plat/Sprint,0
2024-01-26,2024,deia-trophy,result,,VF Group - Bardiani CSF - Faizanè,0,1.1,,,0.0,,,,,,,5.0,5.0,0.0,0.0,0.0,,152.66,151.0,0.923,0.0,0.0,0.0,114.0,1.28,16.2,20.4,0.392,0.0,0.496,0.461,0.0,2430.0,2099.0,885.0,0.0,1.0,0.0,2.0,0.0,1.0,0.963,0.8436,0.8436,0.8436,0.8436,-4.4,-4.73,-3.74,26.0,-0.3,621.0,0,0,0.0,125.0,0.0,0.0,0.0,0.0,0.0,0.0,0.0,259.0,20.0,Sprint of small group,15.0,2.0,⛰️  Moy. montagne,0
2024-01-27,2024,trofeo-pollenca-port-d-andratx,result,,VF Group - Bardiani CSF - Faizanè,0,1.1,,,0.0,,,,,,,10.0,10.0,0.0,0.0,0.0,,157.51,156.0,0.756,0.0,0.0,0.0,122.0,0.792,17.9,16.1,0.292,0.0,0.402,0.0,0.0,2860.0,2903.0,890.0,0.0,3.0,1.0,1.0,0.0,1.0,0.9344,0.9344,0.6837,0.4101,0.4101,-0.2,-0.97,-1.36,9.0,0.31,397.0,0,0,0.0,125.0,0.0,0.0,0.0,0.0,0.0,0.0,0.0,315.0,20.0,Sprint of small group,10.0,2.0,⛰️  Moy. montagne,0
2024-01-28,2024,trofeo-palma,result,,VF Group - Bardiani CSF - Faizanè,0,1.1,,,0.0,,,,,,,0.0,0.0,0.0,0.0,0.0,,149.8,140.0,5.26,3.71,0.0,0.0,49.0,2.57,88.4,5.77,1.61,0.0,1.55,3.36,0.0,989.0,997.0,250.0,0.0,2.0,1.0,0.0,0.0,0.0,0.6785,0.0891,0.0,0.0,0.0,-0.4,-0.07,0.0,43.0,0.13,443.0,0,0,0.0,125.0,3.414,0.0,2.276,0.0,1.138,0.0,0.0,194.0,17.0,Sprint of large group,50.0,1.0,🟢  Plat/Sprint,0
2024-01-31,2024,vuelta-a-la-comunidad-valenciana,stage,1.0,VF Group - Bardiani CSF - Faizanè,0,2.Pro,,,0.0,,,,,,,35.0,155.0,110.0,0.0,0.0,1.0,166.79,160.0,6.2,0.262,0.0,0.0,122.0,6.76,37.7,0.0,0.0,0.0,0.0,0.0,0.0,2373.0,2354.0,786.0,1.0,5.0,1.0,1.0,1.0,0.0,0.8963,0.8963,0.8963,0.2922,0.0,0.5,0.17,-0.08,19.0,1.34,989.0,0,0,0.0,20.0,0.0,0.0,0.0,0.0,0.0,0.0,0.0,348.0,15.0,Other,10.0,2.0,⛰️  Moy. montagne,0
2024-02-01,2024,vuelta-a-la-comunidad-valenciana,stage,2.0,VF Group - Bardiani CSF - Faizanè,0,2.Pro,,,0.0,,,,,,,5.0,155.0,110.0,0.0,0.0,2.0,163.11,159.0,3.24,0.0,0.0,0.0,118.0,1.46,29.4,0.0,0.348,0.0,0.187,1.68,0.0,1835.0,1919.0,411.0,19.0,1.0,0.0,4.0,0.0,0.0,0.9065,0.9065,0.9065,0.0,0.0,0.0,-1.87,-3.4,7.0,0.44,709.0,0,0,0.0,20.0,0.0,0.0,0.0,0.0,0.0,0.0,0.0,348.0,16.0,6.2 km solo,16.25,2.0,⛰️  Moy. montagne,0
2024-02-02,2024,vuelta-a-la-comunidad-valenciana,stage,3.0,VF Group - Bardiani CSF - Faizanè,0,2.Pro,,,0.0,,,,,,,5.0,155.0,110.0,0.0,0.0,3.0,161.39,161.0,0.195,0.0,0.0,0.0,98.9,0.342,61.6,0.0,0.0,0.0,0.0,0.0,0.0,1393.0,1513.0,490.0,13.0,3.0,1.0,1.0,0.0,0.0,0.8661,0.4661,0.4661,0.0,0.0,-0.1,-0.13,-0.08,4.0,0.02,499.0,0,0,0.0,20.0,0.0,0.0,0.0,0.0,0.0,0.0,0.0,348.0,15.0,Sprint of large group,14.0,2.0,⛰️  Moy. montagne,0
2024-02-03,2024,vuelta-a-la-comunidad-valenciana,stage,4.0,VF Group - Bardiani CSF - Faizanè,0,2.Pro,,,0.0,,,,,,,0.0,155.0,110.0,0.0,0.0,4.0,159.81,154.0,6.02,0.0,0.0,0.0,103.0,0.675,55.3,0.705,0.0,0.0,0.0,0.0,0.0,3300.0,2715.0,968.0,4.0,3.0,2.0,2.0,0.0,1.0,0.9999,0.9999,0.9999,0.3397,0.3397,13.3,9.07,10.38,272.0,1.06,1156.0,0,0,0.0,20.0,0.0,0.0,0.0,0.0,0.0,0.0,0.0,348.0,14.0,3 km solo,,3.0,🏔️  Haute montagne,0
2024-02-04,2024,vuelta-a-la-comunidad-valenciana,stage,5.0,VF Group - Bardiani CSF - Faizanè,0,2.Pro,,,0.0,,,,,,,0.0,155.0,110.0,0.0,0.0,5.0,92.77,82.6,9.42,0.327,0.0,0.0,75.7,5.52,0.0,10.9,0.174,0.0,0.174,0.247,0.0,1075.0,1160.0,592.0,0.0,0.0,0.0,2.0,0.0,0.0,0.5438,0.5438,0.5438,0.0,0.0,0.1,0.0,0.0,1.0,0.92,1029.0,0,0,0.0,20.0,0.0,0.0,0.0,0.0,0.0,0.0,0.0,348.0,17.0,47.5 km solo,25.0,1.0,🟢  Plat/Sprint,0
2024-02-08,2024,tour-of-antalya,stage,1.0,VF Group - Bardiani CSF - Faizanè,1,2.1,FIN,144.0,0.0,83.0,0.0,,,,,0.0,113.0,108.0,0.0,0.0,1.0,134.85,128.0,1.67,0.0,0.0,0.0,74.7,4.81,52.5,1.3,0.291,0.861,5.14,0.876,0.0,443.0,419.0,65.0,-4.0,0.0,0.0,0.0,0.0,0.0,0.0,0.0,0.0,0.0,0.0,-0.4,-0.3,-0.18,46.0,-0.02,180.0,1,0,0.0,14.0,0.0,0.0,0.0,0.0,0.0,0.0,0.0,85.0,16.0,Sprint of large group,16.666666666666668,1.0,🟢  Plat/Sprint,0
2024-02-09,2024,tour-of-antalya,stage,2.0,VF Group - Bardiani CSF - Faizanè,1,2.1,FIN,81.0,0.0,83.0,0.0,,,,,0.0,113.0,108.0,0.0,0.0,2.0,140.34,138.0,0.478,0.0,0.0,0.0,81.0,0.654,56.9,0.0,0.741,0.0,1.12,0.329,0.0,2415.0,2385.0,1286.0,0.0,1.0,0.0,0.0,0.0,1.0,0.6295,0.6295,0.6295,0.6295,0.6295,-0.6,0.03,-0.22,73.0,0.36,548.0,1,1,134.85,14.0,0.0,0.0,0.0,0.0,0.0,0.0,0.0,85.0,13.0,Sprint of large group,12.0,2.0,⛰️  Moy. montagne,0
2024-02-10,2024,tour-of-antalya,stage,3.0,VF Group - Bardiani CSF - Faizanè,1,2.1,FIN,98.0,0.0,83.0,0.0,,,,,5.0,113.0,108.0,0.0,0.0,3.0,133.15,132.0,0.0,1.28,0.0,0.0,77.2,0.172,54.4,1.13,0.488,0.0,0.488,0.0,0.0,3040.0,2365.0,720.0,2.0,0.0,1.0,4.0,1.0,0.0,0.9992,0.9992,0.9992,0.9992,0.0,13.0,10.67,9.88,516.0,0.87,1208.0,1,2,275.19,14.0,1.176,0.0,1.176,0.0,1.176,0.0,0.0,85.0,15.0,2.8 km solo,0.0,3.0,🏔️  Haute montagne,0
2024-02-11,2024,tour-of-antalya,stage,4.0,VF Group - Bardiani CSF - Faizanè,1,2.1,FIN,66.0,0.0,83.0,0.0,,,,,0.0,113.0,108.0,0.0,0.0,4.0,183.7,184.0,0.316,0.0,0.0,0.0,61.8,0.316,122.0,0.0,0.0,0.0,0.0,0.0,0.0,2059.0,2050.0,1001.0,26.0,2.0,2.0,0.0,0.0,1.0,0.7973,0.7973,0.6318,0.6318,0.6318,-0.6,0.03,-0.24,21.0,0.12,508.0,1,3,408.34,14.0,0.0,0.0,0.0,0.0,0.0,0.0,0.0,85.0,13.0,Sprint of 6 riders,11.0,2.0,⛰️  Moy. montagne,0
2024-02-28,2024,trofeo-laigueglia,result,,VF Group - Bardiani CSF - Faizanè,0,1.Pro,,,0.0,,,,,,,5.0,5.0,0.0,0.0,0.0,,202.03,181.0,19.1,0.0,0.0,0.0,117.0,8.16,67.7,7.46,1.76,0.0,1.22,0.0,0.0,2991.0,2991.0,481.0,1.0,1.0,4.0,3.0,0.0,0.0,0.9862,0.9503,0.5808,0.0,0.0,-0.5,-2.03,-0.04,84.0,0.16,658.0,1,4,592.04,200.0,0.0,0.0,0.0,0.0,0.0,0.0,0.0,311.0,13.0,9.3 km solo,9.0,2.0,⛰️  Moy. montagne,0
2024-02-28,2024,trofej-umag,result,,VF Group - Bardiani CSF - Faizanè,1,1.2,FIN,16.0,0.0,,,,,,,20.0,20.0,0.0,0.0,0.0,,142.58,142.0,0.0,0.0,0.0,0.0,48.7,0.0,93.4,0.146,0.0,0.0,0.0,0.0,0.0,1203.0,1210.0,127.0,3.0,5.0,0.0,0.0,0.0,0.0,0.8879,0.0,0.0,0.0,0.0,-0.3,-0.4,-0.58,4.0,0.12,479.0,0,4,592.04,40.0,0.0,0.0,0.0,0.0,0.0,0.0,0.0,11.0,14.0,Sprint of small group,12.5,1.0,🟢  Plat/Sprint,0
2024-03-03,2024,porec-trophy,result,,VF Group - Bardiani CSF - Faizanè,1,1.2,FIN,101.0,0.0,,,,,,,30.0,30.0,0.0,0.0,0.0,,146.14,146.0,0.0,0.0,0.0,0.0,89.2,0.115,56.0,0.417,0.0,0.0,0.0,0.0,0.0,1610.0,1515.0,177.0,9.0,0.0,7.0,0.0,0.0,0.0,0.9223,0.9223,0.0,0.0,0.0,5.2,2.33,1.48,102.0,0.17,579.0,0,5,734.62,40.0,0.0,0.0,0.0,0.0,0.0,0.0,0.0,16.0,15.0,-,3.0,2.0,⛰️  Moy. montagne,0
2024-03-04,2024,tirreno-adriatico,stage,1.0,VF Group - Bardiani CSF - Faizanè,0,2.UWT,,,0.0,,,,,,,0.0,22.0,20.0,0.0,0.0,1.0,10.07,9.45,0.0,0.0,0.0,0.0,3.0,1.42,0.0,2.32,0.242,0.0,0.53,0.839,0.0,3.0,5.0,2.0,0.0,0.0,0.0,0.0,0.0,0.0,0.0,0.0,0.0,0.0,0.0,0.0,-0.03,0.0,3.0,-0.02,3.0,0,6,880.76,60.0,0.0,0.0,0.0,0.0,0.0,0.0,0.0,912.0,13.0,Time trial,14.0,1.0,🟢  Plat/Sprint,0
2024-03-05,2024,tirreno-adriatico,stage,2.0,VF Group - Bardiani CSF - Faizanè,0,2.UWT,,,0.0,,,,,,,0.0,22.0,20.0,0.0,0.0,2.0,199.68,191.0,1.22,0.0,0.0,0.0,122.0,2.4,67.4,1.3,6.9,0.0,0.699,0.0,0.0,1315.0,1369.0,399.0,-2.0,0.0,2.0,1.0,0.0,0.0,0.7314,0.7314,0.5292,0.0,0.0,-0.4,-0.13,-0.18,35.0,-0.11,266.0,0,6,880.76,60.0,0.0,0.0,0.0,0.0,0.0,0.0,0.0,912.0,15.0,Sprint of large group,8.0,2.0,⛰️  Moy. montagne,0
2024-03-06,2024,tirreno-adriatico,stage,3.0,VF Group - Bardiani CSF - Faizanè,0,2.UWT,,,0.0,,,,,,,0.0,22.0,20.0,0.0,0.0,3.0,224.63,223.0,1.16,0.102,0.0,0.0,157.0,1.18,64.7,0.506,0.289,0.0,0.0,0.192,0.0,2592.0,2396.0,527.0,137.0,4.0,2.0,2.0,0.0,0.0,0.9999,0.9999,0.9999,0.0,0.0,0.8,2.03,1.54,115.0,-0.13,735.0,0,6,880.76,60.0,0.0,0.0,0.0,0.0,0.0,0.0,0.0,912.0,9.0,Sprint of large group,7.0,2.0,⛰️  Moy. montagne,0
2024-03-07,2024,istrian-spring-tour,prologue,,VF Group - Bardiani CSF - Faizanè,1,2.2,FIN,16.0,0.0,82.0,0.0,,,,,0.0,15.0,5.0,0.0,0.0,,1.4,0.0,0.0,0.0,0.0,0.0,0.0,0.0,0.0,0.0,1.33,0.0,0.0,0.0,0.0,11.0,10.0,39.0,28.0,0.0,0.0,0.0,0.0,0.0,0.0,0.0,0.0,0.0,0.0,0.3,0.07,0.07,11.0,0.07,11.0,1,6,880.76,7.0,0.0,0.0,0.0,0.0,0.0,0.0,0.0,,,,,0.0,⏱️  CLM,0
2024-03-07,2024,tirreno-adriatico,stage,4.0,VF Group - Bardiani CSF - Faizanè,0,2.UWT,,,0.0,,,,,,,0.0,22.0,20.0,0.0,0.0,4.0,207.39,204.0,0.422,0.0,0.0,0.0,103.0,2.37,98.2,0.0,3.27,0.0,2.71,0.0,0.172,2922.0,3097.0,1535.0,1.0,1.0,3.0,0.0,0.0,1.0,0.953,0.953,0.3967,0.3967,0.3967,2.7,1.8,-1.06,68.0,0.71,611.0,0,6,880.76,60.0,0.0,0.0,0.0,0.0,0.0,0.0,0.0,912.0,8.0,Sprint of large group,7.0,2.0,⛰️  Moy. montagne,0
2024-03-08,2024,tirreno-adriatico,stage,5.0,VF Group - Bardiani CSF - Faizanè,0,2.UWT,,,0.0,,,,,,,0.0,22.0,20.0,0.0,0.0,5.0,144.12,139.0,4.94,0.0,0.0,0.0,93.4,0.0,50.6,0.0,0.224,0.0,0.224,0.0,0.0,3022.0,2691.0,1156.0,87.0,1.0,3.0,2.0,0.0,1.0,0.9997,0.9997,0.8272,0.8272,0.8272,4.5,2.9,2.0,111.0,-0.08,827.0,0,7,882.16,60.0,0.0,0.0,0.0,0.0,0.0,0.0,0.0,912.0,11.0,28.9 km solo,2.5,3.0,🏔️  Haute montagne,0
2024-03-08,2024,istrian-spring-tour,stage,1.0,VF Group - Bardiani CSF - Faizanè,1,2.2,FIN,1.0,7.0,82.0,0.0,,,,,10.0,15.0,5.0,0.0,0.0,1.0,141.94,142.0,0.0,0.0,0.122,0.0,84.2,0.0,57.7,0.0,0.0,0.0,0.0,0.122,0.0,1503.0,1493.0,430.0,5.0,2.0,1.0,1.0,0.0,0.0,0.8351,0.7022,0.3296,0.0,0.0,1.4,-0.8,-0.96,40.0,0.82,742.0,1,7,882.16,7.0,0.0,0.0,0.0,0.0,0.0,0.0,1.0,25.0,11.0,Sprint of large group,7.0,2.0,⛰️  Moy. montagne,0
2024-03-09,2024,tirreno-adriatico,stage,6.0,VF Group - Bardiani CSF - Faizanè,0,2.UWT,,,0.0,,,,,,,0.0,22.0,20.0,0.0,0.0,6.0,180.32,180.0,0.739,0.0,0.0,0.0,134.0,0.626,45.5,0.0,0.0,0.0,0.0,0.0,0.0,3591.0,2781.0,1091.0,153.0,2.0,4.0,2.0,0.0,1.0,0.9997,0.9997,0.9997,0.9997,0.9997,6.6,7.4,7.28,333.0,0.04,725.0,0,8,1024.1,60.0,0.0,0.0,0.0,0.0,0.0,0.0,0.0,912.0,12.0,6.1 km solo,1.25,3.0,🏔️  Haute montagne,0
2024-03-09,2024,istrian-spring-tour,stage,2.0,VF Group - Bardiani CSF - Faizanè,1,2.2,FIN,117.0,0.0,82.0,0.0,,,,,0.0,15.0,5.0,0.0,0.0,2.0,139.74,139.0,0.453,0.357,0.0,0.0,124.0,1.06,14.4,0.0,0.0,0.0,0.0,0.0,0.0,2211.0,1980.0,386.0,0.0,2.0,4.0,2.0,0.0,0.0,0.9998,0.9998,0.5869,0.0,0.0,6.4,6.97,4.82,264.0,0.62,747.0,1,8,1024.1,7.0,0.0,0.0,0.0,0.0,0.0,0.0,0.0,25.0,12.0,-,1.6666666666666667,3.0,🏔️  Haute montagne,0
2024-03-10,2024,istrian-spring-tour,stage,3.0,VF Group - Bardiani CSF - Faizanè,1,2.2,FIN,66.0,0.0,82.0,0.0,,,,,0.0,15.0,5.0,0.0,0.0,3.0,118.25,118.0,0.0,0.0,0.0,0.0,79.5,0.0,38.5,0.0,0.203,0.0,0.0,0.0,0.0,1270.0,1575.0,450.0,0.0,3.0,2.0,0.0,0.0,0.0,0.85,0.6273,0.0,0.0,0.0,-0.2,-0.77,-0.92,37.0,-0.16,734.0,1,8,1028.99,7.0,0.0,0.0,0.0,0.0,0.0,0.0,0.0,25.0,13.0,Sprint of small group,4.0,1.0,🟢  Plat/Sprint,0
2024-03-10,2024,tirreno-adriatico,stage,7.0,VF Group - Bardiani CSF - Faizanè,0,2.UWT,,,0.0,,,,,,,2.0,22.0,20.0,0.0,0.0,7.0,153.79,149.0,1.83,0.0,0.0,0.0,120.0,1.26,27.2,1.29,3.08,0.0,3.7,1.54,0.0,1505.0,1509.0,533.0,1.0,0.0,2.0,1.0,0.0,0.0,0.5404,0.5404,0.362,0.0,0.0,0.1,-0.2,-0.12,28.0,0.61,985.0,0,8,1028.99,60.0,0.0,0.0,0.0,0.0,0.0,0.0,0.0,912.0,17.0,Sprint of large group,8.0,2.0,⛰️  Moy. montagne,0
2024-03-13,2024,milano-torino,result,,VF Group - Bardiani CSF - Faizanè,1,1.Pro,FIN,98.0,0.0,,,,,,,53.0,53.0,0.0,0.0,0.0,,179.95,167.0,3.6,0.135,2.84,0.0,87.5,1.04,81.0,1.24,6.65,0.0,6.65,2.73,0.0,1261.0,1056.0,595.0,112.0,1.0,2.0,1.0,0.0,0.0,0.8875,0.8875,0.7805,0.0,0.0,1.4,1.13,1.08,62.0,-0.02,79.0,0,6,690.05,200.0,0.0,0.0,0.0,0.0,0.0,0.0,0.0,304.0,17.0,30.5 km solo,4.0,1.0,🟢  Plat/Sprint,0
2024-03-16,2024,milano-sanremo,result,,VF Group - Bardiani CSF - Faizanè,0,1.UWT,,,0.0,,,,,,,15.0,15.0,0.0,0.0,0.0,,288.19,281.0,3.95,2.09,0.358,0.0,57.3,3.34,217.0,9.06,0.424,0.201,0.424,0.757,0.0,1994.0,2060.0,548.0,2.0,2.0,1.0,1.0,0.0,0.0,0.9759,0.9159,0.377,0.0,0.0,-0.6,-1.1,-2.56,50.0,0.03,112.0,0,7,870.0,800.0,0.0,0.0,0.0,0.0,0.0,0.0,0.0,941.0,16.0,Sprint of 12 riders,2.4,2.0,⛰️  Moy. montagne,0
2024-03-17,2024,gp-izola-butan-plin,result,,VF Group - Bardiani CSF - Faizanè,1,1.2,FIN,66.0,0.0,,,,,,,3.0,3.0,0.0,0.0,0.0,,153.78,150.0,3.08,0.0,0.0,0.0,72.2,2.1,72.2,7.3,0.0,0.0,0.817,0.0,0.0,2175.0,2201.0,257.0,1.0,8.0,4.0,0.0,0.0,0.0,0.8016,0.6843,0.0,0.0,0.0,0.0,-1.4,-0.16,56.0,-0.05,765.0,0,7,870.0,40.0,0.0,0.0,0.0,0.0,0.0,0.0,0.0,21.0,16.0,Sprint à deux,5.4,2.0,⛰️  Moy. montagne,0
2024-03-19,2024,gp-brda-collio,result,,VF Group - Bardiani CSF - Faizanè,1,1.2,FIN,33.0,0.0,,,,,,,0.0,0.0,0.0,0.0,0.0,,150.29,150.0,0.0,0.0,0.0,0.0,148.0,0.0,0.0,2.55,0.0,0.0,0.0,0.0,0.0,1744.0,1734.0,181.0,51.0,9.0,0.0,0.0,0.0,0.0,0.9094,0.0,0.0,0.0,0.0,4.3,2.2,1.38,89.0,-0.13,563.0,0,8,1023.78,40.0,0.0,0.0,0.0,0.0,0.0,0.0,0.0,23.0,16.0,Sprint of small group,6.0,2.0,⛰️  Moy. montagne,0
2024-03-19,2024,settimana-internazionale-coppi-e-bartali,stage,1.0,VF Group - Bardiani CSF - Faizanè,0,2.1,,,0.0,,,,,,,0.0,50.0,50.0,0.0,0.0,1.0,109.78,109.0,0.281,0.0,0.0,0.0,75.8,0.532,32.1,0.98,0.0,0.0,0.0,0.0,0.0,1559.0,1572.0,541.0,2.0,3.0,1.0,1.0,0.0,0.0,0.9433,0.7954,0.31,0.0,0.0,0.1,-2.1,-3.12,24.0,0.2,726.0,1,8,1023.78,14.0,0.0,0.0,0.0,0.0,0.0,0.0,0.0,113.0,14.0,3.8 km solo,6.0,2.0,⛰️  Moy. montagne,0
2024-03-20,2024,settimana-internazionale-coppi-e-bartali,stage,2.0,VF Group - Bardiani CSF - Faizanè,0,2.1,,,0.0,,,,,,,0.0,50.0,50.0,0.0,0.0,2.0,157.06,154.0,2.87,0.12,0.0,0.0,147.0,0.0,9.82,0.0,0.0,0.0,0.0,0.0,0.0,3009.0,2714.0,421.0,22.0,1.0,6.0,1.0,0.0,0.0,0.9998,0.9998,0.3123,0.0,0.0,6.0,6.53,4.94,250.0,0.57,882.0,1,9,1174.0700000000002,14.0,0.0,0.0,0.0,0.0,0.0,0.0,0.0,113.0,15.0,0.05 km solo,1.0,3.0,🏔️  Haute montagne,0
2024-03-21,2024,settimana-internazionale-coppi-e-bartali,stage,3.0,VF Group - Bardiani CSF - Faizanè,0,2.1,,,0.0,,,,,,,0.0,50.0,50.0,0.0,0.0,3.0,133.44,133.0,0.0,0.0,0.0,0.0,125.0,0.136,7.89,0.0,0.321,0.0,0.348,0.0,0.0,2650.0,2720.0,982.0,2.0,2.0,2.0,2.0,0.0,1.0,0.9054,0.7883,0.6853,0.2844,0.2844,0.1,-0.33,-0.34,12.0,1.18,1112.0,1,9,1174.0700000000002,14.0,0.0,0.0,0.0,0.0,0.0,0.0,0.0,113.0,15.0,Sprint à deux,9.6,2.0,⛰️  Moy. montagne,0
2024-03-21,2024,gp-goriska-vipava-valley,result,,VF Group - Bardiani CSF - Faizanè,1,1.2,FIN,112.0,0.0,,,,,,,30.0,30.0,0.0,0.0,0.0,,149.5,139.0,10.8,0.0,0.0,0.0,134.0,7.32,0.751,6.97,0.0,0.0,0.178,0.202,0.0,2051.0,2024.0,168.0,53.0,12.0,0.0,0.0,0.0,0.0,0.9834,0.0,0.0,0.0,0.0,-0.3,0.13,-0.14,119.0,0.13,640.0,0,9,1174.0700000000002,40.0,0.0,0.0,0.0,0.0,0.0,0.0,0.0,19.0,16.0,Sprint of 11 riders,4.0,2.0,⛰️  Moy. montagne,0
2024-03-22,2024,settimana-internazionale-coppi-e-bartali,stage,4.0,VF Group - Bardiani CSF - Faizanè,0,2.1,,,0.0,,,,,,,0.0,50.0,50.0,0.0,0.0,4.0,150.55,147.0,0.228,1.93,0.0,0.0,128.0,3.26,17.6,0.0,0.0,0.0,0.0,0.0,0.0,2215.0,2255.0,286.0,41.0,3.0,4.0,0.0,0.0,0.0,0.9539,0.8745,0.0,0.0,0.0,3.0,1.1,-0.76,79.0,-0.2,679.0,1,10,1323.5700000000002,14.0,1.024,0.0,0.293,0.0,0.147,0.0,0.0,113.0,18.0,5.6 km solo,6.6,2.0,⛰️  Moy. montagne,0
2024-03-23,2024,settimana-internazionale-coppi-e-bartali,stage,5.0,VF Group - Bardiani CSF - Faizanè,0,2.1,,,0.0,,,,,,,0.0,50.0,50.0,0.0,0.0,5.0,157.66,121.0,28.1,0.0,7.11,0.0,140.0,8.06,5.1,2.67,2.11,0.0,2.22,0.0,0.423,2898.0,2901.0,361.0,23.0,0.0,10.0,1.0,0.0,0.0,0.9142,0.9142,0.0681,0.0,0.0,0.1,0.0,-0.06,4.0,0.04,898.0,1,10,1323.5700000000002,14.0,0.0,0.0,0.0,0.0,0.0,0.0,0.0,113.0,20.0,Sprint of small group,6.0,2.0,⛰️  Moy. montagne,0
2024-03-24,2024,la-roue-tourangelle,result,,VF Group - Bardiani CSF - Faizanè,0,1.1,,,0.0,,,,,,,45.0,45.0,0.0,0.0,0.0,,200.65,165.0,34.9,0.731,0.0,0.0,176.0,13.8,2.59,8.5,0.0,0.0,0.109,0.0,0.0,1782.0,1845.0,143.0,38.0,2.0,0.0,0.0,0.0,0.0,0.2709,0.0,0.0,0.0,0.0,0.0,0.07,0.02,44.0,-0.09,443.0,0,10,1323.5700000000002,125.0,0.515,0.0,0.0,0.0,0.0,0.0,0.0,102.0,12.0,Sprint of large group,14.6,1.0,🟢  Plat/Sprint,0
2024-03-27,2024,paris-camembert,result,,VF Group - Bardiani CSF - Faizanè,0,1.1,,,0.0,,,,,,,60.0,60.0,0.0,0.0,0.0,,207.45,155.0,52.8,0.0,0.0,0.0,171.0,2.26,30.7,3.37,0.0,0.0,0.0,0.0,0.0,1779.0,1846.0,249.0,46.0,10.0,1.0,0.0,0.0,0.0,0.9654,0.8039,0.0,0.0,0.0,0.1,-0.23,-0.2,54.0,-0.01,271.0,0,10,1323.5700000000002,125.0,0.0,0.0,0.0,0.0,0.0,0.0,0.0,118.0,9.0,Sprint of small group,6.0,2.0,⛰️  Moy. montagne,0
2024-03-29,2024,route-adelie-de-vitre,result,,VF Group - Bardiani CSF - Faizanè,0,1.1,,,0.0,,,,,,,3.0,3.0,0.0,0.0,0.0,,176.66,149.0,27.4,0.0,0.0,0.0,147.0,6.46,15.3,8.25,0.0,0.0,0.0,0.0,0.0,2233.0,2241.0,122.0,67.0,0.0,0.0,0.0,0.0,0.0,0.0,0.0,0.0,0.0,0.0,-0.9,-0.3,-0.56,97.0,-0.01,599.0,0,10,1323.5700000000002,125.0,0.0,0.0,0.0,0.0,0.0,0.0,0.0,124.0,13.0,Sprint of small group,23.6,1.0,🟢  Plat/Sprint,0
2024-04-09,2024,giro-d-abruzzo,stage,1.0,VF Group - Bardiani CSF - Faizanè,0,2.1,,,0.0,,,,,,,14.0,37.0,23.0,0.0,0.0,1.0,160.12,140.0,2.16,0.195,4.82,0.46,61.7,6.17,75.9,0.244,11.9,0.0,13.6,4.78,0.0,2004.0,2037.0,487.0,2.0,0.0,4.0,1.0,0.0,0.0,0.9396,0.9396,0.4992,0.0,0.0,0.2,-1.93,-2.32,5.0,0.34,598.0,0,5,751.77,14.0,0.0,0.0,0.0,0.0,0.0,0.0,0.0,154.0,23.0,Sprint of large group,18.0,2.0,⛰️  Moy. montagne,0
2024-04-10,2024,giro-d-abruzzo,stage,2.0,VF Group - Bardiani CSF - Faizanè,0,2.1,,,0.0,,,,,,,0.0,37.0,23.0,0.0,0.0,2.0,162.11,161.0,0.796,0.0,0.0,0.0,96.5,0.0,65.6,0.0,0.0,0.0,0.0,0.0,0.0,2242.0,1590.0,1112.0,63.0,1.0,1.0,1.0,0.0,1.0,0.9345,0.9345,0.9345,0.9345,0.9345,0.8,-1.5,-2.1,8.0,1.33,1065.0,0,4,633.52,14.0,0.0,0.0,0.0,0.0,0.0,0.0,0.0,154.0,17.0,6 km solo,14.8,2.0,⛰️  Moy. montagne,0
2024-04-11,2024,giro-d-abruzzo,stage,3.0,VF Group - Bardiani CSF - Faizanè,0,2.1,,,0.0,,,,,,,0.0,37.0,23.0,0.0,0.0,3.0,162.68,160.0,0.898,0.0,0.0,0.0,54.6,0.554,106.0,0.0,1.06,0.0,0.777,0.0,0.0,3679.0,2578.0,1562.0,350.0,4.0,0.0,1.0,0.0,2.0,0.9995,0.9995,0.9995,0.9995,0.9995,6.5,6.97,7.08,319.0,1.98,1393.0,0,4,633.52,14.0,0.0,0.0,0.0,0.0,0.0,0.0,0.0,154.0,15.0,Sprint of 3 riders,1.0,3.0,🏔️  Haute montagne,0
2024-04-12,2024,classic-grand-besancon-doubs,result,,VF Group - Bardiani CSF - Faizanè,0,1.1,,,0.0,,,,,,,0.0,0.0,0.0,0.0,0.0,,171.83,164.0,7.43,0.0,0.0,0.0,165.0,2.22,0.0,3.55,0.541,0.0,0.576,0.0,0.0,2644.0,2364.0,595.0,209.0,5.0,3.0,1.0,0.0,0.0,0.9998,0.9998,0.9998,0.0,0.0,8.3,8.37,6.7,318.0,-0.16,534.0,0,4,633.52,125.0,0.0,0.0,0.0,0.0,0.0,0.0,0.0,183.0,19.0,0.1 km solo,0.0,3.0,🏔️  Haute montagne,0
2024-04-12,2024,giro-d-abruzzo,stage,4.0,VF Group - Bardiani CSF - Faizanè,0,2.1,,,0.0,,,,,,,0.0,37.0,23.0,0.0,0.0,4.0,173.19,173.0,0.0,0.0,0.0,0.0,54.5,0.1,119.0,0.0,0.0,0.0,0.1,0.0,0.0,3408.0,2947.0,1327.0,138.0,6.0,4.0,1.0,0.0,1.0,0.9999,0.7956,0.7956,0.7956,0.7956,6.3,0.83,0.76,217.0,0.0,811.0,0,4,633.52,14.0,0.0,0.0,0.0,0.0,0.0,0.0,0.0,154.0,20.0,Sprint of 3 riders,14.8,2.0,⛰️  Moy. montagne,0
2024-04-13,2024,tour-du-jura-cycliste,result,,VF Group - Bardiani CSF - Faizanè,0,1.1,,,0.0,,,,,,,0.0,0.0,0.0,0.0,0.0,,175.97,165.0,10.3,0.0,0.0,0.0,157.0,4.15,14.0,0.835,0.0,0.0,0.198,0.0,0.0,3027.0,2410.0,833.0,198.0,4.0,1.0,3.0,0.0,0.0,0.9998,0.9998,0.9998,0.0,0.0,9.2,7.67,6.56,378.0,0.13,494.0,0,3,453.57,125.0,0.0,0.0,0.0,0.0,0.0,0.0,0.0,164.0,20.0,0.9 km solo,0.0,3.0,🏔️  Haute montagne,0
2024-04-14,2024,tour-du-doubs,result,,VF Group - Bardiani CSF - Faizanè,0,1.1,,,0.0,,,,,,,3.0,3.0,0.0,0.0,0.0,,200.2,200.0,0.388,0.0,0.0,0.0,185.0,1.12,7.95,5.05,0.0,0.0,0.145,0.905,0.0,2903.0,2482.0,1183.0,379.0,4.0,2.0,1.0,0.0,1.0,0.9997,0.9997,0.9997,0.9997,0.9997,2.2,4.97,5.28,347.0,0.03,796.0,0,3,453.57,125.0,0.0,0.0,0.0,0.0,0.0,0.0,0.0,126.0,22.0,Sprint à deux,0.0,3.0,🏔️  Haute montagne,0
2024-04-15,2024,tour-of-the-alps,stage,1.0,VF Group - Bardiani CSF - Faizanè,0,2.Pro,,,0.0,,,,,,,0.0,70.0,55.0,0.0,0.0,1.0,133.12,124.0,7.63,0.849,0.0,0.0,96.6,2.85,19.9,12.6,0.938,0.0,1.02,0.544,0.0,2259.0,2261.0,1156.0,206.0,0.0,0.0,2.0,0.0,1.0,0.8831,0.8831,0.8831,0.3431,0.3431,0.0,0.07,0.08,66.0,1.57,1156.0,1,3,453.57,20.0,0.264,0.0,0.057,0.0,0.011,0.0,0.0,220.0,21.0,Sprint of 4 riders,14.8,2.0,⛰️  Moy. montagne,0
2024-04-16,2024,tour-of-the-alps,stage,2.0,VF Group - Bardiani CSF - Faizanè,0,2.Pro,,,0.0,,,,,,,0.0,70.0,55.0,0.0,0.0,2.0,190.76,184.0,0.254,0.0,0.33,0.0,60.6,0.667,119.0,4.1,6.09,0.0,5.43,0.444,0.0,2738.0,2386.0,1374.0,211.0,1.0,1.0,1.0,0.0,1.0,0.9309,0.9309,0.9309,0.636,0.636,2.4,0.97,0.42,53.0,0.45,557.0,1,3,453.57,20.0,0.0,0.0,0.0,0.0,0.0,0.0,0.0,220.0,13.0,17.7 km solo,14.8,2.0,⛰️  Moy. montagne,0
2024-04-17,2024,tour-of-the-alps,stage,3.0,VF Group - Bardiani CSF - Faizanè,0,2.Pro,,,0.0,,,,,,,15.0,70.0,55.0,0.0,0.0,3.0,124.65,111.0,13.6,0.11,0.0,0.0,103.0,4.46,16.5,0.328,0.0,0.0,0.0,0.11,0.0,2287.0,2291.0,890.0,508.0,3.0,0.0,4.0,0.0,0.0,0.9406,0.9406,0.9406,0.0,0.0,0.0,-6.0,-6.28,112.0,-0.06,597.0,1,2,299.78999999999996,20.0,0.0,0.0,0.0,0.0,0.0,0.0,0.0,220.0,5.0,6.8 km solo,2.8,2.0,⛰️  Moy. montagne,0
2024-04-18,2024,tour-of-the-alps,stage,4.0,VF Group - Bardiani CSF - Faizanè,0,2.Pro,,,0.0,,,,,,,0.0,70.0,55.0,0.0,0.0,4.0,140.89,137.0,0.53,0.646,0.0,0.0,111.0,1.99,24.3,1.28,2.5,0.0,1.08,0.234,0.0,4219.0,4058.0,1493.0,224.0,1.0,1.0,1.0,1.0,2.0,0.9445,0.9445,0.9445,0.7374,0.7374,0.1,-3.77,-5.04,13.0,1.75,1570.0,1,2,299.78999999999996,20.0,0.584,0.0,0.584,0.0,0.584,0.0,0.0,220.0,8.0,45 km solo,3.0,2.0,⛰️  Moy. montagne,0
2024-04-19,2024,tour-of-the-alps,stage,5.0,VF Group - Bardiani CSF - Faizanè,0,2.Pro,,,0.0,,,,,,,0.0,70.0,55.0,0.0,0.0,5.0,118.31,118.0,0.67,0.164,0.0,0.0,118.0,0.757,0.0,0.0,0.0,0.0,0.155,0.0,0.0,2645.0,2605.0,1354.0,443.0,3.0,0.0,0.0,0.0,2.0,0.9604,0.7844,0.7844,0.7844,0.7844,1.4,0.87,-2.24,99.0,0.01,481.0,1,1,149.5,20.0,0.0,0.0,0.0,0.0,0.0,0.0,0.0,220.0,10.0,Sprint of 15 riders,3.0,2.0,⛰️  Moy. montagne,0
2024-04-21,2024,tour-of-turkey,stage,1.0,VF Group - Bardiani CSF - Faizanè,1,2.Pro,FIN,26.0,0.0,95.0,0.0,,,,,0.0,13.0,33.0,0.0,0.0,1.0,134.45,133.0,1.62,0.0,0.0,0.0,65.0,0.0,68.1,1.09,0.0,0.0,0.0,0.0,0.0,571.0,567.0,302.0,-1.0,0.0,1.0,0.0,0.0,0.0,0.7748,0.7748,0.0,0.0,0.0,0.3,0.0,0.14,55.0,-0.04,72.0,0,0,0.0,20.0,0.0,0.0,0.0,0.0,0.0,0.0,0.0,160.0,20.0,Sprint of large group,20.2,1.0,🟢  Plat/Sprint,0
2024-04-21,2024,trofeo-torino-biella-giro-della-provincia-di-biell,result,,VF Group - Bardiani CSF - Faizanè,0,1.2,,,0.0,,,,,,,18.0,18.0,0.0,0.0,0.0,,141.09,124.0,12.4,5.16,0.77,0.0,96.8,5.34,38.2,2.15,0.0,0.0,0.0,0.0,0.0,1626.0,1581.0,754.0,135.0,4.0,1.0,1.0,0.0,0.0,0.9645,0.7062,0.597,0.0,0.0,1.5,0.33,-1.8,45.0,-0.38,75.0,0,0,0.0,40.0,4.833,0.0,2.87,0.0,1.268,0.0,0.0,2.0,13.0,Sprint of small group,20.2,1.0,🟢  Plat/Sprint,0
2024-04-21,2024,giro-di-romagna,result,,VF Group - Bardiani CSF - Faizanè,0,1.1,,,0.0,,,,,,,39.0,39.0,0.0,0.0,0.0,,195.64,171.0,25.1,0.0,0.0,0.0,148.0,15.1,31.7,0.723,0.0,0.0,0.0,0.0,0.0,1515.0,1459.0,302.0,1.0,0.0,5.0,0.0,0.0,0.0,0.9325,0.9325,0.0,0.0,0.0,0.4,-0.27,-0.22,45.0,-0.0,48.0,1,0,0.0,125.0,0.0,0.0,0.0,0.0,0.0,0.0,0.0,62.0,15.0,Sprint of 5 riders,3.0,2.0,⛰️  Moy. montagne,0
2024-04-22,2024,tour-of-turkey,stage,2.0,VF Group - Bardiani CSF - Faizanè,1,2.Pro,FIN,114.0,0.0,95.0,0.0,,,,,-20.0,13.0,33.0,0.0,0.0,2.0,190.88,191.0,0.342,0.0,0.0,0.0,45.1,0.328,145.0,1.13,0.0,0.0,0.0,0.0,0.0,2888.0,2795.0,653.0,0.0,2.0,2.0,1.0,1.0,0.0,0.9998,0.7071,0.7071,0.7071,0.0,4.8,0.03,1.02,204.0,0.29,990.0,0,1,134.45,20.0,0.0,0.0,0.0,0.0,0.0,0.0,0.0,160.0,20.0,Sprint of large group,10.8,2.0,⛰️  Moy. montagne,0
2024-04-23,2024,tour-of-turkey,stage,3.0,VF Group - Bardiani CSF - Faizanè,1,2.Pro,FIN,18.0,0.0,95.0,0.0,,,,,15.0,13.0,33.0,0.0,0.0,3.0,147.55,145.0,1.06,0.509,0.424,0.0,35.0,0.11,110.0,0.923,0.838,0.0,0.893,0.48,0.0,1947.0,1948.0,282.0,3.0,6.0,3.0,0.0,0.0,0.0,0.8982,0.8982,0.0,0.0,0.0,-0.1,-0.17,-0.48,69.0,0.27,813.0,0,2,325.33,20.0,0.541,0.0,0.541,0.0,0.541,0.0,0.0,160.0,24.0,Sprint of large group,6.8,2.0,⛰️  Moy. montagne,0
2024-04-24,2024,tour-of-turkey,stage,4.0,VF Group - Bardiani CSF - Faizanè,1,2.Pro,FIN,97.0,0.0,95.0,0.0,,,,,0.0,13.0,33.0,0.0,0.0,4.0,138.35,135.0,3.14,0.0,0.0,0.0,104.0,0.0,33.3,0.0,0.483,0.0,0.508,0.244,0.0,2541.0,2502.0,479.0,0.0,4.0,1.0,2.0,0.0,0.0,0.9672,0.7305,0.7305,0.0,0.0,2.8,1.07,-0.98,159.0,0.06,943.0,0,3,472.88,20.0,0.0,0.0,0.0,0.0,0.0,0.0,0.0,160.0,26.0,Sprint of large group,6.8,2.0,⛰️  Moy. montagne,0
2024-04-25,2024,tour-of-turkey,stage,5.0,VF Group - Bardiani CSF - Faizanè,1,2.Pro,FIN,103.0,0.0,95.0,0.0,,,,,-15.0,13.0,33.0,0.0,0.0,5.0,179.19,174.0,1.67,1.32,0.0,0.0,102.0,0.402,74.6,0.0,1.28,0.0,1.86,1.44,0.0,2090.0,2140.0,313.0,0.0,3.0,4.0,0.0,0.0,0.0,0.954,0.8792,0.0,0.0,0.0,-2.5,-2.43,-1.2,152.0,0.13,577.0,0,4,611.23,20.0,0.0,0.0,0.0,0.0,0.0,0.0,0.0,160.0,21.0,Sprint of large group,6.8,2.0,⛰️  Moy. montagne,0
2024-04-26,2024,tour-of-turkey,stage,6.0,VF Group - Bardiani CSF - Faizanè,1,2.Pro,FIN,106.0,0.0,95.0,0.0,,,,,0.0,13.0,33.0,0.0,0.0,6.0,160.52,142.0,18.4,0.0,0.0,0.0,81.3,2.53,76.9,0.0,0.344,0.0,0.344,0.0,0.0,2635.0,1400.0,1236.0,0.0,4.0,1.0,0.0,0.0,1.0,0.9976,0.9976,0.9976,0.9976,0.9976,3.2,6.2,5.82,299.0,0.01,516.0,0,5,790.4200000000001,20.0,0.0,0.0,0.0,0.0,0.0,0.0,0.0,160.0,22.0,Sprint à deux,0.6,3.0,🏔️  Haute montagne,0
2024-04-27,2024,tour-of-turkey,stage,7.0,VF Group - Bardiani CSF - Faizanè,1,2.Pro,FIN,9.0,0.0,95.0,0.0,,,,,0.0,13.0,33.0,0.0,0.0,7.0,124.55,124.0,0.491,0.0,0.0,0.0,47.7,0.572,76.0,0.0,0.343,0.0,0.674,0.25,0.0,1036.0,1053.0,292.0,0.0,3.0,1.0,0.0,0.0,0.0,0.6644,0.4459,0.0,0.0,0.0,0.0,0.0,-0.14,22.0,0.44,688.0,0,6,950.94,20.0,0.0,0.0,0.0,0.0,0.0,0.0,0.0,160.0,22.0,Sprint of large group,23.8,1.0,🟢  Plat/Sprint,0
2024-04-28,2024,tour-of-turkey,stage,8.0,VF Group - Bardiani CSF - Faizanè,1,2.Pro,NR,,0.0,95.0,0.0,,,,,0.0,13.0,33.0,0.0,0.0,8.0,,,,,,,,,,,,,,,,,,,,0.0,0.0,0.0,0.0,0.0,,,,,,,,,,,,0,7,1075.49,,,,,,,,,160.0,14.0,-,,,,0
2024-05-04,2024,giro-d-italia,stage,1.0,VF Group - Bardiani CSF - Faizanè,0,2.UWT,,,0.0,,,,,,,0.0,419.0,150.0,130.0,0.0,1.0,139.11,137.0,0.726,0.657,0.69,0.0,110.0,8.82,18.2,1.9,0.202,0.0,0.0,0.0,0.0,1835.0,1863.0,692.0,170.0,3.0,0.0,2.0,0.0,0.0,0.9765,0.8404,0.8404,0.0,0.0,-1.5,-4.1,0.04,146.0,0.15,295.0,1,8,1075.49,180.0,0.607,0.0,0.232,0.0,0.232,0.0,0.0,721.0,19.0,Sprint of 3 riders,3.8,2.0,⛰️  Moy. montagne,0
2024-05-05,2024,giro-d-italia,stage,2.0,VF Group - Bardiani CSF - Faizanè,0,2.UWT,,,0.0,,,,,,,0.0,419.0,150.0,130.0,0.0,2.0,161.81,152.0,4.61,2.11,0.696,0.0,140.0,3.86,14.1,0.738,2.19,0.0,2.19,0.62,0.0,2310.0,1504.0,1136.0,180.0,1.0,2.0,1.0,0.0,1.0,0.9998,0.9998,0.9998,0.9998,0.9998,6.3,6.3,7.48,376.0,-0.19,230.0,1,8,1075.49,180.0,1.511,0.0,1.511,0.0,0.237,0.0,0.0,721.0,20.0,4.3 km solo,0.6,3.0,🏔️  Haute montagne,0
2024-05-06,2024,giro-d-italia,stage,3.0,VF Group - Bardiani CSF - Faizanè,0,2.UWT,,,0.0,,,,,,,0.0,419.0,150.0,130.0,0.0,3.0,167.61,160.0,4.76,0.0,2.53,0.0,83.5,2.6,78.9,1.82,0.428,0.0,0.428,0.185,0.0,868.0,634.0,392.0,97.0,2.0,2.0,0.0,0.0,0.0,0.979,0.9279,0.0,0.0,0.0,0.3,0.0,1.4,112.0,-0.06,41.0,1,8,1075.49,180.0,0.0,0.0,0.0,0.0,0.0,0.0,0.0,721.0,17.0,Sprint of large group,13.2,1.0,🟢  Plat/Sprint,0
2024-05-07,2024,giro-d-italia,stage,4.0,VF Group - Bardiani CSF - Faizanè,0,2.UWT,,,0.0,,,,,,,35.0,419.0,150.0,130.0,0.0,4.0,190.16,183.0,5.5,0.507,0.147,0.0,49.6,0.102,111.0,27.5,1.13,0.0,1.14,0.467,0.0,2151.0,2305.0,1036.0,0.0,3.0,0.0,0.0,0.0,1.0,0.9837,0.4046,0.4046,0.4046,0.4046,-1.1,-2.2,-0.06,82.0,0.41,413.0,1,8,1075.49,180.0,0.0,0.0,0.0,0.0,0.0,0.0,0.0,721.0,14.0,Sprint of large group,-4.0,2.0,⛰️  Moy. montagne,0
2024-05-08,2024,giro-d-italia,stage,5.0,VF Group - Bardiani CSF - Faizanè,0,2.UWT,,,0.0,,,,,,,-40.0,419.0,150.0,130.0,0.0,5.0,179.09,178.0,0.508,0.209,0.0,0.0,47.8,0.721,109.0,19.6,0.197,0.0,0.269,0.0,0.907,2216.0,2213.0,624.0,1.0,1.0,3.0,1.0,0.0,0.0,0.9246,0.9246,0.4436,0.0,0.0,-0.4,-0.3,-0.24,8.0,0.36,983.0,1,8,1075.49,180.0,0.0,0.0,0.0,0.0,0.0,0.0,0.0,721.0,20.0,Sprint of 3 riders,7.0,2.0,⛰️  Moy. montagne,0
2024-05-09,2024,giro-d-italia,stage,6.0,VF Group - Bardiani CSF - Faizanè,0,2.UWT,,,0.0,,,,,,,0.0,419.0,150.0,130.0,0.0,6.0,181.29,167.0,2.41,0.59,0.904,9.51,109.0,5.7,63.0,0.0,0.639,0.0,0.639,2.37,0.0,2134.0,1813.0,534.0,-2.0,4.0,2.0,1.0,0.0,0.0,0.9683,0.9683,0.3944,0.0,0.0,0.7,0.43,0.68,158.0,0.09,146.0,1,8,1075.49,180.0,0.058,9.732,0.058,2.384,0.0,0.0,0.0,721.0,23.0,Sprint of 3 riders,-4.0,2.0,⛰️  Moy. montagne,0
2024-05-10,2024,giro-d-italia,stage,7.0,VF Group - Bardiani CSF - Faizanè,0,2.UWT,,,0.0,,,,,,,0.0,419.0,150.0,130.0,0.0,7.0,40.93,33.8,5.66,0.115,0.0,0.0,37.5,1.17,0.0,0.123,1.38,0.0,1.41,0.759,0.0,408.0,165.0,472.0,185.0,0.0,1.0,0.0,0.0,0.0,0.9984,0.9984,0.0,0.0,0.0,3.1,3.17,2.44,291.0,0.59,408.0,1,8,1075.49,180.0,0.0,0.0,0.0,0.0,0.0,0.0,0.0,721.0,23.0,Time trial,4.2,1.0,🟢  Plat/Sprint,0
2024-05-11,2024,giro-d-italia,stage,8.0,VF Group - Bardiani CSF - Faizanè,0,2.UWT,,,0.0,,,,,,,10.0,419.0,150.0,130.0,0.0,8.0,151.66,151.0,0.118,0.0,0.0,0.0,62.5,0.169,88.9,0.0,0.0,0.0,0.0,0.0,0.0,3658.0,2640.0,1451.0,290.0,1.0,3.0,1.0,0.0,2.0,0.9996,0.9996,0.9996,0.9996,0.9996,6.5,7.0,7.06,318.0,0.74,1335.0,1,8,1075.49,180.0,0.0,0.0,0.0,0.0,0.0,0.0,0.0,721.0,20.0,Sprint of 7 riders,0.6,3.0,🏔️  Haute montagne,0
2024-05-12,2024,giro-d-italia,stage,9.0,VF Group - Bardiani CSF - Faizanè,0,2.UWT,,,0.0,,,,,,,0.0,419.0,150.0,130.0,0.0,9.0,214.01,160.0,9.66,0.0,3.53,0.0,108.0,1.95,60.5,0.0,41.2,0.0,42.0,4.42,0.0,1539.0,2264.0,740.0,-1.0,5.0,1.0,0.0,0.0,0.0,0.9544,0.3798,0.0,0.0,0.0,-0.1,-0.07,-1.79,10.0,-0.82,270.0,1,8,1075.49,180.0,0.0,0.0,0.0,0.0,0.0,0.0,0.0,721.0,23.0,Sprint of large group,-4.0,2.0,⛰️  Moy. montagne,0
2024-05-14,2024,giro-d-italia,stage,10.0,VF Group - Bardiani CSF - Faizanè,0,2.UWT,,,0.0,,,,,,,35.0,419.0,150.0,130.0,0.0,10.0,142.01,129.0,11.8,0.223,0.0,0.0,127.0,2.32,11.5,0.0,1.04,0.0,0.414,0.0,0.0,3018.0,1658.0,1389.0,20.0,1.0,1.0,0.0,1.0,1.0,0.9986,0.9986,0.9986,0.9986,0.9986,7.3,7.37,7.48,473.0,0.31,259.0,1,8,1075.49,180.0,0.0,0.0,0.0,0.0,0.0,0.0,0.0,721.0,24.0,2.5 km solo,2.6,3.0,🏔️  Haute montagne,0
2024-05-15,2024,giro-d-italia,stage,11.0,VF Group - Bardiani CSF - Faizanè,0,2.UWT,,,0.0,,,,,,,40.0,419.0,150.0,130.0,0.0,11.0,207.75,199.0,0.835,0.124,0.0,0.0,98.2,6.21,94.0,1.11,7.81,0.0,8.05,0.133,0.103,1830.0,2236.0,686.0,1.0,2.0,2.0,1.0,0.0,0.0,0.9337,0.4138,0.4138,0.0,0.0,-0.2,-0.1,-0.08,14.0,0.55,800.0,1,8,1075.49,180.0,0.0,0.0,0.0,0.0,0.0,0.0,0.0,721.0,24.0,Sprint of large group,-1.0,2.0,⛰️  Moy. montagne,0
2024-05-16,2024,giro-d-italia,stage,12.0,VF Group - Bardiani CSF - Faizanè,0,2.UWT,,,0.0,,,,,,,0.0,419.0,150.0,130.0,0.0,12.0,194.17,190.0,1.72,0.137,1.16,0.0,129.0,2.74,55.1,3.43,1.61,0.0,1.82,2.06,0.217,2158.0,2148.0,271.0,0.0,4.0,6.0,0.0,0.0,0.0,0.9243,0.9243,0.0,0.0,0.0,0.8,0.37,-0.02,26.0,0.0,104.0,1,8,1075.49,180.0,0.0,0.0,0.0,0.0,0.0,0.0,0.0,721.0,21.0,11.5 km solo,7.0,2.0,⛰️  Moy. montagne,0
2024-05-17,2024,giro-d-italia,stage,13.0,VF Group - Bardiani CSF - Faizanè,0,2.UWT,,,0.0,,,,,,,15.0,419.0,150.0,130.0,0.0,13.0,180.56,177.0,3.61,0.0,0.0,0.0,100.0,1.82,73.3,5.47,0.0,0.0,0.0,0.0,0.0,197.0,188.0,38.0,3.0,0.0,0.0,0.0,0.0,0.0,0.0,0.0,0.0,0.0,0.0,-0.2,-0.13,-0.02,18.0,0.04,90.0,1,8,1075.49,180.0,0.0,0.0,0.0,0.0,0.0,0.0,0.0,721.0,24.0,Sprint of large group,3.6,1.0,🟢  Plat/Sprint,0
2024-05-18,2024,giro-d-italia,stage,14.0,VF Group - Bardiani CSF - Faizanè,0,2.UWT,,,0.0,,,,,,,0.0,419.0,150.0,130.0,0.0,14.0,31.35,27.6,3.14,0.165,0.0,0.0,29.3,1.61,0.0,0.0,0.563,0.0,0.563,0.0,0.0,250.0,288.0,156.0,67.0,0.0,0.0,0.0,0.0,0.0,0.0,0.0,0.0,0.0,0.0,-0.4,-0.13,-0.22,15.0,-0.12,250.0,1,8,1075.49,180.0,0.0,0.0,0.0,0.0,0.0,0.0,0.0,721.0,23.0,Time trial,6.6,1.0,🟢  Plat/Sprint,0
2024-05-19,2024,gran-premio-new-york-city,result,,VF Group - Bardiani CSF - Faizanè,0,1.2,,,0.0,,,,,,,0.0,0.0,0.0,0.0,0.0,,135.67,121.0,13.2,0.0,0.0,0.0,81.3,12.2,38.7,2.04,1.43,0.0,1.36,0.137,0.0,1919.0,1828.0,256.0,0.0,6.0,2.0,0.0,0.0,0.0,0.9998,0.579,0.0,0.0,0.0,2.9,1.83,1.72,142.0,0.01,704.0,0,8,1075.49,40.0,0.0,0.0,0.0,0.0,0.0,0.0,0.0,18.0,17.0,Sprint of 3 riders,0.0,2.0,⛰️  Moy. montagne,0
2024-05-19,2024,giro-d-italia,stage,15.0,VF Group - Bardiani CSF - Faizanè,0,2.UWT,,,0.0,,,,,,,-25.0,419.0,150.0,130.0,0.0,15.0,222.16,206.0,13.1,0.164,0.337,1.67,193.0,0.953,25.2,0.0,0.604,0.0,0.666,2.52,0.278,5751.0,3506.0,2387.0,142.0,1.0,1.0,1.0,0.0,3.0,0.9999,0.9999,0.9999,0.9999,0.9999,10.7,9.17,6.92,366.0,0.7,773.0,1,8,1075.49,180.0,0.0,1.661,0.0,1.661,0.0,1.661,0.0,721.0,18.0,1.9 km solo,9.6,3.0,🏔️  Haute montagne,0
2024-05-21,2024,giro-d-italia,stage,16.0,VF Group - Bardiani CSF - Faizanè,0,2.UWT,,,0.0,,,,,,,130.0,419.0,150.0,130.0,0.0,16.0,118.6,115.0,0.395,0.318,0.459,0.0,63.0,2.13,49.3,0.777,2.44,0.0,2.36,0.488,0.367,2151.0,1407.0,1629.0,242.0,0.0,1.0,0.0,0.0,1.0,0.9998,0.9998,0.9998,0.9998,0.9998,13.7,8.83,6.48,336.0,-1.21,210.0,1,8,1075.49,180.0,0.0,0.0,0.0,0.0,0.0,0.0,0.0,721.0,11.0,0.65 km solo,4.0,3.0,🏔️  Haute montagne,0
2024-05-22,2024,giro-d-italia,stage,17.0,VF Group - Bardiani CSF - Faizanè,0,2.UWT,,,0.0,,,,,,,0.0,419.0,150.0,130.0,0.0,17.0,159.3,134.0,22.5,0.708,0.348,0.0,70.9,0.698,84.2,1.37,1.4,0.0,2.26,0.821,0.264,4087.0,4063.0,2240.0,648.0,0.0,1.0,0.0,1.0,3.0,0.9982,0.9982,0.9982,0.9982,0.9982,5.0,6.0,8.14,407.0,-0.86,855.0,1,7,941.04,180.0,0.177,0.0,0.0,0.0,0.0,0.0,0.0,721.0,10.0,34.3 km solo,30.0,3.0,🏔️  Haute montagne,0
2024-05-22,2024,rhone-alpes-isere-tour,stage,1.0,VF Group - Bardiani CSF - Faizanè,0,2.2,,,0.0,,,,,,,0.0,12.0,9.0,0.0,0.0,1.0,128.6,128.0,0.434,0.0,0.0,0.0,122.0,1.26,4.31,1.03,0.0,0.0,0.0,0.0,0.0,846.0,862.0,353.0,191.0,2.0,1.0,0.0,0.0,0.0,0.8501,0.8501,0.0,0.0,0.0,0.1,-0.03,-0.36,27.0,0.01,298.0,0,7,941.04,7.0,0.0,0.0,0.0,0.0,0.0,0.0,0.0,12.0,21.0,Sprint of large group,3.0,1.0,🟢  Plat/Sprint,0
2024-05-23,2024,giro-d-italia,stage,18.0,VF Group - Bardiani CSF - Faizanè,0,2.UWT,,,0.0,,,,,,,2.0,419.0,150.0,130.0,0.0,18.0,179.38,158.0,18.1,1.13,0.0,0.0,102.0,3.89,60.3,11.4,0.938,0.0,1.66,0.622,0.0,864.0,1534.0,681.0,4.0,1.0,2.0,0.0,0.0,0.0,0.4665,0.4665,0.0,0.0,0.0,0.1,-0.03,0.06,7.0,-0.88,436.0,1,6,750.16,180.0,0.006,0.0,0.006,0.0,0.006,0.0,0.0,721.0,21.0,Sprint of large group,3.0,1.0,🟢  Plat/Sprint,0
2024-05-23,2024,rhone-alpes-isere-tour,stage,2.0,VF Group - Bardiani CSF - Faizanè,0,2.2,,,0.0,,,,,,,0.0,12.0,9.0,0.0,0.0,2.0,142.8,115.0,28.3,0.0,0.0,0.0,140.0,2.2,0.232,0.434,0.0,0.0,0.0,0.0,0.0,2016.0,2180.0,608.0,234.0,5.0,4.0,0.0,0.0,0.0,0.9476,0.8391,0.0,0.0,0.0,-0.7,-1.37,-2.66,85.0,0.37,799.0,0,6,750.16,7.0,0.0,0.0,0.0,0.0,0.0,0.0,0.0,12.0,16.0,Sprint of 6 riders,8.0,2.0,⛰️  Moy. montagne,0
2024-05-24,2024,rhone-alpes-isere-tour,stage,3.0,VF Group - Bardiani CSF - Faizanè,0,2.2,,,0.0,,,,,,,0.0,12.0,9.0,0.0,0.0,3.0,156.19,130.0,25.0,0.0,0.1,0.0,145.0,2.17,0.913,7.27,0.85,0.0,0.85,0.0,0.1,1868.0,1872.0,579.0,209.0,7.0,0.0,1.0,0.0,0.0,0.8154,0.4637,0.4637,0.0,0.0,2.0,0.53,0.24,42.0,0.46,618.0,0,5,602.6099999999999,7.0,0.0,0.0,0.0,0.0,0.0,0.0,0.0,12.0,18.0,Sprint of large group,12.0,2.0,⛰️  Moy. montagne,0
2024-05-24,2024,giro-d-italia,stage,19.0,VF Group - Bardiani CSF - Faizanè,0,2.UWT,,,0.0,,,,,,,20.0,419.0,150.0,130.0,0.0,19.0,156.66,154.0,1.09,0.465,0.103,0.0,120.0,2.63,31.4,1.51,1.11,0.0,1.21,0.0,0.0,3223.0,2029.0,1291.0,40.0,3.0,0.0,2.0,0.0,1.0,0.9598,0.9598,0.9598,0.9598,0.9598,-0.6,0.63,-0.32,79.0,0.23,465.0,1,5,602.6099999999999,180.0,0.0,0.0,0.0,0.0,0.0,0.0,0.0,721.0,19.0,28 km solo,8.0,2.0,⛰️  Moy. montagne,0
2024-05-25,2024,rhone-alpes-isere-tour,stage,4.0,VF Group - Bardiani CSF - Faizanè,0,2.2,,,0.0,,,,,,,3.0,12.0,9.0,0.0,0.0,4.0,149.41,136.0,12.9,0.0,0.0,0.0,148.0,0.849,0.238,0.0,0.373,0.0,0.373,0.0,0.0,1802.0,1808.0,721.0,152.0,5.0,0.0,2.0,0.0,0.0,0.9246,0.5616,0.5616,0.0,0.0,-0.1,-0.73,-1.22,12.0,0.51,523.0,0,4,464.2600000000001,7.0,0.0,0.0,0.0,0.0,0.0,0.0,0.0,12.0,21.0,Sprint of small group,13.0,2.0,⛰️  Moy. montagne,0
2024-05-25,2024,giro-d-italia,stage,20.0,VF Group - Bardiani CSF - Faizanè,0,2.UWT,,,0.0,,,,,,,45.0,419.0,150.0,130.0,0.0,20.0,183.96,168.0,12.9,0.0,0.0,0.0,154.0,1.31,22.3,3.76,3.11,0.0,3.11,0.0,0.0,4581.0,4853.0,1676.0,110.0,5.0,1.0,0.0,0.0,2.0,0.8941,0.813,0.813,0.813,0.813,-0.5,-0.7,-1.4,1.0,-0.53,516.0,1,4,464.2600000000001,180.0,0.0,0.0,0.0,0.0,0.0,0.0,0.0,721.0,16.0,34.1 km solo,4.0,2.0,⛰️  Moy. montagne,0
2024-05-26,2024,rhone-alpes-isere-tour,stage,5.0,VF Group - Bardiani CSF - Faizanè,0,2.2,,,0.0,,,,,,,0.0,12.0,9.0,0.0,0.0,5.0,169.46,169.0,0.336,0.0,0.31,0.0,149.0,2.23,2.73,14.8,0.0,0.0,0.139,0.31,0.0,3954.0,4307.0,1527.0,214.0,3.0,0.0,1.0,2.0,1.0,0.905,0.905,0.905,0.905,0.905,0.4,-3.97,-5.6,12.0,-1.38,859.0,0,3,285.07,7.0,0.0,0.0,0.0,0.0,0.0,0.0,0.0,12.0,18.0,Sprint à deux,13.6,2.0,⛰️  Moy. montagne,0
2024-05-26,2024,giro-d-italia,stage,21.0,VF Group - Bardiani CSF - Faizanè,0,2.UWT,,,0.0,,,,,,,2.0,419.0,150.0,130.0,0.0,21.0,125.16,99.5,6.03,15.9,0.0,0.0,57.2,10.4,40.0,3.8,3.04,0.0,6.6,10.0,3.54,660.0,656.0,66.0,2.0,0.0,0.0,0.0,0.0,0.0,0.0,0.0,0.0,0.0,0.0,-0.1,0.0,0.06,37.0,0.01,298.0,1,3,285.07,180.0,12.088,0.0,5.012,0.0,2.556,0.0,0.0,721.0,25.0,Sprint of large group,3.4,1.0,🟢  Plat/Sprint,0
2024-06-02,2024,brussels-cycling-classic,result,,VF Group - Bardiani CSF - Faizanè,1,1.Pro,FIN,90.0,0.0,,,,,,,65.0,65.0,0.0,0.0,0.0,,218.36,158.0,49.7,7.5,0.0,0.0,106.0,14.2,14.8,69.4,3.4,0.823,3.81,0.174,0.0,1925.0,1981.0,171.0,17.0,4.0,0.0,0.0,0.0,0.0,0.7415,0.0,0.0,0.0,0.0,1.4,0.0,0.04,60.0,0.07,432.0,0,0,0.0,200.0,2.948,0.004,2.195,0.0,0.0,0.0,0.0,330.0,15.0,4.4 km solo,3.8,1.0,🟢  Plat/Sprint,0
2024-06-05,2024,zlm-tour,stage,1.0,VF Group - Bardiani CSF - Faizanè,1,2.1,FIN,96.0,0.0,43.0,0.0,,,,,0.0,0.0,0.0,0.0,0.0,1.0,14.7,6.67,6.66,1.24,0.0,0.0,10.1,0.184,0.0,1.49,0.0,0.0,0.102,0.0,0.0,17.0,15.0,10.0,-2.0,0.0,0.0,0.0,0.0,0.0,0.0,0.0,0.0,0.0,0.0,-0.7,0.07,0.06,17.0,0.01,17.0,0,1,218.36,14.0,0.0,0.0,0.0,0.0,0.0,0.0,0.0,68.0,16.0,Time trial,13.8,1.0,🟢  Plat/Sprint,0
2024-06-06,2024,zlm-tour,stage,2.0,VF Group - Bardiani CSF - Faizanè,1,2.1,FIN,5.0,0.0,43.0,0.0,,,,,0.0,0.0,0.0,0.0,0.0,2.0,193.72,142.0,38.1,6.19,0.228,0.0,115.0,3.38,0.289,27.6,6.49,0.0,7.56,0.109,0.281,197.0,194.0,18.0,-12.0,0.0,0.0,0.0,0.0,0.0,0.0,0.0,0.0,0.0,0.0,0.0,0.03,-0.02,9.0,0.02,60.0,0,2,233.06,14.0,3.057,0.0,2.625,0.0,1.25,0.0,0.0,68.0,17.0,Sprint of large group,13.8,1.0,🟢  Plat/Sprint,0
2024-06-07,2024,zlm-tour,stage,3.0,VF Group - Bardiani CSF - Faizanè,1,2.1,FIN,59.0,0.0,43.0,0.0,,,,,0.0,0.0,0.0,0.0,0.0,3.0,180.37,127.0,44.8,4.57,0.331,0.0,104.0,6.82,0.0,17.5,3.93,0.0,4.45,0.315,0.0,370.0,346.0,54.0,8.0,0.0,0.0,0.0,0.0,0.0,0.0,0.0,0.0,0.0,0.0,0.0,0.07,0.02,22.0,0.04,85.0,0,3,426.78,14.0,0.028,0.0,0.0,0.0,0.0,0.0,0.0,68.0,20.0,Sprint of 3 riders,13.8,1.0,🟢  Plat/Sprint,0
2024-06-08,2024,zlm-tour,stage,4.0,VF Group - Bardiani CSF - Faizanè,1,2.1,FIN,46.0,0.0,43.0,0.0,,,,,0.0,0.0,0.0,0.0,0.0,4.0,196.76,106.0,81.3,9.08,0.0,0.0,147.0,5.21,0.0,14.4,0.0,0.0,0.93,0.0,0.0,332.0,331.0,21.0,-10.0,0.0,0.0,0.0,0.0,0.0,0.0,0.0,0.0,0.0,0.0,0.1,0.07,0.04,19.0,0.0,60.0,0,4,607.15,14.0,0.0,0.0,0.0,0.0,0.0,0.0,0.0,68.0,18.0,Sprint of large group,13.4,1.0,🟢  Plat/Sprint,0
2024-06-09,2024,zlm-tour,stage,5.0,VF Group - Bardiani CSF - Faizanè,1,2.1,FIN,11.0,0.0,43.0,0.0,,,,,0.0,0.0,0.0,0.0,0.0,5.0,159.45,112.0,43.3,3.35,0.0,0.0,82.4,0.861,0.0,42.8,1.07,0.0,1.64,0.0,0.168,162.0,162.0,17.0,0.0,0.0,0.0,0.0,0.0,0.0,0.0,0.0,0.0,0.0,0.0,0.0,0.0,0.0,14.0,-0.01,45.0,0,5,803.91,14.0,0.931,0.0,0.465,0.0,0.233,0.0,0.0,68.0,18.0,0.35 km solo,13.0,1.0,🟢  Plat/Sprint,0
2024-06-12,2024,tour-of-slovenia,stage,1.0,VF Group - Bardiani CSF - Faizanè,0,2.Pro,,,0.0,,,,,,,0.0,252.0,241.0,0.0,0.0,1.0,205.1,169.0,35.1,0.0,0.0,0.0,130.0,8.77,22.4,36.2,0.0,0.0,0.434,0.231,0.0,802.0,783.0,333.0,157.0,0.0,1.0,0.0,0.0,0.0,0.6851,0.6851,0.0,0.0,0.0,0.7,-0.67,0.0,120.0,-0.03,115.0,1,6,963.36,20.0,0.0,0.0,0.0,0.0,0.0,0.0,0.0,353.0,15.0,Sprint of large group,0.0,1.0,🟢  Plat/Sprint,0
2024-06-13,2024,tour-of-slovenia,stage,2.0,VF Group - Bardiani CSF - Faizanè,0,2.Pro,,,0.0,,,,,,,0.0,252.0,241.0,0.0,0.0,2.0,177.28,149.0,26.8,0.293,0.0,0.0,129.0,5.37,31.3,10.6,0.442,0.0,0.589,0.501,0.0,2480.0,2519.0,724.0,198.0,5.0,1.0,1.0,0.0,0.0,0.9177,0.5179,0.5179,0.0,0.0,0.1,-0.13,-0.04,67.0,0.28,655.0,1,6,963.36,20.0,0.0,0.0,0.0,0.0,0.0,0.0,0.0,353.0,16.0,Sprint of large group,13.6,2.0,⛰️  Moy. montagne,0
2024-06-14,2024,tour-of-slovenia,stage,3.0,VF Group - Bardiani CSF - Faizanè,0,2.Pro,,,0.0,,,,,,,3.0,252.0,241.0,0.0,0.0,3.0,160.09,147.0,12.7,0.153,0.0,0.0,128.0,13.3,5.66,11.7,0.361,0.0,0.573,0.0,0.0,2771.0,2969.0,875.0,42.0,1.0,2.0,3.0,0.0,0.0,0.9392,0.9392,0.9392,0.0,0.0,0.3,-1.37,-3.88,43.0,0.57,740.0,1,6,963.36,20.0,0.0,0.0,0.0,0.0,0.0,0.0,0.0,353.0,21.0,7 km solo,9.6,2.0,⛰️  Moy. montagne,0
2024-06-15,2024,tour-of-slovenia,stage,4.0,VF Group - Bardiani CSF - Faizanè,0,2.Pro,,,0.0,,,,,,,8.0,252.0,241.0,0.0,0.0,4.0,147.16,139.0,6.48,0.0,0.259,0.0,118.0,4.96,2.22,15.3,1.47,0.0,1.47,4.16,0.0,2928.0,1706.0,1587.0,282.0,0.0,1.0,2.0,0.0,1.0,0.9998,0.9998,0.9998,0.9998,0.9998,12.8,5.7,6.24,225.0,0.46,839.0,1,6,963.36,20.0,0.0,0.0,0.0,0.0,0.0,0.0,0.0,353.0,22.0,0.09 km solo,30.0,3.0,🏔️  Haute montagne,0
2024-06-16,2024,tour-of-slovenia,stage,5.0,VF Group - Bardiani CSF - Faizanè,0,2.Pro,,,0.0,,,,,,,0.0,252.0,241.0,0.0,0.0,5.0,157.25,149.0,7.06,0.528,0.0,0.0,126.0,6.87,17.9,5.9,0.0,0.0,0.154,0.706,0.0,1847.0,1863.0,425.0,143.0,2.0,3.0,0.0,0.0,0.0,0.9383,0.9383,0.0,0.0,0.0,0.4,-0.23,-0.34,61.0,0.09,483.0,1,6,963.36,20.0,0.374,0.0,0.374,0.0,0.134,0.0,0.0,353.0,25.0,1 km solo,10.2,2.0,⛰️  Moy. montagne,0
2024-06-20,2024,nc-italy-itt,result,,VF Group - Bardiani CSF - Faizanè,0,NC,,,0.0,,,,,,,0.0,0.0,0.0,0.0,0.0,,,,,,,,,,,,,,,,,,,,,0.0,0.0,0.0,0.0,0.0,,,,,,,,,,,,0,6,963.36,,,,,,,,,,,Time trial,,,,0
2024-06-23,2024,nc-italy,result,,VF Group - Bardiani CSF - Faizanè,0,NC,,,0.0,,,,,,,6.0,6.0,0.0,0.0,0.0,,,,,,,,,,,,,,,,,,,,,0.0,0.0,0.0,0.0,0.0,,,,,,,,,,,,1,6,963.36,,,,,,,,,265.0,,9.2 km solo,,,,0
2024-07-02,2024,tour-of-austria,stage,1.0,VF Group - Bardiani CSF - Faizanè,0,2.1,,,0.0,,,,,,,0.0,43.0,38.0,0.0,0.0,1.0,3.04,2.64,0.121,0.221,0.0,0.0,0.196,1.33,0.156,0.903,0.0,0.0,0.0,0.414,0.0,9.0,8.0,277.0,270.0,0.0,0.0,0.0,0.0,0.0,0.0,0.0,0.0,0.0,0.0,0.4,0.07,0.03,9.0,0.03,9.0,1,6,963.36,14.0,0.0,0.0,0.0,0.0,0.0,0.0,0.0,130.0,22.0,Time trial,0.0,1.0,🟢  Plat/Sprint,0
2024-07-03,2024,tour-of-austria,stage,2.0,VF Group - Bardiani CSF - Faizanè,0,2.1,,,0.0,,,,,,,0.0,43.0,38.0,0.0,0.0,2.0,177.8,177.0,1.06,0.205,0.0,0.0,98.9,6.57,71.2,0.692,0.0,0.0,0.129,0.323,0.161,2026.0,2083.0,464.0,202.0,6.0,1.0,0.0,0.0,0.0,0.9564,0.9564,0.0,0.0,0.0,0.6,-1.23,-0.42,167.0,-0.38,473.0,1,5,745.0,14.0,0.0,0.0,0.0,0.0,0.0,0.0,0.0,130.0,20.0,Sprint of large group,1.2,2.0,⛰️  Moy. montagne,0
2024-07-04,2024,tour-of-austria,stage,3.0,VF Group - Bardiani CSF - Faizanè,0,2.1,,,0.0,,,,,,,5.0,43.0,38.0,0.0,0.0,3.0,184.34,176.0,7.98,0.359,0.0,0.0,115.0,2.6,65.5,0.7,0.3,0.0,0.3,0.17,0.0,2388.0,2517.0,746.0,207.0,1.0,4.0,1.0,0.0,0.0,0.9724,0.9724,0.3756,0.0,0.0,-1.4,-3.53,-3.96,216.0,-0.3,370.0,1,5,745.0,14.0,0.0,0.0,0.0,0.0,0.0,0.0,0.0,130.0,21.0,Sprint of small group,0.6,2.0,⛰️  Moy. montagne,0
2024-07-05,2024,tour-of-austria,stage,4.0,VF Group - Bardiani CSF - Faizanè,0,2.1,,,0.0,,,,,,,0.0,43.0,38.0,0.0,0.0,4.0,153.23,146.0,2.31,0.0,0.0,0.581,76.3,5.43,64.8,1.86,4.38,0.0,2.38,0.735,0.0,2988.0,3038.0,1370.0,532.0,2.0,3.0,1.0,0.0,1.0,0.9998,0.9998,0.7659,0.7659,0.7659,6.5,5.4,2.9,255.0,0.58,1113.0,1,5,745.0,14.0,0.0,0.0,0.0,0.0,0.0,0.0,0.0,130.0,24.0,Sprint of small group,29.6,3.0,🏔️  Haute montagne,0
2024-07-06,2024,tour-of-austria,stage,5.0,VF Group - Bardiani CSF - Faizanè,0,2.1,,,0.0,,,,,,,0.0,43.0,38.0,0.0,0.0,5.0,151.33,148.0,0.649,0.0,0.0,0.0,60.4,0.148,87.3,0.856,3.01,0.0,3.01,0.0,0.0,3660.0,2909.0,2530.0,566.0,1.0,0.0,1.0,1.0,1.0,0.9964,0.9964,0.9964,0.9964,0.4912,1.3,2.43,3.32,273.0,1.72,1127.0,1,4,730.3,14.0,0.0,0.0,0.0,0.0,0.0,0.0,0.0,130.0,23.0,Sprint of small group,22.6,3.0,🏔️  Haute montagne,0
2024-07-07,2024,tour-of-magnificent-qinghai,stage,1.0,VF Group - Bardiani CSF - Faizanè,0,2.Pro,,,0.0,,,,,,,15.0,204.0,143.0,0.0,0.0,1.0,121.11,57.9,0.0,0.0,0.0,0.0,34.2,2.87,23.6,0.0,64.3,0.0,64.2,0.0,0.0,476.0,476.0,2292.0,2248.0,0.0,0.0,0.0,0.0,0.0,0.0,0.0,0.0,0.0,0.0,-0.5,0.13,0.14,74.0,-0.01,200.0,0,3,536.5799999999999,20.0,0.0,0.0,0.0,0.0,0.0,0.0,0.0,97.0,22.0,Sprint of large group,0.0,1.0,🟢  Plat/Sprint,0
2024-07-08,2024,tour-of-magnificent-qinghai,stage,2.0,VF Group - Bardiani CSF - Faizanè,0,2.Pro,,,0.0,,,,,,,3.0,204.0,143.0,0.0,0.0,2.0,111.25,20.0,6.79,0.0,0.0,0.0,10.1,1.25,15.5,0.0,87.2,0.0,86.2,0.0,0.0,1790.0,1678.0,3379.0,2356.0,0.0,1.0,1.0,0.0,1.0,0.9354,0.9354,0.9354,0.4139,0.4139,-0.5,-0.9,-0.58,367.0,0.55,1071.0,0,2,356.21,20.0,0.0,0.0,0.0,0.0,0.0,0.0,0.0,97.0,20.0,Sprint of small group,27.6,3.0,🏔️  Haute montagne,0
2024-07-09,2024,tour-of-magnificent-qinghai,stage,3.0,VF Group - Bardiani CSF - Faizanè,0,2.Pro,,,0.0,,,,,,,20.0,204.0,143.0,0.0,0.0,3.0,202.53,13.6,0.912,0.0,0.0,0.0,6.77,1.21,6.85,0.0,190.0,0.0,191.0,0.0,0.0,3683.0,3951.0,3549.0,2098.0,0.0,3.0,1.0,1.0,1.0,0.7727,0.7727,0.7727,0.7727,0.7727,0.7,0.43,0.0,232.0,-0.82,351.0,0,1,159.45,20.0,0.0,0.0,0.0,0.0,0.0,0.0,0.0,97.0,19.0,Sprint of small group,2.2,3.0,🏔️  Haute montagne,0
2024-07-10,2024,tour-of-magnificent-qinghai,stage,4.0,VF Group - Bardiani CSF - Faizanè,0,2.Pro,,,0.0,,,,,,,0.0,204.0,143.0,0.0,0.0,4.0,135.99,10.0,0.638,0.0,0.19,0.0,0.0,0.676,9.94,0.0,127.0,0.0,127.0,0.19,0.0,2430.0,1761.0,3781.0,2205.0,1.0,0.0,1.0,0.0,1.0,0.7862,0.7862,0.7862,0.5018,0.5018,2.2,-1.87,-2.2,128.0,3.12,1709.0,0,0,0.0,20.0,0.0,0.0,0.0,0.0,0.0,0.0,0.0,97.0,18.0,Sprint of small group,6.2,3.0,🏔️  Haute montagne,0
2024-07-11,2024,tour-of-magnificent-qinghai,stage,5.0,VF Group - Bardiani CSF - Faizanè,0,2.Pro,,,0.0,,,,,,,0.0,204.0,143.0,0.0,0.0,5.0,126.76,19.0,1.0,0.0,0.414,0.0,0.878,0.839,1.46,16.9,107.0,0.0,107.0,0.414,0.0,1484.0,1267.0,3727.0,2861.0,2.0,0.0,0.0,0.0,1.0,0.8204,0.4623,0.4623,0.4623,0.4623,0.7,-0.63,-0.86,158.0,0.71,1105.0,0,0,0.0,20.0,0.0,0.0,0.0,0.0,0.0,0.0,0.0,97.0,19.0,Sprint of large group,4.6,3.0,🏔️  Haute montagne,0
2024-07-12,2024,tour-of-magnificent-qinghai,stage,6.0,VF Group - Bardiani CSF - Faizanè,0,2.Pro,,,0.0,,,,,,,15.0,204.0,143.0,0.0,0.0,6.0,207.68,11.0,0.415,0.0,0.0,0.0,1.95,0.0,9.43,0.0,198.0,0.0,196.0,0.0,0.0,2339.0,2707.0,4117.0,2679.0,3.0,0.0,1.0,0.0,1.0,0.6994,0.6994,0.6994,0.6994,0.6994,1.1,1.33,0.52,57.0,0.53,465.0,0,0,0.0,20.0,0.0,0.0,0.0,0.0,0.0,0.0,0.0,97.0,11.0,Sprint of small group,4.6,3.0,🏔️  Haute montagne,0
2024-07-13,2024,tour-of-magnificent-qinghai,stage,7.0,VF Group - Bardiani CSF - Faizanè,0,2.Pro,,,0.0,,,,,,,5.0,204.0,143.0,0.0,0.0,7.0,168.72,18.1,2.14,0.0,1.04,0.0,3.55,0.389,17.6,0.0,149.0,0.0,130.0,0.0,0.0,1537.0,1377.0,3765.0,2736.0,2.0,0.0,0.0,0.0,1.0,0.7631,0.5375,0.5375,0.5375,0.5375,-1.1,-1.1,-1.3,75.0,0.91,679.0,0,0,0.0,20.0,0.0,0.0,0.0,0.0,0.0,0.0,0.0,97.0,10.0,Sprint of 12 riders,1.6,2.0,⛰️  Moy. montagne,0
2024-07-14,2024,tour-of-magnificent-qinghai,stage,8.0,VF Group - Bardiani CSF - Faizanè,0,2.Pro,,,0.0,,,,,,,3.0,204.0,143.0,0.0,0.0,8.0,120.01,11.2,2.05,0.0,0.0,0.0,10.3,1.64,1.9,0.0,107.0,0.0,105.0,0.13,0.0,1059.0,1058.0,3178.0,2701.0,1.0,1.0,1.0,0.0,0.0,0.856,0.856,0.5084,0.0,0.0,-1.1,-1.1,-1.3,146.0,0.45,567.0,0,0,0.0,20.0,0.0,0.0,0.0,0.0,0.0,0.0,0.0,97.0,16.0,35 km solo,3.0,1.0,🟢  Plat/Sprint,0
2024-07-14,2024,giro-dell-appennino,result,,VF Group - Bardiani CSF - Faizanè,0,1.1,,,0.0,,,,,,,13.0,13.0,0.0,0.0,0.0,,198.44,193.0,3.22,0.0,0.246,0.0,97.3,1.39,70.6,27.8,1.5,0.324,2.74,0.0,0.0,2815.0,3010.0,740.0,3.0,0.0,1.0,3.0,1.0,0.0,0.8455,0.8455,0.8455,0.8455,0.0,1.5,0.3,0.32,35.0,0.27,444.0,0,0,0.0,125.0,0.0,0.0,0.0,0.0,0.0,0.0,0.0,74.0,26.0,29 km solo,2.6,2.0,⛰️  Moy. montagne,0
2024-07-25,2024,tour-alsace,stage,2.0,VF Group - Bardiani CSF - Faizanè,1,2.2,FIN,134.0,0.0,121.0,0.0,,,,,0.0,0.0,0.0,0.0,0.0,2.0,153.28,133.0,19.0,0.0,0.417,0.0,121.0,8.02,20.8,2.55,0.59,0.0,0.59,0.23,0.0,2244.0,1983.0,733.0,259.0,3.0,3.0,1.0,0.0,0.0,0.9998,0.9998,0.5631,0.0,0.0,6.7,4.0,3.0,179.0,-0.05,474.0,0,0,0.0,7.0,0.0,0.0,0.0,0.0,0.0,0.0,0.0,44.0,26.0,Sprint à deux,4.6,2.0,⛰️  Moy. montagne,0
2024-07-26,2024,tour-alsace,stage,3.0,VF Group - Bardiani CSF - Faizanè,1,2.2,FIN,124.0,0.0,121.0,0.0,,,,,0.0,0.0,0.0,0.0,0.0,3.0,134.2,126.0,7.09,0.256,0.0,0.0,129.0,2.74,0.294,1.28,0.575,0.0,0.575,0.157,0.0,2510.0,1715.0,1037.0,215.0,4.0,0.0,2.0,0.0,1.0,0.9998,0.9998,0.9998,0.9998,0.9998,6.2,7.77,8.18,363.0,0.1,561.0,0,1,153.28,7.0,0.0,0.0,0.0,0.0,0.0,0.0,0.0,44.0,27.0,? km solo,7.6,3.0,🏔️  Haute montagne,0
2024-07-27,2024,tour-alsace,stage,4.0,VF Group - Bardiani CSF - Faizanè,1,2.2,FIN,109.0,0.0,121.0,0.0,,,,,0.0,0.0,0.0,0.0,0.0,4.0,179.8,178.0,2.02,0.0,0.0,0.0,167.0,2.93,6.43,3.11,0.207,0.0,0.0,0.0,0.0,2850.0,2815.0,830.0,255.0,1.0,5.0,2.0,0.0,0.0,0.9307,0.9307,0.7251,0.0,0.0,-0.6,-0.77,-0.2,38.0,0.25,732.0,0,2,287.48,7.0,0.0,0.0,0.0,0.0,0.0,0.0,0.0,44.0,28.0,Sprint à deux,4.6,2.0,⛰️  Moy. montagne,0
2024-07-28,2024,tour-alsace,stage,5.0,VF Group - Bardiani CSF - Faizanè,1,2.2,FIN,5.0,0.0,121.0,0.0,,,,,0.0,0.0,0.0,0.0,0.0,5.0,151.34,149.0,2.2,0.0,0.0,0.0,118.0,2.37,2.3,29.1,0.0,0.0,0.0,0.0,0.0,289.0,349.0,249.0,167.0,0.0,0.0,0.0,0.0,0.0,0.0,0.0,0.0,0.0,0.0,0.2,0.03,0.02,18.0,-0.12,141.0,0,3,467.28,7.0,0.0,0.0,0.0,0.0,0.0,0.0,0.0,44.0,23.0,Sprint of large group,3.6,1.0,🟢  Plat/Sprint,0
2024-08-04,2024,arctic-race-of-norway,stage,1.0,VF Group - Bardiani CSF - Faizanè,0,2.Pro,,,0.0,,,,,,,0.0,13.0,13.0,0.0,0.0,1.0,154.72,149.0,5.57,0.0,0.0,0.0,37.2,3.73,110.0,2.83,0.226,0.0,0.526,0.794,0.0,2517.0,2537.0,520.0,0.0,4.0,1.0,1.0,0.0,0.0,0.88,0.88,0.88,0.0,0.0,0.0,-0.1,-0.2,15.0,-0.03,613.0,0,4,618.62,20.0,0.0,0.0,0.0,0.0,0.0,0.0,0.0,188.0,24.0,Sprint of large group,4.6,2.0,⛰️  Moy. montagne,0
2024-08-05,2024,arctic-race-of-norway,stage,2.0,VF Group - Bardiani CSF - Faizanè,0,2.Pro,,,0.0,,,,,,,0.0,13.0,13.0,0.0,0.0,2.0,177.7,173.0,4.64,0.0,0.0,0.0,38.8,0.536,137.0,1.13,0.0,0.0,0.102,0.323,0.0,2870.0,2866.0,637.0,0.0,6.0,1.0,1.0,0.0,0.0,0.9602,0.3805,0.1133,0.0,0.0,-1.9,-0.87,-1.84,39.0,0.03,1169.0,0,4,618.62,20.0,0.0,0.0,0.0,0.0,0.0,0.0,0.0,188.0,22.0,Sprint of large group,3.6,2.0,⛰️  Moy. montagne,0
2024-08-06,2024,arctic-race-of-norway,stage,3.0,VF Group - Bardiani CSF - Faizanè,0,2.Pro,,,0.0,,,,,,,0.0,13.0,13.0,0.0,0.0,3.0,154.92,149.0,5.51,0.0,0.0,0.0,20.3,2.42,132.0,0.0,0.0,0.0,0.31,0.16,0.0,2701.0,2117.0,598.0,0.0,2.0,1.0,2.0,0.0,0.0,0.9998,0.9998,0.9998,0.0,0.0,8.1,6.27,5.14,330.0,0.19,818.0,0,4,618.62,20.0,0.0,0.0,0.0,0.0,0.0,0.0,0.0,188.0,24.0,0.9 km solo,7.0,3.0,🏔️  Haute montagne,0
2024-08-07,2024,arctic-race-of-norway,stage,4.0,VF Group - Bardiani CSF - Faizanè,0,2.Pro,,,0.0,,,,,,,0.0,13.0,13.0,0.0,0.0,4.0,157.52,151.0,5.82,0.0,0.0,0.0,26.6,13.3,115.0,1.65,0.495,0.0,1.18,0.8,0.0,1871.0,1757.0,232.0,0.0,3.0,1.0,0.0,0.0,0.0,0.9997,0.4806,0.0,0.0,0.0,7.4,4.0,2.44,124.0,0.27,469.0,0,4,618.62,20.0,0.0,0.0,0.0,0.0,0.0,0.0,0.0,188.0,25.0,Sprint of small group,3.6,1.0,🟢  Plat/Sprint,0
2024-08-13,2024,tour-du-limousin,stage,1.0,VF Group - Bardiani CSF - Faizanè,0,2.1,,,0.0,,,,,,,0.0,0.0,0.0,0.0,0.0,1.0,173.13,167.0,6.04,0.0,0.0,0.0,172.0,0.0,1.17,0.0,0.0,0.0,0.0,0.0,0.0,2634.0,2417.0,763.0,266.0,5.0,2.0,1.0,0.0,0.0,0.9997,0.9997,0.3267,0.0,0.0,3.0,2.3,1.24,96.0,0.57,943.0,1,4,618.62,14.0,0.0,0.0,0.0,0.0,0.0,0.0,0.0,229.0,23.0,Sprint of large group,2.6,2.0,⛰️  Moy. montagne,0
2024-08-14,2024,tour-du-limousin,stage,2.0,VF Group - Bardiani CSF - Faizanè,0,2.1,,,0.0,,,,,,,0.0,0.0,0.0,0.0,0.0,2.0,191.4,157.0,34.0,0.113,0.0,0.0,163.0,10.3,18.5,0.255,0.0,0.0,0.0,0.0,0.0,2332.0,2311.0,289.0,26.0,7.0,4.0,0.0,0.0,0.0,0.9455,0.9455,0.0,0.0,0.0,0.0,-0.33,-2.44,42.0,0.14,557.0,1,4,618.62,14.0,0.0,0.0,0.0,0.0,0.0,0.0,0.0,229.0,23.0,-,0.0,2.0,⛰️  Moy. montagne,0
2024-08-15,2024,tour-of-denmark,stage,2.0,VF Group - Bardiani CSF - Faizanè,1,2.Pro,FIN,102.0,0.0,84.0,0.0,,,,,0.0,38.0,23.0,0.0,0.0,2.0,230.69,217.0,10.5,0.566,1.94,0.0,148.0,10.8,17.7,31.6,0.0,0.0,0.548,0.968,0.12,1984.0,1925.0,106.0,-1.0,7.0,0.0,0.0,0.0,0.0,0.9505,0.0,0.0,0.0,0.0,4.5,1.77,-0.3,162.0,0.04,87.0,0,4,618.62,20.0,0.0,0.0,0.0,0.0,0.0,0.0,0.0,176.0,22.0,Sprint à deux,0.0,2.0,⛰️  Moy. montagne,0
2024-08-15,2024,tour-du-limousin,stage,3.0,VF Group - Bardiani CSF - Faizanè,0,2.1,,,0.0,,,,,,,0.0,0.0,0.0,0.0,0.0,3.0,188.3,184.0,4.37,0.0,0.0,0.0,184.0,0.393,3.66,0.0,0.0,0.0,0.0,0.0,0.0,3667.0,3594.0,676.0,109.0,5.0,4.0,3.0,0.0,0.0,0.9411,0.9411,0.9411,0.0,0.0,0.3,-1.07,-2.76,10.0,0.22,908.0,1,4,618.62,14.0,0.0,0.0,0.0,0.0,0.0,0.0,0.0,229.0,25.0,9.7 km solo,0.0,2.0,⛰️  Moy. montagne,0
2024-08-16,2024,tour-of-denmark,stage,3.0,VF Group - Bardiani CSF - Faizanè,1,2.Pro,FIN,93.0,0.0,84.0,0.0,,,,,0.0,38.0,23.0,0.0,0.0,3.0,155.97,132.0,23.6,0.254,0.273,0.168,108.0,4.62,3.44,25.9,0.0,0.0,0.457,0.623,0.12,1017.0,978.0,101.0,0.0,1.0,0.0,0.0,0.0,0.0,0.3209,0.0,0.0,0.0,0.0,3.4,1.23,0.52,128.0,0.1,408.0,0,5,849.31,20.0,0.0,0.0,0.0,0.0,0.0,0.0,0.0,176.0,19.0,Sprint of large group,3.6,1.0,🟢  Plat/Sprint,0
2024-08-16,2024,tour-du-limousin,stage,4.0,VF Group - Bardiani CSF - Faizanè,0,2.1,,,0.0,,,,,,,0.0,0.0,0.0,0.0,0.0,4.0,160.62,133.0,27.0,0.0,0.0,0.0,116.0,16.6,25.9,1.8,0.214,0.0,0.214,0.0,0.0,2257.0,2229.0,423.0,162.0,6.0,1.0,0.0,0.0,0.0,0.9468,0.6584,0.0,0.0,0.0,2.4,1.9,-0.52,67.0,-0.06,591.0,0,5,849.31,14.0,0.0,0.0,0.0,0.0,0.0,0.0,0.0,229.0,26.0,1 km solo,0.0,2.0,⛰️  Moy. montagne,0
2024-08-17,2024,tour-of-denmark,stage,4.0,VF Group - Bardiani CSF - Faizanè,1,2.Pro,FIN,66.0,0.0,84.0,0.0,,,,,0.0,38.0,23.0,0.0,0.0,4.0,177.35,164.0,10.8,1.84,0.0,0.0,141.0,2.0,5.96,19.5,0.0,0.0,0.225,0.0,0.0,926.0,957.0,93.0,0.0,3.0,0.0,0.0,0.0,0.0,0.721,0.0,0.0,0.0,0.0,-0.1,-0.47,-0.14,46.0,0.01,136.0,0,6,1005.28,20.0,1.723,0.0,1.723,0.0,0.574,0.0,0.0,176.0,20.0,5 km solo,3.6,1.0,🟢  Plat/Sprint,0
2024-08-18,2024,tour-of-denmark,stage,5.0,VF Group - Bardiani CSF - Faizanè,1,2.Pro,FIN,94.0,0.0,84.0,0.0,,,,,15.0,38.0,23.0,0.0,0.0,5.0,163.47,135.0,26.5,0.0,0.328,0.129,83.3,12.5,1.69,44.0,2.11,0.0,2.54,0.525,0.162,795.0,814.0,61.0,3.0,0.0,0.0,0.0,0.0,0.0,0.0,0.0,0.0,0.0,0.0,0.6,0.37,0.1,58.0,-0.06,144.0,0,7,1182.63,20.0,0.0,0.0,0.0,0.0,0.0,0.0,0.0,176.0,20.0,Sprint of large group,0.6,1.0,🟢  Plat/Sprint,0
2024-08-20,2024,tour-du-poitou-charentes-et-de-la-vienne,stage,1.0,VF Group - Bardiani CSF - Faizanè,0,2.1,,,0.0,,,,,,,0.0,0.0,0.0,0.0,0.0,1.0,178.27,165.0,12.7,0.0,0.0,0.0,175.0,2.35,0.0,0.724,0.224,0.0,0.224,0.0,0.0,1209.0,1204.0,94.0,0.0,2.0,0.0,0.0,0.0,0.0,0.8365,0.0,0.0,0.0,0.0,0.3,0.63,0.36,49.0,0.02,209.0,0,8,1346.1,14.0,0.0,0.0,0.0,0.0,0.0,0.0,0.0,100.0,24.0,Sprint of small group,3.0,1.0,🟢  Plat/Sprint,0
2024-08-21,2024,tour-du-poitou-charentes-et-de-la-vienne,stage,2.0,VF Group - Bardiani CSF - Faizanè,0,2.1,,,0.0,,,,,,,0.0,0.0,0.0,0.0,0.0,2.0,183.21,162.0,20.8,0.0,0.0,0.0,168.0,6.57,5.7,0.0,0.0,0.0,0.425,0.0,0.0,1506.0,1543.0,195.0,8.0,2.0,2.0,0.0,0.0,0.0,0.7521,0.7521,0.0,0.0,0.0,-0.4,0.07,-0.26,24.0,0.06,421.0,0,8,1346.1,14.0,0.0,0.0,0.0,0.0,0.0,0.0,0.0,100.0,21.0,Sprint of large group,3.0,1.0,🟢  Plat/Sprint,0
2024-08-22,2024,tour-du-poitou-charentes-et-de-la-vienne,stage,3.0,VF Group - Bardiani CSF - Faizanè,0,2.1,,,0.0,,,,,,,0.0,0.0,0.0,0.0,0.0,3.0,29.32,26.9,2.46,0.0,0.0,0.0,28.6,0.594,0.0,0.0,0.0,0.0,0.0,0.0,0.0,146.0,169.0,166.0,122.0,0.0,0.0,0.0,0.0,0.0,0.0,0.0,0.0,0.0,0.0,0.6,-0.1,0.06,39.0,-0.08,146.0,0,8,1346.1,14.0,0.0,0.0,0.0,0.0,0.0,0.0,0.0,100.0,26.0,Time trial,3.0,1.0,🟢  Plat/Sprint,0
2024-08-23,2024,tour-du-poitou-charentes-et-de-la-vienne,stage,4.0,VF Group - Bardiani CSF - Faizanè,0,2.1,,,0.0,,,,,,,0.0,0.0,0.0,0.0,0.0,4.0,173.85,153.0,20.9,0.0,0.0,0.0,158.0,13.3,0.0,2.83,0.0,0.0,0.0,0.0,0.0,1355.0,1383.0,228.0,65.0,1.0,0.0,0.0,0.0,0.0,0.3705,0.0,0.0,0.0,0.0,1.3,1.23,0.06,94.0,0.04,391.0,0,8,1346.1,14.0,0.0,0.0,0.0,0.0,0.0,0.0,0.0,100.0,23.0,Sprint of large group,3.0,1.0,🟢  Plat/Sprint,0
2024-08-27,2024,tour-of-hainan,stage,1.0,VF Group - Bardiani CSF - Faizanè,1,2.Pro,FIN,11.0,0.0,88.0,0.0,,,,,3.0,163.0,145.0,0.0,0.0,1.0,96.39,1.9,3.58,0.0,0.0,0.0,1.42,2.92,0.924,0.222,91.9,0.0,91.9,0.0,0.0,555.0,557.0,41.0,-3.0,0.0,0.0,0.0,0.0,0.0,0.0,0.0,0.0,0.0,0.0,0.9,0.2,0.16,70.0,-0.02,293.0,0,5,878.82,20.0,0.0,0.0,0.0,0.0,0.0,0.0,0.0,113.0,33.0,Sprint of large group,3.0,1.0,🟢  Plat/Sprint,0
2024-08-28,2024,tour-of-hainan,stage,2.0,VF Group - Bardiani CSF - Faizanè,1,2.Pro,FIN,41.0,0.0,88.0,0.0,,,,,-15.0,163.0,145.0,0.0,0.0,2.0,175.9,34.3,3.7,0.0,0.322,0.0,24.5,1.49,12.1,0.0,139.0,0.0,140.0,0.578,0.0,1074.0,1088.0,182.0,-2.0,0.0,1.0,0.0,0.0,0.0,0.7302,0.7302,0.0,0.0,0.0,-1.8,0.13,0.02,129.0,-0.04,302.0,0,5,823.87,20.0,0.0,0.0,0.0,0.0,0.0,0.0,0.0,113.0,33.0,Sprint of large group,0.6,1.0,🟢  Plat/Sprint,0
2024-08-29,2024,tour-of-hainan,stage,3.0,VF Group - Bardiani CSF - Faizanè,1,2.Pro,FIN,91.0,0.0,88.0,0.0,,,,,5.0,163.0,145.0,0.0,0.0,3.0,179.64,5.17,3.37,0.0,0.0,0.0,5.97,0.673,1.9,0.0,174.0,0.0,166.0,0.0,0.0,2569.0,2261.0,795.0,-2.0,1.0,0.0,1.0,1.0,0.0,0.9128,0.9128,0.9128,0.9128,0.0,-0.3,-0.43,-1.98,19.0,0.1,263.0,0,6,999.77,20.0,0.0,0.0,0.0,0.0,0.0,0.0,0.0,113.0,31.0,1.1 km solo,0.0,2.0,⛰️  Moy. montagne,0
2024-08-30,2024,tour-of-hainan,stage,4.0,VF Group - Bardiani CSF - Faizanè,1,2.Pro,FIN,87.0,0.0,88.0,0.0,,,,,15.0,163.0,145.0,0.0,0.0,4.0,149.38,2.95,1.18,0.0,0.0,0.0,1.89,0.698,1.55,0.0,147.0,0.0,147.0,0.0,0.0,2253.0,2466.0,785.0,62.0,0.0,1.0,2.0,0.0,0.0,0.7537,0.7537,0.5354,0.0,0.0,0.8,-0.1,-0.52,149.0,0.38,1127.0,0,7,1179.41,20.0,0.0,0.0,0.0,0.0,0.0,0.0,0.0,113.0,32.0,Sprint of large group,1.0,2.0,⛰️  Moy. montagne,0
2024-08-31,2024,tour-of-hainan,stage,5.0,VF Group - Bardiani CSF - Faizanè,1,2.Pro,FIN,3.0,10.0,88.0,0.0,,,,,10.0,163.0,145.0,0.0,0.0,5.0,203.47,3.99,0.713,0.0,0.0,0.0,1.19,1.37,3.02,0.0,199.0,0.0,201.0,0.405,0.0,2290.0,2386.0,424.0,2.0,1.0,1.0,1.0,0.0,0.0,0.8876,0.8876,0.3158,0.0,0.0,-0.1,-0.03,0.0,27.0,0.05,423.0,0,8,1328.79,20.0,0.0,0.0,0.0,0.0,0.0,0.0,0.5,113.0,31.0,Sprint of large group,4.0,2.0,⛰️  Moy. montagne,0
2024-09-04,2024,giro-della-regione-friuli-venezia-giulia,stage,1.0,VF Group - Bardiani CSF - Faizanè,0,2.2,,,0.0,,,,,,,0.0,31.0,30.0,0.0,0.0,1.0,176.88,156.0,19.2,0.0,0.151,0.0,144.0,3.93,25.4,2.7,1.47,0.0,1.47,0.0,0.0,108.0,108.0,14.0,0.0,0.0,0.0,0.0,0.0,0.0,0.0,0.0,0.0,0.0,0.0,0.0,0.07,0.04,27.0,0.01,22.0,1,9,1532.26,7.0,0.0,0.0,0.0,0.0,0.0,0.0,0.0,27.0,32.0,Sprint of large group,-2.4,1.0,🟢  Plat/Sprint,0
2024-09-05,2024,giro-della-regione-friuli-venezia-giulia,stage,2.0,VF Group - Bardiani CSF - Faizanè,0,2.2,,,0.0,,,,,,,0.0,31.0,30.0,0.0,0.0,2.0,141.4,141.0,0.44,0.0,0.0,0.0,81.8,0.486,58.9,0.501,0.0,0.0,0.0,0.0,0.0,2828.0,1926.0,1437.0,197.0,2.0,0.0,2.0,0.0,1.0,0.9994,0.9994,0.9994,0.8503,0.8503,6.1,5.9,7.24,502.0,-0.46,360.0,1,9,1532.26,7.0,0.0,0.0,0.0,0.0,0.0,0.0,0.0,27.0,23.0,Sprint of small group,3.0,3.0,🏔️  Haute montagne,0
2024-09-06,2024,giro-della-regione-friuli-venezia-giulia,stage,3.0,VF Group - Bardiani CSF - Faizanè,0,2.2,,,0.0,,,,,,,1.0,31.0,30.0,0.0,0.0,3.0,147.05,140.0,6.39,0.285,0.687,0.0,140.0,2.14,3.49,0.709,0.0,0.0,0.0,0.687,0.0,1464.0,1257.0,480.0,15.0,1.0,0.0,2.0,0.0,0.0,0.8829,0.8829,0.8829,0.0,0.0,5.9,1.27,0.34,412.0,0.08,73.0,1,9,1532.26,7.0,0.0,0.0,0.0,0.0,0.0,0.0,0.0,27.0,22.0,Sprint à deux,-2.4,1.0,🟢  Plat/Sprint,0
2024-09-07,2024,giro-della-regione-friuli-venezia-giulia,stage,4.0,VF Group - Bardiani CSF - Faizanè,0,2.2,,,0.0,,,,,,,0.0,31.0,30.0,0.0,0.0,4.0,160.01,146.0,12.7,1.51,0.25,0.0,93.6,5.31,55.5,5.53,0.0,0.0,0.165,0.0,0.195,1029.0,976.0,256.0,20.0,2.0,2.0,0.0,0.0,0.0,0.9216,0.9216,0.0,0.0,0.0,0.3,0.57,-0.84,271.0,0.06,96.0,1,9,1532.26,7.0,1.169,0.0,0.505,0.0,0.505,0.0,0.0,27.0,27.0,Sprint of small group,-2.2,1.0,🟢  Plat/Sprint,0
2024-09-08,2024,gp-industria-artigianato,result,,VF Group - Bardiani CSF - Faizanè,0,1.Pro,,,0.0,,,,,,,30.0,30.0,0.0,0.0,0.0,,168.52,141.0,27.3,0.0,0.0,0.0,150.0,3.91,14.5,0.0,0.0,0.0,0.145,0.0,0.0,1922.0,1924.0,352.0,18.0,0.0,2.0,2.0,0.0,0.0,0.9554,0.9554,0.9554,0.0,0.0,1.1,-3.3,-4.82,15.0,-0.01,320.0,0,9,1532.26,200.0,0.0,0.0,0.0,0.0,0.0,0.0,0.0,241.0,24.0,14 km solo,6.0,2.0,⛰️  Moy. montagne,0
2024-09-11,2024,giro-di-toscana,result,,VF Group - Bardiani CSF - Faizanè,0,1.1,,,0.0,,,,,,,40.0,40.0,0.0,0.0,0.0,,184.3,177.0,7.11,0.0,0.0,0.0,175.0,1.7,7.62,0.0,0.0,0.0,0.0,0.0,0.0,2220.0,2215.0,634.0,7.0,3.0,1.0,2.0,0.0,0.0,0.8343,0.8343,0.8343,0.0,0.0,-0.2,-0.03,0.02,9.0,0.06,604.0,1,9,1532.26,125.0,0.0,0.0,0.0,0.0,0.0,0.0,0.0,220.0,27.0,Sprint à deux,12.0,2.0,⛰️  Moy. montagne,0
2024-09-12,2024,tour-of-istanbul,stage,1.0,VF Group - Bardiani CSF - Faizanè,0,2.1,,,0.0,,,,,,,0.0,20.0,6.0,0.0,0.0,1.0,160.42,152.0,6.85,0.217,0.0,0.0,138.0,0.0,20.6,0.0,1.59,0.0,1.59,0.0,0.0,1896.0,1835.0,251.0,14.0,2.0,4.0,0.0,0.0,0.0,0.839,0.839,0.0,0.0,0.0,2.8,2.37,1.54,107.0,0.39,753.0,0,9,1532.26,14.0,0.0,0.0,0.0,0.0,0.0,0.0,0.0,58.0,27.0,Sprint of small group,22.0,2.0,⛰️  Moy. montagne,0
2024-09-12,2024,gp-citta-di-peccioli,result,,VF Group - Bardiani CSF - Faizanè,0,1.Pro,,,0.0,,,,,,,15.0,15.0,0.0,0.0,0.0,,198.25,162.0,35.3,0.661,0.0,0.0,166.0,5.68,26.7,0.0,1.09,0.0,1.09,0.0,0.0,2750.0,2775.0,229.0,34.0,20.0,1.0,0.0,0.0,0.0,0.9513,0.0488,0.0,0.0,0.0,5.2,2.33,1.56,101.0,-0.18,688.0,1,9,1532.26,200.0,0.135,0.0,0.0,0.0,0.0,0.0,0.0,286.0,21.0,36 km solo,20.0,2.0,⛰️  Moy. montagne,0
2024-09-13,2024,tour-of-istanbul,stage,2.0,VF Group - Bardiani CSF - Faizanè,0,2.1,,,0.0,,,,,,,0.0,20.0,6.0,0.0,0.0,2.0,130.55,123.0,5.91,0.0,0.0,0.0,99.7,4.64,26.2,0.0,0.318,0.0,2.36,0.0,0.0,2253.0,2308.0,284.0,0.0,5.0,3.0,0.0,0.0,0.0,0.9609,0.7945,0.0,0.0,0.0,-3.3,-1.63,-1.64,146.0,0.28,1008.0,0,9,1532.26,14.0,0.0,0.0,0.0,0.0,0.0,0.0,0.0,58.0,29.0,1.2 km solo,19.0,2.0,⛰️  Moy. montagne,0
2024-09-14,2024,tour-of-istanbul,stage,3.0,VF Group - Bardiani CSF - Faizanè,0,2.1,,,0.0,,,,,,,0.0,20.0,6.0,0.0,0.0,3.0,113.77,113.0,0.0,0.0,0.0,0.0,103.0,0.0,9.76,0.0,0.416,0.0,0.0,0.0,0.0,1638.0,1468.0,221.0,0.0,2.0,5.0,0.0,0.0,0.0,0.9997,0.9997,0.0,0.0,0.0,5.4,4.67,3.42,209.0,0.0,714.0,0,9,1532.26,14.0,0.0,0.0,0.0,0.0,0.0,0.0,0.0,58.0,29.0,Sprint of small group,11.6,2.0,⛰️  Moy. montagne,0
2024-09-14,2024,memorial-marco-pantani,result,,VF Group - Bardiani CSF - Faizanè,0,1.1,,,0.0,,,,,,,3.0,3.0,0.0,0.0,0.0,,195.21,189.0,5.06,0.0,0.0,0.0,185.0,9.32,0.198,0.0,1.25,0.0,1.25,0.0,0.0,2536.0,2565.0,347.0,-1.0,0.0,1.0,5.0,0.0,0.0,0.7838,0.7838,0.7838,0.0,0.0,0.0,0.0,0.0,4.0,0.18,373.0,1,9,1532.26,125.0,0.0,0.0,0.0,0.0,0.0,0.0,0.0,269.0,20.0,Sprint of small group,17.0,2.0,⛰️  Moy. montagne,0
2024-09-15,2024,tour-of-istanbul,stage,4.0,VF Group - Bardiani CSF - Faizanè,0,2.1,,,0.0,,,,,,,14.0,20.0,6.0,0.0,0.0,4.0,83.61,70.3,2.02,0.67,0.0,0.0,0.451,1.23,69.5,0.323,9.33,0.286,10.8,2.73,0.12,468.0,468.0,112.0,-4.0,2.0,0.0,0.0,0.0,0.0,0.4954,0.0,0.0,0.0,0.0,0.3,0.0,0.02,77.0,0.02,320.0,0,8,1301.5700000000002,14.0,0.069,0.0,0.069,0.0,0.066,0.0,0.0,58.0,23.0,? km solo,-2.2,1.0,🟢  Plat/Sprint,0
2024-09-15,2024,trofeo-matteotti,result,,VF Group - Bardiani CSF - Faizanè,0,1.1,,,0.0,,,,,,,3.0,3.0,0.0,0.0,0.0,,193.63,192.0,1.15,0.111,0.0,0.0,167.0,8.62,0.0,16.8,0.0,0.0,0.0,1.6,0.0,2508.0,2510.0,142.0,1.0,13.0,0.0,0.0,0.0,0.0,0.9507,0.0,0.0,0.0,0.0,0.2,-1.97,-2.38,276.0,0.17,675.0,0,8,1301.5700000000002,125.0,0.0,0.0,0.0,0.0,0.0,0.0,0.0,181.0,23.0,Sprint of small group,3.6,2.0,⛰️  Moy. montagne,0
2024-09-29,2024,tour-de-langkawi,stage,1.0,VF Group - Bardiani CSF - Faizanè,1,2.Pro,FIN,8.0,0.0,82.0,0.0,,,,,10.0,58.0,13.0,0.0,0.0,1.0,94.65,92.2,2.32,0.0,0.0,0.0,36.1,2.32,56.1,0.0,0.0,0.0,0.0,0.0,0.0,723.0,725.0,52.0,0.0,0.0,0.0,0.0,0.0,0.0,0.0,0.0,0.0,0.0,0.0,0.1,0.07,-0.18,111.0,0.01,326.0,0,2,352.85,20.0,0.0,0.0,0.0,0.0,0.0,0.0,0.0,98.0,27.0,Sprint of large group,0.0,1.0,🟢  Plat/Sprint,0
2024-09-30,2024,tour-de-langkawi,stage,2.0,VF Group - Bardiani CSF - Faizanè,1,2.Pro,FIN,6.0,0.0,82.0,0.0,,,,,0.0,58.0,13.0,0.0,0.0,2.0,154.68,154.0,0.0,1.05,0.0,0.0,3.95,0.167,151.0,0.0,0.0,0.0,0.0,0.0,0.0,328.0,333.0,51.0,1.0,0.0,0.0,0.0,0.0,0.0,0.0,0.0,0.0,0.0,0.0,0.0,0.0,-0.02,1.0,-0.01,57.0,0,2,298.12,20.0,0.415,0.0,0.0,0.0,0.0,0.0,0.0,98.0,31.0,Sprint of large group,5.0,1.0,🟢  Plat/Sprint,0
2024-10-01,2024,tour-de-langkawi,stage,3.0,VF Group - Bardiani CSF - Faizanè,1,2.Pro,FIN,113.0,0.0,82.0,0.0,,,,,0.0,58.0,13.0,0.0,0.0,3.0,170.26,170.0,0.106,0.0,0.0,0.0,5.26,0.0,165.0,0.0,0.0,0.0,0.0,0.0,0.0,2814.0,1391.0,1620.0,7.0,1.0,1.0,0.0,0.0,1.0,0.922,0.922,0.922,0.922,0.922,-3.1,-1.03,-1.68,62.0,0.16,299.0,0,2,249.33,20.0,0.0,0.0,0.0,0.0,0.0,0.0,0.0,98.0,28.0,Sprint of small group,1.2,2.0,⛰️  Moy. montagne,0
2024-10-02,2024,tour-de-langkawi,stage,4.0,VF Group - Bardiani CSF - Faizanè,1,2.Pro,FIN,4.0,5.0,82.0,0.0,,,,,5.0,58.0,13.0,0.0,0.0,4.0,131.7,126.0,5.18,0.0,0.0,0.0,110.0,0.0,20.9,0.0,0.0,0.0,0.0,0.0,0.0,2208.0,2156.0,874.0,36.0,1.0,0.0,0.0,0.0,1.0,0.9708,0.3962,0.3962,0.3962,0.3962,-0.5,-0.6,-0.48,210.0,1.03,1427.0,0,3,419.59,20.0,0.0,0.0,0.0,0.0,0.0,0.0,0.25,98.0,32.0,Sprint of large group,1.2,2.0,⛰️  Moy. montagne,0
2024-10-03,2024,tour-de-langkawi,stage,5.0,VF Group - Bardiani CSF - Faizanè,1,2.Pro,FIN,4.0,5.0,82.0,0.0,,,,,5.0,58.0,13.0,0.0,0.0,5.0,167.96,168.0,0.0,0.0,0.0,0.0,45.2,0.145,123.0,0.0,0.0,0.0,0.0,0.0,0.0,1380.0,1413.0,314.0,4.0,0.0,3.0,0.0,0.0,0.0,0.5048,0.5048,0.0,0.0,0.0,-0.2,-1.0,-0.32,94.0,0.03,638.0,0,4,551.29,20.0,0.0,0.0,0.0,0.0,0.0,0.0,0.25,98.0,30.0,Sprint of large group,5.0,1.0,🟢  Plat/Sprint,0
2024-10-04,2024,tour-de-langkawi,stage,6.0,VF Group - Bardiani CSF - Faizanè,1,2.Pro,FIN,15.0,0.0,82.0,0.0,,,,,20.0,58.0,13.0,0.0,0.0,6.0,123.61,124.0,0.0,0.0,0.0,0.0,42.2,0.112,81.4,0.0,0.0,0.0,0.0,0.0,0.0,618.0,597.0,72.0,3.0,0.0,0.0,0.0,0.0,0.0,0.0,0.0,0.0,0.0,0.0,-1.3,0.3,0.2,73.0,-0.01,158.0,0,5,719.25,20.0,0.0,0.0,0.0,0.0,0.0,0.0,0.0,98.0,28.0,Sprint à deux,5.8,1.0,🟢  Plat/Sprint,0
2024-10-05,2024,tour-de-langkawi,stage,7.0,VF Group - Bardiani CSF - Faizanè,1,2.Pro,FIN,7.0,0.0,82.0,0.0,,,,,0.0,58.0,13.0,0.0,0.0,7.0,199.73,200.0,0.0,0.0,0.0,0.0,7.65,0.0,192.0,0.0,0.0,0.0,0.0,0.0,0.0,1149.0,1210.0,124.0,0.0,1.0,0.0,0.0,0.0,0.0,0.7423,0.0,0.0,0.0,0.0,-0.2,-0.3,-0.52,119.0,-0.08,253.0,0,6,842.86,20.0,0.0,0.0,0.0,0.0,0.0,0.0,0.0,98.0,27.0,Sprint of large group,9.8,1.0,🟢  Plat/Sprint,0
2024-10-05,2024,giro-dell-emilia,result,,VF Group - Bardiani CSF - Faizanè,0,1.Pro,,,0.0,,,,,,,10.0,10.0,0.0,0.0,0.0,,215.24,195.0,6.3,6.5,0.174,0.0,161.0,1.27,40.0,3.79,6.98,0.0,7.12,0.154,2.0,3412.0,3279.0,803.0,40.0,2.0,5.0,2.0,1.0,0.0,0.9994,0.9994,0.694,0.2774,0.0,7.8,6.0,1.78,200.0,-0.0,355.0,1,6,842.86,200.0,6.82,0.0,3.876,0.0,1.603,0.0,0.0,725.0,12.0,37.8 km solo,3.0,3.0,🏔️  Haute montagne,0
2024-10-06,2024,tour-de-langkawi,stage,8.0,VF Group - Bardiani CSF - Faizanè,1,2.Pro,FIN,4.0,5.0,82.0,0.0,,,,,5.0,58.0,13.0,0.0,0.0,8.0,147.79,147.0,0.761,0.0,0.0,0.0,52.3,0.0,95.4,0.0,0.0,0.0,0.0,0.0,0.0,1151.0,1168.0,125.0,1.0,1.0,0.0,0.0,0.0,0.0,0.1992,0.0,0.0,0.0,0.0,-0.2,-0.57,-0.04,28.0,-0.01,379.0,0,7,1042.59,20.0,0.0,0.0,0.0,0.0,0.0,0.0,0.25,98.0,28.0,Sprint of large group,7.0,1.0,🟢  Plat/Sprint,0
2024-10-06,2024,coppa-agostoni,result,,VF Group - Bardiani CSF - Faizanè,0,1.1,,,0.0,,,,,,,23.0,23.0,0.0,0.0,0.0,,169.01,138.0,30.7,0.325,0.0,0.0,164.0,3.05,0.267,1.29,0.0,0.0,0.0,0.0,0.0,2890.0,2905.0,539.0,187.0,4.0,4.0,4.0,0.0,0.0,0.8303,0.8303,0.742,0.0,0.0,-0.5,-0.5,-0.48,0.0,0.4,880.0,0,7,1042.59,125.0,0.0,0.0,0.0,0.0,0.0,0.0,0.0,360.0,15.0,Sprint of 3 riders,2.2,2.0,⛰️  Moy. montagne,0
2024-10-07,2024,coppa-bernocchi,result,,VF Group - Bardiani CSF - Faizanè,0,1.Pro,,,0.0,,,,,,,60.0,60.0,0.0,0.0,0.0,,174.5,162.0,12.2,0.174,0.0,0.0,156.0,9.57,7.49,0.822,0.248,0.253,0.248,0.0,0.0,1969.0,1974.0,392.0,174.0,0.0,7.0,0.0,0.0,0.0,0.8393,0.8393,0.0,0.0,0.0,-0.4,-0.3,-0.5,11.0,0.22,415.0,0,8,1190.38,200.0,0.0,0.0,0.0,0.0,0.0,0.0,0.0,601.0,12.0,Sprint of 7 riders,6.2,2.0,⛰️  Moy. montagne,0
2024-10-08,2024,tre-valli-varesine,result,,VF Group - Bardiani CSF - Faizanè,0,1.Pro,,,0.0,,,,,,,0.0,0.0,0.0,0.0,0.0,,197.3,0.0,0.0,0.0,0.0,0.0,0.0,0.0,0.0,0.0,0.0,0.0,0.0,0.0,0.0,0.0,0.0,478.9,148.7,0.0,0.0,0.0,0.0,0.0,0.0,0.0,0.0,0.0,0.0,-15.55,-2.27,-0.57,148.0,0.43,0.0,1,8,1190.38,,,,,,,,,799.0,13.0,-,,,,0
2024-10-10,2024,gran-piemonte,result,,VF Group - Bardiani CSF - Faizanè,0,1.Pro,,,0.0,,,,,,,110.0,110.0,0.0,0.0,0.0,,180.71,179.0,0.962,0.832,0.0,0.0,152.0,0.0,27.6,0.962,0.0,0.0,0.0,0.0,0.0,1638.0,1664.0,941.0,169.0,3.0,1.0,0.0,1.0,0.0,0.9746,0.8436,0.7417,0.7417,0.0,0.6,0.23,-1.08,154.0,-0.32,191.0,0,8,1190.38,200.0,0.0,0.0,0.0,0.0,0.0,0.0,0.0,432.0,19.0,42.5 km solo,18.2,2.0,⛰️  Moy. montagne,0
2024-10-12,2024,il-lombardia,result,,VF Group - Bardiani CSF - Faizanè,0,1.UWT,,,0.0,,,,,,,90.0,90.0,0.0,0.0,0.0,,254.83,254.0,0.141,0.0,0.0,0.0,225.0,0.116,26.3,2.98,0.786,0.0,0.825,0.0,0.0,4735.0,4789.0,1114.0,199.0,2.0,1.0,3.0,2.0,1.0,0.9737,0.9737,0.8337,0.8337,0.8337,0.0,-3.27,-3.94,75.0,0.71,807.0,1,8,1190.38,800.0,0.0,0.0,0.0,0.0,0.0,0.0,0.0,869.0,16.0,48.4 km solo,39.6,2.0,⛰️  Moy. montagne,0
2024-10-16,2024,giro-del-veneto,result,,VF Group - Bardiani CSF - Faizanè,0,1.Pro,,,0.0,,,,,,,58.0,58.0,0.0,0.0,0.0,,166.66,162.0,3.82,0.0,0.0,0.0,148.0,3.56,2.68,11.7,0.0,0.0,0.167,0.0,0.0,1675.0,1639.0,253.0,19.0,7.0,1.0,0.0,0.0,0.0,0.9356,0.3191,0.0,0.0,0.0,5.4,1.83,1.12,61.0,-0.06,185.0,1,8,1190.38,200.0,0.0,0.0,0.0,0.0,0.0,0.0,0.0,291.0,17.0,Sprint of small group,6.0,1.0,🟢  Plat/Sprint,0
2024-10-20,2024,veneto-classic,result,,VF Group - Bardiani CSF - Faizanè,0,1.Pro,,,0.0,,,,,,,78.0,78.0,0.0,0.0,0.0,,191.49,179.0,7.4,1.17,1.53,0.0,156.0,9.0,16.7,3.8,2.03,0.0,2.19,2.84,1.01,1984.0,1890.0,285.0,21.0,3.0,6.0,0.0,0.0,0.0,0.9729,0.8822,0.0,0.0,0.0,1.1,-0.7,-0.16,96.0,0.05,242.0,1,8,1190.38,200.0,0.807,0.0,0.312,0.0,0.065,0.0,0.0,286.0,20.0,9.8 km solo,57.6,2.0,⛰️  Moy. montagne,0
2025-01-26,2025,gp-de-valence,result,,VF Group - Bardiani CSF - Faizanè,0,1.1,,,0.0,,,,,,,30.0,30.0,0.0,0.0,0.0,,185.28,179.0,5.36,0.0,0.0,0.0,120.0,5.54,59.0,0.0,0.0,0.0,0.0,0.0,0.0,2153.0,1922.0,622.0,0.0,2.0,1.0,3.0,0.0,0.0,0.9455,0.9455,0.9455,0.0,0.0,0.0,-1.23,-1.2,32.0,0.04,50.0,0,0,0.0,125.0,0.0,0.0,0.0,0.0,0.0,0.0,0.0,308.0,17.0,Sprint à deux,72.2,2.0,⛰️  Moy. montagne,0
2025-01-29,2025,trofeo-calvia,result,,VF Group - Bardiani CSF - Faizanè,0,1.1,,,0.0,,,,,,,3.0,3.0,0.0,0.0,0.0,,149.09,148.0,0.319,0.0,0.0,0.0,138.0,0.588,4.64,5.15,0.32,0.0,0.32,0.0,0.0,3093.0,3101.0,502.0,8.0,4.0,2.0,3.0,0.0,0.0,0.9249,0.848,0.6147,0.0,0.0,0.7,-2.23,-1.62,69.0,0.29,1072.0,0,0,0.0,125.0,0.0,0.0,0.0,0.0,0.0,0.0,0.0,291.0,14.0,0.8 km solo,73.6,2.0,⛰️  Moy. montagne,0
2025-01-30,2025,trofeo-ses-salines-felanitx,result,,VF Group - Bardiani CSF - Faizanè,0,1.1,,,0.0,,,,,,,3.0,3.0,0.0,0.0,0.0,,185.65,174.0,11.6,0.0,0.0,0.0,125.0,0.883,47.0,12.7,0.0,0.0,0.0,0.0,0.0,1036.0,1070.0,177.0,0.0,0.0,2.0,0.0,0.0,0.0,0.7658,0.7658,0.0,0.0,0.0,0.5,-0.23,-0.3,28.0,0.03,199.0,1,0,0.0,125.0,0.0,0.0,0.0,0.0,0.0,0.0,0.0,265.0,15.0,Sprint of large group,17.6,1.0,🟢  Plat/Sprint,0
2025-01-31,2025,deia-trophy,result,,VF Group - Bardiani CSF - Faizanè,0,1.1,,,0.0,,,,,,,115.0,115.0,0.0,0.0,0.0,,149.88,148.0,1.02,0.0,0.0,0.0,110.0,1.61,17.1,20.6,0.32,0.0,0.424,0.0,0.0,2097.0,2408.0,882.0,0.0,1.0,0.0,1.0,0.0,1.0,0.7948,0.7948,0.7948,0.5401,0.5401,2.5,0.83,0.42,106.0,-0.96,192.0,1,0,0.0,125.0,0.0,0.0,0.0,0.0,0.0,0.0,0.0,367.0,11.0,3.4 km solo,62.2,2.0,⛰️  Moy. montagne,0
2025-02-01,2025,trofeo-pollenca-port-d-andratx,result,,VF Group - Bardiani CSF - Faizanè,0,1.1,,,0.0,,,,,,,0.0,0.0,0.0,0.0,0.0,,,,,,,,,,,,,,,,,,,,,0.0,0.0,0.0,0.0,0.0,,,,,,,,,,,,0,0,0.0,,,,,,,,,288.0,12.0,-,,,,0
2025-02-02,2025,trofeo-palma,result,,VF Group - Bardiani CSF - Faizanè,0,1.1,,,0.0,,,,,,,8.0,8.0,0.0,0.0,0.0,,149.8,140.0,5.26,3.71,0.0,0.0,49.0,2.57,88.4,5.77,1.61,0.0,1.55,3.36,0.0,989.0,997.0,250.0,0.0,2.0,1.0,0.0,0.0,0.0,0.6785,0.0891,0.0,0.0,0.0,-0.4,-0.07,0.0,43.0,0.13,443.0,1,0,0.0,125.0,3.414,0.0,2.276,0.0,1.138,0.0,0.0,228.0,12.0,0.4 km solo,17.2,1.0,🟢  Plat/Sprint,0
2025-02-06,2025,vuelta-a-la-comunidad-valenciana,stage,2.0,VF Group - Bardiani CSF - Faizanè,0,2.Pro,,,0.0,,,,,,,0.0,8.0,8.0,0.0,0.0,2.0,165.73,161.0,4.24,0.0,0.0,0.0,102.0,0.0,60.5,3.11,0.0,0.0,0.0,0.0,0.0,3312.0,2514.0,1033.0,2.0,5.0,0.0,2.0,0.0,1.0,0.9999,0.9999,0.9999,0.9999,0.9999,12.1,10.13,8.72,379.0,-0.35,765.0,0,0,0.0,20.0,0.0,0.0,0.0,0.0,0.0,0.0,0.0,499.0,13.0,0.5 km solo,5.0,3.0,🏔️  Haute montagne,0
2025-02-07,2025,vuelta-a-la-comunidad-valenciana,stage,3.0,VF Group - Bardiani CSF - Faizanè,0,2.Pro,,,0.0,,,,,,,0.0,8.0,8.0,0.0,0.0,3.0,180.73,166.0,15.1,0.0,0.0,0.0,116.0,0.764,63.5,0.181,0.0,0.0,0.0,0.0,0.0,2974.0,2039.0,1091.0,21.0,3.0,1.0,0.0,1.0,1.0,0.9986,0.9568,0.9568,0.9568,0.5594,5.0,-0.17,-0.02,95.0,0.4,428.0,0,0,0.0,20.0,0.0,0.0,0.0,0.0,0.0,0.0,0.0,499.0,14.0,17 km solo,63.2,2.0,⛰️  Moy. montagne,0
2025-02-08,2025,vuelta-a-la-comunidad-valenciana,stage,4.0,VF Group - Bardiani CSF - Faizanè,0,2.Pro,,,0.0,,,,,,,0.0,8.0,8.0,0.0,0.0,4.0,181.4,174.0,2.98,0.28,0.0,4.52,150.0,0.675,30.5,0.0,0.0,0.0,0.0,0.0,0.0,3589.0,2520.0,1512.0,3.0,7.0,1.0,1.0,0.0,1.0,0.9386,0.8344,0.8344,0.8344,0.8344,3.7,1.5,-0.18,76.0,1.2,1006.0,0,0,0.0,20.0,0.0,0.0,0.0,0.0,0.0,0.0,0.0,499.0,10.0,0.4 km solo,45.2,2.0,⛰️  Moy. montagne,0
2025-02-09,2025,vuelta-a-la-comunidad-valenciana,stage,5.0,VF Group - Bardiani CSF - Faizanè,0,2.Pro,,,0.0,,,,,,,0.0,8.0,8.0,0.0,0.0,5.0,104.13,86.5,11.2,0.0,4.47,0.0,54.5,2.49,39.4,0.0,0.0,0.0,1.35,7.02,0.0,80.0,85.0,15.0,0.0,0.0,0.0,0.0,0.0,0.0,0.0,0.0,0.0,0.0,0.0,-0.2,-0.07,0.0,4.0,-0.01,52.0,0,0,0.0,20.0,0.0,0.0,0.0,0.0,0.0,0.0,0.0,499.0,16.0,Sprint of large group,14.8,1.0,🟢  Plat/Sprint,0
2025-02-15,2025,vuelta-ciclista-a-la-region-de-murcia,result,,VF Group - Bardiani CSF - Faizanè,0,1.1,,,0.0,,,,,,,0.0,0.0,0.0,0.0,0.0,,199.65,190.0,7.37,1.21,0.0,0.0,89.5,5.8,98.1,3.27,0.697,0.0,0.329,0.0,0.0,2400.0,2820.0,1198.0,40.0,4.0,2.0,0.0,0.0,1.0,0.9193,0.9193,0.4202,0.4202,0.4202,0.3,0.1,0.06,10.0,0.0,453.0,0,0,0.0,125.0,0.99,0.0,0.44,0.0,0.44,0.0,0.0,192.0,19.0,Sprint of small group,29.6,2.0,⛰️  Moy. montagne,0
2025-02-16,2025,clasica-de-almeria,result,,VF Group - Bardiani CSF - Faizanè,0,1.Pro,,,0.0,,,,,,,5.0,5.0,0.0,0.0,0.0,,189.41,158.0,9.68,0.0,2.32,0.0,149.0,2.58,16.4,1.13,19.3,0.0,19.6,1.06,0.0,1684.0,1727.0,528.0,-1.0,1.0,0.0,2.0,0.0,0.0,0.7597,0.546,0.546,0.0,0.0,0.1,-0.03,0.0,5.0,0.77,634.0,0,0,0.0,200.0,0.0,0.0,0.0,0.0,0.0,0.0,0.0,177.0,18.0,Sprint of large group,23.6,2.0,⛰️  Moy. montagne,0
2025-02-17,2025,uae-tour,stage,1.0,VF Group - Bardiani CSF - Faizanè,1,2.UWT,FIN,53.0,0.0,106.0,0.0,,,,,0.0,23.0,20.0,0.0,0.0,1.0,137.31,49.2,37.7,0.0,0.0,0.0,74.3,1.12,11.3,1.24,47.5,0.0,50.4,1.9,0.0,1451.0,1395.0,192.0,87.0,3.0,0.0,0.0,0.0,0.0,0.9993,0.0,0.0,0.0,0.0,4.5,1.73,1.6,160.0,-0.05,213.0,0,0,0.0,40.0,0.0,0.0,0.0,0.0,0.0,0.0,0.0,557.0,33.0,Sprint of large group,14.8,1.0,🟢  Plat/Sprint,0
2025-02-18,2025,uae-tour,stage,2.0,VF Group - Bardiani CSF - Faizanè,1,2.UWT,FIN,130.0,0.0,106.0,0.0,,,,,0.0,23.0,20.0,0.0,0.0,2.0,12.14,11.2,0.0,0.0,0.412,0.0,0.0,0.0,0.0,11.2,0.664,0.0,0.664,0.0,0.412,5.0,5.0,5.0,2.0,0.0,0.0,0.0,0.0,0.0,0.0,0.0,0.0,0.0,0.0,0.0,-0.07,0.0,5.0,0.0,5.0,0,1,137.31,40.0,0.0,0.0,0.0,0.0,0.0,0.0,0.0,557.0,24.0,Time trial,13.8,1.0,🟢  Plat/Sprint,0
2025-02-19,2025,uae-tour,stage,3.0,VF Group - Bardiani CSF - Faizanè,1,2.UWT,FIN,116.0,0.0,106.0,0.0,,,,,0.0,23.0,20.0,0.0,0.0,3.0,178.24,111.0,4.41,0.0,0.0,0.0,42.8,4.86,70.4,0.0,61.1,0.0,63.8,0.31,0.0,2027.0,537.0,1490.0,0.0,0.0,0.0,0.0,0.0,1.0,0.9995,0.9995,0.9995,0.9995,0.9995,4.6,5.03,5.76,322.0,0.03,107.0,0,2,149.45,40.0,0.0,0.0,0.0,0.0,0.0,0.0,0.0,557.0,26.0,Sprint of small group,2.0,3.0,🏔️  Haute montagne,0
2025-02-20,2025,uae-tour,stage,4.0,VF Group - Bardiani CSF - Faizanè,1,2.UWT,FIN,20.0,0.0,106.0,0.0,,,,,0.0,23.0,20.0,0.0,0.0,4.0,179.89,54.4,11.8,0.0,2.22,0.0,26.9,6.47,37.7,0.0,109.0,0.0,114.0,2.4,0.0,962.0,975.0,451.0,0.0,0.0,0.0,1.0,0.0,0.0,0.3226,0.3226,0.3226,0.0,0.0,0.0,0.03,0.02,14.0,0.8,505.0,0,3,327.69,40.0,0.0,0.0,0.0,0.0,0.0,0.0,0.0,557.0,26.0,Sprint of large group,2.2,1.0,🟢  Plat/Sprint,0
2025-02-21,2025,uae-tour,stage,5.0,VF Group - Bardiani CSF - Faizanè,1,2.UWT,FIN,132.0,0.0,106.0,0.0,,,,,0.0,23.0,20.0,0.0,0.0,5.0,160.47,129.0,0.0,0.737,0.0,0.0,38.8,2.52,88.7,0.623,29.8,0.0,31.3,0.874,0.0,335.0,317.0,84.0,1.0,2.0,0.0,0.0,0.0,0.0,0.405,0.0,0.0,0.0,0.0,-0.3,-0.03,0.0,45.0,0.13,132.0,0,4,507.58,40.0,0.751,0.0,0.0,0.0,0.0,0.0,0.0,557.0,30.0,Sprint of large group,1.6,1.0,🟢  Plat/Sprint,0
2025-02-22,2025,uae-tour,stage,6.0,VF Group - Bardiani CSF - Faizanè,1,2.UWT,FIN,87.0,0.0,106.0,0.0,,,,,3.0,23.0,20.0,0.0,0.0,6.0,166.53,120.0,9.81,0.0,0.0,0.0,86.1,2.86,31.0,0.391,37.0,0.0,37.6,10.2,0.0,176.0,175.0,16.0,-3.0,0.0,0.0,0.0,0.0,0.0,0.0,0.0,0.0,0.0,0.0,0.1,0.03,0.02,4.0,0.0,37.0,0,5,668.05,40.0,0.0,0.0,0.0,0.0,0.0,0.0,0.0,557.0,28.0,Sprint of large group,0.0,1.0,🟢  Plat/Sprint,0
2025-02-23,2025,uae-tour,stage,7.0,VF Group - Bardiani CSF - Faizanè,1,2.UWT,FIN,114.0,0.0,106.0,0.0,,,,,0.0,23.0,20.0,0.0,0.0,7.0,175.88,167.0,2.25,0.311,0.0,0.0,26.9,0.527,141.0,0.0,6.17,0.0,6.55,1.36,0.0,1310.0,543.0,1031.0,162.0,0.0,0.0,0.0,0.0,1.0,0.9997,0.9997,0.9997,0.9997,0.9997,2.5,3.9,5.8,338.0,-0.02,139.0,0,6,834.5799999999999,40.0,0.0,0.0,0.0,0.0,0.0,0.0,0.0,557.0,32.0,7.4 km solo,2.0,3.0,🏔️  Haute montagne,0
2025-02-26,2025,gran-camino,stage,1.0,VF Group - Bardiani CSF - Faizanè,0,2.1,,,0.0,,,,,,,0.0,10.0,5.0,0.0,0.0,1.0,189.64,184.0,0.987,3.93,0.0,0.0,47.0,1.28,141.0,0.287,0.247,0.0,0.247,0.0,0.0,1738.0,1820.0,277.0,0.0,2.0,3.0,0.0,0.0,0.0,0.7252,0.7252,0.0,0.0,0.0,-0.1,-0.13,-0.24,73.0,0.23,752.0,1,7,1010.46,14.0,3.525,0.0,0.498,0.0,0.0,0.0,0.0,112.0,14.0,Sprint of large group,24.0,2.0,⛰️  Moy. montagne,0
2025-02-27,2025,gran-camino,stage,2.0,VF Group - Bardiani CSF - Faizanè,0,2.1,,,0.0,,,,,,,5.0,10.0,5.0,0.0,0.0,2.0,133.05,118.0,14.0,0.29,0.0,0.0,97.9,2.19,31.7,0.0,0.768,0.0,0.0,0.787,0.0,2325.0,2075.0,404.0,28.0,5.0,2.0,2.0,0.0,0.0,0.9993,0.9993,0.4623,0.0,0.0,6.1,4.5,2.06,499.0,0.26,904.0,1,7,1010.46,14.0,0.0,0.0,0.0,0.0,0.0,0.0,0.0,112.0,11.0,Sprint of small group,1.0,2.0,⛰️  Moy. montagne,0
2025-02-28,2025,gran-camino,stage,3.0,VF Group - Bardiani CSF - Faizanè,0,2.1,,,0.0,,,,,,,0.0,10.0,5.0,0.0,0.0,3.0,15.57,14.7,0.527,0.321,0.0,0.0,13.0,1.64,0.576,0.384,0.0,0.0,0.0,0.0,0.0,397.0,180.0,422.0,100.0,0.0,0.0,1.0,0.0,0.0,0.685,0.685,0.685,0.0,0.0,-5.9,-2.03,-1.7,397.0,1.39,397.0,1,7,1010.46,14.0,0.0,0.0,0.0,0.0,0.0,0.0,0.0,112.0,15.0,Time trial,0.6,1.0,🟢  Plat/Sprint,0
2025-03-01,2025,gran-camino,stage,4.0,VF Group - Bardiani CSF - Faizanè,0,2.1,,,0.0,,,,,,,0.0,10.0,5.0,0.0,0.0,4.0,137.28,131.0,6.42,0.0,0.0,0.0,73.3,1.17,62.9,0.0,0.0,0.113,0.0,0.0,0.0,2797.0,1893.0,1304.0,297.0,1.0,3.0,1.0,0.0,1.0,0.9993,0.9993,0.9993,0.9993,0.9993,3.0,4.3,4.08,637.0,0.01,531.0,1,7,1010.46,14.0,0.0,0.0,0.0,0.0,0.0,0.0,0.0,112.0,14.0,Sprint à deux,2.0,3.0,🏔️  Haute montagne,0
2025-03-02,2025,gran-camino,stage,5.0,VF Group - Bardiani CSF - Faizanè,0,2.1,,,0.0,,,,,,,0.0,10.0,5.0,0.0,0.0,5.0,166.35,140.0,18.5,0.39,1.61,2.68,69.9,9.9,81.1,0.222,2.17,0.0,3.16,3.5,0.0,2473.0,2360.0,460.0,6.0,1.0,4.0,1.0,0.0,0.0,0.9995,0.9995,0.0777,0.0,0.0,3.1,1.67,0.16,261.0,0.42,841.0,1,7,1010.46,14.0,0.013,1.783,0.013,1.783,0.0,1.39,0.0,112.0,10.0,Sprint of small group,2.0,2.0,⛰️  Moy. montagne,0
2025-03-05,2025,trofej-umag,result,,VF Group - Bardiani CSF - Faizanè,1,1.2,FIN,7.0,5.0,,,,,,,5.0,5.0,0.0,0.0,0.0,,142.58,142.0,0.0,0.0,0.0,0.0,48.7,0.0,93.4,0.146,0.0,0.0,0.0,0.0,0.0,1194.0,1197.0,124.0,3.0,5.0,0.0,0.0,0.0,0.0,0.8878,0.0,0.0,0.0,0.0,0.1,-0.13,-0.36,17.0,0.1,463.0,0,7,1010.46,40.0,0.0,0.0,0.0,0.0,0.0,0.0,0.125,11.0,15.0,-,0.6,1.0,🟢  Plat/Sprint,0
2025-03-05,2025,trofeo-laigueglia,result,,VF Group - Bardiani CSF - Faizanè,0,1.Pro,,,0.0,,,,,,,23.0,23.0,0.0,0.0,0.0,,198.22,178.0,18.7,0.0,0.0,0.0,117.0,8.16,64.0,7.47,1.95,0.0,1.41,0.0,0.0,3280.0,3286.0,483.0,1.0,5.0,4.0,3.0,0.0,0.0,0.9873,0.9613,0.6793,0.0,0.0,-0.5,-1.93,-0.02,199.0,0.07,724.0,0,7,1010.46,200.0,0.0,0.0,0.0,0.0,0.0,0.0,0.0,267.0,16.0,Sprint of 4 riders,2.0,2.0,⛰️  Moy. montagne,0
2025-03-08,2025,grand-prix-criquielion,result,,VF Group - Bardiani CSF - Faizanè,1,1.1,FIN,115.0,0.0,,,,,,,6.0,6.0,0.0,0.0,0.0,,201.94,127.0,69.3,3.96,0.0,0.0,129.0,23.5,2.46,45.5,1.06,0.0,1.06,0.0,0.0,2225.0,2209.0,122.0,-10.0,7.0,0.0,0.0,0.0,0.0,0.9378,0.0,0.0,0.0,0.0,1.0,0.0,0.14,144.0,0.03,521.0,1,8,1153.04,125.0,1.235,0.0,0.617,0.0,0.617,0.0,0.0,149.0,18.0,Sprint of large group,6.6,2.0,⛰️  Moy. montagne,0
2025-03-09,2025,grote-prijs-jean-pierre-monsere,result,,VF Group - Bardiani CSF - Faizanè,1,1.1,DNF,,0.0,,,,,,,0.0,0.0,0.0,0.0,0.0,,201.74,113.0,83.0,3.95,0.0,0.0,69.5,23.1,3.85,86.7,1.44,0.0,2.53,0.0,0.0,686.0,713.0,48.0,3.0,0.0,0.0,0.0,0.0,0.0,0.0,0.0,0.0,0.0,0.0,-0.4,-0.07,-0.12,45.0,-0.05,163.0,1,9,1354.98,125.0,1.101,0.0,0.0,0.0,0.0,0.0,0.0,152.0,18.0,6.4 km solo,1.6,1.0,🟢  Plat/Sprint,0
2025-03-09,2025,porec-trophy,result,,VF Group - Bardiani CSF - Faizanè,0,1.2,,,0.0,,,,,,,0.0,0.0,0.0,0.0,0.0,,146.14,146.0,0.0,0.0,0.0,0.0,89.2,0.115,56.0,0.417,0.0,0.0,0.0,0.0,0.0,1723.0,1627.0,175.0,8.0,1.0,7.0,0.0,0.0,0.0,0.9997,0.9223,0.0,0.0,0.0,5.1,2.53,1.58,113.0,0.16,627.0,0,9,1354.98,40.0,0.0,0.0,0.0,0.0,0.0,0.0,0.0,19.0,13.0,Sprint of large group,6.8,2.0,⛰️  Moy. montagne,0
2025-03-10,2025,tirreno-adriatico,stage,1.0,VF Group - Bardiani CSF - Faizanè,0,2.UWT,,,0.0,,,,,,,0.0,64.0,50.0,0.0,0.0,1.0,11.48,11.2,0.0,0.0,0.0,0.0,10.1,0.729,0.0,0.455,0.0,0.0,0.223,0.223,0.0,8.0,8.0,4.0,2.0,0.0,0.0,0.0,0.0,0.0,0.0,0.0,0.0,0.0,0.0,-0.1,0.0,0.0,8.0,0.0,8.0,0,10,1556.72,60.0,0.0,0.0,0.0,0.0,0.0,0.0,0.0,919.0,15.0,Time trial,1.6,1.0,🟢  Plat/Sprint,0
2025-03-11,2025,tirreno-adriatico,stage,2.0,VF Group - Bardiani CSF - Faizanè,0,2.UWT,,,0.0,,,,,,,2.0,64.0,50.0,0.0,0.0,2.0,189.59,184.0,4.53,0.0,0.0,0.0,106.0,2.41,78.2,2.33,0.584,0.0,0.746,0.0,0.0,1187.0,1239.0,281.0,-4.0,1.0,2.0,0.0,0.0,0.0,0.7188,0.7188,0.0,0.0,0.0,-0.1,-0.03,-0.12,42.0,-0.11,317.0,0,10,1556.72,60.0,0.0,0.0,0.0,0.0,0.0,0.0,0.0,919.0,16.0,Sprint of large group,1.6,1.0,🟢  Plat/Sprint,0
2025-03-12,2025,tirreno-adriatico,stage,3.0,VF Group - Bardiani CSF - Faizanè,0,2.UWT,,,0.0,,,,,,,10.0,64.0,50.0,0.0,0.0,3.0,239.56,240.0,0.0,0.0,0.0,0.0,167.0,3.32,69.5,0.0,0.0,0.0,0.0,0.0,0.0,3223.0,2474.0,818.0,9.0,4.0,2.0,1.0,0.0,1.0,0.9927,0.9927,0.9927,0.9927,0.9927,0.0,-0.73,-0.84,254.0,0.11,530.0,0,10,1556.72,60.0,0.0,0.0,0.0,0.0,0.0,0.0,0.0,919.0,15.0,Sprint of large group,6.8,2.0,⛰️  Moy. montagne,0
2025-03-13,2025,istrian-spring-tour,prologue,,VF Group - Bardiani CSF - Faizanè,0,2.2,,,0.0,,,,,,,0.0,0.0,0.0,0.0,0.0,,1.4,0.0,0.0,0.0,0.0,0.0,0.0,0.0,0.0,0.0,1.33,0.0,0.0,0.0,0.0,11.0,10.0,39.0,28.0,0.0,0.0,0.0,0.0,0.0,0.0,0.0,0.0,0.0,0.0,0.3,0.07,0.07,11.0,0.07,11.0,0,10,1556.72,7.0,0.0,0.0,0.0,0.0,0.0,0.0,0.0,,,,0.0,0.0,⏱️  CLM,0
2025-03-13,2025,tirreno-adriatico,stage,4.0,VF Group - Bardiani CSF - Faizanè,0,2.UWT,,,0.0,,,,,,,2.0,64.0,50.0,0.0,0.0,4.0,189.55,182.0,7.48,0.0,0.0,0.0,96.0,2.91,90.6,0.0,0.611,0.0,0.498,0.0,0.0,2610.0,2561.0,1550.0,491.0,2.0,1.0,1.0,0.0,1.0,0.8529,0.8128,0.8128,0.8128,0.8128,1.3,-0.1,0.02,134.0,-0.01,796.0,0,10,1556.72,60.0,0.0,0.0,0.0,0.0,0.0,0.0,0.0,919.0,7.0,Sprint of large group,7.8,2.0,⛰️  Moy. montagne,0
2025-03-14,2025,istrian-spring-tour,stage,1.0,VF Group - Bardiani CSF - Faizanè,0,2.2,,,0.0,,,,,,,0.0,0.0,0.0,0.0,0.0,1.0,147.92,148.0,0.0,0.0,0.0,0.0,68.7,0.0,79.3,0.0,0.0,0.0,0.0,0.0,0.0,1615.0,1606.0,450.0,5.0,2.0,2.0,1.0,0.0,0.0,0.9249,0.8592,0.4925,0.0,0.0,1.3,-0.8,-0.94,147.0,0.82,768.0,0,10,1556.72,7.0,0.0,0.0,0.0,0.0,0.0,0.0,0.0,24.0,13.0,? km solo,8.2,2.0,⛰️  Moy. montagne,0
2025-03-14,2025,tirreno-adriatico,stage,5.0,VF Group - Bardiani CSF - Faizanè,0,2.UWT,,,0.0,,,,,,,0.0,64.0,50.0,0.0,0.0,5.0,204.7,201.0,3.64,0.214,0.0,0.0,133.0,1.29,70.6,0.0,0.0,0.0,0.0,0.0,0.0,3503.0,3415.0,727.0,104.0,3.0,3.0,4.0,0.0,0.0,0.9788,0.9788,0.9788,0.0,0.0,2.2,1.27,-0.7,428.0,0.67,1068.0,0,10,1556.72,60.0,0.0,0.0,0.0,0.0,0.0,0.0,0.0,919.0,18.0,9.6 km solo,3.6,2.0,⛰️  Moy. montagne,0
2025-03-15,2025,istrian-spring-tour,stage,2.0,VF Group - Bardiani CSF - Faizanè,0,2.2,,,0.0,,,,,,,0.0,0.0,0.0,0.0,0.0,2.0,131.99,132.0,0.0,0.357,0.0,0.0,86.5,0.542,44.9,0.0,0.0,0.0,0.0,0.0,0.0,1968.0,1725.0,411.0,0.0,2.0,2.0,2.0,0.0,0.0,0.9997,0.9997,0.5298,0.0,0.0,7.5,7.27,5.1,268.0,0.62,709.0,0,10,1556.72,7.0,0.0,0.0,0.0,0.0,0.0,0.0,0.0,24.0,14.0,-,2.0,3.0,🏔️  Haute montagne,0
2025-03-15,2025,tirreno-adriatico,stage,6.0,VF Group - Bardiani CSF - Faizanè,0,2.UWT,,,0.0,,,,,,,0.0,64.0,50.0,0.0,0.0,6.0,162.43,159.0,1.7,0.0,0.0,0.0,121.0,0.614,39.0,0.0,1.82,0.0,1.82,0.0,0.0,3429.0,2184.0,1324.0,44.0,6.0,4.0,0.0,0.0,1.0,0.9998,0.9998,0.9998,0.9998,0.9998,6.4,6.47,8.04,622.0,0.47,899.0,0,10,1556.72,60.0,0.0,0.0,0.0,0.0,0.0,0.0,0.0,919.0,16.0,3.5 km solo,0.0,3.0,🏔️  Haute montagne,0
2025-03-16,2025,istrian-spring-tour,stage,3.0,VF Group - Bardiani CSF - Faizanè,0,2.2,,,0.0,,,,,,,0.0,0.0,0.0,0.0,0.0,3.0,124.44,124.0,0.0,0.0,0.0,0.0,55.1,0.0,69.2,0.0,0.203,0.0,0.0,0.0,0.0,1223.0,1528.0,453.0,-2.0,2.0,2.0,0.0,0.0,0.0,0.9007,0.7109,0.0,0.0,0.0,-0.2,-0.23,-0.58,111.0,-0.31,575.0,0,10,1556.72,7.0,0.0,0.0,0.0,0.0,0.0,0.0,0.0,24.0,10.0,-,1.4,1.0,🟢  Plat/Sprint,0
2025-03-16,2025,tirreno-adriatico,stage,7.0,VF Group - Bardiani CSF - Faizanè,0,2.UWT,,,0.0,,,,,,,0.0,64.0,50.0,0.0,0.0,7.0,147.01,142.0,1.73,0.0,0.0,0.0,79.3,0.291,58.3,3.8,3.75,0.0,3.93,1.95,0.0,1005.0,1004.0,480.0,0.0,0.0,1.0,1.0,0.0,0.0,0.3927,0.3927,0.3927,0.0,0.0,0.1,-0.1,-0.14,39.0,0.37,433.0,0,10,1556.72,60.0,0.0,0.0,0.0,0.0,0.0,0.0,0.0,919.0,16.0,Sprint of large group,1.4,1.0,🟢  Plat/Sprint,0
2025-03-19,2025,milano-torino,result,,VF Group - Bardiani CSF - Faizanè,0,1.Pro,,,0.0,,,,,,,10.0,10.0,0.0,0.0,0.0,,173.68,163.0,1.13,0.0,3.97,0.0,20.7,0.226,143.0,0.907,6.01,0.0,6.01,3.19,0.0,1477.0,947.0,670.0,111.0,1.0,0.0,2.0,0.0,0.0,0.9993,0.9993,0.9993,0.0,0.0,8.1,9.4,8.98,495.0,-0.03,123.0,0,10,1556.72,200.0,0.0,0.0,0.0,0.0,0.0,0.0,0.0,317.0,12.0,Sprint of 3 riders,0.0,3.0,🏔️  Haute montagne,0
2025-03-21,2025,bredene-koksijde-classic,result,,VF Group - Bardiani CSF - Faizanè,1,1.Pro,DNF,,0.0,,,,,,,0.0,0.0,0.0,0.0,0.0,,200.29,141.0,56.6,2.14,0.0,0.0,111.0,9.08,2.85,50.0,0.224,0.0,1.12,0.0,0.0,866.0,854.0,158.0,-3.0,2.0,1.0,0.0,0.0,0.0,0.4769,0.3604,0.0,0.0,0.0,0.1,0.17,0.1,38.0,0.01,69.0,1,8,1407.27,200.0,0.325,0.0,0.0,0.0,0.0,0.0,0.0,213.0,18.0,Sprint of 26 riders,0.4,1.0,🟢  Plat/Sprint,0
2025-03-22,2025,milano-sanremo,result,,VF Group - Bardiani CSF - Faizanè,0,1.UWT,,,0.0,,,,,,,0.0,0.0,0.0,0.0,0.0,,290.41,283.0,4.58,0.951,0.358,0.0,68.6,3.73,206.0,9.75,1.59,0.201,1.65,0.814,0.0,2135.0,2206.0,547.0,3.0,2.0,1.0,1.0,0.0,0.0,0.9723,0.903,0.2973,0.0,0.0,-0.5,-1.03,-2.52,51.0,0.02,71.0,0,8,1429.32,800.0,0.0,0.0,0.0,0.0,0.0,0.0,0.0,969.0,10.0,Sprint of 3 riders,2.4,2.0,⛰️  Moy. montagne,0
2025-03-23,2025,cholet-pays-de-loire,result,,VF Group - Bardiani CSF - Faizanè,1,1.1,DNF,,0.0,,,,,,,50.0,50.0,0.0,0.0,0.0,,208.76,164.0,42.5,0.0,0.585,0.0,159.0,23.3,4.01,19.9,2.0,0.887,2.75,0.321,0.471,1760.0,1810.0,191.0,51.0,2.0,0.0,0.0,0.0,0.0,0.5598,0.0,0.0,0.0,0.0,0.7,-0.23,0.12,82.0,0.05,463.0,1,7,1249.43,125.0,0.0,0.0,0.0,0.0,0.0,0.0,0.0,119.0,10.0,Sprint of 3 riders,0.4,1.0,🟢  Plat/Sprint,0
2025-03-25,2025,settimana-internazionale-coppi-e-bartali,stage,1.0,VF Group - Bardiani CSF - Faizanè,0,2.1,,,0.0,,,,,,,0.0,28.0,28.0,0.0,0.0,1.0,174.82,135.0,39.9,0.0,0.0,0.0,99.0,0.697,74.7,0.547,0.0,0.0,0.0,0.0,0.0,298.0,296.0,12.0,-1.0,0.0,0.0,0.0,0.0,0.0,0.0,0.0,0.0,0.0,0.0,0.2,0.13,0.04,21.0,-0.01,90.0,0,6,1131.19,14.0,0.0,0.0,0.0,0.0,0.0,0.0,0.0,189.0,15.0,Sprint of large group,10.4,1.0,🟢  Plat/Sprint,0
2025-03-26,2025,settimana-internazionale-coppi-e-bartali,stage,2.0,VF Group - Bardiani CSF - Faizanè,0,2.1,,,0.0,,,,,,,0.0,28.0,28.0,0.0,0.0,2.0,163.37,156.0,7.78,0.0,0.0,0.0,162.0,0.262,1.08,0.0,0.0,0.0,0.0,0.0,0.0,3318.0,3014.0,582.0,36.0,1.0,7.0,2.0,0.0,0.0,0.9996,0.9996,0.866,0.0,0.0,6.9,6.83,5.06,376.0,0.5,1231.0,0,5,955.31,14.0,0.0,0.0,0.0,0.0,0.0,0.0,0.0,189.0,15.0,1.7 km solo,2.0,3.0,🏔️  Haute montagne,0
2025-03-27,2025,gp-brda-collio,result,,VF Group - Bardiani CSF - Faizanè,0,1.2,,,0.0,,,,,,,0.0,0.0,0.0,0.0,0.0,,165.71,166.0,0.0,0.0,0.0,0.0,163.0,0.0,0.0,2.8,0.0,0.0,0.0,0.0,0.0,1926.0,1915.0,181.0,51.0,10.0,0.0,0.0,0.0,0.0,0.918,0.0,0.0,0.0,0.0,4.4,2.23,1.4,89.0,-0.13,563.0,1,5,955.31,40.0,0.0,0.0,0.0,0.0,0.0,0.0,0.0,23.0,17.0,Sprint of small group,2.4,2.0,⛰️  Moy. montagne,0
2025-03-27,2025,settimana-internazionale-coppi-e-bartali,stage,3.0,VF Group - Bardiani CSF - Faizanè,0,2.1,,,0.0,,,,,,,0.0,28.0,28.0,0.0,0.0,3.0,141.74,132.0,9.68,0.12,0.0,0.0,141.0,0.0,0.0,0.249,0.0,0.0,0.0,0.0,0.0,2322.0,2344.0,344.0,36.0,3.0,6.0,0.0,0.0,0.0,0.8909,0.8909,0.0,0.0,0.0,0.3,-2.27,-2.1,258.0,0.04,773.0,0,5,955.31,14.0,0.0,0.0,0.0,0.0,0.0,0.0,0.0,189.0,13.0,14 km solo,0.4,2.0,⛰️  Moy. montagne,0
2025-03-28,2025,settimana-internazionale-coppi-e-bartali,stage,4.0,VF Group - Bardiani CSF - Faizanè,0,2.1,,,0.0,,,,,,,0.0,28.0,28.0,0.0,0.0,4.0,150.27,146.0,0.228,2.68,0.0,0.0,128.0,3.55,17.6,0.0,0.0,0.0,0.0,0.0,0.0,2222.0,2257.0,288.0,41.0,3.0,4.0,0.0,0.0,0.0,0.943,0.8506,0.0,0.0,0.0,3.7,1.3,-0.6,175.0,-0.21,679.0,0,5,955.31,14.0,1.247,0.0,0.293,0.0,0.147,0.0,0.0,189.0,13.0,? km solo,0.0,2.0,⛰️  Moy. montagne,0
2025-03-29,2025,settimana-internazionale-coppi-e-bartali,stage,5.0,VF Group - Bardiani CSF - Faizanè,0,2.1,,,0.0,,,,,,,0.0,28.0,28.0,0.0,0.0,5.0,132.46,124.0,6.43,0.0,1.36,0.0,113.0,2.15,14.0,3.57,0.266,0.0,0.266,0.0,0.0,1849.0,1889.0,357.0,25.0,1.0,3.0,2.0,0.0,0.0,0.881,0.881,0.881,0.0,0.0,0.5,0.03,-0.2,208.0,0.11,600.0,0,5,955.31,14.0,0.0,0.0,0.0,0.0,0.0,0.0,0.0,189.0,14.0,16.5 km solo,0.0,2.0,⛰️  Moy. montagne,0
2025-03-30,2025,la-roue-tourangelle,result,,VF Group - Bardiani CSF - Faizanè,0,1.1,,,0.0,,,,,,,13.0,13.0,0.0,0.0,0.0,,195.81,162.0,32.7,0.782,0.0,0.0,147.0,19.5,19.4,9.59,0.688,0.11,0.865,0.0,0.0,1596.0,1583.0,123.0,29.0,2.0,0.0,0.0,0.0,0.0,0.4253,0.0,0.0,0.0,0.0,0.0,0.23,0.0,85.0,0.17,404.0,1,5,955.31,125.0,0.515,0.0,0.0,0.0,0.0,0.0,0.0,97.0,15.0,Sprint of small group,10.0,1.0,🟢  Plat/Sprint,0
2025-03-30,2025,gp-adria-mobil,result,,VF Group - Bardiani CSF - Faizanè,1,1.2,DNF,,0.0,,,,,,,0.0,0.0,0.0,0.0,0.0,,168.55,158.0,8.56,1.23,0.0,0.0,157.0,4.64,0.0,5.27,0.0,0.0,0.104,1.4,0.0,2023.0,2028.0,543.0,135.0,0.0,0.0,2.0,0.0,0.0,0.4698,0.4698,0.4698,0.0,0.0,-0.5,-0.07,-0.64,85.0,0.03,668.0,0,5,955.31,40.0,0.644,0.0,0.404,0.0,0.164,0.0,0.0,17.0,14.0,Sprint of small group,0.0,2.0,⛰️  Moy. montagne,0
2025-04-02,2025,paris-camembert,result,,VF Group - Bardiani CSF - Faizanè,0,1.1,,,0.0,,,,,,,6.0,6.0,0.0,0.0,0.0,,199.63,173.0,26.8,0.159,0.0,0.0,149.0,1.23,49.9,0.0,0.0,0.0,0.0,0.0,0.0,1716.0,1769.0,249.0,45.0,8.0,1.0,0.0,0.0,0.0,0.9416,0.6676,0.0,0.0,0.0,0.2,-0.23,-0.18,83.0,0.09,279.0,1,6,1123.86,125.0,0.0,0.0,0.0,0.0,0.0,0.0,0.0,94.0,13.0,Sprint of small group,0.0,2.0,⛰️  Moy. montagne,0
2025-04-04,2025,route-adelie-de-vitre,result,,VF Group - Bardiani CSF - Faizanè,0,1.1,,,0.0,,,,,,,33.0,33.0,0.0,0.0,0.0,,174.47,147.0,27.1,0.0,0.0,0.0,145.0,6.17,15.3,8.32,0.0,0.0,0.0,0.0,0.0,1892.0,1871.0,121.0,65.0,0.0,0.0,0.0,0.0,0.0,0.0,0.0,0.0,0.0,0.0,-0.1,-0.17,-0.42,226.0,0.05,525.0,1,6,1123.86,125.0,0.0,0.0,0.0,0.0,0.0,0.0,0.0,108.0,19.0,Sprint of small group,12.6,1.0,🟢  Plat/Sprint,0
2025-04-12,2025,giro-di-reggio-calabria,result,,VF Group - Bardiani CSF - Faizanè,0,1.1,,,0.0,,,,,,,255.0,255.0,0.0,0.0,0.0,,183.58,179.0,3.07,0.0,0.0,0.0,72.8,2.05,96.9,9.94,2.25,0.0,1.91,0.0,0.0,2209.0,2213.0,965.0,4.0,0.0,0.0,1.0,0.0,1.0,0.7296,0.7296,0.7296,0.3481,0.3481,-1.2,-0.23,-0.28,119.0,0.01,165.0,1,3,577.5999999999999,125.0,0.0,0.0,0.0,0.0,0.0,0.0,0.0,19.0,,-,1.2,2.0,⛰️  Moy. montagne,0
2025-04-15,2025,giro-d-abruzzo,stage,1.0,VF Group - Bardiani CSF - Faizanè,0,2.1,,,0.0,,,,,,,5.0,75.0,65.0,0.0,0.0,1.0,151.08,145.0,0.173,0.0,0.379,0.281,95.1,3.72,48.6,0.0,3.79,0.0,6.19,0.379,0.0,2001.0,1865.0,646.0,5.0,1.0,2.0,1.0,1.0,0.0,0.9682,0.9682,0.801,0.3642,0.0,5.8,-0.97,0.02,189.0,0.17,334.0,1,3,577.5999999999999,14.0,0.0,0.0,0.0,0.0,0.0,0.0,0.0,60.0,22.0,Sprint of small group,52.2,2.0,⛰️  Moy. montagne,0
2025-04-16,2025,giro-d-abruzzo,stage,2.0,VF Group - Bardiani CSF - Faizanè,0,2.1,,,0.0,,,,,,,5.0,75.0,65.0,0.0,0.0,2.0,138.51,138.0,0.671,0.0,0.0,0.0,53.4,1.35,83.6,0.0,0.201,0.0,0.201,0.0,0.0,2490.0,2312.0,1046.0,198.0,1.0,2.0,2.0,0.0,1.0,0.9972,0.9972,0.6363,0.4254,0.4254,3.3,4.9,3.8,380.0,0.96,1044.0,1,3,577.5999999999999,14.0,0.0,0.0,0.0,0.0,0.0,0.0,0.0,60.0,20.0,1.3 km solo,2.0,3.0,🏔️  Haute montagne,0
2025-04-17,2025,giro-d-abruzzo,stage,3.0,VF Group - Bardiani CSF - Faizanè,0,2.1,,,0.0,,,,,,,0.0,75.0,65.0,0.0,0.0,3.0,160.28,160.0,0.25,0.0,0.0,0.0,18.2,0.0,142.0,0.0,0.272,0.0,0.272,0.0,0.0,2847.0,1799.0,1656.0,451.0,2.0,1.0,2.0,0.0,1.0,0.9995,0.9995,0.9995,0.9995,0.9995,11.3,5.53,3.3,165.0,0.79,941.0,1,3,577.5999999999999,14.0,0.0,0.0,0.0,0.0,0.0,0.0,0.0,60.0,10.0,8.3 km solo,3.0,3.0,🏔️  Haute montagne,0
2025-04-18,2025,giro-d-abruzzo,stage,4.0,VF Group - Bardiani CSF - Faizanè,0,2.1,,,0.0,,,,,,,0.0,75.0,65.0,0.0,0.0,4.0,164.52,152.0,11.7,0.568,0.0,0.0,84.8,0.154,79.7,0.0,0.0,0.0,0.0,0.0,0.0,2898.0,2635.0,520.0,58.0,3.0,5.0,2.0,0.0,0.0,0.9996,0.9996,0.8206,0.0,0.0,2.5,0.9,1.12,207.0,-0.17,716.0,1,3,577.5999999999999,14.0,0.011,0.0,0.011,0.0,0.011,0.0,0.0,60.0,16.0,Sprint à deux,53.2,2.0,⛰️  Moy. montagne,0
2025-04-21,2025,tour-of-the-alps,stage,1.0,VF Group - Bardiani CSF - Faizanè,0,2.Pro,,,0.0,,,,,,,0.0,23.0,23.0,0.0,0.0,1.0,148.48,147.0,0.771,0.0,0.0,0.0,48.2,0.0,99.1,0.426,1.15,0.0,1.15,0.0,0.0,3129.0,3132.0,1680.0,265.0,1.0,1.0,2.0,0.0,1.0,0.9995,0.9995,0.9995,0.5921,0.5921,8.1,4.7,2.76,357.0,-0.2,1001.0,0,2,377.31,20.0,0.0,0.0,0.0,0.0,0.0,0.0,0.0,207.0,12.0,Sprint of small group,3.0,3.0,🏔️  Haute montagne,0
2025-04-22,2025,tour-of-the-alps,stage,2.0,VF Group - Bardiani CSF - Faizanè,0,2.Pro,,,0.0,,,,,,,0.0,23.0,23.0,0.0,0.0,2.0,177.96,164.0,10.8,0.0,1.13,0.0,106.0,1.98,64.0,2.9,2.71,0.0,2.77,0.368,0.0,4336.0,3601.0,1419.0,203.0,1.0,0.0,2.0,1.0,2.0,0.939,0.939,0.939,0.939,0.939,0.6,-0.13,-0.48,39.0,1.8,1540.0,0,2,377.31,20.0,0.0,0.0,0.0,0.0,0.0,0.0,0.0,207.0,15.0,11.1 km solo,3.0,3.0,🏔️  Haute montagne,0
2025-04-23,2025,tour-of-the-alps,stage,3.0,VF Group - Bardiani CSF - Faizanè,0,2.Pro,,,0.0,,,,,,,0.0,23.0,23.0,0.0,0.0,3.0,145.53,128.0,14.8,0.0,0.22,0.0,70.6,2.5,66.5,3.17,3.13,0.0,3.23,0.122,0.0,3034.0,2794.0,1768.0,712.0,2.0,0.0,2.0,0.0,1.0,0.9262,0.9262,0.9262,0.6714,0.6714,0.7,-2.17,-5.48,110.0,-0.12,504.0,0,1,168.55,20.0,0.0,0.0,0.0,0.0,0.0,0.0,0.0,207.0,12.0,78 km solo,53.2,2.0,⛰️  Moy. montagne,0
2025-04-24,2025,tour-of-the-alps,stage,4.0,VF Group - Bardiani CSF - Faizanè,0,2.Pro,,,0.0,,,,,,,0.0,23.0,23.0,0.0,0.0,4.0,162.57,161.0,2.01,0.0,0.0,0.0,40.6,1.42,120.0,0.313,0.0,0.0,0.0,0.0,0.0,3370.0,3008.0,1761.0,846.0,0.0,3.0,0.0,3.0,0.0,0.9689,0.9689,0.9689,0.9689,0.0,4.3,0.7,-1.04,533.0,-0.18,751.0,0,1,168.55,20.0,0.0,0.0,0.0,0.0,0.0,0.0,0.0,207.0,9.0,76 km solo,1.0,3.0,🏔️  Haute montagne,0
2025-04-25,2025,tour-of-the-alps,stage,5.0,VF Group - Bardiani CSF - Faizanè,0,2.Pro,,,0.0,,,,,,,0.0,23.0,23.0,0.0,0.0,5.0,112.56,98.5,12.3,0.0,0.0,0.0,67.1,7.27,38.1,0.103,0.0,0.0,1.83,0.0,0.0,2431.0,2412.0,1436.0,632.0,1.0,1.0,2.0,0.0,1.0,0.8927,0.8927,0.8927,0.4397,0.4397,0.9,0.7,-1.32,247.0,1.55,1270.0,0,1,168.55,20.0,0.0,0.0,0.0,0.0,0.0,0.0,0.0,207.0,9.0,Other,53.2,2.0,⛰️  Moy. montagne,0
2025-04-27,2025,trofeo-torino-biella-giro-della-provincia-di-biell,result,,VF Group - Bardiani CSF - Faizanè,0,1.2,,,0.0,,,,,,,33.0,33.0,0.0,0.0,0.0,,144.94,125.0,12.4,6.7,0.715,0.0,98.5,5.49,39.1,2.15,0.0,0.0,0.0,0.0,0.0,1579.0,1529.0,756.0,134.0,4.0,1.0,1.0,0.0,0.0,0.9524,0.6205,0.4292,0.0,0.0,1.2,0.77,-1.12,178.0,-0.4,77.0,0,1,168.55,40.0,6.468,0.0,3.03,0.0,1.478,0.0,0.0,9.0,,-,19.2,1.0,🟢  Plat/Sprint,0
2025-04-27,2025,tour-of-turkey,stage,1.0,VF Group - Bardiani CSF - Faizanè,1,2.Pro,FIN,47.0,0.0,97.0,0.0,,,,,0.0,3.0,3.0,0.0,0.0,1.0,131.87,132.0,0.0,0.0,0.0,0.0,62.8,0.0,69.0,0.0,0.0,0.0,0.0,0.0,0.0,426.0,427.0,60.0,-1.0,0.0,0.0,0.0,0.0,0.0,0.0,0.0,0.0,0.0,0.0,0.6,-0.17,0.06,144.0,-0.07,144.0,0,1,168.55,20.0,0.0,0.0,0.0,0.0,0.0,0.0,0.0,134.0,20.0,Sprint of large group,19.2,1.0,🟢  Plat/Sprint,0
2025-04-28,2025,tour-of-turkey,stage,2.0,VF Group - Bardiani CSF - Faizanè,1,2.Pro,FIN,111.0,0.0,97.0,0.0,,,,,0.0,3.0,3.0,0.0,0.0,2.0,166.82,165.0,1.4,0.0,0.372,0.0,0.998,0.673,164.0,1.13,0.493,0.0,0.541,0.419,0.0,2452.0,2368.0,642.0,-2.0,2.0,0.0,1.0,1.0,0.0,0.9836,0.6529,0.6529,0.6529,0.0,4.8,0.2,1.1,347.0,-0.01,824.0,0,2,300.42,20.0,0.0,0.0,0.0,0.0,0.0,0.0,0.0,134.0,20.0,Sprint of large group,52.0,2.0,⛰️  Moy. montagne,0
2025-04-29,2025,tour-of-turkey,stage,3.0,VF Group - Bardiani CSF - Faizanè,1,2.Pro,FIN,103.0,0.0,97.0,0.0,,,,,0.0,3.0,3.0,0.0,0.0,3.0,175.21,173.0,0.0,1.49,0.0,0.0,44.7,0.0,130.0,0.0,0.655,0.0,0.671,0.0,0.0,2500.0,2502.0,337.0,2.0,6.0,4.0,1.0,0.0,0.0,0.9348,0.9348,0.2082,0.0,0.0,-0.3,-0.6,-2.68,342.0,0.05,806.0,0,3,467.24,20.0,1.502,0.0,0.052,0.0,0.052,0.0,0.0,134.0,21.0,Sprint of small group,1.0,2.0,⛰️  Moy. montagne,0
2025-04-30,2025,tour-of-turkey,stage,4.0,VF Group - Bardiani CSF - Faizanè,1,2.Pro,FIN,100.0,0.0,97.0,0.0,,,,,0.0,3.0,3.0,0.0,0.0,4.0,114.79,115.0,0.0,0.0,0.0,0.0,62.9,0.0,52.1,0.0,0.0,0.0,0.0,0.0,0.0,2945.0,2054.0,944.0,8.0,3.0,1.0,0.0,0.0,2.0,0.999,0.999,0.999,0.999,0.999,9.0,9.1,9.84,492.0,1.21,1247.0,0,3,473.9,20.0,0.0,0.0,0.0,0.0,0.0,0.0,0.0,134.0,16.0,2.3 km solo,1.0,3.0,🏔️  Haute montagne,0
2025-05-02,2025,tour-of-turkey,stage,6.0,VF Group - Bardiani CSF - Faizanè,1,2.Pro,FIN,100.0,0.0,97.0,0.0,,,,,0.0,3.0,3.0,0.0,0.0,6.0,157.37,157.0,0.754,0.0,0.0,0.0,67.6,0.906,89.2,0.0,0.0,0.0,0.0,0.0,0.0,1667.0,1247.0,467.0,1.0,0.0,0.0,3.0,0.0,0.0,0.9992,0.9992,0.9992,0.0,0.0,9.6,8.9,7.96,462.0,0.2,337.0,0,4,588.6899999999999,20.0,0.0,0.0,0.0,0.0,0.0,0.0,0.0,134.0,19.0,0.9 km solo,0.0,3.0,🏔️  Haute montagne,0
2025-05-03,2025,tour-of-turkey,stage,7.0,VF Group - Bardiani CSF - Faizanè,1,2.Pro,FIN,17.0,0.0,97.0,0.0,,,,,0.0,3.0,3.0,0.0,0.0,7.0,143.65,143.0,0.515,0.0,0.0,0.0,0.648,1.26,141.0,0.0,0.785,0.0,0.785,0.0,0.0,1323.0,1318.0,264.0,-2.0,4.0,1.0,0.0,0.0,0.0,0.9092,0.8823,0.0,0.0,0.0,0.1,-0.67,-0.4,516.0,0.05,425.0,0,5,746.06,20.0,0.0,0.0,0.0,0.0,0.0,0.0,0.0,134.0,21.0,Sprint of large group,15.8,1.0,🟢  Plat/Sprint,0
2025-05-03,2025,fleche-ardennaise,result,,VF Group - Bardiani CSF - Faizanè,0,1.2,,,0.0,,,,,,,20.0,20.0,0.0,0.0,0.0,,173.99,151.0,20.3,2.25,0.0,0.0,141.0,3.56,19.5,9.93,0.0,0.0,0.0,0.0,0.0,3647.0,3659.0,581.0,188.0,7.0,9.0,1.0,0.0,0.0,0.9386,0.9386,0.9386,0.0,0.0,-0.9,-2.03,-3.24,49.0,0.44,910.0,0,5,746.06,40.0,1.601,0.0,0.849,0.0,0.254,0.0,0.0,18.0,,Sprint à deux,0.0,2.0,⛰️  Moy. montagne,0
2025-05-04,2025,famenne-ardenne-classic,result,,VF Group - Bardiani CSF - Faizanè,0,1.1,,,0.0,,,,,,,10.0,10.0,0.0,0.0,0.0,,186.17,169.0,16.0,1.26,0.0,0.0,136.0,12.2,22.3,8.76,0.335,0.0,0.335,0.0,0.0,2457.0,2428.0,548.0,186.0,1.0,5.0,1.0,0.0,0.0,0.9193,0.9193,0.1554,0.0,0.0,2.0,-1.03,-0.44,225.0,0.03,647.0,0,6,889.7099999999999,125.0,0.703,0.0,0.234,0.0,0.234,0.0,0.0,142.0,10.0,Sprint of large group,4.0,2.0,⛰️  Moy. montagne,0
2025-05-04,2025,tour-of-turkey,stage,8.0,VF Group - Bardiani CSF - Faizanè,1,2.Pro,FIN,13.0,0.0,97.0,0.0,,,,,0.0,3.0,3.0,0.0,0.0,8.0,108.69,104.0,1.02,0.0,0.0,0.0,27.6,1.02,73.3,2.73,4.04,0.0,3.4,0.213,0.0,942.0,964.0,267.0,-6.0,0.0,2.0,0.0,0.0,0.0,0.3627,0.3627,0.0,0.0,0.0,-0.1,-0.13,0.02,86.0,0.08,610.0,0,6,889.7099999999999,20.0,0.0,0.0,0.0,0.0,0.0,0.0,0.0,134.0,23.0,Sprint of large group,15.8,1.0,🟢  Plat/Sprint,0
2025-05-09,2025,giro-d-italia,stage,1.0,VF Group - Bardiani CSF - Faizanè,0,2.UWT,,,0.0,,,,,,,0.0,400.0,0.0,0.0,0.0,1.0,160.13,152.0,5.46,0.353,0.0,0.0,41.5,3.07,107.0,6.17,2.17,0.0,2.48,0.554,0.0,1874.0,1769.0,797.0,-1.0,0.0,0.0,2.0,1.0,0.0,0.8887,0.8887,0.8887,0.3347,0.0,-0.2,-1.0,-1.44,105.0,0.12,140.0,1,7,998.4,180.0,0.0,0.0,0.0,0.0,0.0,0.0,0.0,946.0,22.0,Sprint of small group,6.0,2.0,⛰️  Moy. montagne,0
2025-05-10,2025,giro-d-italia,stage,2.0,VF Group - Bardiani CSF - Faizanè,0,2.UWT,,,0.0,,,,,,,0.0,400.0,0.0,0.0,0.0,2.0,13.77,11.3,2.31,0.0,0.0,0.0,0.633,0.964,7.62,4.07,0.0,0.0,0.125,0.181,0.0,141.0,144.0,196.0,98.0,1.0,0.0,0.0,0.0,0.0,0.6265,0.0,0.0,0.0,0.0,-0.2,-0.03,-1.54,141.0,-0.02,141.0,1,7,998.4,180.0,0.0,0.0,0.0,0.0,0.0,0.0,0.0,946.0,25.0,Time trial,13.2,1.0,🟢  Plat/Sprint,0
2025-05-11,2025,giro-d-italia,stage,3.0,VF Group - Bardiani CSF - Faizanè,0,2.UWT,,,0.0,,,,,,,35.0,400.0,0.0,0.0,0.0,3.0,159.29,157.0,1.62,0.198,0.0,0.0,18.1,0.0,140.0,1.62,0.236,0.0,0.318,0.0,0.0,2912.0,2919.0,1030.0,-3.0,1.0,1.0,1.0,0.0,1.0,0.7724,0.7724,0.7724,0.7724,0.7724,0.3,0.03,-0.18,63.0,0.47,707.0,1,7,998.4,180.0,0.0,0.0,0.0,0.0,0.0,0.0,0.0,946.0,18.0,Sprint of large group,6.0,2.0,⛰️  Moy. montagne,0
2025-05-13,2025,giro-d-italia,stage,4.0,VF Group - Bardiani CSF - Faizanè,0,2.UWT,,,0.0,,,,,,,25.0,400.0,0.0,0.0,0.0,4.0,188.95,174.0,3.69,0.0,0.0,0.281,140.0,1.55,33.3,1.79,11.6,0.0,12.0,0.721,0.0,730.0,1130.0,455.0,22.0,0.0,1.0,0.0,0.0,0.0,0.4535,0.4535,0.0,0.0,0.0,0.0,0.3,0.26,36.0,-0.82,188.0,1,7,998.4,180.0,0.0,0.0,0.0,0.0,0.0,0.0,0.0,946.0,21.0,Sprint of large group,6.6,1.0,🟢  Plat/Sprint,0
2025-05-14,2025,giro-d-italia,stage,5.0,VF Group - Bardiani CSF - Faizanè,0,2.UWT,,,0.0,,,,,,,60.0,400.0,0.0,0.0,0.0,5.0,151.7,133.0,2.79,0.0,0.0,0.0,77.8,3.43,54.5,1.84,14.6,0.0,15.6,0.0,0.0,1487.0,1363.0,506.0,0.0,2.0,2.0,1.0,0.0,0.0,0.9994,0.8854,0.8854,0.0,0.0,2.3,2.27,1.3,310.0,-0.49,357.0,1,7,998.4,180.0,0.0,0.0,0.0,0.0,0.0,0.0,0.0,946.0,21.0,Sprint of large group,13.0,2.0,⛰️  Moy. montagne,0
2025-05-14,2025,tour-de-hongrie,stage,1.0,VF Group - Bardiani CSF - Faizanè,1,2.Pro,FIN,47.0,0.0,93.0,0.0,,,,,0.0,25.0,25.0,0.0,0.0,1.0,210.12,209.0,0.765,0.0,0.0,0.0,160.0,3.35,43.0,2.88,0.408,0.0,0.538,0.314,0.0,1255.0,1247.0,259.0,96.0,2.0,1.0,0.0,0.0,0.0,0.7818,0.7818,0.0,0.0,0.0,0.1,0.0,-0.06,43.0,0.15,348.0,0,7,998.4,20.0,0.0,0.0,0.0,0.0,0.0,0.0,0.0,123.0,20.0,Sprint of large group,11.6,1.0,🟢  Plat/Sprint,0
2025-05-15,2025,giro-d-italia,stage,6.0,VF Group - Bardiani CSF - Faizanè,0,2.UWT,,,0.0,,,,,,,55.0,400.0,0.0,0.0,0.0,6.0,227.27,156.0,23.5,0.725,2.0,0.0,120.0,10.6,45.4,1.55,45.2,0.0,45.8,6.25,0.0,2496.0,3413.0,1140.0,2.0,1.0,1.0,2.0,1.0,0.0,0.6991,0.6991,0.6991,0.3294,0.0,-0.5,-0.1,-0.1,47.0,-0.27,802.0,1,8,1208.52,180.0,0.796,0.0,0.796,0.0,0.796,0.0,0.0,946.0,17.0,Sprint of large group,25.0,2.0,⛰️  Moy. montagne,0
2025-05-15,2025,tour-de-hongrie,stage,2.0,VF Group - Bardiani CSF - Faizanè,1,2.Pro,FIN,23.0,0.0,93.0,0.0,,,,,0.0,25.0,25.0,0.0,0.0,2.0,177.11,173.0,0.263,1.71,0.0,0.287,77.9,2.5,82.4,11.3,2.01,0.351,2.25,0.505,0.466,1276.0,1453.0,381.0,100.0,1.0,1.0,0.0,0.0,0.0,0.9052,0.3406,0.0,0.0,0.0,0.1,0.0,0.0,216.0,0.03,558.0,0,8,1208.52,20.0,0.335,0.293,0.335,0.293,0.335,0.293,0.0,123.0,16.0,Sprint of large group,5.0,1.0,🟢  Plat/Sprint,0
2025-05-16,2025,tour-de-hongrie,stage,3.0,VF Group - Bardiani CSF - Faizanè,1,2.Pro,FIN,106.0,0.0,93.0,0.0,,,,,0.0,25.0,25.0,0.0,0.0,3.0,162.34,162.0,0.0,0.0,0.0,0.0,92.4,0.312,66.1,3.65,0.0,0.0,0.0,0.0,0.0,1977.0,1214.0,989.0,104.0,1.0,0.0,1.0,0.0,1.0,0.9995,0.9995,0.9995,0.9995,0.9995,7.4,7.93,6.5,575.0,-0.18,196.0,0,9,1385.63,20.0,0.0,0.0,0.0,0.0,0.0,0.0,0.0,123.0,14.0,1.9 km solo,0.0,3.0,🏔️  Haute montagne,0
2025-05-16,2025,giro-d-italia,stage,7.0,VF Group - Bardiani CSF - Faizanè,0,2.UWT,,,0.0,,,,,,,0.0,400.0,0.0,0.0,0.0,7.0,168.25,167.0,0.411,0.0,0.0,0.0,113.0,0.132,54.4,0.0,0.975,0.0,0.799,0.0,0.0,3390.0,2759.0,1424.0,295.0,2.0,0.0,2.0,1.0,1.0,0.9996,0.9996,0.9996,0.9996,0.9996,9.0,8.77,6.98,696.0,-0.74,747.0,1,9,1385.63,180.0,0.0,0.0,0.0,0.0,0.0,0.0,0.0,946.0,12.0,0.4 km solo,0.0,3.0,🏔️  Haute montagne,0
2025-05-17,2025,tour-de-hongrie,stage,4.0,VF Group - Bardiani CSF - Faizanè,1,2.Pro,FIN,92.0,0.0,93.0,0.0,,,,,0.0,25.0,25.0,0.0,0.0,4.0,153.19,146.0,7.12,0.294,0.0,0.0,135.0,9.56,1.87,6.74,0.0,0.101,0.103,0.321,0.136,992.0,1003.0,321.0,107.0,0.0,2.0,0.0,0.0,0.0,0.5616,0.5616,0.0,0.0,0.0,1.0,-0.27,0.1,127.0,0.19,397.0,0,10,1547.97,20.0,0.0,0.0,0.0,0.0,0.0,0.0,0.0,123.0,16.0,Sprint of large group,5.0,1.0,🟢  Plat/Sprint,0
2025-05-17,2025,giro-d-italia,stage,8.0,VF Group - Bardiani CSF - Faizanè,0,2.UWT,,,0.0,,,,,,,25.0,400.0,0.0,0.0,0.0,8.0,196.61,190.0,4.63,0.0,0.0,0.0,126.0,0.386,67.2,0.382,2.83,0.0,2.23,0.0,0.0,3777.0,3483.0,1451.0,15.0,3.0,4.0,1.0,0.0,1.0,0.9626,0.8958,0.7704,0.528,0.528,1.8,-1.17,-3.2,226.0,0.56,611.0,1,10,1547.97,180.0,0.0,0.0,0.0,0.0,0.0,0.0,0.0,946.0,17.0,45.5 km solo,32.0,2.0,⛰️  Moy. montagne,0
2025-05-18,2025,tour-de-hongrie,stage,5.0,VF Group - Bardiani CSF - Faizanè,1,2.Pro,FIN,67.0,0.0,93.0,0.0,,,,,0.0,25.0,25.0,0.0,0.0,5.0,168.89,166.0,0.0,3.39,0.0,0.123,108.0,4.82,54.0,2.39,0.0,0.0,0.0,0.0,0.121,1931.0,1956.0,385.0,103.0,5.0,3.0,0.0,0.0,0.0,0.7286,0.581,0.0,0.0,0.0,2.5,1.1,0.52,88.0,0.32,587.0,0,11,1701.16,20.0,3.197,0.0,3.197,0.0,2.131,0.0,0.0,123.0,13.0,Sprint of 5 riders,35.0,2.0,⛰️  Moy. montagne,0
2025-05-18,2025,giro-d-italia,stage,9.0,VF Group - Bardiani CSF - Faizanè,0,2.UWT,,,0.0,,,,,,,0.0,400.0,0.0,0.0,0.0,9.0,179.88,151.0,0.663,0.841,16.6,9.83,137.0,15.9,23.9,0.0,0.83,0.0,0.83,2.92,0.0,2346.0,2491.0,641.0,141.0,4.0,2.0,1.0,0.0,0.0,0.9955,0.9198,0.2463,0.0,0.0,5.8,0.83,-0.22,257.0,-0.02,380.0,1,11,1701.16,180.0,0.865,4.82,0.865,0.0,0.865,0.0,0.0,946.0,20.0,Sprint à deux,35.0,2.0,⛰️  Moy. montagne,0
2025-05-20,2025,giro-d-italia,stage,10.0,VF Group - Bardiani CSF - Faizanè,0,2.UWT,,,0.0,,,,,,,0.0,400.0,0.0,0.0,0.0,10.0,28.68,24.1,3.52,0.459,0.0,0.0,13.1,1.56,9.31,1.6,0.663,0.0,0.722,2.56,0.0,150.0,163.0,99.0,-3.0,1.0,0.0,0.0,0.0,0.0,0.5473,0.0,0.0,0.0,0.0,-0.2,0.23,0.12,32.0,-0.05,150.0,1,12,1870.05,180.0,0.0,0.0,0.0,0.0,0.0,0.0,0.0,946.0,22.0,Time trial,5.0,1.0,🟢  Plat/Sprint,0
2025-05-21,2025,giro-d-italia,stage,11.0,VF Group - Bardiani CSF - Faizanè,0,2.UWT,,,0.0,,,,,,,0.0,400.0,0.0,0.0,0.0,11.0,186.28,186.0,0.136,0.0,0.0,0.0,138.0,0.0,45.9,2.93,0.0,0.0,0.0,0.0,0.0,3809.0,3097.0,1622.0,3.0,2.0,2.0,2.0,0.0,1.0,0.9678,0.9678,0.9678,0.4484,0.4484,3.4,0.7,-1.32,343.0,0.21,430.0,1,12,1870.05,180.0,0.0,0.0,0.0,0.0,0.0,0.0,0.0,946.0,17.0,9.1 km solo,28.0,2.0,⛰️  Moy. montagne,0
2025-05-22,2025,giro-d-italia,stage,12.0,VF Group - Bardiani CSF - Faizanè,0,2.UWT,,,0.0,,,,,,,10.0,400.0,0.0,0.0,0.0,12.0,172.4,165.0,5.01,0.0,0.0,0.0,119.0,9.66,32.6,8.38,2.74,0.0,3.07,0.237,0.0,1627.0,1641.0,703.0,18.0,2.0,1.0,0.0,1.0,0.0,0.6714,0.6714,0.4984,0.4984,0.0,0.4,0.0,0.06,38.0,1.27,797.0,1,12,1870.05,180.0,0.0,0.0,0.0,0.0,0.0,0.0,0.0,946.0,18.0,Sprint of large group,16.0,2.0,⛰️  Moy. montagne,0
2025-05-23,2025,giro-d-italia,stage,13.0,VF Group - Bardiani CSF - Faizanè,0,2.UWT,,,0.0,,,,,,,0.0,400.0,0.0,0.0,0.0,13.0,181.19,178.0,0.871,0.0,0.0,0.0,146.0,1.63,29.6,1.72,2.17,0.0,2.17,0.0,0.0,1560.0,1455.0,408.0,0.0,3.0,2.0,1.0,0.0,0.0,0.9997,0.7001,0.7001,0.0,0.0,6.4,2.5,1.56,93.0,0.02,379.0,1,12,1870.05,180.0,0.0,0.0,0.0,0.0,0.0,0.0,0.0,946.0,18.0,Sprint of small group,7.0,2.0,⛰️  Moy. montagne,0
2025-05-24,2025,giro-d-italia,stage,14.0,VF Group - Bardiani CSF - Faizanè,0,2.UWT,,,0.0,,,,,,,0.0,400.0,0.0,0.0,0.0,14.0,192.79,188.0,3.05,1.15,0.0,0.0,133.0,2.89,51.4,5.06,0.616,0.0,1.02,0.161,0.0,967.0,897.0,295.0,0.0,2.0,1.0,0.0,0.0,0.0,0.9462,0.722,0.0,0.0,0.0,-0.1,-0.23,-0.02,131.0,-0.03,84.0,1,12,1870.05,180.0,1.4,0.0,0.7,0.0,0.561,0.0,0.0,946.0,19.0,6.1 km solo,5.0,1.0,🟢  Plat/Sprint,0
2025-05-24,2025,due-giorni-marchigiana-gp-santa-rita,result,,VF Group - Bardiani CSF - Faizanè,0,1.2,,,0.0,,,,,,,25.0,25.0,0.0,0.0,0.0,,168.81,166.0,2.65,0.0,0.0,0.0,161.0,7.42,0.0,0.0,0.0,0.0,0.0,0.0,0.0,2490.0,2430.0,184.0,14.0,3.0,12.0,0.0,0.0,0.0,0.9997,0.9334,0.0,0.0,0.0,6.4,3.7,2.36,242.0,-0.09,657.0,0,12,1870.05,40.0,0.0,0.0,0.0,0.0,0.0,0.0,0.0,7.0,,-,2.0,2.0,⛰️  Moy. montagne,0
2025-05-25,2025,giro-d-italia,stage,15.0,VF Group - Bardiani CSF - Faizanè,0,2.UWT,,,0.0,,,,,,,35.0,400.0,0.0,0.0,0.0,15.0,219.82,206.0,11.8,0.0,0.501,0.0,183.0,2.84,27.8,3.96,1.63,0.0,1.45,0.522,0.0,3847.0,2867.0,1622.0,15.0,4.0,1.0,0.0,0.0,2.0,0.97,0.8701,0.8701,0.8701,0.8701,-0.1,-2.63,-1.96,155.0,0.38,432.0,1,12,1870.05,180.0,0.0,0.0,0.0,0.0,0.0,0.0,0.0,946.0,17.0,44 km solo,7.0,2.0,⛰️  Moy. montagne,0
2025-05-25,2025,trofeo-citta-di-castelfidardo,result,,VF Group - Bardiani CSF - Faizanè,1,1.2,FIN,80.0,0.0,,,,,,,40.0,40.0,0.0,0.0,0.0,,221.46,206.0,3.13,0.191,0.556,0.0,92.4,3.09,111.0,2.12,12.1,0.0,12.7,0.929,0.556,5794.0,4210.0,1998.0,209.0,2.0,1.0,2.0,1.0,2.0,0.9994,0.9994,0.9994,0.9994,0.9994,1.1,5.93,7.78,699.0,0.96,1700.0,0,12,1870.05,40.0,0.0,0.0,0.0,0.0,0.0,0.0,0.0,7.0,,-,0.0,3.0,🏔️  Haute montagne,0
2025-05-27,2025,giro-d-italia,stage,16.0,VF Group - Bardiani CSF - Faizanè,0,2.UWT,,,0.0,,,,,,,0.0,400.0,0.0,0.0,0.0,16.0,203.35,199.0,0.857,0.236,0.0,0.0,119.0,1.99,76.4,2.79,3.37,0.0,3.39,0.174,0.0,4704.0,3421.0,1316.0,31.0,0.0,1.0,0.0,1.0,3.0,0.9996,0.9996,0.9996,0.9996,0.9996,9.0,4.0,5.42,271.0,0.56,391.0,1,13,2091.51,180.0,0.0,0.0,0.0,0.0,0.0,0.0,0.0,946.0,14.0,Other,8.0,3.0,🏔️  Haute montagne,0
2025-05-28,2025,giro-d-italia,stage,17.0,VF Group - Bardiani CSF - Faizanè,0,2.UWT,,,0.0,,,,,,,0.0,400.0,0.0,0.0,0.0,17.0,155.21,151.0,2.87,0.0,0.216,0.0,59.0,4.04,87.7,3.14,0.904,0.0,0.906,0.436,0.0,3813.0,2826.0,1880.0,213.0,0.0,0.0,0.0,1.0,2.0,0.933,0.933,0.933,0.933,0.6858,0.1,-3.67,-2.14,327.0,1.4,975.0,1,12,1959.6400000000003,180.0,0.0,0.0,0.0,0.0,0.0,0.0,0.0,946.0,17.0,1.6 km solo,8.0,3.0,🏔️  Haute montagne,0
2025-05-29,2025,giro-d-italia,stage,18.0,VF Group - Bardiani CSF - Faizanè,0,2.UWT,,,0.0,,,,,,,80.0,400.0,0.0,0.0,0.0,18.0,144.32,135.0,8.63,0.272,0.0,0.0,128.0,12.0,1.8,2.18,1.16,0.0,1.16,0.0,0.0,1669.0,1688.0,730.0,191.0,1.0,1.0,2.0,0.0,0.0,0.6119,0.5366,0.5366,0.0,0.0,0.3,-0.1,-0.2,51.0,0.7,751.0,1,11,1792.8200000000002,180.0,0.0,0.0,0.0,0.0,0.0,0.0,0.0,946.0,26.0,17.6 km solo,14.0,2.0,⛰️  Moy. montagne,0
2025-05-30,2025,giro-d-italia,stage,19.0,VF Group - Bardiani CSF - Faizanè,0,2.UWT,,,0.0,,,,,,,0.0,400.0,0.0,0.0,0.0,19.0,165.62,164.0,1.31,0.464,0.0,0.0,127.0,0.857,38.0,0.0,0.52,0.0,0.312,0.0,0.0,4908.0,3715.0,1733.0,256.0,0.0,0.0,2.0,0.0,3.0,0.9718,0.9718,0.9718,0.9718,0.9718,1.0,-4.3,-2.96,482.0,-0.01,748.0,1,10,1617.61,180.0,0.0,0.0,0.0,0.0,0.0,0.0,0.0,946.0,24.0,28.3 km solo,8.0,3.0,🏔️  Haute montagne,0
2025-05-31,2025,giro-d-italia,stage,20.0,VF Group - Bardiani CSF - Faizanè,0,2.UWT,,,0.0,,,,,,,45.0,400.0,0.0,0.0,0.0,20.0,205.09,194.0,0.0,1.75,1.22,7.87,117.0,0.102,87.0,0.0,0.249,0.0,0.249,1.22,0.0,4399.0,2719.0,2172.0,239.0,1.0,1.0,1.0,0.0,2.0,0.9994,0.9994,0.9994,0.7894,0.7894,3.6,5.63,5.92,443.0,-0.03,368.0,1,9,1502.82,180.0,0.0,7.822,0.0,0.0,0.0,0.0,0.0,946.0,24.0,32.5 km solo,8.0,3.0,🏔️  Haute montagne,0
2025-06-01,2025,giro-d-italia,stage,21.0,VF Group - Bardiani CSF - Faizanè,0,2.UWT,,,0.0,,,,,,,30.0,400.0,0.0,0.0,0.0,21.0,144.61,111.0,11.5,19.0,0.0,0.0,61.1,11.9,43.5,9.3,3.31,0.0,7.03,13.0,6.21,1563.0,1575.0,67.0,0.0,0.0,0.0,0.0,0.0,0.0,0.0,0.0,0.0,0.0,0.0,1.0,-0.07,0.0,84.0,0.01,413.0,1,9,1502.82,180.0,10.876,0.0,4.305,0.0,2.266,0.0,0.0,946.0,27.0,Sprint of large group,0.0,1.0,🟢  Plat/Sprint,0
2025-06-02,2025,trofeo-alcide-degasperi,result,,VF Group - Bardiani CSF - Faizanè,1,1.2,DNF,,0.0,,,,,,,15.0,15.0,0.0,0.0,0.0,,157.98,142.0,0.279,1.38,1.99,0.697,131.0,4.7,7.13,1.05,10.4,0.0,12.8,4.71,0.0,2534.0,2289.0,630.0,211.0,5.0,0.0,6.0,0.0,0.0,0.9547,0.9547,0.9547,0.0,0.0,1.5,0.83,-2.02,234.0,0.77,736.0,0,8,1345.45,40.0,0.513,0.0,0.257,0.0,0.0,0.0,0.0,12.0,,Sprint of small group,30.0,2.0,⛰️  Moy. montagne,0
2025-06-04,2025,tour-of-slovenia,stage,1.0,VF Group - Bardiani CSF - Faizanè,0,2.Pro,,,0.0,,,,,,,0.0,70.0,70.0,0.0,0.0,1.0,170.45,163.0,7.44,0.0,0.0,0.0,125.0,3.9,9.24,20.3,0.277,0.0,0.731,7.49,0.0,1893.0,1611.0,659.0,-3.0,4.0,0.0,0.0,1.0,0.0,0.5733,0.4613,0.4613,0.4613,0.0,-0.2,0.0,-0.1,119.0,1.05,987.0,0,7,1251.09,20.0,0.0,0.0,0.0,0.0,0.0,0.0,0.0,143.0,25.0,Sprint of large group,31.0,2.0,⛰️  Moy. montagne,0
2025-06-05,2025,tour-of-slovenia,stage,2.0,VF Group - Bardiani CSF - Faizanè,0,2.Pro,,,0.0,,,,,,,0.0,70.0,70.0,0.0,0.0,2.0,163.07,137.0,25.7,0.233,0.135,0.0,110.0,6.78,34.1,9.5,0.185,0.0,0.339,0.294,0.135,2092.0,2259.0,718.0,199.0,3.0,0.0,1.0,0.0,0.0,0.908,0.4177,0.4177,0.0,0.0,0.7,0.1,-0.04,129.0,-0.31,377.0,0,7,1251.09,20.0,0.0,0.0,0.0,0.0,0.0,0.0,0.0,143.0,27.0,Sprint of small group,31.0,2.0,⛰️  Moy. montagne,0
2025-06-08,2025,brussels-cycling-classic,result,,VF Group - Bardiani CSF - Faizanè,1,1.Pro,FIN,100.0,0.0,,,,,,,5.0,5.0,0.0,0.0,0.0,,205.35,152.0,45.5,8.05,0.0,0.0,96.7,26.6,7.42,69.0,0.0,0.561,0.468,0.347,0.0,1963.0,2038.0,149.0,15.0,5.0,0.0,0.0,0.0,0.0,0.7802,0.0,0.0,0.0,0.0,1.2,-0.23,-0.2,171.0,-0.11,395.0,1,7,1251.09,200.0,2.382,0.0,2.195,0.0,0.0,0.0,0.0,356.0,15.0,Sprint of large group,6.0,1.0,🟢  Plat/Sprint,0
2025-06-09,2025,antwerp-port-epic,result,,VF Group - Bardiani CSF - Faizanè,1,1.1,DNF,,0.0,,,,,,,0.0,0.0,0.0,0.0,0.0,,181.97,87.1,32.2,23.3,25.2,2.09,56.8,11.0,2.42,31.9,11.7,0.247,12.6,23.1,4.13,467.8,465.0,13.0,-5.8,0.0,0.0,0.0,0.0,0.0,0.0,0.0,0.0,0.0,0.0,-0.0,-0.07,0.02,22.4,0.01,107.4,1,8,1456.44,125.0,0.0,0.0,0.0,0.0,0.0,0.0,0.0,290.0,18.0,Sprint à deux,7.0,1.0,🟢  Plat/Sprint,0
2025-06-13,2025,gp-du-canton-d-argovie,result,,VF Group - Bardiani CSF - Faizanè,1,1.1,DNF,,0.0,,,,,,,0.0,0.0,0.0,0.0,0.0,,175.48,131.0,41.6,0.0,3.85,0.0,130.0,0.61,8.61,10.6,0.0,0.0,13.2,12.2,0.709,2964.0,2964.0,600.0,316.0,0.0,7.0,0.0,0.0,0.0,0.932,0.932,0.0,0.0,0.0,2.4,0.67,-0.42,80.0,-0.04,642.0,1,9,1456.44,125.0,0.0,0.0,0.0,0.0,0.0,0.0,0.0,314.0,31.0,2.9 km solo,26.0,2.0,⛰️  Moy. montagne,0
2025-06-24,2025,giro-dell-appennino,result,,VF Group - Bardiani CSF - Faizanè,0,1.1,,,0.0,,,,,,,40.0,40.0,0.0,0.0,0.0,,203.08,197.0,3.12,0.0,0.246,0.0,102.0,1.29,70.6,27.8,1.5,0.324,2.74,0.0,0.0,3173.0,3352.0,728.0,0.0,1.0,1.0,3.0,1.0,0.0,0.8483,0.8483,0.8483,0.8483,0.0,2.6,0.97,0.62,74.0,0.23,507.0,0,5,760.27,125.0,0.0,0.0,0.0,0.0,0.0,0.0,0.0,98.0,26.0,? km solo,19.0,2.0,⛰️  Moy. montagne,0
2025-06-29,2025,nc-italy,result,,VF Group - Bardiani CSF - Faizanè,1,NC,DNF,,0.0,,,,,,,0.0,0.0,0.0,0.0,0.0,,130.45,92.1,36.8,0.0,0.0,0.0,109.0,9.96,9.76,0.163,1.07,0.0,1.16,0.0,0.0,1472.0,1471.0,461.0,204.0,5.0,1.0,0.0,0.0,0.0,0.6585,0.6585,0.0,0.0,0.0,0.0,-1.87,-0.12,90.0,0.0,498.0,1,4,538.81,100.0,0.0,0.0,0.0,0.0,0.0,0.0,0.0,232.0,,Sprint of small group,7.0,1.0,🟢  Plat/Sprint,0
2025-07-01,2025,trofeo-citta-di-brescia,result,,VF Group - Bardiani CSF - Faizanè,0,1.2,,,0.0,,,,,,,10.0,10.0,0.0,0.0,0.0,,122.71,113.0,0.837,7.49,0.468,0.0,67.9,51.0,0.0,0.0,0.0,0.0,0.0,2.22,0.468,1236.0,1240.0,199.0,139.0,0.0,0.0,0.0,0.0,0.0,0.0,0.0,0.0,0.0,0.0,4.4,1.87,0.54,233.0,-0.12,474.0,1,5,669.26,40.0,2.151,0.0,0.847,0.0,0.325,0.0,0.0,13.0,,-,7.0,1.0,🟢  Plat/Sprint,0
2025-07-06,2025,giro-del-medio-brenta,result,,VF Group - Bardiani CSF - Faizanè,0,1.2,,,0.0,,,,,,,40.0,40.0,0.0,0.0,0.0,,175.24,173.0,2.0,0.0,0.0,0.0,123.0,0.339,48.3,3.07,0.0,0.0,0.0,0.0,0.0,1843.0,782.0,1098.0,19.0,0.0,1.0,0.0,0.0,1.0,0.9737,0.9737,0.7563,0.7563,0.7563,1.6,-0.03,0.08,103.0,-0.02,56.0,0,4,511.28,40.0,0.0,0.0,0.0,0.0,0.0,0.0,0.0,12.0,,Sprint of small group,9.0,1.0,🟢  Plat/Sprint,0
2025-07-06,2025,tour-of-magnificent-qinghai,stage,1.0,VF Group - Bardiani CSF - Faizanè,1,2.Pro,FIN,145.0,0.0,105.0,0.0,,,,,0.0,111.0,83.0,0.0,0.0,1.0,120.6,121.0,0.0,0.0,0.0,0.0,63.8,0.0,56.8,0.0,0.0,0.0,0.0,0.0,0.0,498.0,497.0,2294.0,2254.0,0.0,0.0,0.0,0.0,0.0,0.0,0.0,0.0,0.0,0.0,-0.5,0.27,0.24,188.0,-0.02,205.0,0,4,511.28,20.0,0.0,0.0,0.0,0.0,0.0,0.0,0.0,124.0,23.0,Sprint of large group,11.0,1.0,🟢  Plat/Sprint,0
2025-07-07,2025,tour-of-magnificent-qinghai,stage,2.0,VF Group - Bardiani CSF - Faizanè,1,2.Pro,FIN,123.0,0.0,105.0,0.0,,,,,0.0,111.0,83.0,0.0,0.0,2.0,150.81,128.0,23.0,0.0,0.0,0.0,72.6,0.756,77.7,0.0,0.0,0.0,0.0,0.0,0.0,2255.0,2147.0,3380.0,2367.0,1.0,1.0,0.0,1.0,1.0,0.8476,0.8476,0.8476,0.8476,0.2862,-1.0,-0.97,-0.72,577.0,0.5,1017.0,0,5,631.88,20.0,0.0,0.0,0.0,0.0,0.0,0.0,0.0,124.0,21.0,Sprint à deux,17.0,3.0,🏔️  Haute montagne,0
2025-07-08,2025,tour-of-magnificent-qinghai,stage,3.0,VF Group - Bardiani CSF - Faizanè,1,2.Pro,FIN,46.0,0.0,105.0,0.0,,,,,3.0,111.0,83.0,0.0,0.0,3.0,219.36,220.0,0.0,0.0,0.0,0.0,66.2,0.0,153.0,0.0,0.0,0.0,0.0,0.0,0.0,2820.0,2421.0,3472.0,2366.0,0.0,1.0,0.0,0.0,2.0,0.9402,0.9402,0.7404,0.7404,0.7404,-1.9,-1.2,-1.08,210.0,0.36,996.0,0,6,782.69,20.0,0.0,0.0,0.0,0.0,0.0,0.0,0.0,124.0,14.0,Sprint of large group,9.0,3.0,🏔️  Haute montagne,0
2025-07-09,2025,tour-of-magnificent-qinghai,stage,4.0,VF Group - Bardiani CSF - Faizanè,1,2.Pro,FIN,20.0,0.0,105.0,0.0,,,,,10.0,111.0,83.0,0.0,0.0,4.0,172.68,172.0,0.0,0.0,0.0,0.0,6.96,0.0,165.0,0.0,0.896,0.0,0.0,0.0,0.0,1342.0,1506.0,3758.0,2706.0,2.0,0.0,0.0,0.0,1.0,0.7712,0.2603,0.2603,0.2603,0.2603,0.4,0.47,-0.24,157.0,1.08,602.0,0,6,796.6999999999999,20.0,0.0,0.0,0.0,0.0,0.0,0.0,0.0,124.0,16.0,Sprint of large group,9.6,3.0,🏔️  Haute montagne,0
2025-07-10,2025,tour-of-magnificent-qinghai,stage,5.0,VF Group - Bardiani CSF - Faizanè,1,2.Pro,FIN,128.0,0.0,105.0,0.0,,,,,0.0,111.0,83.0,0.0,0.0,5.0,168.61,164.0,0.496,0.0,0.0,0.0,61.4,0.0,104.0,0.0,3.84,0.0,1.02,0.0,0.0,2306.0,1736.0,3889.0,2722.0,1.0,1.0,1.0,0.0,1.0,0.9182,0.9182,0.7947,0.4403,0.4403,-0.1,-0.5,-1.42,0.0,1.84,1248.0,0,6,969.38,20.0,0.0,0.0,0.0,0.0,0.0,0.0,0.0,124.0,17.0,Sprint of large group,11.6,3.0,🏔️  Haute montagne,0
2025-07-11,2025,tour-of-magnificent-qinghai,stage,6.0,VF Group - Bardiani CSF - Faizanè,1,2.Pro,FIN,102.0,0.0,105.0,0.0,,,,,0.0,111.0,83.0,0.0,0.0,6.0,233.02,231.0,0.0,0.0,0.0,0.0,5.62,0.0,161.0,64.4,2.76,0.0,0.0,0.0,0.0,967.0,1383.0,3724.0,2877.0,1.0,0.0,1.0,0.0,0.0,0.8132,0.6155,0.6155,0.0,0.0,0.5,-1.0,-2.46,458.0,-0.2,68.0,0,7,1137.9899999999998,20.0,0.0,0.0,0.0,0.0,0.0,0.0,0.0,124.0,17.0,Sprint of 7 riders,11.0,2.0,⛰️  Moy. montagne,0
2025-07-12,2025,tour-of-magnificent-qinghai,stage,7.0,VF Group - Bardiani CSF - Faizanè,1,2.Pro,FIN,118.0,0.0,105.0,0.0,,,,,15.0,111.0,83.0,0.0,0.0,7.0,136.91,137.0,0.0,0.0,0.0,0.0,4.04,0.0,113.0,20.2,0.0,0.0,0.0,0.0,0.0,1284.0,1163.0,3724.0,2874.0,2.0,0.0,0.0,0.0,1.0,0.7543,0.4833,0.4833,0.4833,0.4833,-0.9,-0.7,-0.74,395.0,0.69,1006.0,0,8,1371.01,20.0,0.0,0.0,0.0,0.0,0.0,0.0,0.0,124.0,21.0,Sprint of large group,11.6,3.0,🏔️  Haute montagne,0
2025-07-13,2025,tour-of-magnificent-qinghai,stage,8.0,VF Group - Bardiani CSF - Faizanè,1,2.Pro,FIN,69.0,0.0,105.0,0.0,,,,,0.0,111.0,83.0,0.0,0.0,8.0,121.52,122.0,0.0,0.0,0.0,0.0,53.2,0.0,68.4,0.0,0.0,0.0,0.0,0.0,0.0,669.0,671.0,3453.0,2993.0,2.0,0.0,1.0,0.0,0.0,0.9958,0.2949,0.2949,0.0,0.0,0.3,0.4,0.44,291.0,0.28,400.0,0,9,1507.92,20.0,0.0,0.0,0.0,0.0,0.0,0.0,0.0,124.0,18.0,Sprint of large group,10.0,1.0,🟢  Plat/Sprint,0
2025-07-26,2025,tour-de-wallonie,stage,1.0,VF Group - Bardiani CSF - Faizanè,0,2.Pro,,,0.0,,,,,,,0.0,41.0,38.0,0.0,0.0,1.0,182.29,170.0,2.08,0.0,1.19,0.0,130.0,2.59,38.0,2.14,8.95,0.0,8.95,0.0,1.16,2541.0,2534.0,566.0,174.0,5.0,2.0,3.0,0.0,0.0,0.9996,0.9996,0.8596,0.0,0.0,4.5,4.13,3.28,242.0,-0.14,623.0,1,9,1453.96,20.0,0.0,0.0,0.0,0.0,0.0,0.0,0.0,203.0,22.0,Sprint of large group,8.0,2.0,⛰️  Moy. montagne,0
2025-07-27,2025,tour-de-wallonie,stage,2.0,VF Group - Bardiani CSF - Faizanè,0,2.Pro,,,0.0,,,,,,,0.0,41.0,38.0,0.0,0.0,2.0,154.69,141.0,13.8,0.0,0.0,0.0,116.0,10.9,17.5,10.2,0.0,0.0,0.0,0.0,0.0,1523.0,1483.0,296.0,70.0,2.0,2.0,0.0,0.0,0.0,0.8316,0.434,0.0,0.0,0.0,2.6,-0.17,0.56,187.0,0.03,426.0,1,9,1453.96,20.0,0.0,0.0,0.0,0.0,0.0,0.0,0.0,203.0,20.0,Sprint of 3 riders,10.0,1.0,🟢  Plat/Sprint,0
2025-07-28,2025,tour-de-wallonie,stage,3.0,VF Group - Bardiani CSF - Faizanè,0,2.Pro,,,0.0,,,,,,,0.0,41.0,38.0,0.0,0.0,3.0,165.61,137.0,28.6,0.123,0.23,0.0,108.0,5.86,31.5,17.9,0.0,0.0,0.0,0.0,0.23,767.0,836.0,183.0,13.0,2.0,0.0,0.0,0.0,0.0,0.2698,0.0,0.0,0.0,0.0,-0.3,0.0,0.02,64.0,0.11,378.0,1,9,1453.96,20.0,0.0,0.0,0.0,0.0,0.0,0.0,0.0,203.0,21.0,Sprint of large group,10.0,1.0,🟢  Plat/Sprint,0
2025-07-29,2025,tour-de-wallonie,stage,4.0,VF Group - Bardiani CSF - Faizanè,0,2.Pro,,,0.0,,,,,,,0.0,41.0,38.0,0.0,0.0,4.0,162.99,146.0,14.1,0.0,0.0,0.0,110.0,16.0,19.7,13.6,3.57,0.144,3.61,0.0,0.0,2500.0,2676.0,676.0,61.0,4.0,6.0,1.0,0.0,0.0,0.9538,0.8777,0.0935,0.0,0.0,-0.6,-2.97,-2.82,169.0,0.25,843.0,1,9,1453.96,20.0,0.0,0.0,0.0,0.0,0.0,0.0,0.0,203.0,19.0,Sprint of small group,8.0,2.0,⛰️  Moy. montagne,0
2025-07-30,2025,tour-de-wallonie,stage,5.0,VF Group - Bardiani CSF - Faizanè,0,2.Pro,,,0.0,,,,,,,3.0,41.0,38.0,0.0,0.0,5.0,183.79,162.0,21.5,0.0,0.0,0.0,157.0,6.3,9.76,5.29,0.0,0.0,0.0,5.46,0.0,3075.0,3052.0,448.0,189.0,6.0,7.0,0.0,0.0,0.0,0.9739,0.9739,0.0,0.0,0.0,4.7,1.33,-0.14,286.0,-0.1,808.0,1,8,1323.51,20.0,0.0,0.0,0.0,0.0,0.0,0.0,0.0,203.0,20.0,Sprint of small group,8.0,2.0,⛰️  Moy. montagne,0
2025-07-31,2025,tour-alsace,stage,2.0,VF Group - Bardiani CSF - Faizanè,0,2.2,,,0.0,,,,,,,0.0,0.0,0.0,0.0,0.0,2.0,168.07,165.0,2.59,0.0,0.0,0.0,125.0,2.37,5.01,36.0,0.0,0.0,0.0,0.0,0.0,379.0,375.0,182.0,163.0,0.0,0.0,0.0,0.0,0.0,0.0,0.0,0.0,0.0,0.0,0.3,0.13,0.08,47.0,0.0,115.0,0,8,1323.51,7.0,0.0,0.0,0.0,0.0,0.0,0.0,0.0,35.0,,-,8.0,1.0,🟢  Plat/Sprint,0
2025-08-01,2025,tour-alsace,stage,3.0,VF Group - Bardiani CSF - Faizanè,0,2.2,,,0.0,,,,,,,0.0,0.0,0.0,0.0,0.0,3.0,141.06,133.0,7.67,0.147,0.0,0.0,138.0,2.82,0.0,0.0,0.322,0.0,0.353,0.0,0.0,2318.0,1567.0,1033.0,213.0,2.0,0.0,2.0,0.0,1.0,0.9995,0.9995,0.9995,0.9995,0.9995,5.6,7.87,8.5,561.0,-0.08,318.0,0,8,1323.51,7.0,0.0,0.0,0.0,0.0,0.0,0.0,0.0,35.0,,? km solo,5.6,3.0,🏔️  Haute montagne,0
2025-08-02,2025,tour-alsace,stage,4.0,VF Group - Bardiani CSF - Faizanè,0,2.2,,,0.0,,,,,,,0.0,0.0,0.0,0.0,0.0,4.0,133.2,118.0,14.9,0.0,0.34,0.0,102.0,5.38,23.2,2.32,0.0,0.0,0.0,0.0,0.0,1402.0,1478.0,722.0,258.0,1.0,2.0,1.0,0.0,0.0,0.9471,0.7191,0.3348,0.0,0.0,2.7,0.7,0.46,167.0,0.09,799.0,0,8,1323.51,7.0,0.0,0.0,0.0,0.0,0.0,0.0,0.0,35.0,,-,8.6,2.0,⛰️  Moy. montagne,0
2025-08-03,2025,tour-alsace,stage,5.0,VF Group - Bardiani CSF - Faizanè,0,2.2,,,0.0,,,,,,,0.0,0.0,0.0,0.0,0.0,5.0,134.38,129.0,5.19,0.426,0.0,0.0,128.0,1.42,2.99,1.92,0.0,0.0,0.0,0.0,0.0,3357.0,2640.0,1101.0,194.0,1.0,2.0,3.0,0.0,1.0,0.9992,0.9992,0.9992,0.7234,0.7234,6.3,7.93,6.76,616.0,-0.13,1032.0,0,8,1323.51,7.0,0.0,0.0,0.0,0.0,0.0,0.0,0.0,35.0,,Sprint à deux,5.6,3.0,🏔️  Haute montagne,0
2025-08-17,2025,la-poly-normande,result,,VF Group - Bardiani CSF - Faizanè,0,1.1,,,0.0,,,,,,,8.0,8.0,0.0,0.0,0.0,,168.81,115.0,54.2,0.0,0.0,0.0,169.0,0.0,0.0,0.0,0.0,0.0,0.0,0.0,0.0,2159.0,2087.0,189.0,35.0,11.0,0.0,0.0,0.0,0.0,0.9331,0.0,0.0,0.0,0.0,2.9,1.33,0.38,140.0,0.12,672.0,1,0,0.0,125.0,0.0,0.0,0.0,0.0,0.0,0.0,0.0,109.0,26.0,8.9 km solo,0.6,2.0,⛰️  Moy. montagne,0
2025-08-19,2025,tour-du-limousin,stage,1.0,VF Group - Bardiani CSF - Faizanè,0,2.1,,,0.0,,,,,,,0.0,0.0,0.0,0.0,0.0,1.0,184.34,174.0,9.88,0.0,0.0,0.0,180.0,0.564,3.9,0.0,0.0,0.0,0.0,0.0,0.0,3127.0,2718.0,910.0,311.0,5.0,2.0,2.0,0.0,0.0,0.9533,0.8888,0.8888,0.0,0.0,-0.3,0.17,-0.34,196.0,0.32,845.0,1,0,0.0,14.0,0.0,0.0,0.0,0.0,0.0,0.0,0.0,116.0,19.0,Sprint à deux,2.2,2.0,⛰️  Moy. montagne,0
2025-08-20,2025,tour-du-limousin,stage,2.0,VF Group - Bardiani CSF - Faizanè,0,2.1,,,0.0,,,,,,,0.0,0.0,0.0,0.0,0.0,2.0,172.71,125.0,47.6,0.0,0.0,0.0,168.0,3.06,2.2,0.0,0.0,0.0,0.0,0.0,0.0,2827.0,2678.0,344.0,83.0,5.0,7.0,0.0,0.0,0.0,0.9995,0.9995,0.0,0.0,0.0,5.6,4.93,4.8,399.0,0.0,640.0,1,0,0.0,14.0,0.0,0.0,0.0,0.0,0.0,0.0,0.0,116.0,25.0,1.9 km solo,2.2,2.0,⛰️  Moy. montagne,0
2025-08-21,2025,tour-du-limousin,stage,3.0,VF Group - Bardiani CSF - Faizanè,0,2.1,,,0.0,,,,,,,0.0,0.0,0.0,0.0,0.0,3.0,181.9,162.0,19.7,0.0,0.0,0.0,172.0,1.54,8.58,0.195,0.0,0.0,0.0,0.0,0.0,3030.0,2932.0,532.0,169.0,7.0,2.0,1.0,0.0,0.0,0.9997,0.9997,0.9997,0.0,0.0,8.7,1.07,1.04,304.0,-0.11,768.0,1,0,0.0,14.0,0.0,0.0,0.0,0.0,0.0,0.0,0.0,116.0,18.0,Sprint of large group,2.2,2.0,⛰️  Moy. montagne,0
2025-08-22,2025,tour-du-limousin,stage,4.0,VF Group - Bardiani CSF - Faizanè,0,2.1,,,0.0,,,,,,,0.0,0.0,0.0,0.0,0.0,4.0,164.57,143.0,21.4,0.0,0.0,0.0,145.0,12.1,5.86,1.17,0.0,0.0,0.0,0.0,0.0,2407.0,2455.0,496.0,215.0,13.0,1.0,0.0,0.0,0.0,0.9487,0.2992,0.0,0.0,0.0,2.3,1.87,-0.48,214.0,0.04,672.0,1,0,0.0,14.0,0.0,0.0,0.0,0.0,0.0,0.0,0.0,116.0,22.0,Sprint of small group,1.6,2.0,⛰️  Moy. montagne,0
2025-08-26,2025,tour-du-poitou-charentes-et-de-la-vienne,stage,1.0,VF Group - Bardiani CSF - Faizanè,1,2.1,FIN,81.0,0.0,77.0,0.0,,,,,0.0,3.0,3.0,0.0,0.0,1.0,193.64,185.0,6.17,0.0,0.0,0.0,191.0,0.431,0.474,0.0,1.94,0.0,2.27,0.0,0.0,1456.0,1497.0,170.0,3.0,2.0,0.0,0.0,0.0,0.0,0.8042,0.0,0.0,0.0,0.0,0.0,-0.07,0.26,197.0,-0.11,270.0,0,0,0.0,14.0,0.0,0.0,0.0,0.0,0.0,0.0,0.0,81.0,25.0,Sprint of large group,0.0,1.0,🟢  Plat/Sprint,0
2025-08-27,2025,tour-du-poitou-charentes-et-de-la-vienne,stage,2.0,VF Group - Bardiani CSF - Faizanè,1,2.1,FIN,86.0,0.0,77.0,0.0,,,,,0.0,3.0,3.0,0.0,0.0,2.0,175.33,163.0,12.6,0.0,0.0,0.0,173.0,2.32,0.139,0.0,0.0,0.0,0.0,0.0,0.0,1731.0,1713.0,200.0,21.0,4.0,1.0,0.0,0.0,0.0,0.8683,0.6592,0.0,0.0,0.0,1.9,0.83,0.52,105.0,0.02,323.0,0,1,193.64,14.0,0.0,0.0,0.0,0.0,0.0,0.0,0.0,81.0,23.0,-,0.0,1.0,🟢  Plat/Sprint,0
2025-08-28,2025,tour-du-poitou-charentes-et-de-la-vienne,stage,3.0,VF Group - Bardiani CSF - Faizanè,1,2.1,FIN,68.0,0.0,77.0,0.0,,,,,0.0,3.0,3.0,0.0,0.0,3.0,27.49,27.5,0.0,0.0,0.0,0.0,27.4,0.0,0.0,0.0,0.0,0.0,0.0,0.0,0.0,202.0,148.0,136.0,60.0,0.0,0.0,0.0,0.0,0.0,0.0,0.0,0.0,0.0,0.0,-0.1,0.37,0.2,110.0,0.2,202.0,0,2,368.97,14.0,0.0,0.0,0.0,0.0,0.0,0.0,0.0,81.0,22.0,Time trial,0.0,1.0,🟢  Plat/Sprint,0
2025-08-29,2025,tour-du-poitou-charentes-et-de-la-vienne,stage,4.0,VF Group - Bardiani CSF - Faizanè,1,2.1,FIN,80.0,0.0,77.0,0.0,,,,,0.0,3.0,3.0,0.0,0.0,4.0,186.26,169.0,17.2,0.0,0.0,0.0,176.0,7.9,0.147,2.69,0.0,0.287,0.0,0.0,0.0,1391.0,1389.0,188.0,71.0,1.0,0.0,0.0,0.0,0.0,0.0742,0.0,0.0,0.0,0.0,3.7,1.4,0.9,121.0,0.1,535.0,0,3,396.46,14.0,0.0,0.0,0.0,0.0,0.0,0.0,0.0,81.0,19.0,Sprint of large group,0.0,1.0,🟢  Plat/Sprint,0
2025-08-31,2025,grand-prix-de-plouay,result,,VF Group - Bardiani CSF - Faizanè,0,1.2,,,0.0,,,,,,,5.0,5.0,0.0,0.0,0.0,,189.1,99.6,89.2,0.0,0.0,0.0,187.0,1.59,0.0,0.0,0.0,0.0,0.0,0.0,0.0,2320.0,2321.0,151.0,80.0,0.0,0.0,0.0,0.0,0.0,0.0,0.0,0.0,0.0,0.0,-2.2,-1.63,-0.34,68.0,0.11,646.0,0,4,582.72,40.0,0.0,0.0,0.0,0.0,0.0,0.0,0.0,16.0,,Sprint of small group,0.0,1.0,🟢  Plat/Sprint,0
2025-08-31,2025,bretagne-classic,result,,VF Group - Bardiani CSF - Faizanè,0,1.UWT,,,0.0,,,,,,,32.0,32.0,0.0,0.0,0.0,,262.06,202.0,59.1,0.0,0.0,0.0,238.0,7.28,14.5,1.43,0.569,0.0,0.569,0.0,0.0,3851.0,3877.0,302.0,29.0,6.0,6.0,0.0,0.0,0.0,0.9734,0.6559,0.0,0.0,0.0,-1.9,-1.5,-0.18,216.0,0.11,640.0,1,4,582.72,400.0,0.0,0.0,0.0,0.0,0.0,0.0,0.0,809.0,19.0,Sprint of large group,1.6,2.0,⛰️  Moy. montagne,0
2025-09-04,2025,giro-della-regione-friuli-venezia-giulia,stage,1.0,VF Group - Bardiani CSF - Faizanè,0,2.2,,,0.0,,,,,,,0.0,0.0,0.0,0.0,0.0,1.0,155.1,139.0,15.2,0.0,0.129,0.0,122.0,0.428,29.3,3.33,0.0,0.0,0.0,0.0,0.0,1018.0,947.0,314.0,-3.0,4.0,1.0,0.0,0.0,0.0,0.927,0.469,0.0,0.0,0.0,0.7,0.33,0.3,236.0,0.1,84.0,0,4,582.72,7.0,0.0,0.0,0.0,0.0,0.0,0.0,0.0,42.0,,Sprint of large group,1.0,1.0,🟢  Plat/Sprint,0
2025-09-05,2025,giro-della-regione-friuli-venezia-giulia,stage,2.0,VF Group - Bardiani CSF - Faizanè,0,2.2,,,0.0,,,,,,,0.0,0.0,0.0,0.0,0.0,2.0,166.15,160.0,5.98,0.0,0.0,0.0,137.0,0.678,25.6,2.76,0.0,0.0,0.0,0.0,0.0,212.0,214.0,17.0,-1.0,0.0,0.0,0.0,0.0,0.0,0.0,0.0,0.0,0.0,0.0,0.1,0.23,0.12,51.0,0.0,56.0,0,4,582.72,7.0,0.0,0.0,0.0,0.0,0.0,0.0,0.0,42.0,,-,1.0,1.0,🟢  Plat/Sprint,0
2025-09-07,2025,giro-della-regione-friuli-venezia-giulia,stage,4.0,VF Group - Bardiani CSF - Faizanè,0,2.2,,,0.0,,,,,,,0.0,0.0,0.0,0.0,0.0,4.0,151.08,143.0,6.61,0.263,0.193,0.0,111.0,3.79,26.4,9.69,0.0,0.0,0.673,0.0,0.0,1430.0,1187.0,482.0,-1.0,0.0,0.0,2.0,0.0,0.0,0.8807,0.8807,0.8807,0.0,0.0,6.5,1.57,0.5,416.0,0.16,144.0,0,4,582.72,7.0,0.0,0.0,0.0,0.0,0.0,0.0,0.0,42.0,,-,1.0,1.0,🟢  Plat/Sprint,0
2025-09-07,2025,gp-industria-artigianato,result,,VF Group - Bardiani CSF - Faizanè,0,1.Pro,,,0.0,,,,,,,40.0,40.0,0.0,0.0,0.0,,195.23,163.0,32.1,0.0,0.0,0.0,175.0,3.98,16.3,0.0,0.0,0.0,0.218,0.0,0.0,2369.0,2369.0,355.0,17.0,0.0,2.0,3.0,0.0,0.0,0.9502,0.9502,0.9502,0.0,0.0,1.2,-2.7,-4.74,103.0,-0.02,323.0,1,4,582.72,200.0,0.0,0.0,0.0,0.0,0.0,0.0,0.0,390.0,29.0,Sprint of small group,6.4,2.0,⛰️  Moy. montagne,0
2025-09-10,2025,giro-di-toscana,result,,VF Group - Bardiani CSF - Faizanè,0,1.1,,,0.0,,,,,,,63.0,63.0,0.0,0.0,0.0,,189.5,183.0,6.18,0.0,0.0,0.0,173.0,2.75,14.0,0.0,0.0,0.0,0.0,0.0,0.0,2448.0,2446.0,639.0,5.0,4.0,1.0,2.0,0.0,0.0,0.8493,0.8493,0.8493,0.0,0.0,0.3,0.07,-0.26,34.0,0.05,614.0,0,4,582.72,125.0,0.0,0.0,0.0,0.0,0.0,0.0,0.0,325.0,21.0,27 km solo,14.4,2.0,⛰️  Moy. montagne,0
2025-09-11,2025,gp-citta-di-peccioli,result,,VF Group - Bardiani CSF - Faizanè,0,1.Pro,,,0.0,,,,,,,8.0,8.0,0.0,0.0,0.0,,198.25,162.0,35.3,0.661,0.0,0.0,166.0,5.68,26.7,0.0,1.09,0.0,1.09,0.0,0.0,2810.0,2836.0,230.0,36.0,20.0,1.0,0.0,0.0,0.0,0.9512,0.0488,0.0,0.0,0.0,5.4,2.4,1.54,110.0,-0.18,702.0,1,4,582.72,200.0,0.135,0.0,0.0,0.0,0.0,0.0,0.0,363.0,24.0,0.3 km solo,27.0,2.0,⛰️  Moy. montagne,0
2025-09-13,2025,memorial-marco-pantani,result,,VF Group - Bardiani CSF - Faizanè,0,1.1,,,0.0,,,,,,,6.0,6.0,0.0,0.0,0.0,,194.92,178.0,15.9,0.0,0.0,0.0,183.0,10.6,0.129,0.0,1.35,0.0,1.35,0.0,0.0,2532.0,2531.0,358.0,-1.0,4.0,3.0,3.0,0.0,0.0,0.7981,0.7462,0.4048,0.0,0.0,0.0,-0.03,-0.04,45.0,0.63,842.0,1,4,582.72,125.0,0.0,0.0,0.0,0.0,0.0,0.0,0.0,300.0,25.0,3.6 km solo,28.6,2.0,⛰️  Moy. montagne,0
2025-09-14,2025,trofeo-matteotti,result,,VF Group - Bardiani CSF - Faizanè,0,1.1,,,0.0,,,,,,,35.0,35.0,0.0,0.0,0.0,,193.51,190.0,0.0,0.0,0.0,0.0,168.0,4.81,0.0,16.8,3.54,0.0,3.27,0.0,0.0,2841.0,2842.0,146.0,4.0,13.0,0.0,0.0,0.0,0.0,0.9532,0.0,0.0,0.0,0.0,0.3,-1.87,-2.28,11.0,0.18,767.0,1,4,582.72,125.0,0.0,0.0,0.0,0.0,0.0,0.0,0.0,249.0,26.0,Sprint of small group,29.8,2.0,⛰️  Moy. montagne,0
2025-09-20,2025,milano-rapallo,result,,VF Group - Bardiani CSF - Faizanè,0,1.2,,,0.0,,,,,,,33.0,33.0,0.0,0.0,0.0,,179.96,172.0,3.39,0.0,0.0,0.0,76.0,0.414,96.4,2.99,4.32,0.0,4.45,0.0,0.0,1618.0,1694.0,675.0,7.0,1.0,2.0,1.0,0.0,0.0,0.9289,0.9289,0.6374,0.0,0.0,-3.8,-4.9,-3.68,125.0,0.01,91.0,0,4,582.72,40.0,0.0,0.0,0.0,0.0,0.0,0.0,0.0,31.0,,Sprint of 4 riders,30.4,2.0,⛰️  Moy. montagne,0
2025-09-21,2025,giro-di-romagna,result,,VF Group - Bardiani CSF - Faizanè,0,1.1,,,0.0,,,,,,,46.0,46.0,0.0,0.0,0.0,,199.87,179.0,21.2,0.0,0.0,0.0,174.0,8.89,15.9,1.32,0.0,0.0,0.0,0.0,0.0,2389.0,2333.0,216.0,1.0,7.0,7.0,0.0,0.0,0.0,0.9617,0.9301,0.0,0.0,0.0,0.5,-0.27,0.08,364.0,-0.0,68.0,1,4,582.72,125.0,0.0,0.0,0.0,0.0,0.0,0.0,0.0,132.0,28.0,16 km solo,29.0,2.0,⛰️  Moy. montagne,0
2025-09-28,2025,tour-de-langkawi,stage,1.0,VF Group - Bardiani CSF - Faizanè,1,2.Pro,FIN,21.0,0.0,,,,,,,0.0,114.0,93.0,0.0,0.0,1.0,96.69,96.7,0.0,0.0,0.0,0.0,40.6,0.0,56.1,0.0,0.0,0.0,0.0,0.0,0.0,744.0,748.0,51.0,2.0,0.0,0.0,0.0,0.0,0.0,0.0,0.0,0.0,0.0,0.0,0.2,0.1,-0.22,136.0,0.04,308.0,0,1,186.26,20.0,0.0,0.0,0.0,0.0,0.0,0.0,0.0,99.0,25.0,Sprint of large group,1.0,1.0,🟢  Plat/Sprint,0
2025-09-29,2025,tour-de-langkawi,stage,2.0,VF Group - Bardiani CSF - Faizanè,1,2.Pro,FIN,124.0,0.0,,,,,,,10.0,114.0,93.0,0.0,0.0,2.0,166.47,166.0,0.0,0.0,0.0,0.0,81.0,0.0,85.0,0.0,0.0,0.0,0.0,0.0,0.0,722.0,802.0,95.0,2.0,0.0,0.0,0.0,0.0,0.0,0.0,0.0,0.0,0.0,0.0,-0.2,0.27,0.12,79.0,-0.17,192.0,0,1,96.69,20.0,0.0,0.0,0.0,0.0,0.0,0.0,0.0,99.0,27.0,Sprint of large group,1.0,1.0,🟢  Plat/Sprint,0
2025-09-30,2025,tour-of-croatia,stage,1.0,VF Group - Bardiani CSF - Faizanè,0,2.1,,,0.0,,,,,,,0.0,3.0,3.0,0.0,0.0,1.0,162.25,162.0,0.319,0.176,0.0,0.0,60.9,0.381,101.0,0.0,0.216,0.0,0.216,0.282,0.0,1684.0,1404.0,471.0,-2.0,3.0,0.0,1.0,0.0,0.0,0.8714,0.8714,0.8714,0.0,0.0,-0.9,-0.3,0.0,123.0,0.7,763.0,0,2,263.15999999999997,14.0,0.0,0.0,0.0,0.0,0.0,0.0,0.0,196.0,20.0,Sprint of large group,24.6,2.0,⛰️  Moy. montagne,0
2025-09-30,2025,tour-de-langkawi,stage,3.0,VF Group - Bardiani CSF - Faizanè,1,2.Pro,FIN,87.0,0.0,,,,,,,3.0,114.0,93.0,0.0,0.0,3.0,199.27,199.0,0.0,0.146,0.0,0.0,12.1,0.0,187.0,0.0,0.0,0.0,0.0,0.0,0.0,2538.0,2679.0,1049.0,3.0,1.0,0.0,1.0,0.0,1.0,0.4597,0.3683,0.3683,0.3683,0.3683,-0.5,-0.37,-0.24,44.0,0.68,1110.0,0,2,263.15999999999997,20.0,0.0,0.0,0.0,0.0,0.0,0.0,0.0,99.0,28.0,Sprint of large group,25.6,2.0,⛰️  Moy. montagne,0
2025-10-01,2025,tour-de-langkawi,stage,4.0,VF Group - Bardiani CSF - Faizanè,1,2.Pro,FIN,93.0,0.0,,,,,,,5.0,114.0,93.0,0.0,0.0,4.0,142.01,141.0,0.849,0.0,0.0,0.0,0.309,0.54,141.0,0.0,0.248,0.0,0.248,0.0,0.0,497.0,497.0,53.0,3.0,0.0,0.0,0.0,0.0,0.0,0.0,0.0,0.0,0.0,0.0,0.0,0.03,0.1,129.0,0.01,152.0,0,3,462.4299999999999,20.0,0.0,0.0,0.0,0.0,0.0,0.0,0.0,99.0,31.0,Sprint of large group,2.0,1.0,🟢  Plat/Sprint,0
2025-10-01,2025,tour-of-croatia,stage,2.0,VF Group - Bardiani CSF - Faizanè,0,2.1,,,0.0,,,,,,,0.0,3.0,3.0,0.0,0.0,2.0,51.01,48.4,2.7,0.0,0.0,0.0,0.0,0.0,48.4,2.7,0.0,0.0,0.0,0.0,0.0,448.0,299.0,160.0,3.0,2.0,0.0,0.0,0.0,0.0,0.9933,0.0,0.0,0.0,0.0,1.9,1.73,1.48,268.0,0.26,428.0,0,3,462.4299999999999,14.0,0.0,0.0,0.0,0.0,0.0,0.0,0.0,196.0,18.0,Sprint of large group,3.0,1.0,🟢  Plat/Sprint,0
2025-10-02,2025,tour-de-langkawi,stage,5.0,VF Group - Bardiani CSF - Faizanè,1,2.Pro,FIN,82.0,0.0,,,,,,,0.0,114.0,93.0,0.0,0.0,5.0,123.37,122.0,1.79,0.0,0.0,0.0,93.2,0.0,30.4,0.0,0.0,0.0,0.0,0.0,0.0,2212.0,1030.0,1229.0,42.0,2.0,0.0,0.0,0.0,1.0,0.998,0.998,0.998,0.998,0.998,3.8,4.0,4.74,339.0,0.04,384.0,0,4,604.4399999999999,20.0,0.0,0.0,0.0,0.0,0.0,0.0,0.0,99.0,30.0,3.2 km solo,5.0,3.0,🏔️  Haute montagne,0
2025-10-02,2025,tour-of-croatia,stage,3.0,VF Group - Bardiani CSF - Faizanè,0,2.1,,,0.0,,,,,,,0.0,3.0,3.0,0.0,0.0,3.0,150.19,144.0,0.116,0.0,0.0,0.0,38.6,0.794,104.0,0.0,6.25,0.0,2.8,0.346,0.137,1632.0,2188.0,838.0,3.0,2.0,2.0,1.0,0.0,0.0,0.8929,0.8929,0.3985,0.0,0.0,0.0,-1.05,-1.2,45.0,-0.27,284.0,0,4,604.4399999999999,14.0,0.0,0.0,0.0,0.0,0.0,0.0,0.0,196.0,12.0,Sprint of large group,23.4,2.0,⛰️  Moy. montagne,0
2025-10-03,2025,tour-de-langkawi,stage,6.0,VF Group - Bardiani CSF - Faizanè,1,2.Pro,FIN,65.0,0.0,,,,,,,0.0,114.0,93.0,0.0,0.0,6.0,123.71,122.0,1.56,0.0,0.0,0.0,0.804,0.901,122.0,0.0,0.413,0.0,0.0,0.0,0.0,503.0,500.0,60.0,1.0,0.0,0.0,0.0,0.0,0.0,0.0,0.0,0.0,0.0,0.0,0.3,-0.13,-0.04,125.0,0.0,145.0,0,5,727.81,20.0,0.0,0.0,0.0,0.0,0.0,0.0,0.0,99.0,26.0,Sprint of large group,3.0,1.0,🟢  Plat/Sprint,0
2025-10-03,2025,tour-of-croatia,stage,4.0,VF Group - Bardiani CSF - Faizanè,0,2.1,,,0.0,,,,,,,0.0,3.0,3.0,0.0,0.0,4.0,191.06,167.0,3.71,0.887,3.47,0.0,116.0,2.36,52.4,0.0,16.6,0.0,16.7,2.58,1.39,3653.0,3398.0,957.0,0.0,7.0,4.0,1.0,0.0,1.0,0.9995,0.9206,0.9206,0.6366,0.6366,7.6,2.73,1.16,299.0,0.11,765.0,0,5,727.81,14.0,0.891,0.0,0.438,0.0,0.438,0.0,0.0,196.0,13.0,23.5 km solo,3.0,3.0,🏔️  Haute montagne,0
2025-10-04,2025,tour-de-langkawi,stage,7.0,VF Group - Bardiani CSF - Faizanè,1,2.Pro,FIN,45.0,0.0,,,,,,,0.0,114.0,93.0,0.0,0.0,7.0,215.15,195.0,14.0,0.105,0.0,0.0,14.8,0.164,195.0,0.0,5.94,0.0,5.74,0.0,0.0,625.0,607.0,41.0,2.0,0.0,0.0,0.0,0.0,0.0,0.0,0.0,0.0,0.0,0.0,-0.3,0.13,-0.16,133.0,0.01,138.0,0,6,851.52,20.0,0.0,0.0,0.0,0.0,0.0,0.0,0.0,99.0,30.0,Sprint à deux,3.0,1.0,🟢  Plat/Sprint,0
2025-10-04,2025,tour-of-croatia,stage,5.0,VF Group - Bardiani CSF - Faizanè,0,2.1,,,0.0,,,,,,,0.0,3.0,3.0,0.0,0.0,5.0,150.53,147.0,2.93,0.0,0.0,0.0,98.1,8.83,41.6,1.16,0.0,0.0,0.269,0.482,0.0,1515.0,1494.0,581.0,105.0,1.0,1.0,1.0,0.0,0.0,0.8528,0.8528,0.8528,0.0,0.0,-0.2,-0.27,-0.72,72.0,0.02,300.0,0,6,851.52,14.0,0.0,0.0,0.0,0.0,0.0,0.0,0.0,196.0,15.0,Sprint of large group,3.0,1.0,🟢  Plat/Sprint,0
2025-10-04,2025,giro-dell-emilia,result,,VF Group - Bardiani CSF - Faizanè,0,1.Pro,,,0.0,,,,,,,3.0,3.0,0.0,0.0,0.0,,198.96,194.0,0.222,4.66,0.0,0.0,145.0,0.193,44.3,9.86,0.0,0.0,0.0,0.0,0.0,2885.0,2635.0,625.0,13.0,2.0,7.0,1.0,0.0,0.0,0.9993,0.9993,0.4613,0.0,0.0,9.3,6.07,1.74,403.0,0.0,81.0,0,6,851.52,200.0,4.595,0.0,2.375,0.0,0.902,0.0,0.0,609.0,18.0,Sprint à deux,16.4,2.0,⛰️  Moy. montagne,0
2025-10-05,2025,tour-de-langkawi,stage,8.0,VF Group - Bardiani CSF - Faizanè,1,2.Pro,DNS,,0.0,,,,,,,3.0,114.0,93.0,0.0,0.0,8.0,181.18,181.0,0.0,0.0,0.0,0.0,70.2,0.224,110.0,0.0,0.809,0.0,0.545,0.0,0.0,1793.0,1787.0,320.0,15.0,1.0,3.0,0.0,0.0,0.0,0.9062,0.9062,0.0,0.0,0.0,1.0,0.07,-0.04,106.0,-0.02,391.0,0,7,1066.67,20.0,0.0,0.0,0.0,0.0,0.0,0.0,0.0,99.0,31.0,Sprint à deux,4.2,2.0,⛰️  Moy. montagne,0
2025-10-05,2025,tour-of-croatia,stage,6.0,VF Group - Bardiani CSF - Faizanè,0,2.1,,,0.0,,,,,,,0.0,3.0,3.0,0.0,0.0,6.0,156.71,124.0,2.41,0.0,2.53,0.0,57.1,2.58,22.5,7.28,27.7,0.392,28.2,6.23,0.691,531.0,553.0,201.0,99.0,1.0,0.0,0.0,0.0,0.0,0.7162,0.0,0.0,0.0,0.0,0.1,0.13,0.02,54.0,-0.05,107.0,0,7,1066.67,14.0,0.0,0.0,0.0,0.0,0.0,0.0,0.0,196.0,9.0,Sprint of large group,1.0,1.0,🟢  Plat/Sprint,0
2025-10-05,2025,coppa-agostoni,result,,VF Group - Bardiani CSF - Faizanè,0,1.1,,,0.0,,,,,,,15.0,15.0,0.0,0.0,0.0,,168.39,137.0,30.7,0.325,0.0,0.0,163.0,3.05,0.267,1.56,0.0,0.0,0.0,0.15,0.0,3026.0,3039.0,536.0,190.0,5.0,4.0,4.0,0.0,0.0,0.9094,0.8282,0.7394,0.0,0.0,-0.5,-0.43,-0.44,8.0,0.35,933.0,1,7,1066.67,125.0,0.0,0.0,0.0,0.0,0.0,0.0,0.0,347.0,17.0,17.5 km solo,10.4,2.0,⛰️  Moy. montagne,0
2025-10-06,2025,coppa-bernocchi,result,,VF Group - Bardiani CSF - Faizanè,0,1.Pro,,,0.0,,,,,,,56.0,56.0,0.0,0.0,0.0,,193.06,178.0,13.0,0.174,0.0,0.0,170.0,10.9,8.65,0.756,1.88,0.253,1.88,0.0,0.0,1973.0,1972.0,392.0,175.0,0.0,8.0,0.0,0.0,0.0,0.8547,0.8547,0.0,0.0,0.0,0.8,0.13,-0.02,43.0,0.21,400.0,1,8,1247.85,200.0,0.0,0.0,0.0,0.0,0.0,0.0,0.0,344.0,20.0,Sprint of large group,4.2,2.0,⛰️  Moy. montagne,0
2025-10-07,2025,tre-valli-varesine,result,,VF Group - Bardiani CSF - Faizanè,0,1.Pro,,,0.0,,,,,,,8.0,8.0,0.0,0.0,0.0,,198.17,186.0,5.9,0.766,0.0,0.0,95.0,31.6,46.9,18.5,0.0,0.766,0.219,0.129,0.0,3377.0,3249.0,482.0,242.0,2.0,11.0,0.0,0.0,0.0,0.9958,0.9336,0.0,0.0,0.0,-0.2,2.83,2.46,148.0,0.24,763.0,0,8,1247.85,200.0,0.04,0.0,0.0,0.0,0.0,0.0,0.0,728.0,18.0,20 km solo,15.4,2.0,⛰️  Moy. montagne,0
2025-10-09,2025,tour-of-taihu-lake,stage,1.0,VF Group - Bardiani CSF - Faizanè,1,2.Pro,FIN,84.0,0.0,79.0,0.0,,,,,0.0,50.0,50.0,0.0,0.0,1.0,96.86,51.3,18.0,0.0,0.0,0.0,51.0,30.9,8.2,0.0,8.14,0.0,28.6,0.0,0.0,997.0,980.0,149.0,19.0,5.0,0.0,0.0,0.0,0.0,0.8521,0.0,0.0,0.0,0.0,0.5,0.07,0.16,226.0,0.03,558.0,0,8,1247.85,20.0,0.0,0.0,0.0,0.0,0.0,0.0,0.0,83.0,,Sprint of large group,0.0,1.0,🟢  Plat/Sprint,0
2025-10-09,2025,gran-piemonte,result,,VF Group - Bardiani CSF - Faizanè,0,1.Pro,,,0.0,,,,,,,18.0,18.0,0.0,0.0,0.0,,179.31,176.0,0.666,0.0,3.23,0.0,150.0,0.292,28.9,0.0,0.0,0.0,0.0,0.0,0.0,2762.0,2853.0,518.0,147.0,2.0,4.0,3.0,0.0,0.0,0.9045,0.9045,0.9045,0.0,0.0,0.9,0.3,-0.3,70.0,0.1,619.0,1,8,1247.85,200.0,0.0,0.0,0.0,0.0,0.0,0.0,0.0,546.0,19.0,17.6 km solo,17.0,2.0,⛰️  Moy. montagne,0
2025-10-10,2025,tour-of-taihu-lake,stage,2.0,VF Group - Bardiani CSF - Faizanè,1,2.Pro,FIN,67.0,0.0,79.0,0.0,,,,,0.0,50.0,50.0,0.0,0.0,2.0,123.71,33.8,90.1,0.0,0.0,0.0,119.0,1.23,4.0,0.0,0.0,0.0,0.0,0.0,0.0,165.0,166.0,6.0,-5.0,0.0,0.0,0.0,0.0,0.0,0.0,0.0,0.0,0.0,0.0,0.1,0.03,0.0,56.0,-0.0,71.0,0,9,1344.7099999999998,20.0,0.0,0.0,0.0,0.0,0.0,0.0,0.0,83.0,,Sprint of large group,0.0,1.0,🟢  Plat/Sprint,0
2025-10-11,2025,tour-of-taihu-lake,stage,3.0,VF Group - Bardiani CSF - Faizanè,1,2.Pro,FIN,64.0,0.0,79.0,0.0,,,,,0.0,50.0,50.0,0.0,0.0,3.0,79.37,52.5,17.1,0.0,0.0,0.0,42.0,0.333,27.3,0.0,9.64,0.0,9.64,0.0,0.0,310.0,299.0,24.0,8.0,0.0,0.0,0.0,0.0,0.0,0.0,0.0,0.0,0.0,0.0,-0.04,-0.07,-0.09,16.0,0.02,212.0,0,10,1468.4199999999998,20.0,0.0,0.0,0.0,0.0,0.0,0.0,0.0,83.0,,Sprint of large group,0.0,1.0,🟢  Plat/Sprint,0
2025-10-11,2025,il-lombardia,result,,VF Group - Bardiani CSF - Faizanè,0,1.UWT,,,0.0,,,,,,,0.0,0.0,0.0,0.0,0.0,,241.2,232.0,0.784,0.289,0.894,0.414,206.0,2.55,16.3,8.12,7.41,0.0,7.62,1.09,0.863,4802.0,4842.0,1261.0,198.0,3.0,0.0,2.0,2.0,1.0,0.9904,0.8687,0.8687,0.8687,0.7493,-3.3,-3.8,-0.48,121.0,-0.01,883.0,1,10,1468.4199999999998,800.0,0.0,0.0,0.0,0.0,0.0,0.0,0.0,1087.0,,33.7 km solo,20.0,2.0,⛰️  Moy. montagne,0
2025-10-12,2025,trofeo-baracchi,result,,VF Group - Bardiani CSF - Faizanè,0,1.1,,,0.0,,,,,,,26.0,26.0,0.0,0.0,0.0,,169.99,140.0,18.2,2.5,3.12,0.0,138.0,6.84,16.6,0.0,7.38,0.0,7.38,2.67,0.0,2542.0,1696.0,1132.0,221.0,1.0,3.0,0.0,0.0,1.0,0.9997,0.9997,0.9997,0.9997,0.9997,5.8,6.5,7.4,605.0,0.18,619.0,0,11,1547.79,125.0,0.855,0.58,0.298,0.0,0.222,0.0,0.0,192.0,19.0,0.25 km solo,3.0,3.0,🏔️  Haute montagne,0
2025-10-12,2025,tour-of-taihu-lake,stage,4.0,VF Group - Bardiani CSF - Faizanè,1,2.Pro,FIN,21.0,0.0,79.0,0.0,,,,,0.0,50.0,50.0,0.0,0.0,4.0,103.14,103.0,0.0,0.0,0.0,0.0,87.2,0.0,0.0,15.8,0.0,0.0,0.0,0.0,0.0,645.0,642.0,33.0,-2.0,0.0,0.0,0.0,0.0,0.0,0.0,0.0,0.0,0.0,0.0,0.3,0.07,0.06,120.0,0.0,314.0,0,11,1547.79,20.0,0.0,0.0,0.0,0.0,0.0,0.0,0.0,83.0,,Sprint of large group,0.0,1.0,🟢  Plat/Sprint,0
2025-10-15,2025,giro-del-veneto,result,,VF Group - Bardiani CSF - Faizanè,0,1.Pro,,,0.0,,,,,,,55.0,55.0,0.0,0.0,0.0,,160.56,155.0,0.801,5.34,0.0,0.0,144.0,4.22,10.2,1.72,0.0,0.0,0.16,0.609,0.833,1518.0,1488.0,278.0,18.0,0.0,5.0,0.0,0.0,0.0,0.9323,0.9323,0.0,0.0,0.0,-0.2,0.33,-1.12,165.0,-0.03,180.0,0,12,1650.93,200.0,3.345,0.0,1.115,0.0,0.0,0.0,0.0,372.0,20.0,10.7 km solo,17.0,2.0,⛰️  Moy. montagne,0
2025-10-19,2025,veneto-classic,result,,VF Group - Bardiani CSF - Faizanè,0,1.Pro,,,0.0,,,,,,,14.0,14.0,0.0,0.0,0.0,,180.22,166.0,10.3,1.7,1.34,0.0,149.0,10.2,15.2,0.706,1.31,0.0,1.31,2.92,1.52,2292.0,2196.0,284.0,28.0,5.0,5.0,0.0,0.0,0.0,0.9359,0.9359,0.0,0.0,0.0,1.5,-0.7,-0.06,158.0,0.14,172.0,1,12,1650.93,200.0,0.751,0.0,0.169,0.0,0.0,0.0,0.0,303.0,16.0,Sprint of small group,27.4,2.0,⛰️  Moy. montagne,0
