date,year,course,type,etape,equipe,selected,classification,statut,rang,pts_uci,rang_gc_final,pts_uci_gc_final,rang_kom_final,pts_uci_kom_final,rang_points_final,pts_uci_points_final,pts_uci_equipe_stage,pts_uci_equipe_total,pts_uci_gc,pts_uci_kom,pts_uci_points,stage_num,distance_gpx_km,asphalt_km,paved_km,cobblestones_km,unpaved_km,compacted_gravel_km,road_km,street_km,state_road_km,cycleway_km,off-grid_(unknown)_km,access_road_km,unknown_km,path_km,singletrack_km,denivele_pos,denivele_neg,altitude_max,altitude_min,n_cols_cat4,n_cols_cat3,n_cols_cat2,n_cols_cat1,n_cols_hc,loc_last_col_cat4,loc_last_col_cat3,loc_last_col_cat2,loc_last_col_cat1,loc_last_col_hc,gradient_last_1km,gradient_last_3km,gradient_last_5km,denivele_last_5km,gradient_first_50km,denivele_first_50km,leader_played,n_races_30d,km_30d,max_pts,cobblestones_last_50km,compacted_gravel_last_50km,cobblestones_last_20km,compacted_gravel_last_20km,cobblestones_last_10km,compacted_gravel_last_10km,pts_ratio,startlist_quality,avg_temperature,won_how,forme_equipe,stage_cluster,stage_cluster_label,is_team_leader
2018-01-21,2018,vuelta-ciclista-a-la-provincia-de-san-juan,stage,1.0,Caja Rural - Seguros RGA,0,2.1,,,0.0,,,,,,,0.0,5.0,5.0,0.0,0.0,1.0,146.95,130.0,12.0,0.0,2.73,0.0,78.4,0.764,65.2,0.0,2.95,0.0,2.95,0.0,0.0,179.0,193.0,627.0,555.0,0.0,0.0,0.0,0.0,0.0,0.0,0.0,0.0,0.0,0.0,0.2,0.47,0.34,74.0,-0.14,14.0,0,0,0.0,14.0,0.0,0.0,0.0,0.0,0.0,0.0,0.0,191.0,,Sprint of large group,,1.0,🟢  Plat/Sprint,0
2018-01-22,2018,vuelta-ciclista-a-la-provincia-de-san-juan,stage,2.0,Caja Rural - Seguros RGA,0,2.1,,,0.0,,,,,,,0.0,5.0,5.0,0.0,0.0,2.0,149.72,147.0,3.13,0.0,0.512,0.0,91.7,0.512,48.3,9.36,0.0,0.0,0.0,0.327,0.0,1087.0,1088.0,974.0,712.0,0.0,4.0,0.0,0.0,0.0,0.9812,0.9812,0.0,0.0,0.0,-0.3,1.33,2.16,223.0,-0.35,253.0,0,0,0.0,14.0,0.0,0.0,0.0,0.0,0.0,0.0,0.0,191.0,,-,0.0,1.0,🟢  Plat/Sprint,0
2018-01-23,2018,vuelta-ciclista-a-la-provincia-de-san-juan,stage,3.0,Caja Rural - Seguros RGA,0,2.1,,,0.0,,,,,,,0.0,5.0,5.0,0.0,0.0,3.0,14.95,1.7,0.168,0.0,0.0,0.0,1.69,0.0,0.0,0.0,13.4,0.0,13.7,0.464,0.0,35.0,48.0,663.0,620.0,0.0,0.0,0.0,0.0,0.0,0.0,0.0,0.0,0.0,0.0,0.3,0.0,0.02,35.0,-0.09,35.0,0,0,0.0,14.0,0.0,0.0,0.0,0.0,0.0,0.0,0.0,191.0,,Time trial,0.0,1.0,🟢  Plat/Sprint,0
2018-01-24,2018,vuelta-ciclista-a-la-provincia-de-san-juan,stage,4.0,Caja Rural - Seguros RGA,0,2.1,,,0.0,,,,,,,0.0,5.0,5.0,0.0,0.0,4.0,194.62,192.0,1.31,0.0,0.0,0.0,54.9,0.881,138.0,0.0,1.51,0.0,1.33,0.0,0.0,1125.0,1399.0,1508.0,776.0,1.0,0.0,0.0,1.0,0.0,0.5813,0.5813,0.5813,0.5813,0.0,-0.3,-0.47,-0.48,3.0,-0.48,167.0,0,0,0.0,14.0,0.0,0.0,0.0,0.0,0.0,0.0,0.0,191.0,,? km solo,0.0,1.0,🟢  Plat/Sprint,0
2018-01-25,2018,trofeo-ses-salines-felanitx,result,,Caja Rural - Seguros RGA,0,1.1,,,0.0,,,,,,,3.0,3.0,0.0,0.0,0.0,,177.51,166.0,11.1,0.0,0.0,0.0,132.0,5.95,18.5,21.0,0.0,0.0,0.0,0.0,0.0,1030.0,1022.0,177.0,0.0,1.0,1.0,0.0,0.0,0.0,0.6878,0.6878,0.0,0.0,0.0,0.4,0.2,0.68,81.0,0.03,366.0,1,0,0.0,125.0,0.0,0.0,0.0,0.0,0.0,0.0,0.0,233.0,,Sprint of large group,0.0,1.0,🟢  Plat/Sprint,0
2018-01-26,2018,deia-trophy,result,,Caja Rural - Seguros RGA,1,1.1,FIN,25.0,3.0,,,,,,,9.0,9.0,0.0,0.0,0.0,,140.19,140.0,0.0,0.0,0.0,0.0,127.0,0.347,5.34,7.49,0.0,0.0,0.0,0.0,0.0,2913.0,2769.0,882.0,9.0,1.0,1.0,3.0,0.0,1.0,0.9688,0.9688,0.7975,0.7975,0.7975,3.4,1.2,-0.9,218.0,0.14,944.0,1,0,0.0,125.0,0.0,0.0,0.0,0.0,0.0,0.0,0.024,237.0,,Sprint à deux,,2.0,⛰️  Moy. montagne,0
2018-01-26,2018,vuelta-ciclista-a-la-provincia-de-san-juan,stage,5.0,Caja Rural - Seguros RGA,0,2.1,,,0.0,,,,,,,0.0,5.0,5.0,0.0,0.0,5.0,169.35,124.0,45.5,0.0,0.0,0.0,125.0,0.0,44.4,0.0,0.0,0.0,0.0,0.0,0.0,2469.0,440.0,2623.0,586.0,1.0,1.0,0.0,0.0,1.0,0.9992,0.9992,0.9992,0.9992,0.9992,5.6,5.27,5.14,257.0,0.32,198.0,0,0,0.0,14.0,0.0,0.0,0.0,0.0,0.0,0.0,0.0,191.0,,-,,3.0,🏔️  Haute montagne,0
2018-01-27,2018,trofeo-pollenca-port-d-andratx,result,,Caja Rural - Seguros RGA,1,1.1,DNF,,0.0,,,,,,,3.0,3.0,0.0,0.0,0.0,,172.63,168.0,3.47,0.599,0.0,0.0,139.0,2.11,28.6,1.93,0.727,0.0,0.988,0.139,0.0,2614.0,2654.0,585.0,1.0,5.0,1.0,2.0,0.0,0.0,0.9795,0.725,0.5145,0.0,0.0,3.3,-0.1,0.28,176.0,0.81,744.0,0,1,140.19,125.0,0.368,0.0,0.368,0.0,0.0,0.0,0.0,240.0,,8 km solo,9.0,2.0,⛰️  Moy. montagne,0
2018-01-27,2018,vuelta-ciclista-a-la-provincia-de-san-juan,stage,6.0,Caja Rural - Seguros RGA,0,2.1,,,0.0,,,,,,,0.0,5.0,5.0,0.0,0.0,6.0,151.86,112.0,11.8,0.0,2.69,0.0,11.0,1.46,113.0,0.0,26.6,0.0,27.7,1.57,0.0,520.0,514.0,829.0,572.0,1.0,1.0,0.0,0.0,0.0,0.8745,0.3863,0.0,0.0,0.0,0.2,0.23,0.5,92.0,-0.12,56.0,0,1,140.19,14.0,0.0,0.0,0.0,0.0,0.0,0.0,0.0,191.0,,-,0.6,1.0,🟢  Plat/Sprint,0
2018-01-28,2018,trofeo-palma,result,,Caja Rural - Seguros RGA,1,1.1,FIN,71.0,0.0,,,,,,,3.0,3.0,0.0,0.0,0.0,,159.59,151.0,7.38,0.233,0.0,0.297,70.0,3.5,76.8,8.21,1.04,0.0,1.12,0.958,0.0,1134.0,1135.0,375.0,0.0,1.0,1.0,1.0,0.0,0.0,0.6983,0.6983,0.6983,0.0,0.0,0.5,0.07,0.02,93.0,0.12,365.0,1,2,312.82,125.0,0.0,0.0,0.0,0.0,0.0,0.0,0.0,215.0,,Sprint of large group,0.6,1.0,🟢  Plat/Sprint,0
2018-01-28,2018,vuelta-ciclista-a-la-provincia-de-san-juan,stage,7.0,Caja Rural - Seguros RGA,0,2.1,,,0.0,,,,,,,0.0,5.0,5.0,0.0,0.0,7.0,144.11,22.2,2.11,0.0,0.0,0.0,22.1,0.0,0.0,0.0,123.0,0.0,128.0,6.91,0.0,440.0,442.0,663.0,620.0,0.0,0.0,0.0,0.0,0.0,0.0,0.0,0.0,0.0,0.0,0.5,0.13,0.12,63.0,0.03,164.0,0,2,312.82,14.0,0.0,0.0,0.0,0.0,0.0,0.0,0.0,191.0,,-,1.2,1.0,🟢  Plat/Sprint,0
2018-01-31,2018,etoile-de-besseges,stage,1.0,Caja Rural - Seguros RGA,0,2.1,,,0.0,,,,,,,0.0,3.0,3.0,0.0,0.0,1.0,160.95,154.0,4.86,0.0,0.0,0.0,114.0,3.15,41.9,0.0,1.01,0.0,1.57,1.37,0.0,546.0,554.0,61.0,0.0,0.0,0.0,0.0,0.0,0.0,0.0,0.0,0.0,0.0,0.0,-1.5,-0.17,-0.22,60.0,-0.02,148.0,0,3,472.41,14.0,0.0,0.0,0.0,0.0,0.0,0.0,0.0,177.0,,Sprint of large group,1.2,1.0,🟢  Plat/Sprint,0
2018-01-31,2018,vuelta-a-la-comunidad-valenciana,stage,1.0,Caja Rural - Seguros RGA,1,2.1,FIN,116.0,0.0,72.0,0.0,,,,,0.0,0.0,0.0,0.0,0.0,1.0,191.24,175.0,4.78,0.329,1.15,0.0,75.6,0.721,90.8,12.1,10.9,0.0,9.28,1.84,0.0,2448.0,2447.0,789.0,0.0,2.0,1.0,0.0,1.0,0.0,0.7756,0.5271,0.5271,0.5271,0.0,0.1,-0.07,-0.04,30.0,0.38,706.0,1,3,472.41,14.0,0.0,0.0,0.0,0.0,0.0,0.0,0.0,621.0,,Sprint of large group,6.0,2.0,⛰️  Moy. montagne,0
2018-02-01,2018,etoile-de-besseges,stage,2.0,Caja Rural - Seguros RGA,0,2.1,,,0.0,,,,,,,0.0,3.0,3.0,0.0,0.0,2.0,151.08,130.0,19.1,0.0,0.0,0.0,119.0,5.22,21.3,3.37,2.33,0.0,2.5,0.0,0.0,913.0,892.0,199.0,2.0,2.0,0.0,0.0,0.0,0.0,0.2469,0.0,0.0,0.0,0.0,-0.4,0.27,0.7,69.0,-0.04,365.0,0,4,663.65,14.0,0.0,0.0,0.0,0.0,0.0,0.0,0.0,177.0,,Sprint of large group,1.2,1.0,🟢  Plat/Sprint,0
2018-02-01,2018,vuelta-a-la-comunidad-valenciana,stage,2.0,Caja Rural - Seguros RGA,1,2.1,FIN,64.0,0.0,72.0,0.0,,,,,0.0,0.0,0.0,0.0,0.0,2.0,153.71,144.0,8.57,0.337,0.833,0.0,111.0,0.822,34.4,6.56,0.0,0.0,0.0,0.833,0.0,2363.0,2454.0,713.0,7.0,1.0,1.0,3.0,0.0,0.0,0.8413,0.8413,0.8413,0.0,0.0,-0.5,-0.43,-0.38,5.0,0.59,837.0,1,4,663.65,14.0,0.0,0.0,0.0,0.0,0.0,0.0,0.0,621.0,,Sprint of small group,4.0,2.0,⛰️  Moy. montagne,0
2018-02-02,2018,etoile-de-besseges,stage,3.0,Caja Rural - Seguros RGA,0,2.1,,,0.0,,,,,,,0.0,3.0,3.0,0.0,0.0,3.0,152.35,144.0,1.47,0.0,0.0,0.0,120.0,2.7,22.9,0.0,7.28,0.0,7.28,0.0,0.0,2059.0,2056.0,413.0,141.0,5.0,4.0,0.0,0.0,0.0,0.8461,0.8461,0.0,0.0,0.0,0.4,0.0,0.02,69.0,0.4,857.0,0,5,817.36,14.0,0.0,0.0,0.0,0.0,0.0,0.0,0.0,177.0,,Sprint of large group,3.0,2.0,⛰️  Moy. montagne,0
2018-02-03,2018,etoile-de-besseges,stage,4.0,Caja Rural - Seguros RGA,0,2.1,,,0.0,,,,,,,0.0,3.0,3.0,0.0,0.0,4.0,151.34,138.0,13.0,0.0,0.0,0.0,112.0,12.2,25.8,0.463,0.889,0.0,0.931,0.28,0.0,1254.0,1213.0,263.0,30.0,3.0,2.0,0.0,0.0,0.0,0.9013,0.4844,0.0,0.0,0.0,4.2,1.83,1.18,78.0,-0.03,438.0,0,5,817.36,14.0,0.0,0.0,0.0,0.0,0.0,0.0,0.0,177.0,,Sprint of large group,0.6,1.0,🟢  Plat/Sprint,0
2018-02-03,2018,vuelta-a-la-comunidad-valenciana,stage,4.0,Caja Rural - Seguros RGA,1,2.1,FIN,72.0,0.0,72.0,0.0,,,,,0.0,0.0,0.0,0.0,0.0,4.0,183.96,179.0,4.48,0.0,0.0,0.0,126.0,3.18,54.3,0.0,0.753,0.0,0.753,0.0,0.0,4084.0,3295.0,1020.0,11.0,2.0,4.0,1.0,0.0,1.0,0.9998,0.9998,0.9998,0.5392,0.5392,12.6,10.13,7.72,420.0,0.49,558.0,1,5,817.36,14.0,0.0,0.0,0.0,0.0,0.0,0.0,0.0,621.0,,0.3 km solo,0.0,3.0,🏔️  Haute montagne,0
2018-02-04,2018,etoile-de-besseges,stage,5.0,Caja Rural - Seguros RGA,0,2.1,,,0.0,,,,,,,0.0,3.0,3.0,0.0,0.0,5.0,11.97,11.9,0.111,0.0,0.0,0.0,3.65,0.264,7.91,0.148,0.0,0.0,0.0,0.0,0.0,174.0,13.0,290.0,129.0,0.0,1.0,0.0,0.0,0.0,0.9979,0.9979,0.0,0.0,0.0,7.3,5.33,3.14,161.0,1.34,174.0,0,6,1001.32,14.0,0.0,0.0,0.0,0.0,0.0,0.0,0.0,177.0,,-,0.6,1.0,🟢  Plat/Sprint,0
2018-02-04,2018,vuelta-a-la-comunidad-valenciana,stage,5.0,Caja Rural - Seguros RGA,1,2.1,FIN,124.0,0.0,72.0,0.0,,,,,0.0,0.0,0.0,0.0,0.0,5.0,135.04,128.0,1.0,0.0,0.616,0.0,92.5,1.25,16.6,18.8,5.04,0.0,4.51,0.625,0.0,1537.0,1565.0,496.0,8.0,1.0,0.0,1.0,0.0,0.0,0.7544,0.7544,0.7544,0.0,0.0,-0.3,-0.27,-0.24,44.0,0.23,474.0,1,6,1001.32,14.0,0.0,0.0,0.0,0.0,0.0,0.0,0.0,621.0,,-,0.0,1.0,🟢  Plat/Sprint,0
2018-02-10,2018,vuelta-ciclista-a-la-region-de-murcia,result,,Caja Rural - Seguros RGA,0,1.1,,,0.0,,,,,,,0.0,0.0,0.0,0.0,0.0,,206.91,204.0,1.24,0.466,0.0,0.0,93.9,8.95,102.0,1.39,0.205,0.0,1.63,0.206,0.0,2784.0,2771.0,1199.0,27.0,3.0,1.0,1.0,0.0,1.0,0.8584,0.8066,0.6501,0.6501,0.6501,0.0,0.0,-0.14,7.0,0.25,450.0,0,7,1136.36,125.0,0.0,0.0,0.0,0.0,0.0,0.0,0.0,348.0,,0.8 km solo,2.4,2.0,⛰️  Moy. montagne,0
2018-02-11,2018,clasica-de-almeria,result,,Caja Rural - Seguros RGA,1,1.HC,FIN,124.0,0.0,,,,,,,20.0,20.0,0.0,0.0,0.0,,191.28,183.0,0.4,0.0,0.001,0.0,123.0,0.365,61.1,0.0,6.95,0.0,6.95,0.0,0.0,1839.0,1889.0,805.0,1.0,0.0,1.0,0.0,1.0,0.0,0.4625,0.4625,0.4625,0.4625,0.0,0.2,-0.1,-0.02,13.0,1.07,727.0,0,7,1136.36,200.0,0.0,0.0,0.0,0.0,0.0,0.0,0.0,316.0,,Sprint of large group,0.6,2.0,⛰️  Moy. montagne,0
2018-02-13,2018,tour-of-oman,stage,1.0,Caja Rural - Seguros RGA,0,2.HC,,,0.0,,,,,,,0.0,8.0,8.0,0.0,0.0,1.0,164.25,148.0,0.144,0.0,0.0,0.0,44.3,0.8,103.0,0.554,15.5,0.0,16.2,0.169,0.0,841.0,1290.0,770.0,46.0,1.0,1.0,0.0,0.0,0.0,0.4605,0.4605,0.0,0.0,0.0,0.0,-0.3,-0.6,63.0,0.21,360.0,1,8,1327.64,20.0,0.0,0.0,0.0,0.0,0.0,0.0,0.0,431.0,,Sprint of small group,0.0,1.0,🟢  Plat/Sprint,0
2018-02-14,2018,volta-ao-algarve,stage,1.0,Caja Rural - Seguros RGA,0,2.HC,,,0.0,,,,,,,0.0,11.0,11.0,0.0,0.0,1.0,191.45,180.0,10.6,0.217,0.0,0.0,108.0,0.0,83.0,0.0,0.238,0.0,0.324,0.192,0.0,1961.0,2003.0,348.0,2.0,6.0,0.0,1.0,0.0,0.0,0.9032,0.5749,0.5749,0.0,0.0,0.0,-0.4,-0.14,42.0,0.15,512.0,0,8,1327.64,20.0,0.0,0.0,0.0,0.0,0.0,0.0,0.0,580.0,,Sprint of large group,4.0,2.0,⛰️  Moy. montagne,0
2018-02-14,2018,tour-of-oman,stage,2.0,Caja Rural - Seguros RGA,0,2.HC,,,0.0,,,,,,,0.0,8.0,8.0,0.0,0.0,2.0,169.87,142.0,15.2,0.0,0.0,0.0,59.8,0.788,97.8,0.0,12.1,0.0,13.0,0.154,0.0,1955.0,2001.0,397.0,6.0,2.0,3.0,1.0,0.0,0.0,0.972,0.972,0.673,0.0,0.0,-0.2,-4.3,-2.6,345.0,0.18,193.0,1,8,1327.64,20.0,0.0,0.0,0.0,0.0,0.0,0.0,0.0,431.0,,Sprint of small group,4.0,2.0,⛰️  Moy. montagne,0
2018-02-14,2018,ruta-del-sol,stage,1.0,Caja Rural - Seguros RGA,1,2.HC,FIN,60.0,0.0,23.0,5.0,,,,,0.0,15.0,10.0,0.0,0.0,1.0,197.42,163.0,4.9,0.759,1.91,0.0,120.0,8.29,39.7,0.358,28.2,0.0,28.5,1.99,0.214,4657.0,4006.0,1145.0,0.0,2.0,2.0,2.0,0.0,1.0,0.9176,0.8348,0.8348,0.6619,0.6619,-1.3,-0.91,-0.08,321.0,0.34,1464.0,0,8,1327.64,20.0,0.0,0.051,0.0,0.051,0.0,0.051,0.0,401.0,,Sprint à deux,4.0,2.0,⛰️  Moy. montagne,0
2018-02-15,2018,ruta-del-sol,stage,2.0,Caja Rural - Seguros RGA,1,2.HC,FIN,26.0,0.0,23.0,5.0,,,,,0.0,15.0,10.0,0.0,0.0,2.0,139.85,131.0,6.67,0.676,0.0,0.0,90.0,4.16,44.1,0.0,2.95,0.0,2.98,0.0,0.0,2825.0,2601.0,1193.0,394.0,4.0,0.0,1.0,0.0,0.0,0.9969,0.9969,0.9969,0.0,0.0,11.0,12.67,8.98,449.0,0.11,513.0,0,9,1525.0600000000002,20.0,0.0,0.0,0.0,0.0,0.0,0.0,0.0,401.0,,0.3 km solo,0.0,3.0,🏔️  Haute montagne,0
2018-02-15,2018,tour-of-oman,stage,3.0,Caja Rural - Seguros RGA,0,2.HC,,,0.0,,,,,,,0.0,8.0,8.0,0.0,0.0,3.0,180.17,160.0,0.887,0.0,0.246,0.0,75.8,2.27,84.1,0.0,18.0,0.0,19.4,0.246,0.0,1792.0,1640.0,397.0,1.0,2.0,2.0,1.0,0.0,0.0,0.9782,0.9782,0.3162,0.0,0.0,6.4,0.47,0.88,402.0,0.06,287.0,1,9,1525.0600000000002,20.0,0.0,0.0,0.0,0.0,0.0,0.0,0.0,431.0,,0.6 km solo,4.0,2.0,⛰️  Moy. montagne,0
2018-02-15,2018,volta-ao-algarve,stage,2.0,Caja Rural - Seguros RGA,0,2.HC,,,0.0,,,,,,,0.0,11.0,11.0,0.0,0.0,2.0,187.04,185.0,0.786,0.612,0.0,0.0,45.0,0.626,139.0,1.73,0.379,0.0,0.583,0.119,0.0,3292.0,2433.0,886.0,0.0,4.0,3.0,1.0,0.0,1.0,0.9998,0.9998,0.9998,0.9998,0.9998,6.5,6.1,5.96,363.0,0.37,624.0,0,9,1525.0600000000002,20.0,0.0,0.0,0.0,0.0,0.0,0.0,0.0,580.0,,Sprint of small group,0.0,3.0,🏔️  Haute montagne,0
2018-02-16,2018,tour-of-oman,stage,4.0,Caja Rural - Seguros RGA,0,2.HC,,,0.0,,,,,,,0.0,8.0,8.0,0.0,0.0,4.0,116.81,113.0,0.189,0.0,0.0,0.0,30.6,3.72,80.5,0.0,2.39,0.0,4.13,0.0,0.0,2611.0,2639.0,397.0,5.0,3.0,3.0,2.0,0.0,0.0,0.8707,0.8707,0.7664,0.0,0.0,0.6,0.13,-0.16,137.0,-0.01,1001.0,1,10,1664.91,20.0,0.0,0.0,0.0,0.0,0.0,0.0,0.0,431.0,,Sprint of small group,1.0,2.0,⛰️  Moy. montagne,0
2018-02-16,2018,ruta-del-sol,stage,3.0,Caja Rural - Seguros RGA,1,2.HC,FIN,68.0,0.0,23.0,5.0,,,,,5.0,15.0,10.0,0.0,0.0,3.0,165.68,134.0,3.8,0.0,5.6,2.41,46.8,0.414,82.9,2.83,18.9,0.0,18.9,13.2,0.0,2963.0,3430.0,799.0,170.0,8.0,0.0,2.0,0.0,0.0,0.9864,0.7209,0.7209,0.0,0.0,0.1,-0.57,0.16,415.0,-0.18,966.0,0,10,1664.91,20.0,0.0,0.0,0.0,0.0,0.0,0.0,0.0,401.0,,Sprint of large group,4.0,2.0,⛰️  Moy. montagne,0
2018-02-16,2018,volta-ao-algarve,stage,3.0,Caja Rural - Seguros RGA,0,2.HC,,,0.0,,,,,,,0.0,11.0,11.0,0.0,0.0,3.0,20.13,17.3,1.85,0.278,0.0,0.0,19.0,0.33,0.0,0.0,0.662,0.0,0.662,0.0,0.0,201.0,203.0,89.0,8.0,1.0,0.0,0.0,0.0,0.0,0.8134,0.0,0.0,0.0,0.0,-0.7,-1.47,-1.02,6.0,-0.01,201.0,0,10,1664.91,20.0,0.0,0.0,0.0,0.0,0.0,0.0,0.0,580.0,,Time trial,0.0,1.0,🟢  Plat/Sprint,0
2018-02-17,2018,tour-of-oman,stage,5.0,Caja Rural - Seguros RGA,0,2.HC,,,0.0,,,,,,,0.0,8.0,8.0,0.0,0.0,5.0,153.89,151.0,0.0,0.0,0.0,0.0,103.0,0.0,47.1,0.619,3.02,0.0,2.02,0.0,0.0,1927.0,1126.0,1212.0,411.0,1.0,2.0,0.0,0.0,1.0,0.9994,0.9994,0.9994,0.9994,0.9994,12.8,10.6,9.74,651.0,0.68,622.0,1,11,1830.59,20.0,0.0,0.0,0.0,0.0,0.0,0.0,0.0,431.0,,Sprint à deux,0.0,3.0,🏔️  Haute montagne,0
2018-02-17,2018,volta-ao-algarve,stage,4.0,Caja Rural - Seguros RGA,0,2.HC,,,0.0,,,,,,,0.0,11.0,11.0,0.0,0.0,4.0,199.31,186.0,12.5,0.176,0.0,0.0,99.8,0.628,97.6,0.425,0.77,0.0,0.217,0.0,0.0,1875.0,2149.0,388.0,2.0,5.0,1.0,0.0,0.0,0.0,0.878,0.336,0.0,0.0,0.0,-0.1,0.0,-0.48,21.0,-0.15,403.0,0,11,1830.59,20.0,0.0,0.0,0.0,0.0,0.0,0.0,0.0,580.0,,Sprint of large group,1.0,2.0,⛰️  Moy. montagne,0
2018-02-17,2018,ruta-del-sol,stage,4.0,Caja Rural - Seguros RGA,1,2.HC,FIN,26.0,0.0,23.0,5.0,,,,,0.0,15.0,10.0,0.0,0.0,4.0,190.96,180.0,3.46,0.0,2.0,0.0,119.0,1.26,61.6,0.269,5.8,0.0,5.8,3.32,0.0,2955.0,2759.0,1182.0,14.0,4.0,1.0,0.0,0.0,1.0,0.9998,0.9065,0.4774,0.4774,0.4774,10.0,4.53,2.36,191.0,0.28,348.0,0,11,1830.59,20.0,0.0,0.0,0.0,0.0,0.0,0.0,0.0,401.0,,0.65 km solo,0.0,3.0,🏔️  Haute montagne,0
2018-02-18,2018,tour-of-oman,stage,6.0,Caja Rural - Seguros RGA,0,2.HC,,,0.0,,,,,,,0.0,8.0,8.0,0.0,0.0,6.0,134.82,89.4,12.7,0.0,0.0,0.0,44.1,0.479,57.3,0.0,33.1,0.2,33.1,0.0,0.0,1396.0,1389.0,226.0,0.0,1.0,2.0,0.0,0.0,0.0,0.5724,0.5724,0.0,0.0,0.0,-0.2,-1.13,0.02,84.0,0.21,290.0,1,12,2021.55,20.0,0.0,0.0,0.0,0.0,0.0,0.0,0.0,431.0,,-,0.0,1.0,🟢  Plat/Sprint,0
2018-02-18,2018,volta-ao-algarve,stage,5.0,Caja Rural - Seguros RGA,0,2.HC,,,0.0,,,,,,,0.0,11.0,11.0,0.0,0.0,5.0,175.12,175.0,0.0,0.0,0.0,0.0,120.0,0.0,52.3,2.19,0.1,0.0,0.1,0.0,0.0,2804.0,2319.0,532.0,6.0,4.0,4.0,2.0,0.0,0.0,0.9998,0.9998,0.8614,0.0,0.0,7.8,7.77,4.38,289.0,-0.03,386.0,0,12,2021.55,20.0,0.0,0.0,0.0,0.0,0.0,0.0,0.0,580.0,,-,0.0,3.0,🏔️  Haute montagne,0
2018-02-18,2018,ruta-del-sol,stage,5.0,Caja Rural - Seguros RGA,1,2.HC,FIN,68.0,0.0,23.0,5.0,,,,,0.0,15.0,10.0,0.0,0.0,5.0,14.0,8.56,2.02,0.0,2.88,0.561,13.8,0.0,0.0,0.0,0.0,0.0,0.0,0.172,0.0,206.0,221.0,142.0,2.0,1.0,0.0,0.0,0.0,0.0,0.6151,0.0,0.0,0.0,0.0,0.1,-2.8,-2.4,206.0,-0.11,206.0,0,12,2021.55,20.0,0.0,0.0,0.0,0.0,0.0,0.0,0.0,401.0,,-,0.0,1.0,🟢  Plat/Sprint,0
2018-03-11,2018,trofeu-da-arrabida,result,,Caja Rural - Seguros RGA,0,1.2,,,0.0,,,,,,,13.0,13.0,0.0,0.0,0.0,,169.58,153.0,11.3,0.0,3.32,0.849,47.6,23.2,95.7,0.0,1.1,0.0,1.12,1.61,0.212,1515.0,1671.0,251.0,0.0,1.0,3.0,0.0,0.0,0.0,0.8762,0.8762,0.0,0.0,0.0,-2.3,-0.4,-0.16,62.0,-0.27,389.0,0,6,899.19,40.0,0.0,0.0,0.0,0.0,0.0,0.0,0.0,32.0,,-,0.0,1.0,🟢  Plat/Sprint,0
2018-03-14,2018,volta-ao-alentejo,stage,1.0,Caja Rural - Seguros RGA,0,2.2,,,0.0,,,,,,,0.0,23.0,20.0,0.0,0.0,1.0,173.37,168.0,3.73,0.67,0.494,0.0,47.9,2.0,122.0,0.0,0.736,0.0,0.736,0.494,0.0,1515.0,1453.0,365.0,75.0,4.0,1.0,0.0,0.0,0.0,0.9996,0.199,0.0,0.0,0.0,1.1,1.4,0.48,141.0,0.15,533.0,0,5,707.91,7.0,0.0,0.0,0.0,0.0,0.0,0.0,0.0,31.0,,-,2.6,1.0,🟢  Plat/Sprint,0
2018-03-15,2018,volta-ao-alentejo,stage,2.0,Caja Rural - Seguros RGA,0,2.2,,,0.0,,,,,,,0.0,23.0,20.0,0.0,0.0,2.0,205.72,185.0,18.3,0.0,1.94,0.0,20.8,0.0,182.0,0.794,0.0,0.0,0.0,2.0,0.0,1720.0,1883.0,269.0,3.0,3.0,2.0,0.0,0.0,0.0,0.7321,0.7321,0.0,0.0,0.0,0.1,1.17,0.72,55.0,-0.19,331.0,0,5,707.91,7.0,0.0,0.0,0.0,0.0,0.0,0.0,0.0,31.0,,-,1.0,2.0,⛰️  Moy. montagne,0
2018-03-16,2018,volta-ao-alentejo,stage,3.0,Caja Rural - Seguros RGA,0,2.2,,,0.0,,,,,,,0.0,23.0,20.0,0.0,0.0,3.0,149.56,148.0,0.555,0.123,0.0,0.0,32.4,0.65,116.0,0.0,0.792,0.0,0.407,0.0,0.0,1423.0,1167.0,347.0,2.0,1.0,1.0,1.0,0.0,0.0,0.9619,0.9619,0.9619,0.0,0.0,4.4,-0.27,1.04,265.0,0.29,403.0,0,5,707.91,7.0,0.0,0.0,0.0,0.0,0.0,0.0,0.0,31.0,,-,2.6,1.0,🟢  Plat/Sprint,0
2018-03-17,2018,volta-ao-alentejo,stage,4.0,Caja Rural - Seguros RGA,0,2.2,,,0.0,,,,,,,0.0,23.0,20.0,0.0,0.0,4.0,64.4,59.5,4.18,0.378,0.0,0.0,59.3,1.4,3.38,0.0,0.21,0.0,0.21,0.0,0.0,1143.0,968.0,867.0,257.0,0.0,1.0,1.0,0.0,0.0,0.8519,0.8519,0.477,0.0,0.0,-0.2,-3.47,-3.86,14.0,0.79,885.0,0,4,510.49,7.0,0.0,0.0,0.0,0.0,0.0,0.0,0.0,31.0,,-,2.6,1.0,🟢  Plat/Sprint,0
2018-03-17,2018,volta-ao-alentejo,stage,5.0,Caja Rural - Seguros RGA,0,2.2,,,0.0,,,,,,,0.0,23.0,20.0,0.0,0.0,5.0,,,,,,,,,,,,,,,,,,,,0.0,0.0,0.0,0.0,0.0,,,,,,,,,,,,0,4,510.49,,,,,,,,,31.0,,Time trial,,,,0
2018-03-18,2018,volta-ao-alentejo,stage,6.0,Caja Rural - Seguros RGA,0,2.2,,,0.0,,,,,,,3.0,23.0,20.0,0.0,0.0,6.0,,,,,,,,,,,,,,,,,,,,0.0,0.0,0.0,0.0,0.0,,,,,,,,,,,,0,3,370.64,,,,,,,,,31.0,,-,,,,0
2018-03-19,2018,volta-a-catalunya,stage,1.0,Caja Rural - Seguros RGA,1,2.UWT,FIN,119.0,0.0,,,,,,,0.0,12.0,12.0,0.0,0.0,1.0,152.19,144.0,8.8,0.0,0.156,0.0,123.0,0.213,29.0,0.468,0.0,0.0,0.0,0.156,0.0,2610.0,2605.0,352.0,0.0,2.0,2.0,1.0,0.0,0.0,0.8598,0.8598,0.8598,0.0,0.0,-0.4,0.2,0.08,205.0,0.06,1036.0,0,2,204.96,50.0,0.0,0.0,0.0,0.0,0.0,0.0,0.0,627.0,,Sprint of large group,1.0,2.0,⛰️  Moy. montagne,0
2018-03-20,2018,volta-a-catalunya,stage,2.0,Caja Rural - Seguros RGA,1,2.UWT,FIN,66.0,0.0,,,,,,,0.0,12.0,12.0,0.0,0.0,2.0,175.43,164.0,9.65,0.61,0.0,0.0,127.0,4.76,40.5,1.07,1.6,0.0,2.18,1.21,0.0,3213.0,2991.0,751.0,0.0,4.0,2.0,0.0,1.0,0.0,0.9363,0.9363,0.7803,0.7803,0.0,-0.3,-0.83,-1.46,390.0,0.28,970.0,0,2,166.19,50.0,0.0,0.0,0.0,0.0,0.0,0.0,0.0,627.0,,Sprint of large group,1.0,2.0,⛰️  Moy. montagne,0
2018-03-21,2018,volta-a-catalunya,stage,3.0,Caja Rural - Seguros RGA,1,2.UWT,FIN,92.0,0.0,,,,,,,0.0,12.0,12.0,0.0,0.0,3.0,154.36,129.0,2.58,0.0,0.723,2.91,81.1,10.5,38.5,0.396,20.5,0.0,20.5,4.31,0.161,2686.0,1830.0,1127.0,85.0,1.0,1.0,1.0,0.0,1.0,0.994,0.994,0.994,0.7107,0.7107,1.6,1.43,1.46,160.0,0.79,960.0,0,2,327.62,50.0,0.0,0.0,0.0,0.0,0.0,0.0,0.0,627.0,,? km solo,0.0,2.0,⛰️  Moy. montagne,0
2018-03-22,2018,volta-a-catalunya,stage,4.0,Caja Rural - Seguros RGA,1,2.UWT,DNF,,0.0,,,,,,,0.0,12.0,12.0,0.0,0.0,4.0,170.63,157.0,0.101,0.0,1.12,0.0,99.5,0.688,56.9,0.0,14.1,0.0,11.4,1.13,0.0,4173.0,3411.0,1926.0,476.0,3.0,2.0,2.0,0.0,1.0,0.9988,0.9752,0.9752,0.7782,0.7782,5.4,0.13,1.58,79.0,-0.32,665.0,0,3,481.98,50.0,0.0,0.0,0.0,0.0,0.0,0.0,0.0,627.0,,Sprint à deux,0.0,3.0,🏔️  Haute montagne,0
2018-03-23,2018,volta-a-catalunya,stage,5.0,Caja Rural - Seguros RGA,0,2.UWT,,,0.0,,,,,,,0.0,12.0,12.0,0.0,0.0,5.0,209.92,210.0,0.0,0.0,0.0,0.0,11.8,0.721,194.0,2.97,0.918,0.153,0.819,0.0,0.0,3681.0,3892.0,1715.0,511.0,0.0,0.0,1.0,0.0,2.0,0.9405,0.9405,0.9405,0.9405,0.9405,-0.1,-4.7,-5.16,680.0,-0.99,262.0,0,4,652.61,50.0,0.0,0.0,0.0,0.0,0.0,0.0,0.0,627.0,,0.8 km solo,0.0,2.0,⛰️  Moy. montagne,0
2018-03-24,2018,volta-a-catalunya,stage,6.0,Caja Rural - Seguros RGA,0,2.UWT,,,0.0,,,,,,,0.0,12.0,12.0,0.0,0.0,6.0,116.94,116.0,0.191,0.0,0.0,0.0,19.1,0.475,97.1,0.0,0.592,0.0,0.0,0.0,0.0,1469.0,1789.0,899.0,195.0,1.0,0.0,1.0,0.0,0.0,0.7545,0.3975,0.3975,0.0,0.0,-0.4,-1.27,-1.14,234.0,0.56,861.0,0,4,652.61,50.0,0.0,0.0,0.0,0.0,0.0,0.0,0.0,627.0,,Sprint à deux,2.6,1.0,🟢  Plat/Sprint,0
2018-03-25,2018,volta-a-catalunya,stage,7.0,Caja Rural - Seguros RGA,0,2.UWT,,,0.0,,,,,,,0.0,12.0,12.0,0.0,0.0,7.0,154.66,132.0,11.8,0.0,0.0,0.0,92.7,21.0,23.7,3.56,8.37,0.137,11.8,5.74,0.215,1947.0,1976.0,286.0,1.0,8.0,2.0,0.0,0.0,0.0,0.9726,0.2804,0.0,0.0,0.0,-3.7,-1.13,-1.26,300.0,0.04,661.0,0,4,652.61,50.0,0.0,0.0,0.0,0.0,0.0,0.0,0.0,627.0,,-,0.0,2.0,⛰️  Moy. montagne,0
2018-03-31,2018,gran-premio-miguel-indurain,result,,Caja Rural - Seguros RGA,1,1.1,FIN,44.0,0.0,,,,,,,73.0,73.0,0.0,0.0,0.0,,188.87,169.0,11.9,1.88,0.324,0.0,97.4,4.54,79.9,1.13,5.85,0.216,6.11,0.324,0.0,2768.0,2804.0,842.0,360.0,3.0,4.0,1.0,0.0,0.0,0.9464,0.9464,0.7801,0.0,0.0,-5.0,-2.2,-3.7,139.0,0.1,515.0,0,4,652.61,125.0,0.705,0.0,0.261,0.0,0.261,0.0,0.0,196.0,,11.8 km solo,0.0,2.0,⛰️  Moy. montagne,0
2018-04-01,2018,la-roue-tourangelle,result,,Caja Rural - Seguros RGA,0,1.1,,,0.0,,,,,,,0.0,0.0,0.0,0.0,0.0,,198.61,162.0,35.8,0.0,0.254,0.0,170.0,18.2,7.38,1.7,0.863,0.0,0.949,0.13,0.138,1267.0,1347.0,179.0,36.0,1.0,0.0,0.0,0.0,0.0,0.4772,0.0,0.0,0.0,0.0,-0.1,0.0,-0.02,14.0,0.02,306.0,0,5,841.48,125.0,0.0,0.0,0.0,0.0,0.0,0.0,0.0,164.0,,Sprint of large group,2.6,1.0,🟢  Plat/Sprint,0
2018-04-02,2018,itzulia-basque-country,stage,1.0,Caja Rural - Seguros RGA,0,2.UWT,,,0.0,,,,,,,0.0,20.0,20.0,0.0,0.0,1.0,162.01,147.0,5.71,3.12,0.0,0.0,92.6,10.5,45.0,3.73,4.93,0.0,6.35,5.93,0.0,2809.0,2812.0,451.0,0.0,3.0,3.0,3.0,0.0,0.0,0.9595,0.9595,0.865,0.0,0.0,-1.2,-2.53,-3.16,84.0,0.12,737.0,1,5,841.48,50.0,0.227,0.0,0.227,0.0,0.0,0.0,0.0,823.0,,Sprint à deux,14.6,2.0,⛰️  Moy. montagne,0
2018-04-03,2018,itzulia-basque-country,stage,2.0,Caja Rural - Seguros RGA,0,2.UWT,,,0.0,,,,,,,0.0,20.0,20.0,0.0,0.0,2.0,167.72,150.0,7.25,2.99,3.96,0.0,106.0,6.85,40.3,4.18,1.55,0.0,3.71,9.0,0.198,3229.0,3164.0,396.0,-3.0,4.0,4.0,1.0,0.0,0.0,0.9652,0.9652,0.612,0.0,0.0,-0.1,-1.93,-3.12,210.0,0.1,669.0,1,5,841.48,50.0,0.107,0.0,0.103,0.0,0.103,0.0,0.0,823.0,,Sprint of small group,14.6,2.0,⛰️  Moy. montagne,0
2018-04-04,2018,itzulia-basque-country,stage,3.0,Caja Rural - Seguros RGA,0,2.UWT,,,0.0,,,,,,,0.0,20.0,20.0,0.0,0.0,3.0,186.54,183.0,0.679,0.0,0.0,0.359,148.0,0.453,34.0,1.87,2.41,0.0,2.41,0.489,0.0,2950.0,2439.0,742.0,4.0,3.0,3.0,0.0,2.0,0.0,0.9476,0.878,0.878,0.878,0.0,0.3,0.77,0.12,58.0,0.01,798.0,1,5,841.48,50.0,0.0,0.0,0.0,0.0,0.0,0.0,0.0,823.0,,Sprint of large group,14.6,2.0,⛰️  Moy. montagne,0
2018-04-05,2018,itzulia-basque-country,stage,4.0,Caja Rural - Seguros RGA,0,2.UWT,,,0.0,,,,,,,0.0,20.0,20.0,0.0,0.0,4.0,19.38,13.0,5.81,0.0,0.178,0.0,9.93,2.83,4.3,0.0,0.304,0.0,0.506,2.11,0.0,63.0,60.0,348.0,310.0,0.0,0.0,0.0,0.0,0.0,0.0,0.0,0.0,0.0,0.0,0.0,0.03,-0.38,54.0,0.02,63.0,1,5,841.48,50.0,0.0,0.0,0.0,0.0,0.0,0.0,0.0,823.0,,Time trial,0.0,1.0,🟢  Plat/Sprint,0
2018-04-06,2018,itzulia-basque-country,stage,5.0,Caja Rural - Seguros RGA,0,2.UWT,,,0.0,,,,,,,0.0,20.0,20.0,0.0,0.0,5.0,162.2,158.0,3.7,0.287,0.0,0.0,114.0,3.18,44.9,0.0,0.175,0.0,0.175,0.0,0.0,2269.0,2658.0,698.0,29.0,2.0,2.0,2.0,0.0,0.0,0.9998,0.8447,0.8447,0.0,0.0,1.9,1.07,1.04,102.0,0.07,307.0,1,5,841.48,50.0,0.0,0.0,0.0,0.0,0.0,0.0,0.0,823.0,,Sprint of small group,14.6,2.0,⛰️  Moy. montagne,0
2018-04-07,2018,itzulia-basque-country,stage,6.0,Caja Rural - Seguros RGA,0,2.UWT,,,0.0,,,,,,,0.0,20.0,20.0,0.0,0.0,6.0,122.2,117.0,3.81,0.184,0.0,0.0,92.6,1.23,26.5,0.984,1.28,0.0,1.05,0.0,0.0,2853.0,2459.0,577.0,46.0,0.0,5.0,3.0,0.0,0.0,0.9916,0.9916,0.9916,0.0,0.0,-4.2,0.63,5.76,472.0,-0.03,1072.0,1,5,841.48,50.0,0.0,0.0,0.0,0.0,0.0,0.0,0.0,823.0,,-,14.6,2.0,⛰️  Moy. montagne,0
2018-04-08,2018,klasika-primavera,result,,Caja Rural - Seguros RGA,0,1.1,,,0.0,,,,,,,38.0,38.0,0.0,0.0,0.0,,171.37,164.0,3.93,1.22,0.0,0.0,66.6,3.03,92.7,6.47,2.29,0.0,2.29,0.348,0.0,2043.0,2041.0,378.0,49.0,3.0,1.0,3.0,0.0,0.0,0.9753,0.9086,0.9086,0.0,0.0,0.1,-3.03,-2.24,129.0,0.09,370.0,0,5,841.48,125.0,0.0,0.0,0.0,0.0,0.0,0.0,0.0,85.0,,Other,0.0,2.0,⛰️  Moy. montagne,0
2018-04-13,2018,gp-internacional-beiras-e-serra-da-estrela,stage,1.0,Caja Rural - Seguros RGA,1,2.1,FIN,94.0,0.0,,,,,,,0.0,50.0,50.0,0.0,0.0,1.0,176.62,166.0,5.59,4.5,0.0,0.0,113.0,5.14,57.8,0.0,0.32,0.0,0.32,0.0,0.0,2778.0,2712.0,861.0,338.0,5.0,2.0,2.0,0.0,0.0,0.9688,0.9688,0.9688,0.0,0.0,0.5,-1.9,-2.42,213.0,-0.15,825.0,0,5,841.48,14.0,1.327,0.0,0.757,0.0,0.757,0.0,0.0,34.0,,-,7.6,2.0,⛰️  Moy. montagne,0
2018-04-14,2018,gp-internacional-beiras-e-serra-da-estrela,stage,2.0,Caja Rural - Seguros RGA,1,2.1,DNF,,0.0,,,,,,,0.0,50.0,50.0,0.0,0.0,2.0,193.94,190.0,1.72,2.33,0.0,0.0,26.4,3.81,162.0,1.41,0.0,0.0,0.0,0.0,0.0,2766.0,3090.0,963.0,308.0,5.0,2.0,1.0,1.0,0.0,0.9999,0.8195,0.8195,0.8195,0.0,6.0,2.6,0.6,114.0,-0.91,394.0,0,6,1018.1,14.0,0.0,0.0,0.0,0.0,0.0,0.0,0.0,34.0,,-,7.6,2.0,⛰️  Moy. montagne,0
2018-04-15,2018,gp-internacional-beiras-e-serra-da-estrela,stage,3.0,Caja Rural - Seguros RGA,0,2.1,,,0.0,,,,,,,0.0,50.0,50.0,0.0,0.0,3.0,167.99,131.0,32.9,2.7,0.0,0.0,75.9,2.19,88.0,0.825,1.1,0.0,1.1,0.0,0.0,3468.0,3076.0,1939.0,401.0,5.0,0.0,1.0,0.0,1.0,0.9998,0.9998,0.9998,0.3694,0.3694,6.2,1.13,0.52,120.0,2.31,1724.0,0,7,1212.04,14.0,0.0,0.0,0.0,0.0,0.0,0.0,0.0,34.0,,-,0.0,3.0,🏔️  Haute montagne,0
2018-04-17,2018,tour-of-croatia,stage,1.0,Caja Rural - Seguros RGA,0,2.HC,,,0.0,,,,,,,0.0,40.0,40.0,0.0,0.0,1.0,,,,,,,,,,,,,,,,,,,,0.0,0.0,0.0,0.0,0.0,,,,,,,,,,,,0,7,1212.04,,,,,,,,,131.0,,Sprint of small group,,,,0
2018-04-18,2018,tour-of-croatia,stage,2.0,Caja Rural - Seguros RGA,0,2.HC,,,0.0,,,,,,,0.0,40.0,40.0,0.0,0.0,2.0,,,,,,,,,,,,,,,,,,,,0.0,0.0,0.0,0.0,0.0,,,,,,,,,,,,0,7,1212.04,,,,,,,,,131.0,,Sprint of large group,,,,0
2018-04-19,2018,tour-of-croatia,stage,3.0,Caja Rural - Seguros RGA,0,2.HC,,,0.0,,,,,,,0.0,40.0,40.0,0.0,0.0,3.0,,,,,,,,,,,,,,,,,,,,0.0,0.0,0.0,0.0,0.0,,,,,,,,,,,,0,6,1059.85,,,,,,,,,131.0,,Sprint à deux,,,,0
2018-04-20,2018,tour-of-croatia,stage,4.0,Caja Rural - Seguros RGA,0,2.HC,,,0.0,,,,,,,0.0,40.0,40.0,0.0,0.0,4.0,,,,,,,,,,,,,,,,,,,,0.0,0.0,0.0,0.0,0.0,,,,,,,,,,,,0,5,884.4200000000001,,,,,,,,,131.0,,21 km solo,,,,0
2018-04-20,2018,vuelta-a-castilla-y-leon,stage,1.0,Caja Rural - Seguros RGA,0,2.1,,,0.0,,,,,,,0.0,23.0,23.0,0.0,0.0,1.0,189.96,189.0,0.408,0.26,0.0,0.0,135.0,0.707,53.8,0.0,0.595,0.0,0.951,0.577,0.0,2422.0,2429.0,1095.0,517.0,2.0,3.0,1.0,0.0,0.0,0.9194,0.7028,0.7028,0.0,0.0,1.1,1.27,0.26,59.0,0.32,574.0,1,5,884.4200000000001,14.0,0.0,0.0,0.0,0.0,0.0,0.0,0.0,80.0,,Sprint of large group,7.6,2.0,⛰️  Moy. montagne,0
2018-04-21,2018,tour-of-croatia,stage,5.0,Caja Rural - Seguros RGA,0,2.HC,,,0.0,,,,,,,0.0,40.0,40.0,0.0,0.0,5.0,,,,,,,,,,,,,,,,,,,,0.0,0.0,0.0,0.0,0.0,,,,,,,,,,,,0,4,730.06,,,,,,,,,131.0,,0.5 km solo,,,,0
2018-04-21,2018,vuelta-a-castilla-y-leon,stage,2.0,Caja Rural - Seguros RGA,0,2.1,,,0.0,,,,,,,0.0,23.0,23.0,0.0,0.0,2.0,187.21,187.0,0.241,0.0,0.0,0.0,161.0,1.18,24.0,0.523,0.0,0.0,0.0,0.0,0.0,1453.0,1413.0,889.0,695.0,4.0,2.0,0.0,0.0,0.0,0.7921,0.6669,0.0,0.0,0.0,1.0,0.33,0.16,29.0,0.05,520.0,1,4,730.06,14.0,0.0,0.0,0.0,0.0,0.0,0.0,0.0,80.0,,-,7.6,2.0,⛰️  Moy. montagne,0
2018-04-22,2018,tour-of-croatia,stage,6.0,Caja Rural - Seguros RGA,0,2.HC,,,0.0,,,,,,,0.0,40.0,40.0,0.0,0.0,6.0,,,,,,,,,,,,,,,,,,,,0.0,0.0,0.0,0.0,0.0,,,,,,,,,,,,0,3,559.4300000000001,,,,,,,,,131.0,,-,,,,0
2018-04-22,2018,vuelta-a-castilla-y-leon,stage,3.0,Caja Rural - Seguros RGA,0,2.1,,,0.0,,,,,,,0.0,23.0,23.0,0.0,0.0,3.0,174.64,170.0,0.0,3.84,0.696,0.0,118.0,0.571,54.3,0.883,0.173,0.0,0.218,0.871,0.0,2736.0,2546.0,1514.0,839.0,4.0,1.0,2.0,1.0,0.0,0.8661,0.8661,0.8661,0.8661,0.0,4.5,2.03,1.02,76.0,0.35,688.0,1,3,559.4300000000001,14.0,0.98,0.0,0.98,0.0,0.98,0.0,0.0,80.0,,-,7.6,2.0,⛰️  Moy. montagne,0
2018-04-27,2018,vuelta-asturias,stage,1.0,Caja Rural - Seguros RGA,1,2.1,FIN,71.0,0.0,51.0,0.0,,,,,0.0,60.0,60.0,0.0,0.0,1.0,173.54,154.0,2.78,0.0,0.433,0.0,115.0,3.9,38.3,0.13,16.7,0.0,16.7,0.0,0.487,2232.0,2103.0,460.0,169.0,0.0,8.0,0.0,0.0,0.0,0.9502,0.9502,0.0,0.0,0.0,0.3,0.67,-2.12,43.0,0.37,883.0,1,3,559.4300000000001,14.0,0.0,0.0,0.0,0.0,0.0,0.0,0.0,57.0,,-,0.0,2.0,⛰️  Moy. montagne,0
2018-04-28,2018,vuelta-asturias,stage,2.0,Caja Rural - Seguros RGA,1,2.1,FIN,58.0,0.0,51.0,0.0,,,,,0.0,60.0,60.0,0.0,0.0,2.0,173.96,173.0,0.371,0.0,0.0,0.0,89.0,5.07,78.6,0.215,0.894,0.0,0.894,0.0,0.0,3364.0,2315.0,1167.0,2.0,4.0,3.0,1.0,0.0,1.0,0.9997,0.9997,0.9997,0.9997,0.9997,9.3,8.33,8.5,527.0,-0.23,683.0,1,4,732.97,14.0,0.0,0.0,0.0,0.0,0.0,0.0,0.0,57.0,,9 km solo,0.0,3.0,🏔️  Haute montagne,0
2018-04-29,2018,vuelta-asturias,stage,3.0,Caja Rural - Seguros RGA,1,2.1,FIN,50.0,0.0,51.0,0.0,,,,,0.0,60.0,60.0,0.0,0.0,3.0,118.51,119.0,0.0,0.0,0.0,0.0,58.8,2.19,57.5,0.0,0.0,0.0,0.0,0.0,0.0,1559.0,1681.0,442.0,23.0,2.0,2.0,1.0,0.0,0.0,0.9029,0.9029,0.9029,0.0,0.0,-0.8,-2.83,-2.46,32.0,-0.55,351.0,1,5,906.93,14.0,0.0,0.0,0.0,0.0,0.0,0.0,0.0,57.0,,-,0.0,1.0,🟢  Plat/Sprint,0
2018-05-03,2018,rhone-alpes-isere-tour,stage,1.0,Caja Rural - Seguros RGA,0,2.2,,,0.0,,,,,,,0.0,7.0,0.0,0.0,0.0,1.0,144.26,131.0,13.7,0.0,0.0,0.0,140.0,0.672,2.81,0.409,0.0,0.0,0.0,0.0,0.0,1898.0,1617.0,576.0,205.0,4.0,2.0,2.0,0.0,0.0,0.9977,0.9977,0.8943,0.0,0.0,3.4,2.37,1.64,245.0,0.04,431.0,0,5,836.57,7.0,0.0,0.0,0.0,0.0,0.0,0.0,0.0,40.0,,-,0.0,2.0,⛰️  Moy. montagne,0
2018-05-03,2018,panamerican-champ-itt,result,,Caja Rural - Seguros RGA,0,CC,,,0.0,,,,,,,0.0,0.0,0.0,0.0,0.0,,39.96,36.7,3.28,0.0,0.0,0.0,0.0,0.0,30.7,9.26,0.0,0.0,0.0,0.0,0.0,303.0,301.0,825.0,715.0,2.0,0.0,0.0,0.0,0.0,0.7388,0.0,0.0,0.0,0.0,-0.9,-0.63,-1.14,117.0,0.01,303.0,0,5,836.57,70.0,0.0,0.0,0.0,0.0,0.0,0.0,0.0,3.0,,Time trial,,0.0,⏱️  CLM,0
2018-05-04,2018,rhone-alpes-isere-tour,stage,2.0,Caja Rural - Seguros RGA,0,2.2,,,0.0,,,,,,,0.0,7.0,0.0,0.0,0.0,2.0,140.91,99.0,41.2,0.0,0.366,0.0,135.0,1.91,0.392,2.7,0.27,0.0,0.27,0.249,0.117,1566.0,1617.0,473.0,187.0,5.0,3.0,0.0,0.0,0.0,0.8522,0.8522,0.0,0.0,0.0,1.1,0.37,0.12,42.0,0.02,583.0,0,5,836.57,7.0,0.0,0.0,0.0,0.0,0.0,0.0,0.0,40.0,,-,0.0,2.0,⛰️  Moy. montagne,0
2018-05-04,2018,vuelta-international-a-la-cominudad-de-madrid,stage,1.0,Caja Rural - Seguros RGA,0,2.1,,,0.0,,,,,,,0.0,14.0,0.0,0.0,0.0,1.0,175.21,165.0,9.45,0.387,0.332,0.0,146.0,0.282,27.9,0.23,0.0,0.191,0.0,0.0,0.332,2364.0,2355.0,1856.0,699.0,4.0,1.0,0.0,0.0,1.0,0.8136,0.8136,0.8136,0.8136,0.8136,0.6,0.2,-0.04,22.0,0.21,587.0,0,5,836.57,14.0,0.0,0.0,0.0,0.0,0.0,0.0,0.0,56.0,,-,0.0,2.0,⛰️  Moy. montagne,0
2018-05-05,2018,rhone-alpes-isere-tour,stage,3.0,Caja Rural - Seguros RGA,0,2.2,,,0.0,,,,,,,0.0,7.0,0.0,0.0,0.0,3.0,170.06,139.0,30.9,0.0,0.0,0.0,166.0,2.78,0.539,0.595,0.0,0.0,0.0,0.0,0.0,2325.0,2462.0,557.0,139.0,7.0,5.0,0.0,0.0,0.0,0.9251,0.7917,0.0,0.0,0.0,1.5,0.5,-0.02,24.0,0.27,636.0,0,5,836.57,7.0,0.0,0.0,0.0,0.0,0.0,0.0,0.0,40.0,,-,0.0,2.0,⛰️  Moy. montagne,0
2018-05-05,2018,vuelta-international-a-la-cominudad-de-madrid,stage,2.0,Caja Rural - Seguros RGA,0,2.1,,,0.0,,,,,,,14.0,14.0,0.0,0.0,0.0,2.0,134.25,123.0,0.1,0.0,7.13,0.0,90.2,0.824,31.9,0.683,3.54,0.0,4.09,5.95,1.19,1479.0,1433.0,1022.0,592.0,0.0,2.0,1.0,0.0,0.0,0.7627,0.7627,0.3724,0.0,0.0,1.3,0.27,0.56,103.0,0.67,648.0,0,5,836.57,14.0,0.0,0.0,0.0,0.0,0.0,0.0,0.0,56.0,,-,0.0,2.0,⛰️  Moy. montagne,0
2018-05-06,2018,rhone-alpes-isere-tour,stage,4.0,Caja Rural - Seguros RGA,0,2.2,,,0.0,,,,,,,7.0,7.0,0.0,0.0,0.0,4.0,172.47,158.0,12.8,0.0,1.91,0.0,150.0,11.9,5.88,3.83,0.0,0.0,0.0,0.55,0.108,1243.0,1255.0,365.0,189.0,3.0,0.0,0.0,0.0,0.0,0.295,0.0,0.0,0.0,0.0,0.1,-0.07,-0.22,58.0,0.27,576.0,0,5,836.57,7.0,0.0,0.0,0.0,0.0,0.0,0.0,0.0,40.0,,-,0.0,1.0,🟢  Plat/Sprint,0
2018-05-06,2018,vuelta-international-a-la-cominudad-de-madrid,stage,3.0,Caja Rural - Seguros RGA,0,2.1,,,0.0,,,,,,,0.0,14.0,0.0,0.0,0.0,3.0,101.45,102.0,4.43,0.684,0.0,0.0,3.49,9.77,70.3,16.5,0.0,5.08,0.0,2.15,0.0,1005.0,1007.0,726.0,673.0,0.0,0.0,0.0,0.0,0.0,0.0,0.0,0.0,0.0,0.0,2.0,-0.47,-0.1,182.0,0.04,505.0,0,5,836.57,14.0,0.241,0.0,0.107,0.0,0.054,0.0,0.0,56.0,,-,1.4,1.0,🟢  Plat/Sprint,0
2018-05-06,2018,panamerican-championships,result,,Caja Rural - Seguros RGA,0,CC,,,0.0,,,,,,,0.0,0.0,0.0,0.0,0.0,,160.12,18.1,1.37,0.0,0.0,0.0,18.0,0.108,0.0,0.0,145.0,0.0,148.0,4.18,0.0,479.0,480.0,663.0,620.0,0.0,0.0,0.0,0.0,0.0,0.0,0.0,0.0,0.0,0.0,0.5,0.07,0.08,60.0,0.03,162.0,0,5,836.57,250.0,0.0,0.0,0.0,0.0,0.0,0.0,0.0,19.0,,Sprint of large group,0.0,1.0,🟢  Plat/Sprint,0
2018-05-11,2018,vuelta-a-aragon,stage,1.0,Caja Rural - Seguros RGA,0,2.1,,,0.0,,,,,,,0.0,20.0,20.0,0.0,0.0,1.0,179.94,177.0,1.42,0.0,1.5,0.0,9.38,1.42,167.0,0.0,0.634,0.0,0.634,1.5,0.0,1792.0,2511.0,1404.0,126.0,2.0,1.0,1.0,0.0,0.0,0.8866,0.5053,0.2779,0.0,0.0,2.1,1.57,0.24,104.0,0.68,577.0,0,5,836.57,14.0,0.0,0.0,0.0,0.0,0.0,0.0,0.0,96.0,,-,2.8,2.0,⛰️  Moy. montagne,0
2018-05-12,2018,vuelta-a-aragon,stage,2.0,Caja Rural - Seguros RGA,0,2.1,,,0.0,,,,,,,0.0,20.0,20.0,0.0,0.0,2.0,193.68,191.0,2.25,0.0,0.0,0.0,116.0,0.898,76.5,0.0,0.431,0.0,0.0,0.0,0.0,1227.0,1514.0,767.0,198.0,1.0,2.0,0.0,0.0,0.0,0.5623,0.5623,0.0,0.0,0.0,0.0,-0.47,-0.64,10.0,-0.07,421.0,0,5,836.57,14.0,0.0,0.0,0.0,0.0,0.0,0.0,0.0,96.0,,-,1.4,1.0,🟢  Plat/Sprint,0
2018-05-13,2018,vuelta-a-aragon,stage,3.0,Caja Rural - Seguros RGA,0,2.1,,,0.0,,,,,,,0.0,20.0,20.0,0.0,0.0,3.0,126.41,126.0,0.841,0.0,0.0,0.0,13.6,1.66,111.0,0.0,0.0,0.0,0.0,0.109,0.0,3101.0,1933.0,1937.0,530.0,0.0,0.0,2.0,0.0,1.0,0.9867,0.9867,0.9867,0.9867,0.9867,0.0,5.57,3.6,487.0,-0.41,853.0,0,5,836.57,14.0,0.0,0.0,0.0,0.0,0.0,0.0,0.0,96.0,,-,0.0,3.0,🏔️  Haute montagne,0
2018-05-16,2018,tour-of-norway,stage,1.0,Caja Rural - Seguros RGA,0,2.HC,,,0.0,,,,,,,0.0,113.0,108.0,0.0,0.0,1.0,185.81,181.0,3.96,0.0,0.0,0.0,105.0,1.27,77.4,2.03,0.274,0.0,0.413,0.0,0.0,2082.0,2081.0,368.0,1.0,2.0,1.0,1.0,0.0,0.0,0.7894,0.5393,0.2023,0.0,0.0,-0.7,-0.83,-0.52,25.0,-0.01,665.0,1,3,466.01,20.0,0.0,0.0,0.0,0.0,0.0,0.0,0.0,200.0,,Sprint of large group,2.8,2.0,⛰️  Moy. montagne,0
2018-05-17,2018,tour-of-norway,stage,2.0,Caja Rural - Seguros RGA,0,2.HC,,,0.0,,,,,,,5.0,113.0,108.0,0.0,0.0,2.0,168.86,165.0,1.57,0.0,0.0,0.0,64.5,1.36,95.2,5.48,2.43,0.0,3.12,0.267,0.0,2144.0,2190.0,257.0,2.0,7.0,1.0,0.0,0.0,0.0,0.9994,0.1042,0.0,0.0,0.0,5.0,3.37,1.7,101.0,-0.03,598.0,1,3,466.01,20.0,0.0,0.0,0.0,0.0,0.0,0.0,0.0,200.0,,Sprint of large group,2.8,2.0,⛰️  Moy. montagne,0
2018-05-18,2018,tour-of-norway,stage,3.0,Caja Rural - Seguros RGA,0,2.HC,,,0.0,,,,,,,0.0,113.0,108.0,0.0,0.0,3.0,174.82,172.0,2.61,0.0,0.0,0.0,55.3,1.29,116.0,1.56,0.0,0.0,0.492,0.608,0.0,1364.0,1344.0,150.0,1.0,2.0,0.0,0.0,0.0,0.0,0.5107,0.0,0.0,0.0,0.0,3.1,0.7,-0.08,43.0,0.2,381.0,1,3,466.01,20.0,0.0,0.0,0.0,0.0,0.0,0.0,0.0,200.0,,Sprint of large group,1.4,1.0,🟢  Plat/Sprint,0
2018-05-19,2018,tour-of-norway,stage,4.0,Caja Rural - Seguros RGA,0,2.HC,,,0.0,,,,,,,0.0,113.0,108.0,0.0,0.0,4.0,225.11,217.0,1.36,0.0,0.0,6.5,80.1,0.447,142.0,1.82,0.37,0.0,0.708,0.461,0.0,1566.0,1577.0,533.0,138.0,0.0,2.0,1.0,0.0,0.0,0.915,0.915,0.6435,0.0,0.0,0.0,-0.97,-0.3,46.0,0.02,152.0,1,3,466.01,20.0,0.0,0.0,0.0,0.0,0.0,0.0,0.0,200.0,,Sprint of large group,3.8,2.0,⛰️  Moy. montagne,0
2018-05-20,2018,tour-of-norway,stage,5.0,Caja Rural - Seguros RGA,0,2.HC,,,0.0,,,,,,,0.0,113.0,108.0,0.0,0.0,5.0,153.9,145.0,1.44,0.216,3.45,1.59,65.9,5.06,67.7,7.78,1.89,0.123,2.49,2.1,3.37,2593.0,2548.0,533.0,122.0,2.0,2.0,3.0,0.0,0.0,0.8252,0.8252,0.8252,0.0,0.0,5.5,2.3,1.34,115.0,0.04,751.0,1,3,466.01,20.0,0.121,1.569,0.0,0.716,0.0,0.0,0.0,200.0,,-,3.8,2.0,⛰️  Moy. montagne,0
2018-05-22,2018,tour-des-fjords,stage,1.0,Caja Rural - Seguros RGA,0,2.HC,,,0.0,,,,,,,0.0,10.0,10.0,0.0,0.0,1.0,191.63,188.0,2.28,0.0,0.162,0.0,88.8,1.25,91.7,8.45,0.0,0.0,0.569,1.15,0.162,2187.0,2172.0,239.0,2.0,0.0,1.0,0.0,0.0,0.0,0.731,0.731,0.0,0.0,0.0,1.9,0.23,-0.7,47.0,-0.0,575.0,1,3,466.01,20.0,0.0,0.0,0.0,0.0,0.0,0.0,0.0,226.0,,Sprint of large group,1.0,2.0,⛰️  Moy. montagne,0
2018-05-23,2018,tour-des-fjords,stage,2.0,Caja Rural - Seguros RGA,0,2.HC,,,0.0,,,,,,,0.0,10.0,10.0,0.0,0.0,2.0,189.34,182.0,5.14,0.842,0.0,0.0,34.0,5.77,135.0,11.6,0.579,0.0,1.09,2.59,0.0,2199.0,2263.0,100.0,1.0,4.0,0.0,0.0,0.0,0.0,0.9669,0.0,0.0,0.0,0.0,-1.0,0.03,-0.54,28.0,-0.13,674.0,1,3,466.01,20.0,0.0,0.0,0.0,0.0,0.0,0.0,0.0,226.0,,Sprint of large group,1.0,2.0,⛰️  Moy. montagne,0
2018-05-24,2018,tour-des-fjords,stage,3.0,Caja Rural - Seguros RGA,0,2.HC,,,0.0,,,,,,,0.0,10.0,10.0,0.0,0.0,3.0,184.99,158.0,25.0,0.0,0.178,0.0,38.4,22.2,117.0,1.7,1.28,0.0,2.19,4.0,0.0,3257.0,3206.0,271.0,1.0,1.0,7.0,0.0,0.0,0.0,0.6511,0.6511,0.0,0.0,0.0,5.5,0.87,0.52,84.0,0.37,883.0,1,3,466.01,20.0,0.0,0.0,0.0,0.0,0.0,0.0,0.0,226.0,,-,1.0,2.0,⛰️  Moy. montagne,0
2018-05-26,2018,gp-de-plumelec,result,,Caja Rural - Seguros RGA,0,1.1,,,0.0,,,,,,,23.0,23.0,0.0,0.0,0.0,,183.23,183.0,0.191,0.0,0.0,0.0,183.0,0.592,0.0,0.0,0.0,0.0,0.0,0.0,0.0,2548.0,2555.0,161.0,40.0,26.0,0.0,0.0,0.0,0.0,0.9997,0.0,0.0,0.0,0.0,6.0,3.47,1.1,121.0,-0.14,450.0,0,3,466.01,125.0,0.0,0.0,0.0,0.0,0.0,0.0,0.0,153.0,,Sprint of small group,0.0,2.0,⛰️  Moy. montagne,0
2018-05-27,2018,boucles-de-l-aulne,result,,Caja Rural - Seguros RGA,0,1.1,,,0.0,,,,,,,0.0,0.0,0.0,0.0,0.0,,179.9,165.0,14.3,0.572,0.0,0.0,125.0,7.25,47.7,0.0,0.0,0.0,0.0,0.0,0.0,2929.0,2930.0,212.0,6.0,17.0,2.0,0.0,0.0,0.0,0.9669,0.5849,0.0,0.0,0.0,2.6,-0.07,-0.96,57.0,-0.06,802.0,0,3,466.01,125.0,0.371,0.0,0.185,0.0,0.123,0.0,0.0,134.0,,-,4.6,2.0,⛰️  Moy. montagne,0
2018-05-31,2018,boucles-de-la-mayenne,prologue,,Caja Rural - Seguros RGA,0,2.1,,,0.0,,,,,,,0.0,0.0,0.0,0.0,0.0,,4.51,4.3,0.0,0.0,0.0,0.0,2.06,1.32,0.0,0.926,0.266,0.0,0.266,0.0,0.0,51.0,50.0,83.0,48.0,0.0,0.0,0.0,0.0,0.0,0.0,0.0,0.0,0.0,0.0,3.5,0.2,0.02,51.0,0.02,51.0,0,0,0.0,14.0,0.0,0.0,0.0,0.0,0.0,0.0,0.0,,,,0.0,0.0,⏱️  CLM,0
2018-06-01,2018,boucles-de-la-mayenne,stage,1.0,Caja Rural - Seguros RGA,0,2.1,,,0.0,,,,,,,0.0,0.0,0.0,0.0,0.0,1.0,178.35,152.0,26.1,0.0,0.0,0.0,176.0,2.47,0.277,0.0,0.0,0.0,0.0,0.0,0.0,1639.0,1608.0,242.0,56.0,3.0,1.0,0.0,0.0,0.0,0.9663,0.7133,0.0,0.0,0.0,0.4,-0.67,-1.2,97.0,0.01,477.0,0,0,0.0,14.0,0.0,0.0,0.0,0.0,0.0,0.0,0.0,83.0,,Sprint of small group,1.4,1.0,🟢  Plat/Sprint,0
2018-06-02,2018,boucles-de-la-mayenne,stage,2.0,Caja Rural - Seguros RGA,0,2.1,,,0.0,,,,,,,0.0,0.0,0.0,0.0,0.0,2.0,173.96,140.0,33.2,0.0,0.0,0.0,171.0,1.9,0.0,0.0,0.866,0.0,1.01,0.0,0.0,2253.0,2203.0,411.0,103.0,7.0,2.0,0.0,0.0,0.0,0.9754,0.8334,0.0,0.0,0.0,0.8,-2.2,-1.9,136.0,-0.0,536.0,0,0,0.0,14.0,0.0,0.0,0.0,0.0,0.0,0.0,0.0,83.0,,Sprint of large group,4.6,2.0,⛰️  Moy. montagne,0
2018-06-03,2018,boucles-de-la-mayenne,stage,3.0,Caja Rural - Seguros RGA,0,2.1,,,0.0,,,,,,,0.0,0.0,0.0,0.0,0.0,3.0,184.46,159.0,24.9,0.157,0.0,0.0,164.0,8.07,3.61,8.44,0.227,0.0,0.29,0.0,0.0,1552.0,1579.0,106.0,26.0,1.0,0.0,0.0,0.0,0.0,0.773,0.0,0.0,0.0,0.0,-0.6,0.43,0.0,94.0,0.02,327.0,0,0,0.0,14.0,0.0,0.0,0.0,0.0,0.0,0.0,0.0,83.0,,-,1.4,1.0,🟢  Plat/Sprint,0
2018-06-14,2018,la-route-d-occitanie,stage,1.0,Caja Rural - Seguros RGA,1,2.1,FIN,68.0,0.0,31.0,0.0,,,,,0.0,40.0,40.0,0.0,0.0,1.0,167.16,159.0,7.12,0.0,0.666,0.0,147.0,2.03,16.5,0.0,0.431,0.0,0.744,0.666,0.0,1851.0,1949.0,598.0,146.0,4.0,1.0,1.0,0.0,0.0,0.9209,0.9209,0.3374,0.0,0.0,1.3,0.47,0.3,63.0,0.09,500.0,0,0,0.0,14.0,0.0,0.0,0.0,0.0,0.0,0.0,0.0,220.0,,Sprint of large group,4.6,2.0,⛰️  Moy. montagne,0
2018-06-15,2018,la-route-d-occitanie,stage,2.0,Caja Rural - Seguros RGA,1,2.1,FIN,52.0,0.0,31.0,0.0,,,,,0.0,40.0,40.0,0.0,0.0,2.0,172.93,173.0,0.0,0.0,0.0,0.0,152.0,0.0,20.7,0.0,0.214,0.0,0.214,0.0,0.0,2296.0,2487.0,470.0,176.0,8.0,1.0,0.0,0.0,0.0,0.9842,0.2845,0.0,0.0,0.0,-0.5,-2.57,-0.08,130.0,0.13,699.0,0,1,167.16,14.0,0.0,0.0,0.0,0.0,0.0,0.0,0.0,220.0,,Sprint of large group,4.6,2.0,⛰️  Moy. montagne,0
2018-06-16,2018,la-route-d-occitanie,stage,3.0,Caja Rural - Seguros RGA,1,2.1,FIN,31.0,0.0,31.0,0.0,,,,,0.0,40.0,40.0,0.0,0.0,3.0,197.78,197.0,0.47,0.0,0.0,0.528,185.0,0.383,10.2,1.57,0.0,0.0,0.0,0.626,0.0,5077.0,3958.0,1520.0,350.0,1.0,1.0,1.0,0.0,3.0,0.9999,0.9999,0.9999,0.9999,0.9999,6.2,6.53,6.86,323.0,1.91,1271.0,0,2,340.09000000000003,14.0,0.0,0.0,0.0,0.0,0.0,0.0,0.0,220.0,,2.4 km solo,0.0,3.0,🏔️  Haute montagne,0
2018-06-17,2018,la-route-d-occitanie,stage,4.0,Caja Rural - Seguros RGA,1,2.1,FIN,49.0,0.0,31.0,0.0,,,,,0.0,40.0,40.0,0.0,0.0,4.0,192.42,174.0,17.4,0.0,0.0,0.0,143.0,0.83,47.7,0.0,0.431,0.0,0.315,0.124,0.0,2930.0,3173.0,1203.0,69.0,2.0,2.0,1.0,0.0,1.0,0.9467,0.8612,0.5005,0.5005,0.5005,-0.9,-2.4,-2.14,67.0,0.32,754.0,0,3,537.87,14.0,0.0,0.0,0.0,0.0,0.0,0.0,0.0,220.0,,-,4.6,2.0,⛰️  Moy. montagne,0
2018-06-22,2018,nc-portugal,result,,Caja Rural - Seguros RGA,0,NC,,,0.0,,,,,,,10.0,10.0,0.0,0.0,0.0,,,,,,,,,,,,,,,,,,,,,0.0,0.0,0.0,0.0,0.0,,,,,,,,,,,,0,4,730.29,,,,,,,,,9.0,,Time trial,,,,0
2018-06-22,2018,nc-spain-itt,result,,Caja Rural - Seguros RGA,0,NC,,,0.0,,,,,,,1.0,1.0,0.0,0.0,0.0,,37.51,36.4,0.948,0.0,0.0,0.0,31.9,1.32,4.19,0.0,0.0,0.0,0.0,0.0,0.0,544.0,544.0,499.0,242.0,1.0,1.0,0.0,0.0,0.0,0.6763,0.6763,0.0,0.0,0.0,-3.1,-0.47,0.24,88.0,0.0,544.0,0,4,730.29,50.0,0.0,0.0,0.0,0.0,0.0,0.0,0.0,80.0,,Time trial,0.0,0.0,⏱️  CLM,0
2018-06-24,2018,nc-portugal2,result,,Caja Rural - Seguros RGA,0,NC,,,0.0,,,,,,,1.0,1.0,0.0,0.0,0.0,,,,,,,,,,,,,,,,,,,,,0.0,0.0,0.0,0.0,0.0,,,,,,,,,,,,0,4,730.29,,,,,,,,,23.0,,-,,,,0
2018-06-24,2018,nc-spain,result,,Caja Rural - Seguros RGA,1,NC,FIN,38.0,0.0,,,,,,,0.0,0.0,0.0,0.0,0.0,,116.02,116.0,0.0,0.0,0.0,0.0,77.7,0.0,36.9,1.45,0.0,0.0,0.0,0.0,0.0,2135.0,1131.0,1052.0,45.0,2.0,0.0,1.0,0.0,1.0,0.9996,0.9996,0.9996,0.6448,0.6448,5.6,4.43,2.12,203.0,1.18,814.0,1,4,730.29,100.0,0.0,0.0,0.0,0.0,0.0,0.0,0.0,180.0,,-,0.0,3.0,🏔️  Haute montagne,0
2018-06-30,2018,nc-italy,result,,Caja Rural - Seguros RGA,0,NC,,,0.0,,,,,,,0.0,0.0,0.0,0.0,0.0,,134.08,125.0,9.32,0.0,0.0,0.0,125.0,3.25,5.58,0.0,0.0,0.0,0.0,0.0,0.0,1549.0,1550.0,376.0,61.0,6.0,1.0,0.0,0.0,0.0,0.8897,0.7914,0.0,0.0,0.0,0.3,0.17,-0.04,6.0,0.12,307.0,0,5,846.31,100.0,0.0,0.0,0.0,0.0,0.0,0.0,0.0,407.0,,Sprint à deux,0.0,1.0,🟢  Plat/Sprint,0
2018-07-01,2018,nc-france,result,,Caja Rural - Seguros RGA,0,NC,,,0.0,,,,,,,0.0,0.0,0.0,0.0,0.0,,,,,,,,,,,,,,,,,,,,,0.0,0.0,0.0,0.0,0.0,,,,,,,,,,,,0,5,846.31,,,,,,,,,332.0,,Sprint of small group,,,,0
2018-07-18,2018,Grande-Premio-de-Portugal-N2,stage,1.0,Caja Rural - Seguros RGA,0,2.2,,,0.0,,,,,,,0.0,7.0,3.0,0.0,0.0,1.0,140.49,135.0,0.633,4.01,0.0,0.0,6.28,1.78,131.0,0.0,0.872,0.0,0.872,0.459,0.0,2272.0,1983.0,969.0,49.0,4.0,0.0,1.0,0.0,1.0,0.9998,0.8985,0.8985,0.8985,0.8985,7.3,3.2,0.12,103.0,0.65,767.0,0,1,116.02,7.0,1.141,0.0,0.0,0.0,0.0,0.0,0.0,15.0,,-,0.0,3.0,🏔️  Haute montagne,0
2018-07-19,2018,Grande-Premio-de-Portugal-N2,stage,2.0,Caja Rural - Seguros RGA,0,2.2,,,0.0,,,,,,,0.0,7.0,3.0,0.0,0.0,2.0,176.46,171.0,1.9,0.987,0.0,0.0,5.34,0.759,167.0,0.0,2.6,0.0,2.69,0.361,0.0,2556.0,2614.0,772.0,42.0,7.0,2.0,0.0,1.0,0.0,0.9647,0.8131,0.8131,0.8131,0.0,1.2,-0.3,-0.44,50.0,-0.17,759.0,0,1,116.02,7.0,0.44,0.0,0.0,0.0,0.0,0.0,0.0,15.0,,-,0.0,2.0,⛰️  Moy. montagne,0
2018-07-20,2018,Grande-Premio-de-Portugal-N2,stage,3.0,Caja Rural - Seguros RGA,0,2.2,,,0.0,,,,,,,0.0,7.0,3.0,0.0,0.0,3.0,141.17,124.0,8.9,0.0,0.361,0.0,8.72,8.02,116.0,0.0,8.22,0.0,1.8,0.361,0.0,1758.0,1872.0,487.0,27.0,6.0,2.0,1.0,0.0,0.0,0.9556,0.7532,0.3216,0.0,0.0,2.9,1.6,-0.04,152.0,-0.08,935.0,0,1,116.02,7.0,0.0,0.0,0.0,0.0,0.0,0.0,0.0,15.0,,-,0.0,2.0,⛰️  Moy. montagne,0
2018-07-21,2018,Grande-Premio-de-Portugal-N2,stage,4.0,Caja Rural - Seguros RGA,0,2.2,,,0.0,,,,,,,3.0,7.0,3.0,0.0,0.0,4.0,158.77,157.0,0.355,1.4,0.0,0.0,1.08,0.659,157.0,0.0,0.0,0.0,0.0,0.0,0.0,1423.0,1334.0,365.0,50.0,2.0,1.0,0.0,0.0,0.0,0.8371,0.4147,0.0,0.0,0.0,0.7,1.13,0.62,95.0,0.35,534.0,0,1,116.02,7.0,0.0,0.0,0.0,0.0,0.0,0.0,0.0,15.0,,-,0.0,1.0,🟢  Plat/Sprint,0
2018-07-22,2018,Grande-Premio-de-Portugal-N2,stage,5.0,Caja Rural - Seguros RGA,0,2.2,,,0.0,,,,,,,1.0,7.0,3.0,0.0,0.0,5.0,143.35,141.0,1.08,0.0,0.0,0.0,1.03,0.974,140.0,0.0,1.15,0.0,0.699,0.155,0.0,1353.0,1468.0,575.0,5.0,1.0,0.0,1.0,0.0,0.0,0.6026,0.6026,0.6026,0.0,0.0,0.2,-0.1,-0.26,12.0,0.16,394.0,0,1,116.02,7.0,0.0,0.0,0.0,0.0,0.0,0.0,0.0,15.0,,-,0.6,1.0,🟢  Plat/Sprint,0
2018-07-25,2018,prueba-villafranca,result,,Caja Rural - Seguros RGA,0,1.1,,,0.0,,,,,,,15.0,15.0,0.0,0.0,0.0,,166.77,165.0,0.376,1.29,0.0,0.0,156.0,4.87,0.0,2.9,0.0,0.0,0.0,2.75,0.0,2391.0,2392.0,402.0,93.0,2.0,5.0,0.0,0.0,0.0,0.9376,0.9376,0.0,0.0,0.0,0.0,-0.7,-1.16,19.0,0.03,574.0,1,0,0.0,125.0,0.258,0.0,0.0,0.0,0.0,0.0,0.0,106.0,,-,0.0,2.0,⛰️  Moy. montagne,0
2018-07-31,2018,circuito-de-getxo,result,,Caja Rural - Seguros RGA,0,1.1,,,0.0,,,,,,,236.0,236.0,0.0,0.0,0.0,,190.62,163.0,22.4,5.51,0.0,0.0,52.2,62.2,25.4,48.8,0.0,0.0,0.798,2.68,0.0,1597.0,1602.0,68.0,2.0,0.0,0.0,0.0,0.0,0.0,0.0,0.0,0.0,0.0,0.0,5.8,1.93,1.18,121.0,-0.11,409.0,1,0,0.0,125.0,0.011,0.0,0.004,0.0,0.004,0.0,0.0,48.0,,Sprint of small group,0.8,1.0,🟢  Plat/Sprint,0
2018-08-01,2018,volta-a-portugal,prologue,,Caja Rural - Seguros RGA,1,2.1,FIN,111.0,0.0,38.0,0.0,,,,,14.0,14.0,0.0,0.0,0.0,,1.86,0.594,0.397,0.563,0.0,0.0,0.0,0.887,0.0,0.0,0.23,0.0,0.243,0.68,0.0,3.0,1.0,3.0,0.0,0.0,0.0,0.0,0.0,0.0,0.0,0.0,0.0,0.0,0.0,-0.1,0.11,0.11,3.0,0.11,3.0,0,0,0.0,14.0,0.0,0.0,0.0,0.0,0.0,0.0,0.0,,,,0.3333333333333333,0.0,⏱️  CLM,0
2018-08-02,2018,volta-a-portugal,stage,1.0,Caja Rural - Seguros RGA,1,2.1,FIN,111.0,0.0,38.0,0.0,,,,,0.0,14.0,0.0,0.0,0.0,1.0,193.32,193.0,0.0,0.0,0.0,0.0,59.7,0.0,133.0,0.0,0.463,0.0,0.0,0.0,0.0,1993.0,1975.0,285.0,6.0,3.0,2.0,0.0,0.0,0.0,0.6812,0.6812,0.0,0.0,0.0,-0.2,-1.17,-1.28,6.0,0.46,563.0,0,1,1.86,14.0,0.0,0.0,0.0,0.0,0.0,0.0,0.0,36.0,,Sprint of large group,3.0,2.0,⛰️  Moy. montagne,0
2018-08-03,2018,volta-a-portugal,stage,2.0,Caja Rural - Seguros RGA,1,2.1,FIN,122.0,0.0,38.0,0.0,,,,,0.0,14.0,0.0,0.0,0.0,2.0,195.34,190.0,3.85,0.401,0.215,0.0,64.2,2.4,128.0,0.0,0.917,0.0,0.917,0.0,0.0,1770.0,1512.0,476.0,140.0,1.0,2.0,1.0,0.0,0.0,0.9997,0.9997,0.6698,0.0,0.0,0.6,2.97,2.8,105.0,0.03,391.0,0,2,195.18,14.0,0.0,0.0,0.0,0.0,0.0,0.0,0.0,36.0,,Sprint of large group,3.0,2.0,⛰️  Moy. montagne,0
2018-08-04,2018,volta-a-portugal,stage,3.0,Caja Rural - Seguros RGA,1,2.1,FIN,56.0,0.0,38.0,0.0,,,,,0.0,14.0,0.0,0.0,0.0,3.0,175.17,173.0,1.01,0.582,0.884,0.0,118.0,1.93,54.7,0.0,0.0,0.0,0.0,0.884,0.0,3050.0,2921.0,980.0,153.0,8.0,1.0,1.0,1.0,0.0,0.9792,0.9792,0.9792,0.3619,0.0,1.9,-1.13,0.56,203.0,0.16,781.0,0,3,390.52,5.0,0.0,0.0,0.0,0.0,0.0,0.0,0.0,36.0,,? km solo,11.0,2.0,⛰️  Moy. montagne,0
2018-08-04,2018,san-sebastian,result,,Caja Rural - Seguros RGA,0,1.UWT,,,0.0,,,,,,,40.0,40.0,0.0,0.0,0.0,,228.44,216.0,1.76,0.576,0.0,0.0,161.0,7.88,41.3,6.54,10.5,0.0,10.9,1.29,0.0,4099.0,4125.0,548.0,2.0,4.0,4.0,3.0,0.0,0.0,0.9712,0.9712,0.7507,0.0,0.0,-0.1,-0.07,-2.84,14.0,0.34,676.0,1,3,390.52,400.0,0.31,0.0,0.306,0.0,0.027,0.0,0.0,772.0,,Sprint à deux,3.0,2.0,⛰️  Moy. montagne,0
2018-08-05,2018,volta-a-portugal,stage,4.0,Caja Rural - Seguros RGA,1,2.1,FIN,18.0,0.0,38.0,0.0,,,,,0.0,14.0,0.0,0.0,0.0,4.0,140.95,135.0,1.5,3.74,0.434,0.0,51.7,2.44,84.6,1.42,0.0,0.0,0.0,0.434,0.0,3031.0,2498.0,1492.0,424.0,2.0,1.0,0.0,0.0,2.0,0.9998,0.9998,0.9998,0.9998,0.9998,8.8,6.87,7.2,377.0,-0.71,568.0,0,4,565.6899999999999,5.0,0.227,0.0,0.227,0.0,0.0,0.0,0.0,36.0,,? km solo,0.0,3.0,🏔️  Haute montagne,0
2018-08-06,2018,volta-a-portugal,stage,5.0,Caja Rural - Seguros RGA,1,2.1,FIN,97.0,0.0,38.0,0.0,,,,,0.0,14.0,0.0,0.0,0.0,5.0,193.07,186.0,6.78,0.275,0.0,0.0,35.8,2.5,154.0,0.0,0.507,0.0,0.18,0.0,0.0,2078.0,2416.0,886.0,438.0,5.0,2.0,1.0,0.0,0.0,0.9018,0.6475,0.5016,0.0,0.0,1.2,0.4,-0.36,22.0,-0.01,421.0,0,5,706.6399999999999,14.0,0.0,0.0,0.0,0.0,0.0,0.0,0.0,36.0,,Sprint of large group,11.0,2.0,⛰️  Moy. montagne,0
2018-08-07,2018,vuelta-a-burgos,stage,1.0,Caja Rural - Seguros RGA,0,2.HC,,,0.0,,,,,,,5.0,113.0,103.0,0.0,0.0,1.0,156.9,152.0,0.107,0.779,0.349,0.0,83.6,4.6,64.3,0.0,3.42,0.0,3.21,1.03,0.0,1468.0,1438.0,1098.0,588.0,1.0,0.0,1.0,0.0,0.0,0.6424,0.4176,0.4176,0.0,0.0,5.1,0.57,1.12,103.0,-0.51,248.0,1,6,899.7099999999998,20.0,0.867,0.0,0.867,0.0,0.446,0.0,0.0,158.0,,Sprint of large group,48.0,1.0,🟢  Plat/Sprint,0
2018-08-08,2018,vuelta-a-burgos,stage,2.0,Caja Rural - Seguros RGA,0,2.HC,,,0.0,,,,,,,0.0,113.0,103.0,0.0,0.0,2.0,162.2,162.0,0.254,0.104,0.0,0.0,137.0,0.437,25.3,0.0,0.0,0.0,0.0,0.0,0.0,1374.0,1360.0,1190.0,771.0,5.0,0.0,1.0,0.0,0.0,0.9258,0.2035,0.2035,0.0,0.0,0.2,-0.57,-0.52,115.0,0.35,608.0,1,6,899.7099999999998,20.0,0.0,0.0,0.0,0.0,0.0,0.0,0.0,158.0,,Sprint of large group,8.0,2.0,⛰️  Moy. montagne,0
2018-08-08,2018,volta-a-portugal,stage,6.0,Caja Rural - Seguros RGA,1,2.1,FIN,37.0,0.0,38.0,0.0,,,,,0.0,14.0,0.0,0.0,0.0,6.0,168.92,165.0,2.53,1.07,0.0,0.0,15.2,0.667,153.0,0.0,0.0,0.0,0.0,0.0,0.0,2814.0,2881.0,879.0,53.0,3.0,3.0,1.0,0.0,1.0,0.9258,0.8741,0.8741,0.8741,0.8741,-1.2,-2.77,-3.46,4.0,-0.41,654.0,0,6,899.7099999999998,5.0,0.0,0.0,0.0,0.0,0.0,0.0,0.0,36.0,,? km solo,8.0,2.0,⛰️  Moy. montagne,0
2018-08-09,2018,vuelta-a-burgos,stage,3.0,Caja Rural - Seguros RGA,0,2.HC,,,0.0,,,,,,,0.0,113.0,103.0,0.0,0.0,3.0,147.87,139.0,8.94,0.0,0.378,0.0,122.0,1.57,24.4,0.0,0.0,0.0,0.0,0.378,0.0,2574.0,1810.0,1505.0,570.0,1.0,4.0,0.0,0.0,1.0,0.9995,0.9995,0.9995,0.9995,0.9995,9.2,10.03,10.08,504.0,-0.01,732.0,1,7,1068.63,20.0,0.0,0.0,0.0,0.0,0.0,0.0,0.0,158.0,,Sprint à deux,0.0,3.0,🏔️  Haute montagne,0
2018-08-09,2018,volta-a-portugal,stage,7.0,Caja Rural - Seguros RGA,1,2.1,FIN,77.0,0.0,38.0,0.0,,,,,0.0,14.0,0.0,0.0,0.0,7.0,168.37,159.0,5.38,3.57,0.0,0.0,50.3,1.36,116.0,0.0,0.0,0.0,0.0,0.0,0.0,4305.0,5125.0,1077.0,-1.0,1.0,2.0,1.0,0.0,0.0,0.9999,0.9999,0.5225,0.0,0.0,4.4,3.83,3.82,296.0,-0.66,1061.0,0,7,1068.63,14.0,3.612,0.0,3.612,0.0,3.612,0.0,0.0,36.0,,-,8.0,2.0,⛰️  Moy. montagne,0
2018-08-10,2018,vuelta-a-burgos,stage,4.0,Caja Rural - Seguros RGA,0,2.HC,,,0.0,,,,,,,0.0,113.0,103.0,0.0,0.0,4.0,164.94,164.0,0.0,0.0,0.189,0.0,158.0,0.722,5.18,0.0,0.423,0.0,0.496,0.189,0.0,1500.0,1472.0,1142.0,797.0,2.0,2.0,0.0,0.0,0.0,0.9997,0.9997,0.0,0.0,0.0,5.9,3.47,2.34,178.0,-0.15,378.0,1,8,1237.0,20.0,0.0,0.0,0.0,0.0,0.0,0.0,0.0,158.0,,Sprint of large group,0.0,2.0,⛰️  Moy. montagne,0
2018-08-10,2018,volta-a-portugal,stage,8.0,Caja Rural - Seguros RGA,1,2.1,FIN,28.0,0.0,38.0,0.0,,,,,0.0,14.0,0.0,0.0,0.0,8.0,151.06,146.0,1.47,3.16,0.0,0.0,62.5,1.01,86.3,0.327,0.0,0.0,0.0,0.663,0.0,3295.0,3204.0,526.0,6.0,4.0,2.0,2.0,0.0,0.0,0.9541,0.9541,0.9541,0.0,0.0,-4.3,-4.3,-5.1,37.0,-0.09,952.0,0,8,1237.0,14.0,0.287,0.0,0.287,0.0,0.0,0.0,0.0,36.0,,-,0.0,2.0,⛰️  Moy. montagne,0
2018-08-11,2018,vuelta-a-burgos,stage,5.0,Caja Rural - Seguros RGA,0,2.HC,,,0.0,,,,,,,5.0,113.0,103.0,0.0,0.0,5.0,140.71,138.0,1.44,0.0,0.571,0.0,113.0,2.24,24.2,0.0,0.835,0.0,0.841,0.189,0.388,2410.0,1503.0,1865.0,940.0,1.0,4.0,0.0,0.0,1.0,0.9997,0.9997,0.9997,0.9997,0.9997,11.2,9.83,7.76,388.0,0.06,591.0,1,9,1388.06,20.0,0.0,0.0,0.0,0.0,0.0,0.0,0.0,158.0,,-,0.0,3.0,🏔️  Haute montagne,0
2018-08-11,2018,volta-a-portugal,stage,9.0,Caja Rural - Seguros RGA,1,2.1,FIN,40.0,0.0,38.0,0.0,,,,,0.0,14.0,0.0,0.0,0.0,9.0,155.18,148.0,3.19,3.87,0.0,0.0,135.0,1.93,18.3,0.0,0.238,0.0,0.238,0.0,0.0,6104.0,5521.0,1013.0,135.0,2.0,1.0,2.0,1.0,1.0,0.9997,0.9997,0.9997,0.9997,0.6112,7.8,7.57,7.26,694.0,0.47,1376.0,0,9,1388.06,3.0,1.71,0.0,0.091,0.0,0.0,0.0,0.0,36.0,,-,0.0,3.0,🏔️  Haute montagne,0
2018-08-12,2018,volta-a-portugal,stage,10.0,Caja Rural - Seguros RGA,1,2.1,FIN,27.0,0.0,38.0,0.0,,,,,0.0,14.0,0.0,0.0,0.0,10.0,17.56,15.4,1.98,0.0,0.0,0.0,16.0,1.3,0.0,0.0,0.214,0.0,0.214,0.0,0.0,507.0,471.0,396.0,216.0,3.0,0.0,0.0,0.0,0.0,0.923,0.0,0.0,0.0,0.0,-1.1,0.3,1.56,120.0,0.21,507.0,0,10,1543.24,14.0,0.0,0.0,0.0,0.0,0.0,0.0,0.0,36.0,,-,49.0,1.0,🟢  Plat/Sprint,0
2018-08-15,2018,tour-du-limousin,stage,1.0,Caja Rural - Seguros RGA,0,2.1,,,0.0,,,,,,,0.0,0.0,0.0,0.0,0.0,1.0,176.62,165.0,11.1,0.0,0.759,0.0,166.0,0.982,9.19,0.0,0.237,0.0,0.237,0.0,0.381,2375.0,2326.0,538.0,261.0,6.0,3.0,0.0,0.0,0.0,0.9997,0.6308,0.0,0.0,0.0,4.4,1.67,0.1,192.0,0.3,811.0,0,11,1560.8,14.0,0.0,0.0,0.0,0.0,0.0,0.0,0.0,177.0,,-,0.0,2.0,⛰️  Moy. montagne,0
2018-08-16,2018,tour-du-limousin,stage,2.0,Caja Rural - Seguros RGA,0,2.1,,,0.0,,,,,,,0.0,0.0,0.0,0.0,0.0,2.0,178.52,142.0,33.4,0.226,1.27,0.0,163.0,6.34,8.26,0.0,0.189,0.0,1.7,1.27,0.0,2618.0,2639.0,367.0,77.0,4.0,6.0,0.0,0.0,0.0,0.9998,0.9998,0.0,0.0,0.0,6.2,5.07,4.8,247.0,-0.43,617.0,0,11,1560.8,14.0,0.0,0.0,0.0,0.0,0.0,0.0,0.0,177.0,,-,0.0,2.0,⛰️  Moy. montagne,0
2018-08-17,2018,tour-du-limousin,stage,3.0,Caja Rural - Seguros RGA,0,2.1,,,0.0,,,,,,,0.0,0.0,0.0,0.0,0.0,3.0,193.71,179.0,14.4,0.0,0.0,0.0,193.0,1.08,0.0,0.0,0.0,0.0,0.133,0.0,0.0,2876.0,3093.0,629.0,194.0,8.0,3.0,0.0,0.0,0.0,0.9452,0.8931,0.0,0.0,0.0,3.0,-0.33,-1.88,98.0,0.06,731.0,0,11,1560.8,14.0,0.0,0.0,0.0,0.0,0.0,0.0,0.0,177.0,,-,0.0,2.0,⛰️  Moy. montagne,0
2018-08-18,2018,tour-du-limousin,stage,4.0,Caja Rural - Seguros RGA,0,2.1,,,0.0,,,,,,,0.0,0.0,0.0,0.0,0.0,4.0,164.58,139.0,25.8,0.0,0.0,0.0,126.0,13.4,23.8,1.56,0.19,0.0,0.19,0.0,0.0,2157.0,2098.0,426.0,140.0,6.0,1.0,0.0,0.0,0.0,0.9371,0.5997,0.0,0.0,0.0,2.6,1.87,-0.52,82.0,-0.11,522.0,0,11,1560.8,14.0,0.0,0.0,0.0,0.0,0.0,0.0,0.0,177.0,,-,0.0,2.0,⛰️  Moy. montagne,0
2018-08-25,2018,vuelta-a-espana,stage,1.0,Caja Rural - Seguros RGA,1,2.UWT,FIN,164.0,0.0,25.0,32.0,,,,,0.0,76.0,64.0,0.0,0.0,1.0,8.27,5.5,0.0,0.4,0.0,0.0,1.84,3.06,0.888,0.0,1.86,0.0,2.15,0.334,0.0,63.0,59.0,59.0,2.0,0.0,0.0,0.0,0.0,0.0,0.0,0.0,0.0,0.0,0.0,0.0,-1.5,0.04,61.0,0.05,63.0,1,11,1560.8,100.0,0.0,0.0,0.0,0.0,0.0,0.0,0.0,1000.0,,Time trial,49.0,1.0,🟢  Plat/Sprint,0
2018-08-26,2018,vuelta-a-espana,stage,2.0,Caja Rural - Seguros RGA,1,2.UWT,FIN,41.0,0.0,25.0,32.0,,,,,0.0,76.0,64.0,0.0,0.0,2.0,164.5,160.0,4.4,0.0,0.0,0.0,133.0,0.0,31.1,0.0,0.0,0.0,0.0,0.0,0.0,2728.0,2433.0,555.0,70.0,1.0,1.0,3.0,0.0,0.0,0.9998,0.9998,0.9998,0.0,0.0,6.3,4.17,3.86,235.0,0.55,1046.0,1,12,1569.07,100.0,0.0,0.0,0.0,0.0,0.0,0.0,0.0,1000.0,,Sprint à deux,0.0,2.0,⛰️  Moy. montagne,0
2018-08-27,2018,vuelta-a-espana,stage,3.0,Caja Rural - Seguros RGA,1,2.UWT,FIN,78.0,0.0,25.0,32.0,,,,,0.0,76.0,64.0,0.0,0.0,3.0,178.97,169.0,1.88,0.463,0.563,0.584,107.0,3.05,60.6,0.683,5.35,0.0,7.24,2.52,0.0,3136.0,3061.0,1128.0,6.0,2.0,1.0,2.0,0.0,1.0,0.9816,0.7958,0.7958,0.2761,0.2761,0.0,0.57,0.32,106.0,2.04,1228.0,1,13,1733.57,100.0,0.375,0.0,0.375,0.0,0.0,0.0,0.0,1000.0,,Sprint of large group,0.0,2.0,⛰️  Moy. montagne,0
2018-08-28,2018,vuelta-a-espana,stage,4.0,Caja Rural - Seguros RGA,1,2.UWT,FIN,39.0,0.0,25.0,32.0,,,,,0.0,76.0,64.0,0.0,0.0,4.0,161.31,158.0,2.73,0.698,0.119,0.0,98.6,3.13,55.1,3.53,0.0,0.0,0.378,1.12,0.0,3297.0,1863.0,1437.0,2.0,2.0,1.0,0.0,1.0,1.0,0.9998,0.9998,0.9998,0.9998,0.9998,4.3,4.33,5.12,478.0,0.23,647.0,1,14,1912.54,100.0,0.0,0.0,0.0,0.0,0.0,0.0,0.0,1000.0,,Sprint à deux,1.0,3.0,🏔️  Haute montagne,0
2018-08-29,2018,vuelta-a-espana,stage,5.0,Caja Rural - Seguros RGA,1,2.UWT,FIN,54.0,0.0,25.0,32.0,,,,,0.0,76.0,64.0,0.0,0.0,5.0,188.94,188.0,1.14,0.0,0.0,0.0,157.0,1.14,30.5,0.0,0.0,0.0,0.0,0.0,0.0,3178.0,3881.0,1017.0,2.0,3.0,1.0,2.0,1.0,0.0,0.8292,0.8292,0.8292,0.8292,0.0,0.0,-0.13,-0.04,13.0,-0.77,513.0,1,15,2073.85,100.0,0.0,0.0,0.0,0.0,0.0,0.0,0.0,1000.0,,Sprint of small group,0.0,2.0,⛰️  Moy. montagne,0
2018-08-30,2018,vuelta-a-espana,stage,6.0,Caja Rural - Seguros RGA,1,2.UWT,FIN,68.0,0.0,25.0,32.0,,,,,0.0,76.0,64.0,0.0,0.0,6.0,155.77,151.0,2.12,0.0,0.0,0.0,91.7,1.58,56.5,2.67,1.83,0.0,1.95,0.839,0.0,1398.0,1691.0,389.0,1.0,2.0,0.0,2.0,0.0,0.0,0.8087,0.6347,0.6347,0.0,0.0,0.5,0.13,-0.04,20.0,-0.36,368.0,1,16,2262.79,100.0,0.0,0.0,0.0,0.0,0.0,0.0,0.0,1000.0,,Sprint of large group,0.0,2.0,⛰️  Moy. montagne,0
2018-08-31,2018,vuelta-a-espana,stage,7.0,Caja Rural - Seguros RGA,1,2.UWT,FIN,34.0,0.0,25.0,32.0,,,,,0.0,76.0,64.0,0.0,0.0,7.0,185.43,148.0,13.9,0.0,14.5,0.0,137.0,2.12,14.0,4.53,8.32,0.0,9.25,20.3,0.0,2535.0,2288.0,1255.0,473.0,2.0,1.0,2.0,1.0,0.0,0.9997,0.9997,0.9997,0.2663,0.0,1.5,1.83,1.72,255.0,0.89,953.0,1,17,2418.56,100.0,0.0,0.0,0.0,0.0,0.0,0.0,0.0,1000.0,,2.2 km solo,0.0,2.0,⛰️  Moy. montagne,0
2018-09-01,2018,vuelta-a-espana,stage,8.0,Caja Rural - Seguros RGA,1,2.UWT,FIN,49.0,0.0,25.0,32.0,,,,,0.0,76.0,64.0,0.0,0.0,8.0,194.77,192.0,0.719,0.862,0.0,0.0,159.0,0.719,33.9,0.0,0.534,0.0,0.669,0.42,0.0,2110.0,1884.0,793.0,186.0,3.0,1.0,1.0,0.0,0.0,0.9997,0.9997,0.6142,0.0,0.0,4.7,2.77,2.5,196.0,-0.25,428.0,1,17,2602.1299999999997,100.0,0.0,0.0,0.0,0.0,0.0,0.0,0.0,1000.0,,Sprint of large group,0.0,2.0,⛰️  Moy. montagne,0
2018-09-02,2018,vuelta-a-espana,stage,9.0,Caja Rural - Seguros RGA,1,2.UWT,FIN,40.0,0.0,25.0,32.0,,,,,0.0,76.0,64.0,0.0,0.0,9.0,199.63,188.0,10.5,0.349,0.365,0.0,158.0,1.5,40.2,0.0,0.0,0.0,0.0,0.385,0.0,4399.0,2971.0,1961.0,372.0,5.0,3.0,0.0,0.0,2.0,0.9996,0.9996,0.9996,0.9996,0.9996,4.3,6.33,7.2,669.0,1.43,1245.0,1,17,2603.58,100.0,0.0,0.0,0.0,0.0,0.0,0.0,0.0,1000.0,,18 km solo,1.0,3.0,🏔️  Haute montagne,0
2018-09-04,2018,vuelta-a-espana,stage,10.0,Caja Rural - Seguros RGA,1,2.UWT,FIN,81.0,0.0,25.0,32.0,,,,,12.0,76.0,64.0,0.0,0.0,10.0,177.21,173.0,2.62,0.276,0.0,0.0,81.0,0.471,92.6,1.97,0.595,0.0,1.06,0.685,0.0,1305.0,1298.0,917.0,421.0,2.0,0.0,1.0,0.0,0.0,0.9176,0.9176,0.9176,0.0,0.0,1.2,0.37,0.08,171.0,0.05,308.0,1,16,2432.7,100.0,0.0,0.0,0.0,0.0,0.0,0.0,0.0,1000.0,,Sprint of large group,48.4,1.0,🟢  Plat/Sprint,0
2018-09-05,2018,vuelta-a-espana,stage,11.0,Caja Rural - Seguros RGA,1,2.UWT,FIN,53.0,0.0,25.0,32.0,,,,,0.0,76.0,64.0,0.0,0.0,11.0,207.65,205.0,2.66,0.0,0.221,0.0,67.2,0.783,139.0,0.0,0.0,0.0,0.0,0.221,0.0,3755.0,4035.0,1340.0,312.0,3.0,3.0,4.0,0.0,0.0,0.9843,0.9843,0.8919,0.0,0.0,0.4,-2.1,1.16,213.0,0.2,712.0,1,16,2468.96,100.0,0.0,0.0,0.0,0.0,0.0,0.0,0.0,1000.0,,4.3 km solo,0.0,2.0,⛰️  Moy. montagne,0
2018-09-06,2018,vuelta-a-espana,stage,12.0,Caja Rural - Seguros RGA,1,2.UWT,FIN,54.0,0.0,25.0,32.0,,,,,0.0,76.0,64.0,0.0,0.0,12.0,181.38,179.0,2.48,0.0,0.0,0.0,75.8,6.28,99.2,0.0,0.0,0.0,0.205,0.0,0.0,3021.0,3129.0,431.0,0.0,6.0,2.0,2.0,0.0,0.0,0.9813,0.8013,0.688,0.0,0.0,-2.3,-2.8,-1.22,123.0,-0.24,825.0,1,16,2483.54,100.0,0.0,0.0,0.0,0.0,0.0,0.0,0.0,1000.0,,Sprint of small group,0.0,2.0,⛰️  Moy. montagne,0
2018-09-07,2018,vuelta-a-espana,stage,13.0,Caja Rural - Seguros RGA,1,2.UWT,FIN,18.0,0.0,25.0,32.0,,,,,0.0,76.0,64.0,0.0,0.0,13.0,175.52,165.0,8.24,0.0,0.0,0.0,44.2,6.17,122.0,0.787,1.88,0.0,1.57,0.0,0.0,3235.0,1740.0,1594.0,6.0,2.0,1.0,1.0,0.0,1.0,0.9998,0.9998,0.9998,0.9998,0.9998,13.1,13.3,10.48,615.0,0.27,664.0,1,17,2664.92,100.0,0.0,0.0,0.0,0.0,0.0,0.0,0.0,1000.0,,1 km solo,1.0,3.0,🏔️  Haute montagne,0
2018-09-08,2018,vuelta-a-espana,stage,14.0,Caja Rural - Seguros RGA,1,2.UWT,FIN,39.0,0.0,25.0,32.0,,,,,0.0,76.0,64.0,0.0,0.0,14.0,171.44,170.0,1.21,0.0,0.179,0.0,116.0,2.58,52.1,0.0,0.26,0.0,0.0,0.179,0.0,3314.0,3511.0,1519.0,220.0,1.0,1.0,5.0,0.0,0.0,0.9998,0.9998,0.9998,0.0,0.0,9.8,12.57,8.58,479.0,0.61,732.0,1,17,2671.52,100.0,0.0,0.0,0.0,0.0,0.0,0.0,0.0,1000.0,,0.6 km solo,1.0,3.0,🏔️  Haute montagne,0
2018-09-09,2018,vuelta-a-espana,stage,15.0,Caja Rural - Seguros RGA,1,2.UWT,FIN,69.0,0.0,25.0,32.0,,,,,0.0,76.0,64.0,0.0,0.0,15.0,178.05,175.0,2.86,0.0,0.184,0.0,149.0,0.831,27.2,0.793,0.446,0.0,0.551,0.393,0.0,4586.0,3645.0,1110.0,5.0,2.0,4.0,4.0,0.0,1.0,0.9931,0.9931,0.9931,0.9931,0.9931,-2.5,3.13,3.48,282.0,0.36,917.0,1,17,2674.59,100.0,0.0,0.0,0.0,0.0,0.0,0.0,0.0,1000.0,,6 km solo,1.0,3.0,🏔️  Haute montagne,0
2018-09-11,2018,vuelta-a-espana,stage,16.0,Caja Rural - Seguros RGA,1,2.UWT,FIN,94.0,0.0,25.0,32.0,,,,,0.0,76.0,64.0,0.0,0.0,16.0,31.98,29.1,2.38,0.107,0.0,0.0,10.7,0.436,19.4,0.961,0.352,0.0,0.508,0.201,0.0,425.0,492.0,184.0,9.0,0.0,1.0,0.0,0.0,0.0,0.4884,0.4884,0.0,0.0,0.0,-0.3,-0.27,-0.24,4.0,-0.21,425.0,1,16,2546.4,100.0,0.0,0.0,0.0,0.0,0.0,0.0,0.0,1000.0,,Time trial,50.6,1.0,🟢  Plat/Sprint,0
2018-09-12,2018,vuelta-a-espana,stage,17.0,Caja Rural - Seguros RGA,1,2.UWT,FIN,20.0,0.0,25.0,32.0,,,,,0.0,76.0,64.0,0.0,0.0,17.0,157.41,147.0,6.61,0.524,0.0,0.0,98.7,7.25,44.4,4.64,1.93,0.0,3.03,0.418,0.0,3536.0,2656.0,918.0,2.0,2.0,4.0,2.0,0.0,1.0,0.9998,0.9998,0.9998,0.9998,0.9998,12.6,11.97,11.38,522.0,0.02,692.0,1,16,2560.82,100.0,0.09,0.0,0.041,0.0,0.041,0.0,0.0,1000.0,,0.5 km solo,0.0,3.0,🏔️  Haute montagne,0
2018-09-13,2018,vuelta-a-espana,stage,18.0,Caja Rural - Seguros RGA,1,2.UWT,FIN,73.0,0.0,25.0,32.0,,,,,0.0,76.0,64.0,0.0,0.0,18.0,185.84,180.0,5.59,0.0,0.0,0.0,111.0,0.761,74.1,0.0,0.0,0.0,0.0,0.0,0.0,1040.0,1227.0,464.0,153.0,4.0,1.0,0.0,0.0,0.0,0.7356,0.3931,0.0,0.0,0.0,1.5,0.07,-0.34,22.0,0.06,323.0,1,17,2718.23,100.0,0.0,0.0,0.0,0.0,0.0,0.0,0.0,1000.0,,Sprint à deux,3.4,1.0,🟢  Plat/Sprint,0
2018-09-14,2018,vuelta-a-espana,stage,19.0,Caja Rural - Seguros RGA,1,2.UWT,FIN,29.0,0.0,25.0,32.0,,,,,0.0,76.0,64.0,0.0,0.0,19.0,154.22,151.0,0.0,0.0,0.226,0.0,23.7,0.698,125.0,1.8,2.86,0.0,2.88,0.226,0.0,3181.0,1322.0,2026.0,167.0,4.0,1.0,0.0,0.0,1.0,0.9998,0.9998,0.9998,0.9998,0.9998,6.6,5.87,5.36,239.0,0.43,547.0,1,18,2904.07,100.0,0.0,0.0,0.0,0.0,0.0,0.0,0.0,1000.0,,0.2 km solo,0.0,3.0,🏔️  Haute montagne,0
2018-09-15,2018,vuelta-a-espana,stage,20.0,Caja Rural - Seguros RGA,1,2.UWT,FIN,36.0,0.0,25.0,32.0,,,,,0.0,76.0,64.0,0.0,0.0,20.0,97.6,96.8,0.0,0.0,0.127,0.0,70.2,0.0,24.1,2.49,0.519,0.0,0.693,0.296,0.0,3429.0,2902.0,1978.0,929.0,0.0,2.0,3.0,0.0,1.0,0.9997,0.9997,0.9997,0.4453,0.4453,8.5,9.57,9.2,301.0,1.16,1928.0,1,19,3058.29,100.0,0.0,0.0,0.0,0.0,0.0,0.0,0.0,1000.0,,Sprint à deux,0.0,3.0,🏔️  Haute montagne,0
2018-09-15,2018,coppa-agostoni,result,,Caja Rural - Seguros RGA,0,1.1,,,0.0,,,,,,,3.0,3.0,0.0,0.0,0.0,,198.72,167.0,31.4,0.0,0.0,0.0,189.0,6.44,0.267,2.05,0.0,0.0,0.0,0.153,0.0,2924.0,2928.0,537.0,186.0,5.0,4.0,4.0,0.0,0.0,0.7744,0.7744,0.7285,0.0,0.0,-1.0,-0.5,-0.28,7.0,0.13,408.0,0,19,3058.29,125.0,0.0,0.0,0.0,0.0,0.0,0.0,0.0,255.0,,Sprint à deux,0.0,2.0,⛰️  Moy. montagne,0
2018-09-16,2018,vuelta-a-espana,stage,21.0,Caja Rural - Seguros RGA,1,2.UWT,FIN,67.0,0.0,25.0,32.0,,,,,0.0,76.0,64.0,0.0,0.0,21.0,99.88,77.8,1.33,3.56,1.38,0.12,6.89,5.29,64.0,2.31,18.4,0.0,18.9,5.12,1.08,603.0,655.0,691.0,556.0,1.0,0.0,0.0,0.0,0.0,0.3617,0.0,0.0,0.0,0.0,1.5,-0.4,-0.26,65.0,-0.07,300.0,1,20,3155.89,100.0,2.449,0.0,0.918,0.0,0.343,0.0,0.0,1000.0,,-,2.4,1.0,🟢  Plat/Sprint,0
2018-09-16,2018,coppa-bernocchi,result,,Caja Rural - Seguros RGA,0,1.1,,,0.0,,,,,,,0.0,0.0,0.0,0.0,0.0,,194.78,186.0,7.42,0.266,0.0,0.0,170.0,8.54,13.4,1.69,0.47,0.253,0.235,0.0,0.0,1909.0,1920.0,395.0,180.0,0.0,6.0,0.0,0.0,0.0,0.693,0.693,0.0,0.0,0.0,-0.4,-0.37,0.04,21.0,0.2,279.0,0,20,3155.89,125.0,0.0,0.0,0.0,0.0,0.0,0.0,0.0,255.0,,Sprint of large group,0.6,2.0,⛰️  Moy. montagne,0
2018-09-19,2018,giro-di-toscana,result,,Caja Rural - Seguros RGA,0,1.1,,,0.0,,,,,,,0.0,0.0,0.0,0.0,0.0,,200.62,193.0,6.45,0.0,0.0,0.0,167.0,1.81,27.6,2.98,1.03,0.0,1.36,0.331,0.0,2490.0,2487.0,645.0,8.0,1.0,0.0,3.0,0.0,0.0,0.8611,0.8611,0.8611,0.0,0.0,-0.1,-0.03,0.0,85.0,0.01,251.0,0,21,3255.77,125.0,0.0,0.0,0.0,0.0,0.0,0.0,0.0,371.0,,Sprint à deux,0.6,2.0,⛰️  Moy. montagne,0
2018-09-20,2018,gp-citta-di-peccioli,result,,Caja Rural - Seguros RGA,0,1.1,,,0.0,,,,,,,0.0,0.0,0.0,0.0,0.0,,195.87,196.0,0.0,0.0,0.0,0.0,166.0,0.0,30.7,0.0,0.185,0.0,0.185,0.0,0.0,2161.0,2171.0,283.0,36.0,15.0,1.0,0.0,0.0,0.0,0.9998,0.1499,0.0,0.0,0.0,6.5,2.6,1.68,188.0,-0.13,602.0,0,21,3255.77,125.0,0.0,0.0,0.0,0.0,0.0,0.0,0.0,365.0,,-,0.6,2.0,⛰️  Moy. montagne,0
2018-09-22,2018,memorial-marco-pantani,result,,Caja Rural - Seguros RGA,0,1.1,,,0.0,,,,,,,0.0,0.0,0.0,0.0,0.0,,199.05,177.0,16.7,0.0,0.0,0.0,178.0,11.5,3.09,0.958,5.58,0.0,4.99,0.531,0.0,2860.0,2928.0,448.0,-1.0,1.0,2.0,4.0,0.0,0.0,0.8143,0.7274,0.7274,0.0,0.0,0.0,0.0,0.0,2.0,0.11,743.0,0,21,3255.77,125.0,0.0,0.0,0.0,0.0,0.0,0.0,0.0,328.0,,Sprint of small group,0.6,2.0,⛰️  Moy. montagne,0
2018-09-23,2018,trofeo-matteotti,result,,Caja Rural - Seguros RGA,0,1.1,,,0.0,,,,,,,35.0,35.0,0.0,0.0,0.0,,193.63,192.0,1.15,0.111,0.0,0.0,167.0,8.62,0.0,16.8,0.0,0.0,0.0,1.6,0.0,2508.0,2510.0,142.0,1.0,13.0,0.0,0.0,0.0,0.0,0.9507,0.0,0.0,0.0,0.0,0.2,-1.97,-2.38,276.0,0.17,675.0,0,21,3255.77,125.0,0.0,0.0,0.0,0.0,0.0,0.0,0.0,208.0,,-,0.6,2.0,⛰️  Moy. montagne,0
2018-10-06,2018,giro-dell-emilia,result,,Caja Rural - Seguros RGA,1,1.HC,DNF,,0.0,,,,,,,0.0,0.0,0.0,0.0,0.0,,209.07,201.0,3.37,4.66,0.0,0.0,127.0,0.682,69.6,12.2,0.189,0.0,0.282,0.0,0.0,3241.0,3039.0,895.0,51.0,1.0,7.0,0.0,0.0,1.0,0.9994,0.9994,0.3787,0.3787,0.3787,8.3,5.97,1.74,254.0,0.4,628.0,0,10,1433.3200000000002,200.0,4.595,0.0,2.409,0.0,0.902,0.0,0.0,720.0,,29 km solo,0.0,3.0,🏔️  Haute montagne,0
2018-10-06,2018,tour-de-vendee,result,,Caja Rural - Seguros RGA,0,1.1,,,0.0,,,,,,,5.0,5.0,0.0,0.0,0.0,,205.67,166.0,38.4,0.0,0.148,0.0,192.0,6.66,0.623,5.34,0.422,0.0,0.702,0.617,0.0,1651.0,1662.0,103.0,5.0,1.0,0.0,0.0,0.0,0.0,0.6964,0.0,0.0,0.0,0.0,2.3,0.07,0.46,59.0,-0.05,275.0,1,10,1433.3200000000002,125.0,0.0,0.0,0.0,0.0,0.0,0.0,0.0,101.0,,Sprint of small group,2.4,1.0,🟢  Plat/Sprint,0
2018-10-07,2018,gp-bruno-beghelli,result,,Caja Rural - Seguros RGA,1,1.HC,FIN,127.0,0.0,,,,,,,0.0,0.0,0.0,0.0,0.0,,198.32,195.0,2.97,0.194,0.0,0.0,175.0,4.12,15.9,3.56,0.702,0.0,1.06,0.0,0.0,1681.0,1682.0,227.0,79.0,12.0,0.0,0.0,0.0,0.0,0.9574,0.0,0.0,0.0,0.0,0.0,-0.5,-0.72,39.0,0.04,315.0,0,10,1461.01,200.0,0.0,0.0,0.0,0.0,0.0,0.0,0.0,503.0,,2.3 km solo,7.0,2.0,⛰️  Moy. montagne,0
2018-10-09,2018,tre-valli-varesine,result,,Caja Rural - Seguros RGA,1,1.HC,DNF,,0.0,,,,,,,5.0,5.0,0.0,0.0,0.0,,205.22,196.0,4.41,0.852,0.138,0.0,113.0,24.2,50.6,12.6,0.0,0.681,0.244,0.115,0.0,3217.0,3053.0,579.0,212.0,2.0,8.0,1.0,0.0,0.0,0.9741,0.9741,0.367,0.0,0.0,-1.2,-1.07,-1.32,110.0,0.01,383.0,0,9,1312.37,200.0,0.12,0.0,0.04,0.0,0.0,0.0,0.0,633.0,,Sprint of small group,7.0,2.0,⛰️  Moy. montagne,0
2018-10-09,2018,tour-of-turkey,stage,1.0,Caja Rural - Seguros RGA,0,2.UWT,,,0.0,,,,,,,0.0,42.0,42.0,0.0,0.0,1.0,150.7,136.0,3.89,0.0,0.0,0.0,55.2,2.2,82.3,1.77,9.78,0.0,10.8,0.0,0.0,1348.0,1342.0,1557.0,1005.0,2.0,1.0,1.0,0.0,0.0,0.7055,0.5149,0.5149,0.0,0.0,-0.2,-0.13,-0.3,48.0,0.05,200.0,0,9,1312.37,40.0,0.0,0.0,0.0,0.0,0.0,0.0,0.0,286.0,,Sprint of large group,3.4,1.0,🟢  Plat/Sprint,0
2018-10-10,2018,tour-of-turkey,stage,2.0,Caja Rural - Seguros RGA,0,2.UWT,,,0.0,,,,,,,0.0,42.0,42.0,0.0,0.0,2.0,149.73,149.0,0.465,0.229,0.0,0.0,50.4,0.377,98.5,0.0,0.301,0.0,0.0,0.293,0.0,582.0,562.0,70.0,0.0,0.0,0.0,0.0,0.0,0.0,0.0,0.0,0.0,0.0,0.0,-0.3,-0.43,-0.28,88.0,-0.03,275.0,0,9,1339.5400000000002,40.0,0.0,0.0,0.0,0.0,0.0,0.0,0.0,286.0,,Sprint of large group,1.0,1.0,🟢  Plat/Sprint,0
2018-10-11,2018,tour-of-turkey,stage,3.0,Caja Rural - Seguros RGA,0,2.UWT,,,0.0,,,,,,,0.0,42.0,42.0,0.0,0.0,3.0,132.25,130.0,0.0,1.29,0.0,0.0,13.1,0.151,118.0,0.0,1.16,0.0,0.948,0.0,0.0,1702.0,1702.0,340.0,2.0,6.0,1.0,1.0,0.0,0.0,0.8549,0.8549,0.3387,0.0,0.0,-0.1,-0.2,-0.04,163.0,0.05,822.0,0,9,1339.5400000000002,40.0,1.358,0.0,1.358,0.0,1.358,0.0,0.0,286.0,,Sprint of large group,8.0,2.0,⛰️  Moy. montagne,0
2018-10-12,2018,tour-of-turkey,stage,4.0,Caja Rural - Seguros RGA,0,2.UWT,,,0.0,,,,,,,0.0,42.0,42.0,0.0,0.0,4.0,215.21,212.0,1.7,0.535,0.0,0.0,10.3,0.405,204.0,0.0,0.597,0.0,1.0,0.0,0.0,2826.0,2406.0,770.0,6.0,4.0,2.0,1.0,1.0,0.0,0.999,0.999,0.999,0.3313,0.0,8.2,8.57,7.58,411.0,1.29,1293.0,0,8,1307.56,40.0,0.0,0.0,0.0,0.0,0.0,0.0,0.0,286.0,,Sprint of small group,0.0,3.0,🏔️  Haute montagne,0
2018-10-13,2018,tour-of-turkey,stage,5.0,Caja Rural - Seguros RGA,0,2.UWT,,,0.0,,,,,,,0.0,42.0,42.0,0.0,0.0,5.0,134.53,133.0,0.301,0.0,0.0,0.0,9.16,1.15,124.0,0.0,0.569,0.0,1.48,0.0,0.0,779.0,708.0,453.0,5.0,0.0,0.0,1.0,0.0,0.0,0.3848,0.3848,0.3848,0.0,0.0,0.8,0.07,0.08,120.0,0.59,354.0,0,7,1150.15,40.0,0.0,0.0,0.0,0.0,0.0,0.0,0.0,286.0,,Sprint of large group,1.0,1.0,🟢  Plat/Sprint,0
2018-10-14,2018,tour-of-turkey,stage,6.0,Caja Rural - Seguros RGA,0,2.UWT,,,0.0,,,,,,,0.0,42.0,42.0,0.0,0.0,6.0,164.16,34.7,3.83,0.662,0.149,0.0,4.56,8.42,28.6,0.291,120.0,0.384,126.0,3.89,0.123,1774.0,1844.0,432.0,0.0,2.0,2.0,1.0,0.0,0.0,0.3614,0.3614,0.2087,0.0,0.0,1.2,1.2,0.74,86.0,-0.01,613.0,0,6,964.31,40.0,0.627,0.0,0.558,0.0,0.558,0.0,0.0,286.0,,-,8.0,2.0,⛰️  Moy. montagne,0
2019-01-27,2019,vuelta-ciclista-a-la-provincia-de-san-juan,stage,1.0,Caja Rural - Seguros RGA,1,2.1,FIN,112.0,0.0,18.0,3.0,,,,,5.0,8.0,3.0,0.0,0.0,1.0,162.36,143.0,15.4,0.0,2.73,0.0,37.4,1.2,122.0,0.0,1.57,0.0,1.57,0.0,0.0,497.0,492.0,829.0,572.0,0.0,1.0,0.0,0.0,0.0,0.3897,0.3897,0.0,0.0,0.0,0.3,0.4,0.34,104.0,0.03,106.0,0,0,0.0,14.0,0.0,0.0,0.0,0.0,0.0,0.0,0.0,311.0,,Sprint of large group,1.0,1.0,🟢  Plat/Sprint,0
2019-01-28,2019,vuelta-ciclista-a-la-provincia-de-san-juan,stage,2.0,Caja Rural - Seguros RGA,1,2.1,FIN,28.0,0.0,18.0,3.0,,,,,0.0,8.0,3.0,0.0,0.0,2.0,132.42,130.0,2.82,0.0,0.0,0.0,80.6,0.0,44.7,7.39,0.0,0.0,0.0,0.0,0.0,1030.0,705.0,973.0,645.0,0.0,3.0,1.0,0.0,0.0,0.9756,0.9756,0.9756,0.0,0.0,0.2,1.17,2.32,221.0,0.43,438.0,0,1,162.36,14.0,0.0,0.0,0.0,0.0,0.0,0.0,0.0,311.0,,1.9 km solo,2.0,1.0,🟢  Plat/Sprint,0
2019-01-29,2019,vuelta-ciclista-a-la-provincia-de-san-juan,stage,3.0,Caja Rural - Seguros RGA,1,2.1,FIN,35.0,0.0,18.0,3.0,,,,,0.0,8.0,3.0,0.0,0.0,3.0,11.95,11.4,0.0,0.0,0.0,0.0,0.0,0.0,11.4,0.0,0.0,0.0,0.0,0.0,0.0,44.0,44.0,634.0,607.0,0.0,0.0,0.0,0.0,0.0,0.0,0.0,0.0,0.0,0.0,0.5,0.4,0.42,44.0,0.0,44.0,0,2,294.78,14.0,0.0,0.0,0.0,0.0,0.0,0.0,0.0,311.0,,Time trial,1.0,1.0,🟢  Plat/Sprint,0
2019-01-30,2019,vuelta-ciclista-a-la-provincia-de-san-juan,stage,4.0,Caja Rural - Seguros RGA,1,2.1,FIN,69.0,0.0,18.0,3.0,,,,,0.0,8.0,3.0,0.0,0.0,4.0,189.93,187.0,1.44,0.0,0.0,0.0,54.9,1.01,133.0,0.0,1.33,0.0,1.33,0.0,0.0,1140.0,1374.0,1508.0,776.0,1.0,0.0,0.0,1.0,0.0,0.5582,0.5582,0.5582,0.5582,0.0,-0.2,-0.47,-0.48,2.0,-0.46,170.0,0,3,306.72999999999996,14.0,0.0,0.0,0.0,0.0,0.0,0.0,0.0,311.0,,Sprint of large group,1.0,1.0,🟢  Plat/Sprint,0
2019-01-31,2019,trofeo-ses-salines-felanitx,result,,Caja Rural - Seguros RGA,0,1.1,,,0.0,,,,,,,15.0,15.0,0.0,0.0,0.0,,176.93,166.0,10.1,0.0,0.0,0.0,126.0,5.0,23.0,22.6,0.254,0.155,0.53,0.259,0.0,1228.0,806.0,463.0,0.0,0.0,1.0,1.0,0.0,0.0,0.9997,0.9997,0.9997,0.0,0.0,3.8,5.89,6.24,201.0,-0.02,167.0,0,4,496.66,125.0,0.0,0.0,0.0,0.0,0.0,0.0,0.0,379.0,,0.4 km solo,1.0,1.0,🟢  Plat/Sprint,0
2019-02-01,2019,vuelta-ciclista-a-la-provincia-de-san-juan,stage,5.0,Caja Rural - Seguros RGA,1,2.1,FIN,20.0,0.0,18.0,3.0,,,,,0.0,8.0,3.0,0.0,0.0,5.0,169.27,124.0,45.3,0.0,0.0,0.0,125.0,0.0,44.4,0.0,0.0,0.0,0.0,0.0,0.0,2828.0,799.0,2625.0,586.0,1.0,1.0,0.0,0.0,1.0,0.997,0.997,0.997,0.997,0.997,4.1,5.0,4.92,246.0,0.34,326.0,0,4,496.66,14.0,0.0,0.0,0.0,0.0,0.0,0.0,0.0,311.0,,-,0.0,3.0,🏔️  Haute montagne,0
2019-02-01,2019,trofeo-pollenca-port-d-andratx,result,,Caja Rural - Seguros RGA,0,1.1,,,0.0,,,,,,,0.0,0.0,0.0,0.0,0.0,,173.34,171.0,2.21,0.0,0.0,0.0,154.0,5.14,12.0,1.95,0.0,0.0,0.0,0.0,0.0,3327.0,3244.0,883.0,1.0,5.0,2.0,1.0,0.0,1.0,0.9928,0.9928,0.7025,0.7025,0.7025,1.5,-0.27,0.16,348.0,0.2,1023.0,0,4,496.66,125.0,0.0,0.0,0.0,0.0,0.0,0.0,0.0,396.0,,21 km solo,8.0,2.0,⛰️  Moy. montagne,0
2019-02-02,2019,vuelta-ciclista-a-la-provincia-de-san-juan,stage,6.0,Caja Rural - Seguros RGA,1,2.1,FIN,31.0,0.0,18.0,3.0,,,,,0.0,8.0,3.0,0.0,0.0,6.0,155.43,96.2,52.6,0.0,0.0,0.0,104.0,1.22,44.3,0.0,5.86,0.0,6.94,0.0,0.0,335.0,319.0,764.0,561.0,0.0,1.0,0.0,0.0,0.0,0.9903,0.9903,0.0,0.0,0.0,1.2,1.0,0.28,243.0,-0.34,30.0,0,5,665.93,14.0,0.0,0.0,0.0,0.0,0.0,0.0,0.0,311.0,,-,4.0,1.0,🟢  Plat/Sprint,0
2019-02-02,2019,deia-trophy,result,,Caja Rural - Seguros RGA,0,1.1,,,0.0,,,,,,,3.0,3.0,0.0,0.0,0.0,,179.07,178.0,0.459,0.0,0.0,0.0,150.0,1.05,18.2,9.59,0.406,0.0,0.469,0.131,0.0,4563.0,4392.0,886.0,5.0,1.0,1.0,3.0,0.0,1.0,0.9479,0.9479,0.7959,0.7959,0.7959,2.5,1.37,-0.82,531.0,0.23,1287.0,0,5,665.93,125.0,0.0,0.0,0.0,0.0,0.0,0.0,0.0,311.0,,1.8 km solo,0.0,3.0,🏔️  Haute montagne,0
2019-02-03,2019,trofeo-palma,result,,Caja Rural - Seguros RGA,0,1.1,,,0.0,,,,,,,3.0,3.0,0.0,0.0,0.0,,159.59,151.0,7.38,0.233,0.0,0.297,70.0,3.5,76.8,8.21,1.04,0.0,1.12,0.958,0.0,1134.0,1135.0,375.0,0.0,1.0,1.0,1.0,0.0,0.0,0.6983,0.6983,0.6983,0.0,0.0,0.5,0.07,0.02,93.0,0.12,365.0,0,6,821.3599999999999,125.0,0.0,0.0,0.0,0.0,0.0,0.0,0.0,277.0,,Sprint of large group,3.0,1.0,🟢  Plat/Sprint,0
2019-02-03,2019,vuelta-ciclista-a-la-provincia-de-san-juan,stage,7.0,Caja Rural - Seguros RGA,1,2.1,FIN,68.0,0.0,18.0,3.0,,,,,0.0,8.0,3.0,0.0,0.0,7.0,144.11,22.4,2.04,0.0,0.0,0.0,22.3,0.0,0.0,0.0,123.0,0.0,127.0,6.76,0.0,1083.0,1083.0,667.0,618.0,0.0,0.0,0.0,0.0,0.0,0.0,0.0,0.0,0.0,0.0,0.6,0.13,0.1,175.0,0.03,384.0,0,6,821.3599999999999,14.0,0.0,0.0,0.0,0.0,0.0,0.0,0.0,311.0,,-,3.6,1.0,🟢  Plat/Sprint,0
2019-02-06,2019,vuelta-a-la-comunidad-valenciana,stage,1.0,Caja Rural - Seguros RGA,0,2.1,,,0.0,,,,,,,0.0,3.0,3.0,0.0,0.0,1.0,10.35,9.92,0.0,0.0,0.0,0.0,9.3,0.328,0.419,0.0,0.21,0.0,0.0,0.0,0.0,84.0,15.0,91.0,17.0,0.0,0.0,0.0,0.0,0.0,0.0,0.0,0.0,0.0,0.0,6.9,2.47,1.34,78.0,0.67,84.0,0,7,965.47,14.0,0.0,0.0,0.0,0.0,0.0,0.0,0.0,706.0,,Time trial,3.6,1.0,🟢  Plat/Sprint,0
2019-02-07,2019,vuelta-a-la-comunidad-valenciana,stage,2.0,Caja Rural - Seguros RGA,0,2.1,,,0.0,,,,,,,0.0,3.0,3.0,0.0,0.0,2.0,166.61,165.0,1.81,0.0,0.0,0.0,143.0,1.08,20.8,1.47,0.0,0.0,0.0,0.0,0.0,2454.0,2515.0,1017.0,16.0,2.0,1.0,0.0,1.0,1.0,0.8009,0.8009,0.8009,0.8009,0.8009,-1.7,-1.13,0.06,60.0,1.14,824.0,0,7,965.47,14.0,0.0,0.0,0.0,0.0,0.0,0.0,0.0,706.0,,Sprint of large group,1.0,2.0,⛰️  Moy. montagne,0
2019-02-08,2019,vuelta-a-la-comunidad-valenciana,stage,3.0,Caja Rural - Seguros RGA,0,2.1,,,0.0,,,,,,,0.0,3.0,3.0,0.0,0.0,3.0,194.11,190.0,3.57,0.0,0.0,0.0,158.0,0.116,35.6,0.0,0.34,0.0,0.116,0.0,0.0,3210.0,2642.0,1052.0,70.0,6.0,1.0,2.0,0.0,1.0,0.9997,0.9997,0.9997,0.4921,0.4921,3.4,1.53,3.04,119.0,0.38,612.0,0,7,965.47,14.0,0.0,0.0,0.0,0.0,0.0,0.0,0.0,706.0,,Sprint of large group,1.0,2.0,⛰️  Moy. montagne,0
2019-02-09,2019,vuelta-a-la-comunidad-valenciana,stage,4.0,Caja Rural - Seguros RGA,0,2.1,,,0.0,,,,,,,0.0,3.0,3.0,0.0,0.0,4.0,188.32,187.0,0.818,0.329,0.0,0.0,143.0,1.76,42.8,0.724,0.277,0.0,0.277,0.0,0.0,3265.0,2962.0,1050.0,20.0,4.0,1.0,2.0,0.0,1.0,0.9998,0.9998,0.9998,0.376,0.376,8.9,9.83,6.08,323.0,0.71,810.0,0,7,965.47,14.0,0.0,0.0,0.0,0.0,0.0,0.0,0.0,706.0,,0.6 km solo,0.6,3.0,🏔️  Haute montagne,0
2019-02-10,2019,vuelta-a-la-comunidad-valenciana,stage,5.0,Caja Rural - Seguros RGA,0,2.1,,,0.0,,,,,,,0.0,3.0,3.0,0.0,0.0,5.0,88.6,86.0,0.554,1.71,0.0,0.0,47.9,3.98,28.7,6.22,0.34,0.0,0.34,1.4,0.0,361.0,391.0,132.0,4.0,1.0,0.0,0.0,0.0,0.0,0.272,0.0,0.0,0.0,0.0,0.1,0.13,0.04,14.0,-0.07,285.0,0,7,965.47,14.0,1.812,0.0,0.867,0.0,0.55,0.0,0.0,706.0,,-,3.6,1.0,🟢  Plat/Sprint,0
2019-02-15,2019,vuelta-ciclista-a-la-region-de-murcia,stage,1.0,Caja Rural - Seguros RGA,1,2.1,FIN,29.0,0.0,18.0,3.0,,,,,0.0,23.0,23.0,0.0,0.0,1.0,186.29,184.0,1.45,0.0,0.0,0.0,54.3,1.03,129.0,1.09,0.638,0.0,0.835,0.113,0.0,1099.0,1681.0,741.0,4.0,1.0,1.0,1.0,0.0,0.0,0.8178,0.8178,0.8178,0.0,0.0,0.4,0.17,0.06,9.0,-0.36,242.0,0,7,965.47,14.0,0.0,0.0,0.0,0.0,0.0,0.0,0.0,293.0,,1.2 km solo,0.6,1.0,🟢  Plat/Sprint,0
2019-02-16,2019,vuelta-ciclista-a-la-region-de-murcia,stage,2.0,Caja Rural - Seguros RGA,1,2.1,FIN,22.0,0.0,18.0,3.0,,,,,0.0,23.0,23.0,0.0,0.0,2.0,179.16,165.0,11.7,0.494,0.0,0.0,105.0,4.93,66.1,1.03,2.2,0.0,2.2,0.0,0.0,2063.0,2065.0,1199.0,39.0,2.0,1.0,0.0,0.0,1.0,0.9102,0.9102,0.5365,0.5365,0.5365,-0.1,0.0,0.02,8.0,0.28,448.0,0,8,1151.76,14.0,0.0,0.0,0.0,0.0,0.0,0.0,0.0,293.0,,-,0.0,2.0,⛰️  Moy. montagne,0
2019-02-17,2019,clasica-de-almeria,result,,Caja Rural - Seguros RGA,1,1.HC,DNF,,0.0,,,,,,,0.0,0.0,0.0,0.0,0.0,,192.82,177.0,5.32,0.0,1.91,0.0,119.0,4.03,58.8,1.97,7.39,0.0,8.13,0.765,0.834,1843.0,1882.0,805.0,0.0,0.0,1.0,0.0,1.0,0.0,0.4779,0.4779,0.4779,0.4779,0.0,0.2,-0.07,-0.02,13.0,1.13,735.0,0,9,1330.92,200.0,0.0,0.0,0.0,0.0,0.0,0.0,0.0,237.0,,Sprint of small group,0.0,2.0,⛰️  Moy. montagne,0
2019-02-20,2019,volta-ao-algarve,stage,1.0,Caja Rural - Seguros RGA,0,2.HC,,,0.0,,,,,,,0.0,8.0,8.0,0.0,0.0,1.0,199.38,195.0,2.95,0.398,0.0,0.0,78.3,1.62,118.0,0.0,0.263,0.0,0.317,0.863,0.0,2116.0,2116.0,484.0,3.0,5.0,1.0,1.0,0.0,0.0,0.8172,0.6404,0.6404,0.0,0.0,0.0,-0.37,-0.14,39.0,0.28,569.0,0,10,1523.74,20.0,0.0,0.0,0.0,0.0,0.0,0.0,0.0,492.0,,Sprint of large group,0.0,2.0,⛰️  Moy. montagne,0
2019-02-20,2019,ruta-del-sol,stage,1.0,Caja Rural - Seguros RGA,1,2.HC,FIN,21.0,0.0,19.0,5.0,,,,,0.0,10.0,10.0,0.0,0.0,1.0,171.69,168.0,1.25,0.0,1.99,0.0,168.0,1.25,0.0,0.0,0.0,0.0,0.0,1.99,0.0,2177.0,1992.0,437.0,-1.0,5.0,2.0,1.0,0.0,0.0,0.9996,0.837,0.4662,0.0,0.0,9.8,4.6,2.04,247.0,0.15,265.0,0,10,1523.74,20.0,0.0,0.0,0.0,0.0,0.0,0.0,0.0,454.0,,0.2 km solo,0.0,2.0,⛰️  Moy. montagne,0
2019-02-21,2019,ruta-del-sol,stage,2.0,Caja Rural - Seguros RGA,1,2.HC,FIN,50.0,0.0,19.0,5.0,,,,,0.0,10.0,10.0,0.0,0.0,2.0,217.47,217.0,0.17,0.0,0.0,0.0,170.0,0.27,46.0,0.859,0.221,0.0,0.297,0.0,0.0,1697.0,1097.0,611.0,11.0,2.0,0.0,1.0,0.0,0.0,0.9997,0.9997,0.9997,0.0,0.0,2.4,2.43,2.38,331.0,0.05,95.0,0,11,1695.43,20.0,0.0,0.0,0.0,0.0,0.0,0.0,0.0,454.0,,Sprint of large group,0.6,1.0,🟢  Plat/Sprint,0
2019-02-21,2019,volta-ao-algarve,stage,2.0,Caja Rural - Seguros RGA,0,2.HC,,,0.0,,,,,,,0.0,8.0,8.0,0.0,0.0,2.0,187.75,186.0,1.41,0.0,0.0,0.0,54.5,0.139,133.0,0.0,0.248,0.0,0.248,0.0,0.0,3154.0,2546.0,887.0,98.0,5.0,3.0,1.0,1.0,0.0,0.9998,0.9998,0.9998,0.9998,0.0,6.6,6.13,5.96,365.0,0.01,505.0,0,11,1695.43,20.0,0.0,0.0,0.0,0.0,0.0,0.0,0.0,492.0,,Sprint of small group,0.6,3.0,🏔️  Haute montagne,0
2019-02-22,2019,ruta-del-sol,stage,3.0,Caja Rural - Seguros RGA,1,2.HC,FIN,47.0,0.0,19.0,5.0,,,,,0.0,10.0,10.0,0.0,0.0,3.0,16.47,15.3,1.18,0.0,0.0,0.0,14.3,0.712,1.43,0.0,0.0,0.0,0.0,0.0,0.0,345.0,489.0,928.0,475.0,1.0,1.0,0.0,0.0,0.0,0.9982,0.4789,0.0,0.0,0.0,8.9,4.0,0.12,138.0,-0.87,345.0,0,12,1912.9,20.0,0.0,0.0,0.0,0.0,0.0,0.0,0.0,454.0,,Time trial,0.0,1.0,🟢  Plat/Sprint,0
2019-02-22,2019,volta-ao-algarve,stage,3.0,Caja Rural - Seguros RGA,0,2.HC,,,0.0,,,,,,,0.0,8.0,8.0,0.0,0.0,3.0,20.09,17.4,1.85,0.278,0.0,0.0,19.0,0.4,0.0,0.0,0.587,0.0,0.587,0.0,0.0,199.0,201.0,90.0,6.0,1.0,0.0,0.0,0.0,0.0,0.8101,0.0,0.0,0.0,0.0,-0.6,-1.47,-1.0,4.0,-0.01,199.0,0,12,1912.9,20.0,0.0,0.0,0.0,0.0,0.0,0.0,0.0,492.0,,Time trial,0.0,1.0,🟢  Plat/Sprint,0
2019-02-23,2019,volta-ao-algarve,stage,4.0,Caja Rural - Seguros RGA,0,2.HC,,,0.0,,,,,,,0.0,8.0,8.0,0.0,0.0,4.0,198.65,183.0,15.1,0.217,0.0,0.0,122.0,0.0,76.3,0.181,0.178,0.0,0.178,0.0,0.0,2406.0,2438.0,529.0,2.0,8.0,0.0,1.0,0.0,0.0,0.9154,0.3906,0.3906,0.0,0.0,0.5,0.17,-0.34,26.0,0.6,830.0,0,13,1929.37,20.0,0.0,0.0,0.0,0.0,0.0,0.0,0.0,492.0,,Sprint of large group,0.0,2.0,⛰️  Moy. montagne,0
2019-02-23,2019,ruta-del-sol,stage,4.0,Caja Rural - Seguros RGA,1,2.HC,FIN,13.0,0.0,19.0,5.0,,,,,0.0,10.0,10.0,0.0,0.0,4.0,116.68,113.0,0.0,0.498,0.0,0.0,110.0,0.0,3.91,0.0,2.26,0.0,2.44,0.444,0.0,2608.0,2603.0,1676.0,668.0,3.0,1.0,0.0,0.0,2.0,0.8113,0.8113,0.8113,0.8113,0.8113,-0.9,-1.47,-1.28,11.0,1.56,1291.0,0,13,1929.37,20.0,0.0,0.0,0.0,0.0,0.0,0.0,0.0,454.0,,24 km solo,0.0,2.0,⛰️  Moy. montagne,0
2019-02-24,2019,ruta-del-sol,stage,5.0,Caja Rural - Seguros RGA,1,2.HC,FIN,44.0,0.0,19.0,5.0,,,,,0.0,10.0,10.0,0.0,0.0,5.0,164.48,151.0,9.23,0.0,0.178,0.0,146.0,3.27,11.1,0.0,3.84,0.0,3.84,0.178,0.0,2250.0,2966.0,1142.0,20.0,2.0,3.0,2.0,0.0,0.0,0.8178,0.8178,0.2807,0.0,0.0,2.7,1.3,0.7,83.0,0.69,1003.0,0,14,2046.05,20.0,0.0,0.0,0.0,0.0,0.0,0.0,0.0,454.0,,-,0.0,2.0,⛰️  Moy. montagne,0
2019-02-24,2019,volta-ao-algarve,stage,5.0,Caja Rural - Seguros RGA,0,2.HC,,,0.0,,,,,,,0.0,8.0,8.0,0.0,0.0,5.0,173.95,170.0,0.65,0.0,0.0,0.0,117.0,0.248,51.7,2.19,3.08,0.0,1.25,0.0,0.0,2804.0,2320.0,532.0,6.0,4.0,4.0,2.0,0.0,0.0,0.9997,0.9997,0.8597,0.0,0.0,7.0,7.9,4.26,289.0,-0.03,389.0,0,14,2046.05,20.0,0.0,0.0,0.0,0.0,0.0,0.0,0.0,492.0,,-,0.6,3.0,🏔️  Haute montagne,0
2019-03-02,2019,faun-ardeche-classic,result,,Caja Rural - Seguros RGA,0,1.1,,,0.0,,,,,,,3.0,3.0,0.0,0.0,0.0,,196.34,190.0,3.87,0.0,0.0,0.0,114.0,1.01,54.9,24.8,1.25,0.0,1.93,0.0,0.0,3503.0,3527.0,621.0,106.0,4.0,3.0,4.0,0.0,0.0,0.9691,0.9091,0.9091,0.0,0.0,0.1,-0.13,-2.82,36.0,-0.05,943.0,0,11,1713.87,125.0,0.0,0.0,0.0,0.0,0.0,0.0,0.0,275.0,,5 km solo,0.0,2.0,⛰️  Moy. montagne,0
2019-03-03,2019,la-drome-classic,result,,Caja Rural - Seguros RGA,0,1.1,,,0.0,,,,,,,6.0,6.0,0.0,0.0,0.0,,202.05,176.0,23.1,0.0,0.0,0.0,167.0,12.7,18.4,1.95,2.93,0.0,3.13,0.0,0.0,2540.0,2573.0,515.0,104.0,5.0,2.0,1.0,0.0,0.0,0.9218,0.8834,0.8218,0.0,0.0,-3.8,-0.43,-0.48,88.0,-0.06,447.0,0,11,1713.87,125.0,0.0,0.0,0.0,0.0,0.0,0.0,0.0,223.0,,Sprint of small group,0.6,2.0,⛰️  Moy. montagne,0
2019-03-05,2019,gp-samyn,result,,Caja Rural - Seguros RGA,0,1.1,,,0.0,,,,,,,0.0,0.0,0.0,0.0,0.0,,200.13,150.0,42.1,7.44,0.103,0.0,140.0,14.2,10.2,34.7,0.968,0.0,1.06,0.0,0.0,1449.0,1378.0,137.0,19.0,5.0,0.0,0.0,0.0,0.0,0.8855,0.0,0.0,0.0,0.0,1.0,1.63,0.94,159.0,0.07,363.0,0,9,1389.17,125.0,4.035,0.0,2.017,0.0,1.035,0.0,0.0,181.0,,Sprint à deux,0.0,1.0,🟢  Plat/Sprint,0
2019-03-10,2019,gp-industria-artigianato,result,,Caja Rural - Seguros RGA,0,1.HC,,,0.0,,,,,,,5.0,5.0,0.0,0.0,0.0,,198.56,164.0,34.4,0.0,0.0,0.0,174.0,0.29,23.6,0.0,0.0,0.0,0.29,0.0,0.0,2100.0,2101.0,354.0,17.0,0.0,0.0,4.0,0.0,0.0,0.9605,0.9605,0.9605,0.0,0.0,1.3,-2.53,-4.82,25.0,-0.07,278.0,0,8,1245.06,200.0,0.0,0.0,0.0,0.0,0.0,0.0,0.0,284.0,,Sprint à deux,1.8,2.0,⛰️  Moy. montagne,0
2019-03-17,2019,trofeu-da-arrabida,result,,Caja Rural - Seguros RGA,0,1.2,,,0.0,,,,,,,48.0,48.0,0.0,0.0,0.0,,183.26,177.0,3.29,0.0,1.75,0.0,83.3,7.37,89.2,0.106,1.38,0.0,1.38,1.61,0.144,3082.0,3046.0,251.0,0.0,3.0,3.0,0.0,0.0,0.0,0.9993,0.7094,0.0,0.0,0.0,3.2,1.63,2.1,598.0,-0.37,697.0,0,8,1245.06,40.0,0.0,0.0,0.0,0.0,0.0,0.0,0.0,16.0,,-,2.8,2.0,⛰️  Moy. montagne,0
2019-03-25,2019,volta-a-catalunya,stage,1.0,Caja Rural - Seguros RGA,1,2.UWT,FIN,89.0,0.0,,,,,,,0.0,0.0,0.0,0.0,0.0,1.0,164.9,154.0,8.87,0.0,0.115,0.0,137.0,7.68,18.2,0.0,1.45,0.0,1.11,1.06,0.0,2991.0,3007.0,1305.0,3.0,1.0,2.0,0.0,1.0,1.0,0.8598,0.8598,0.6683,0.6683,0.3073,-0.1,-0.1,0.06,53.0,2.4,1529.0,0,2,281.15999999999997,50.0,0.0,0.0,0.0,0.0,0.0,0.0,0.0,937.0,,60 km solo,12.4,2.0,⛰️  Moy. montagne,0
2019-03-26,2019,volta-a-catalunya,stage,2.0,Caja Rural - Seguros RGA,1,2.UWT,FIN,76.0,0.0,,,,,,,0.0,0.0,0.0,0.0,0.0,2.0,167.61,151.0,5.39,0.375,0.76,0.159,97.9,10.9,48.7,0.307,9.28,0.0,9.98,1.18,0.0,1680.0,1682.0,355.0,2.0,0.0,2.0,1.0,0.0,0.0,0.8377,0.8377,0.8377,0.0,0.0,3.9,-0.1,0.72,92.0,0.1,464.0,0,2,329.38,50.0,0.0,0.0,0.0,0.0,0.0,0.0,0.0,937.0,,Sprint of large group,12.4,2.0,⛰️  Moy. montagne,0
2019-03-27,2019,volta-a-catalunya,stage,3.0,Caja Rural - Seguros RGA,1,2.UWT,FIN,18.0,0.0,,,,,,,0.0,0.0,0.0,0.0,0.0,3.0,179.31,152.0,19.9,0.0,0.523,0.395,143.0,1.93,27.0,0.312,6.36,0.0,6.21,0.777,0.416,3881.0,1751.0,2148.0,9.0,4.0,2.0,1.0,0.0,1.0,0.9998,0.9998,0.9998,0.9998,0.9998,6.4,7.23,6.74,337.0,0.08,492.0,0,2,332.51,50.0,0.0,0.0,0.0,0.0,0.0,0.0,0.0,937.0,,Sprint of small group,0.6,3.0,🏔️  Haute montagne,0
2019-03-28,2019,volta-a-catalunya,stage,4.0,Caja Rural - Seguros RGA,1,2.UWT,FIN,30.0,0.0,,,,,,,0.0,0.0,0.0,0.0,0.0,4.0,150.92,143.0,0.419,0.0,0.0,0.0,116.0,0.645,27.2,0.207,7.43,0.0,2.88,0.0,0.0,3500.0,2734.0,1922.0,353.0,1.0,0.0,3.0,0.0,1.0,0.9997,0.9756,0.9756,0.6414,0.6414,5.8,0.53,1.52,268.0,-0.11,825.0,0,3,511.82,50.0,0.0,0.0,0.0,0.0,0.0,0.0,0.0,937.0,,? km solo,0.6,3.0,🏔️  Haute montagne,0
2019-03-29,2019,volta-a-catalunya,stage,5.0,Caja Rural - Seguros RGA,1,2.UWT,FIN,45.0,0.0,,,,,,,0.0,0.0,0.0,0.0,0.0,5.0,193.38,182.0,2.14,0.0,0.27,0.0,102.0,1.32,79.5,1.42,8.87,0.0,6.42,0.27,0.0,2704.0,3716.0,1788.0,117.0,3.0,2.0,1.0,1.0,0.0,0.9372,0.649,0.649,0.1531,0.0,-0.9,-0.23,-0.28,63.0,-0.44,692.0,0,4,662.74,50.0,0.0,0.0,0.0,0.0,0.0,0.0,0.0,937.0,,11.5 km solo,11.8,2.0,⛰️  Moy. montagne,0
2019-03-30,2019,volta-a-catalunya,stage,6.0,Caja Rural - Seguros RGA,1,2.UWT,FIN,70.0,0.0,,,,,,,0.0,0.0,0.0,0.0,0.0,6.0,169.63,163.0,6.52,0.0,0.0,0.0,121.0,2.53,45.4,0.0,0.285,0.0,0.285,0.0,0.0,2024.0,2203.0,777.0,1.0,0.0,2.0,2.0,0.0,0.0,0.6369,0.6369,0.4808,0.0,0.0,0.5,0.93,0.7,35.0,0.18,651.0,0,5,856.12,50.0,0.0,0.0,0.0,0.0,0.0,0.0,0.0,937.0,,Sprint of large group,10.6,2.0,⛰️  Moy. montagne,0
2019-03-31,2019,volta-a-catalunya,stage,7.0,Caja Rural - Seguros RGA,1,2.UWT,DNF,,0.0,,,,,,,0.0,0.0,0.0,0.0,0.0,7.0,145.88,124.0,10.2,0.173,0.0,0.0,76.9,21.8,32.0,2.82,8.67,0.0,10.7,2.6,0.16,2148.0,2193.0,486.0,0.0,8.0,1.0,1.0,0.0,0.0,0.9684,0.3873,0.1595,0.0,0.0,-3.7,-1.2,-1.44,160.0,0.55,732.0,0,6,1025.75,50.0,0.0,0.0,0.0,0.0,0.0,0.0,0.0,937.0,,-,9.6,2.0,⛰️  Moy. montagne,0
2019-04-05,2019,route-adelie-de-vitre,result,,Caja Rural - Seguros RGA,0,1.1,,,0.0,,,,,,,63.0,63.0,0.0,0.0,0.0,,197.77,168.0,30.5,0.0,0.0,0.0,166.0,7.28,15.3,9.0,0.0,0.0,0.0,0.0,0.0,2496.0,2498.0,123.0,67.0,0.0,0.0,0.0,0.0,0.0,0.0,0.0,0.0,0.0,0.0,-0.7,-0.23,-0.56,97.0,-0.0,608.0,0,7,1171.63,125.0,0.0,0.0,0.0,0.0,0.0,0.0,0.0,131.0,,Sprint of small group,0.0,1.0,🟢  Plat/Sprint,0
2019-04-06,2019,gran-premio-miguel-indurain,result,,Caja Rural - Seguros RGA,1,1.1,FIN,13.0,5.0,,,,,,,38.0,38.0,0.0,0.0,0.0,,195.39,181.0,11.7,1.64,0.71,0.0,132.0,7.93,53.6,1.27,0.469,0.0,0.531,0.71,0.0,2788.0,2933.0,842.0,347.0,2.0,4.0,1.0,0.0,0.0,0.9336,0.9336,0.747,0.0,0.0,-1.9,-1.4,-3.02,121.0,-0.41,455.0,0,7,1171.63,125.0,0.764,0.0,0.32,0.0,0.32,0.0,0.04,228.0,,1.9 km solo,0.0,2.0,⛰️  Moy. montagne,0
2019-04-07,2019,la-roue-tourangelle,result,,Caja Rural - Seguros RGA,0,1.1,,,0.0,,,,,,,0.0,0.0,0.0,0.0,0.0,,186.68,150.0,35.3,0.731,0.0,0.0,139.0,22.9,15.3,8.8,0.0,0.0,0.137,0.0,0.0,1410.0,1398.0,123.0,27.0,1.0,0.0,0.0,0.0,0.0,0.623,0.0,0.0,0.0,0.0,0.0,0.03,0.0,13.0,0.01,310.0,0,8,1367.02,125.0,0.515,0.0,0.0,0.0,0.0,0.0,0.0,119.0,,Sprint à deux,12.6,1.0,🟢  Plat/Sprint,0
2019-04-08,2019,itzulia-basque-country,stage,1.0,Caja Rural - Seguros RGA,1,2.UWT,FIN,120.0,0.0,92.0,0.0,,,,,0.0,8.0,8.0,0.0,0.0,1.0,12.04,11.7,0.0,0.0,0.0,0.0,11.2,0.261,0.33,0.0,0.299,0.0,0.299,0.0,0.0,268.0,273.0,493.0,260.0,0.0,1.0,0.0,0.0,0.0,0.6411,0.6411,0.0,0.0,0.0,-0.8,-4.8,0.72,166.0,-0.04,268.0,0,8,1367.02,50.0,0.0,0.0,0.0,0.0,0.0,0.0,0.0,769.0,,Time trial,12.6,1.0,🟢  Plat/Sprint,0
2019-04-09,2019,itzulia-basque-country,stage,2.0,Caja Rural - Seguros RGA,1,2.UWT,FIN,114.0,0.0,92.0,0.0,,,,,0.0,8.0,8.0,0.0,0.0,2.0,149.92,126.0,6.79,2.23,5.9,3.39,97.0,8.41,22.5,4.04,5.51,0.0,5.71,12.3,0.334,1883.0,1727.0,624.0,165.0,5.0,1.0,1.0,0.0,0.0,0.9998,0.668,0.3233,0.0,0.0,5.2,2.27,1.66,88.0,0.26,810.0,0,9,1379.06,50.0,2.362,3.302,1.17,0.074,0.72,0.053,0.0,769.0,,Sprint of large group,7.6,2.0,⛰️  Moy. montagne,0
2019-04-09,2019,region-pays-de-la-loire,stage,1.0,Caja Rural - Seguros RGA,0,2.1,,,0.0,,,,,,,0.0,0.0,0.0,0.0,0.0,1.0,177.72,157.0,17.8,0.173,0.374,0.0,153.0,3.62,13.1,5.91,2.14,0.0,2.39,0.374,0.0,1799.0,1768.0,226.0,53.0,8.0,1.0,0.0,0.0,0.0,0.9654,0.3229,0.0,0.0,0.0,2.7,-0.23,-0.18,140.0,0.18,473.0,0,9,1379.06,14.0,0.0,0.0,0.0,0.0,0.0,0.0,0.0,167.0,,Sprint of large group,7.6,2.0,⛰️  Moy. montagne,0
2019-04-10,2019,region-pays-de-la-loire,stage,2.0,Caja Rural - Seguros RGA,0,2.1,,,0.0,,,,,,,0.0,0.0,0.0,0.0,0.0,2.0,171.74,171.0,0.74,0.0,0.0,0.0,168.0,0.334,1.67,1.73,0.0,0.0,0.0,0.0,0.0,960.0,944.0,78.0,12.0,0.0,0.0,0.0,0.0,0.0,0.0,0.0,0.0,0.0,0.0,-0.1,-0.13,-0.08,67.0,-0.03,324.0,0,10,1528.98,14.0,0.0,0.0,0.0,0.0,0.0,0.0,0.0,167.0,,Sprint of large group,12.6,1.0,🟢  Plat/Sprint,0
2019-04-10,2019,itzulia-basque-country,stage,3.0,Caja Rural - Seguros RGA,1,2.UWT,FIN,118.0,0.0,92.0,0.0,,,,,0.0,8.0,8.0,0.0,0.0,3.0,191.34,191.0,0.263,0.0,0.0,0.0,130.0,0.263,61.2,0.0,0.0,0.0,0.0,0.0,0.0,2356.0,2186.0,1020.0,391.0,5.0,0.0,2.0,0.0,0.0,0.9994,0.7345,0.7345,0.0,0.0,4.1,2.7,1.86,112.0,0.13,815.0,0,10,1528.98,50.0,0.0,0.0,0.0,0.0,0.0,0.0,0.0,769.0,,Sprint of large group,7.6,2.0,⛰️  Moy. montagne,0
2019-04-11,2019,region-pays-de-la-loire,stage,3.0,Caja Rural - Seguros RGA,0,2.1,,,0.0,,,,,,,0.0,0.0,0.0,0.0,0.0,3.0,184.41,137.0,47.2,0.0,0.0,0.0,178.0,2.23,3.27,0.25,0.591,0.0,0.636,0.0,0.0,2659.0,2491.0,411.0,51.0,5.0,0.0,5.0,0.0,0.0,0.9581,0.9581,0.9581,0.0,0.0,-0.4,-3.13,-1.58,187.0,0.16,432.0,0,11,1720.32,14.0,0.0,0.0,0.0,0.0,0.0,0.0,0.0,167.0,,2 km solo,7.6,2.0,⛰️  Moy. montagne,0
2019-04-11,2019,itzulia-basque-country,stage,4.0,Caja Rural - Seguros RGA,1,2.UWT,FIN,119.0,0.0,92.0,0.0,,,,,0.0,8.0,8.0,0.0,0.0,4.0,164.06,158.0,4.4,0.0,0.257,0.0,129.0,2.13,29.8,0.0,1.8,0.0,1.8,0.358,0.0,2223.0,2682.0,714.0,40.0,3.0,3.0,1.0,0.0,0.0,0.9734,0.7164,0.7164,0.0,0.0,-0.9,-3.93,-1.58,79.0,-0.28,511.0,0,11,1720.32,50.0,0.0,0.0,0.0,0.0,0.0,0.0,0.0,769.0,,Sprint of small group,7.6,2.0,⛰️  Moy. montagne,0
2019-04-12,2019,region-pays-de-la-loire,stage,4.0,Caja Rural - Seguros RGA,0,2.1,,,0.0,,,,,,,0.0,0.0,0.0,0.0,0.0,4.0,182.57,179.0,3.43,0.0,0.133,0.0,167.0,13.8,1.53,0.0,0.0,0.0,0.0,0.133,0.0,2820.0,2744.0,269.0,78.0,4.0,7.0,0.0,0.0,0.0,0.9966,0.9322,0.0,0.0,0.0,1.6,-0.1,1.62,193.0,0.09,567.0,0,12,1884.38,14.0,0.0,0.0,0.0,0.0,0.0,0.0,0.0,167.0,,-,0.0,2.0,⛰️  Moy. montagne,0
2019-04-12,2019,itzulia-basque-country,stage,5.0,Caja Rural - Seguros RGA,1,2.UWT,FIN,108.0,0.0,92.0,0.0,,,,,0.0,8.0,8.0,0.0,0.0,5.0,150.95,146.0,3.8,0.371,0.0,0.0,111.0,3.12,36.0,0.216,0.661,0.0,0.734,0.196,0.0,3180.0,2696.0,579.0,4.0,3.0,4.0,2.0,0.0,0.0,0.9928,0.9928,0.9928,0.0,0.0,-4.3,0.67,4.36,316.0,0.09,703.0,0,12,1884.38,50.0,0.0,0.0,0.0,0.0,0.0,0.0,0.0,769.0,,32 km solo,0.0,2.0,⛰️  Moy. montagne,0
2019-04-13,2019,itzulia-basque-country,stage,6.0,Caja Rural - Seguros RGA,1,2.UWT,FIN,53.0,0.0,92.0,0.0,,,,,0.0,8.0,8.0,0.0,0.0,6.0,117.42,105.0,11.4,0.359,0.0,0.0,68.3,4.42,38.9,5.48,0.0,0.0,0.179,0.261,0.0,2850.0,2826.0,670.0,3.0,1.0,2.0,2.0,1.0,0.0,0.9166,0.9166,0.9166,0.4412,0.0,-1.1,-1.87,-0.82,106.0,0.35,1106.0,0,13,2035.33,50.0,0.0,0.0,0.0,0.0,0.0,0.0,0.0,769.0,,-,0.0,2.0,⛰️  Moy. montagne,0
2019-04-14,2019,klasika-primavera,result,,Caja Rural - Seguros RGA,1,1.1,DNF,,0.0,,,,,,,3.0,3.0,0.0,0.0,0.0,,171.37,164.0,3.93,1.22,0.0,0.0,66.6,3.03,92.7,6.47,2.29,0.0,2.29,0.348,0.0,2043.0,2041.0,378.0,49.0,3.0,1.0,3.0,0.0,0.0,0.9753,0.9086,0.9086,0.0,0.0,0.1,-3.03,-2.24,129.0,0.09,370.0,0,14,2152.75,125.0,0.0,0.0,0.0,0.0,0.0,0.0,0.0,51.0,,Sprint of small group,0.0,2.0,⛰️  Moy. montagne,0
2019-04-16,2019,tour-of-turkey,stage,1.0,Caja Rural - Seguros RGA,0,2.UWT,,,0.0,,,,,,,0.0,75.0,75.0,0.0,0.0,1.0,156.98,152.0,0.951,0.0,0.0,0.0,4.85,0.706,147.0,0.459,3.47,0.0,3.85,0.49,0.0,1343.0,1342.0,197.0,0.0,3.0,2.0,0.0,0.0,0.0,0.9129,0.9129,0.0,0.0,0.0,-0.6,-0.13,-0.1,277.0,0.1,543.0,0,15,2324.12,40.0,0.0,0.0,0.0,0.0,0.0,0.0,0.0,155.0,,Sprint of large group,12.6,1.0,🟢  Plat/Sprint,0
2019-04-17,2019,tour-of-turkey,stage,2.0,Caja Rural - Seguros RGA,0,2.UWT,,,0.0,,,,,,,0.0,75.0,75.0,0.0,0.0,2.0,183.35,182.0,1.06,0.0,0.0,0.0,11.8,1.3,170.0,0.0,0.698,0.0,0.936,0.0,0.0,2063.0,1947.0,334.0,4.0,4.0,2.0,1.0,0.0,0.0,0.9994,0.4672,0.3154,0.0,0.0,2.3,3.6,2.12,180.0,0.22,662.0,0,15,2324.12,40.0,0.0,0.0,0.0,0.0,0.0,0.0,0.0,155.0,,Sprint of small group,0.6,2.0,⛰️  Moy. montagne,0
2019-04-18,2019,tour-of-turkey,stage,3.0,Caja Rural - Seguros RGA,0,2.UWT,,,0.0,,,,,,,0.0,75.0,75.0,0.0,0.0,3.0,120.53,120.0,0.688,0.0,0.0,0.0,11.9,0.688,108.0,0.0,0.409,0.0,0.233,0.0,0.0,1187.0,1190.0,453.0,2.0,2.0,0.0,1.0,0.0,0.0,0.554,0.554,0.554,0.0,0.0,0.2,0.07,0.16,82.0,0.12,567.0,0,15,2324.12,40.0,0.0,0.0,0.0,0.0,0.0,0.0,0.0,155.0,,Sprint of large group,12.6,1.0,🟢  Plat/Sprint,0
2019-04-19,2019,tour-of-turkey,stage,4.0,Caja Rural - Seguros RGA,0,2.UWT,,,0.0,,,,,,,0.0,75.0,75.0,0.0,0.0,4.0,194.59,166.0,0.0,0.0,0.0,0.0,0.106,1.77,166.0,0.0,27.1,0.161,0.0,0.0,0.0,1303.0,1185.0,304.0,4.0,2.0,2.0,0.0,0.0,0.0,0.9967,0.9967,0.0,0.0,0.0,2.6,3.63,2.82,250.0,-0.17,334.0,0,15,2324.12,40.0,0.0,0.0,0.0,0.0,0.0,0.0,0.0,155.0,,Sprint of large group,0.0,1.0,🟢  Plat/Sprint,0
2019-04-20,2019,tour-of-turkey,stage,5.0,Caja Rural - Seguros RGA,0,2.UWT,,,0.0,,,,,,,0.0,75.0,75.0,0.0,0.0,5.0,159.18,159.0,0.0,0.0,0.0,0.0,2.27,0.0,157.0,0.0,0.0,0.0,0.0,0.0,0.0,2136.0,1072.0,1160.0,1.0,0.0,1.0,1.0,0.0,1.0,0.9992,0.9992,0.9992,0.9992,0.9992,11.2,9.8,9.78,687.0,0.33,587.0,0,15,2324.12,40.0,0.0,0.0,0.0,0.0,0.0,0.0,0.0,155.0,,0.6 km solo,0.0,3.0,🏔️  Haute montagne,0
2019-04-21,2019,tour-of-turkey,stage,6.0,Caja Rural - Seguros RGA,0,2.UWT,,,0.0,,,,,,,0.0,75.0,75.0,0.0,0.0,6.0,171.64,73.1,8.41,1.13,0.0,0.0,11.7,9.41,62.6,2.2,83.3,0.138,91.8,5.02,0.174,1410.0,1392.0,194.0,0.0,0.0,2.0,0.0,0.0,0.0,0.5331,0.5331,0.0,0.0,0.0,1.3,1.23,0.78,91.0,-0.03,251.0,0,15,2324.12,40.0,0.878,0.0,0.757,0.0,0.757,0.0,0.0,155.0,,-,0.0,1.0,🟢  Plat/Sprint,0
2019-04-22,2019,tour-of-the-alps,stage,1.0,Caja Rural - Seguros RGA,0,2.HC,,,0.0,,,,,,,10.0,15.0,5.0,0.0,0.0,1.0,143.84,140.0,2.11,1.02,0.0,0.0,127.0,4.69,5.93,5.59,0.809,0.0,0.895,0.217,0.0,2360.0,2360.0,858.0,477.0,4.0,3.0,2.0,0.0,0.0,0.9031,0.9031,0.9031,0.0,0.0,1.1,-2.0,-3.66,127.0,0.0,631.0,0,15,2324.12,20.0,0.437,0.0,0.0,0.0,0.0,0.0,0.0,269.0,,Sprint of large group,0.6,2.0,⛰️  Moy. montagne,0
2019-04-23,2019,tour-of-the-alps,stage,2.0,Caja Rural - Seguros RGA,0,2.HC,,,0.0,,,,,,,0.0,15.0,5.0,0.0,0.0,2.0,178.76,178.0,0.148,0.133,0.0,0.0,49.8,1.9,126.0,1.01,0.194,0.0,0.309,0.0,0.0,3084.0,3113.0,2095.0,356.0,2.0,1.0,1.0,0.0,1.0,0.9996,0.9996,0.6923,0.6923,0.6923,3.5,5.67,4.74,359.0,-0.18,348.0,0,15,2324.12,20.0,0.0,0.0,0.0,0.0,0.0,0.0,0.0,269.0,,3.2 km solo,0.0,3.0,🏔️  Haute montagne,0
2019-04-24,2019,tour-of-the-alps,stage,3.0,Caja Rural - Seguros RGA,0,2.HC,,,0.0,,,,,,,0.0,15.0,5.0,0.0,0.0,3.0,106.35,104.0,1.55,0.461,0.0,0.0,83.8,1.32,20.1,0.639,0.715,0.0,0.715,0.0,0.0,2708.0,1953.0,1104.0,209.0,2.0,2.0,2.0,0.0,1.0,0.9992,0.9992,0.9992,0.5387,0.5387,0.5,0.9,2.6,624.0,1.09,1296.0,0,15,2324.12,20.0,0.0,0.0,0.0,0.0,0.0,0.0,0.0,269.0,,1.5 km solo,0.0,3.0,🏔️  Haute montagne,0
2019-04-25,2019,vuelta-a-castilla-y-leon,stage,1.0,Caja Rural - Seguros RGA,0,2.1,,,0.0,,,,,,,0.0,50.0,50.0,0.0,0.0,1.0,182.53,181.0,0.209,0.0,0.293,0.474,142.0,0.732,38.8,0.0,0.713,0.0,0.499,0.474,0.0,1788.0,1780.0,1190.0,647.0,3.0,0.0,2.0,0.0,0.0,0.9363,0.6093,0.6093,0.0,0.0,0.1,-0.53,-0.54,107.0,0.31,595.0,0,14,2159.22,14.0,0.0,0.0,0.0,0.0,0.0,0.0,0.0,93.0,,-,2.6,2.0,⛰️  Moy. montagne,0
2019-04-25,2019,tour-of-the-alps,stage,4.0,Caja Rural - Seguros RGA,0,2.HC,,,0.0,,,,,,,0.0,15.0,5.0,0.0,0.0,4.0,134.15,133.0,0.744,0.166,0.0,0.0,103.0,0.432,27.7,2.96,0.549,0.0,0.549,0.0,0.0,2750.0,2723.0,1392.0,202.0,3.0,0.0,0.0,1.0,1.0,0.9856,0.8503,0.8503,0.8503,0.5147,-0.4,-0.93,2.02,165.0,-0.03,681.0,0,14,2159.22,20.0,0.0,0.0,0.0,0.0,0.0,0.0,0.0,269.0,,Sprint of small group,2.6,2.0,⛰️  Moy. montagne,0
2019-04-26,2019,vuelta-a-castilla-y-leon,stage,2.0,Caja Rural - Seguros RGA,0,2.1,,,0.0,,,,,,,0.0,50.0,50.0,0.0,0.0,2.0,164.56,165.0,0.0,0.0,0.0,0.0,106.0,0.0,58.2,0.0,0.0,0.0,0.0,0.0,0.0,896.0,889.0,900.0,763.0,4.0,0.0,0.0,0.0,0.0,0.7969,0.0,0.0,0.0,0.0,-0.5,-0.77,-0.74,56.0,-0.01,345.0,0,13,1991.61,14.0,0.0,0.0,0.0,0.0,0.0,0.0,0.0,93.0,,-,0.0,1.0,🟢  Plat/Sprint,0
2019-04-26,2019,tour-of-the-alps,stage,5.0,Caja Rural - Seguros RGA,0,2.HC,,,0.0,,,,,,,0.0,15.0,5.0,0.0,0.0,5.0,148.0,140.0,5.84,0.286,0.0,0.0,109.0,1.55,32.0,3.98,1.95,0.0,2.01,0.46,0.0,3194.0,3357.0,1441.0,214.0,1.0,2.0,0.0,0.0,2.0,0.7907,0.7907,0.7907,0.7907,0.7907,0.6,0.1,0.2,90.0,-0.25,606.0,0,13,1991.61,20.0,0.0,0.0,0.0,0.0,0.0,0.0,0.0,269.0,,-,2.6,2.0,⛰️  Moy. montagne,0
2019-04-27,2019,vuelta-a-castilla-y-leon,stage,3.0,Caja Rural - Seguros RGA,0,2.1,,,0.0,,,,,,,0.0,50.0,50.0,0.0,0.0,3.0,154.71,153.0,1.13,0.0,0.0,0.237,72.7,0.692,80.8,0.0,0.461,0.0,0.622,0.471,0.0,1750.0,2111.0,1504.0,451.0,2.0,1.0,0.0,1.0,0.0,0.8801,0.5793,0.4,0.4,0.0,0.3,0.48,0.26,119.0,0.12,346.0,0,12,1812.3,14.0,0.0,0.0,0.0,0.0,0.0,0.0,0.0,93.0,,-,2.0,2.0,⛰️  Moy. montagne,0
2019-04-28,2019,giro-dell-appennino,result,,Caja Rural - Seguros RGA,0,1.1,,,0.0,,,,,,,15.0,15.0,0.0,0.0,0.0,,199.38,195.0,1.94,0.0,0.574,0.0,110.0,1.46,69.5,17.9,1.21,0.324,2.61,0.0,0.0,2428.0,2616.0,772.0,3.0,2.0,1.0,2.0,1.0,0.0,0.8297,0.767,0.767,0.6542,0.0,2.4,0.6,0.32,64.0,-0.0,310.0,0,11,1661.38,125.0,0.0,0.0,0.0,0.0,0.0,0.0,0.0,70.0,,3 km solo,2.0,2.0,⛰️  Moy. montagne,0
2019-05-03,2019,vuelta-asturias,stage,1.0,Caja Rural - Seguros RGA,1,2.1,FIN,62.0,0.0,18.0,3.0,,,,,0.0,41.0,38.0,0.0,0.0,1.0,178.93,167.0,2.72,1.1,0.0,0.0,131.0,8.29,31.4,0.0,8.04,0.0,8.04,0.0,0.0,2464.0,2316.0,519.0,6.0,4.0,5.0,1.0,0.0,0.0,0.9499,0.9499,0.5628,0.0,0.0,0.3,0.67,-2.1,43.0,-0.13,518.0,0,8,1152.4899999999998,14.0,0.0,0.0,0.0,0.0,0.0,0.0,0.0,74.0,,Sprint of small group,3.0,2.0,⛰️  Moy. montagne,0
2019-05-04,2019,vuelta-asturias,stage,2.0,Caja Rural - Seguros RGA,1,2.1,FIN,11.0,0.0,18.0,3.0,,,,,0.0,41.0,38.0,0.0,0.0,2.0,173.85,165.0,7.13,0.461,0.0,0.0,90.7,0.544,81.1,0.215,1.02,0.0,1.02,0.0,0.0,2911.0,2647.0,1177.0,2.0,2.0,2.0,1.0,0.0,1.0,0.854,0.854,0.854,0.854,0.854,0.5,-0.3,-0.5,26.0,-0.24,673.0,0,9,1331.4199999999998,14.0,0.0,0.0,0.0,0.0,0.0,0.0,0.0,74.0,,Sprint à deux,3.0,2.0,⛰️  Moy. montagne,0
2019-05-05,2019,vuelta-asturias,stage,3.0,Caja Rural - Seguros RGA,1,2.1,FIN,33.0,0.0,18.0,3.0,,,,,3.0,41.0,38.0,0.0,0.0,3.0,119.41,120.0,0.0,0.0,0.0,0.0,58.6,2.13,58.7,0.0,0.0,0.0,0.0,0.0,0.0,1585.0,1710.0,442.0,23.0,2.0,2.0,1.0,0.0,0.0,0.905,0.905,0.905,0.0,0.0,-1.0,-2.97,-2.44,33.0,-0.55,376.0,0,10,1505.2699999999998,5.0,0.0,0.0,0.0,0.0,0.0,0.0,0.0,74.0,,-,0.0,1.0,🟢  Plat/Sprint,0
2019-05-09,2019,rhone-alpes-isere-tour,stage,1.0,Caja Rural - Seguros RGA,0,2.2,,,0.0,,,,,,,0.0,16.0,10.0,0.0,0.0,1.0,147.35,132.0,14.5,0.0,0.0,0.0,134.0,5.13,0.711,6.72,0.989,0.0,1.0,0.0,0.0,1895.0,1837.0,616.0,205.0,6.0,0.0,1.0,0.0,0.0,0.7069,0.4362,0.4362,0.0,0.0,0.9,2.1,0.4,181.0,0.24,577.0,0,9,1417.25,7.0,0.0,0.0,0.0,0.0,0.0,0.0,0.0,26.0,,-,3.0,2.0,⛰️  Moy. montagne,0
2019-05-10,2019,rhone-alpes-isere-tour,stage,2.0,Caja Rural - Seguros RGA,0,2.2,,,0.0,,,,,,,3.0,16.0,10.0,0.0,0.0,2.0,151.23,122.0,29.5,0.0,0.0,0.0,144.0,1.84,1.58,3.65,0.0,0.0,0.0,0.0,0.0,1776.0,1775.0,580.0,200.0,8.0,0.0,1.0,0.0,0.0,0.9749,0.5534,0.5534,0.0,0.0,-0.2,-2.27,0.0,101.0,0.01,486.0,0,8,1267.33,7.0,0.0,0.0,0.0,0.0,0.0,0.0,0.0,26.0,,-,3.0,2.0,⛰️  Moy. montagne,0
2019-05-10,2019,vuelta-international-a-la-cominudad-de-madrid,stage,1.0,Caja Rural - Seguros RGA,0,2.1,,,0.0,,,,,,,0.0,87.0,73.0,0.0,0.0,1.0,160.69,158.0,2.55,0.0,0.0,0.0,92.6,2.55,65.3,0.0,0.0,0.0,0.0,0.0,0.0,1640.0,1639.0,836.0,492.0,3.0,3.0,1.0,0.0,0.0,0.9127,0.9127,0.3845,0.0,0.0,0.0,0.03,-0.06,22.0,0.26,415.0,0,8,1267.33,14.0,0.0,0.0,0.0,0.0,0.0,0.0,0.0,72.0,,-,3.6,2.0,⛰️  Moy. montagne,0
2019-05-11,2019,rhone-alpes-isere-tour,stage,3.0,Caja Rural - Seguros RGA,0,2.2,,,0.0,,,,,,,3.0,16.0,10.0,0.0,0.0,3.0,169.75,159.0,10.7,0.0,0.0,0.0,156.0,3.12,5.02,5.61,0.0,0.0,0.0,0.0,0.0,2559.0,2573.0,836.0,141.0,3.0,2.0,1.0,1.0,0.0,0.9508,0.8342,0.8342,0.2574,0.0,0.8,-0.1,-0.7,35.0,1.13,977.0,0,7,1075.99,7.0,0.0,0.0,0.0,0.0,0.0,0.0,0.0,26.0,,-,0.6,2.0,⛰️  Moy. montagne,0
2019-05-11,2019,vuelta-international-a-la-cominudad-de-madrid,stage,2.0,Caja Rural - Seguros RGA,0,2.1,,,0.0,,,,,,,14.0,87.0,73.0,0.0,0.0,2.0,164.36,163.0,0.416,0.684,0.0,0.0,120.0,0.708,33.8,0.0,0.198,0.0,0.0,9.19,0.0,2684.0,2690.0,1445.0,455.0,3.0,3.0,1.0,0.0,1.0,0.9342,0.9342,0.9342,0.3975,0.3975,3.4,-0.17,0.18,77.0,0.69,924.0,0,7,1075.99,14.0,0.0,0.0,0.0,0.0,0.0,0.0,0.0,72.0,,Sprint of small group,1.2,2.0,⛰️  Moy. montagne,0
2019-05-12,2019,vuelta-international-a-la-cominudad-de-madrid,stage,3.0,Caja Rural - Seguros RGA,0,2.1,,,0.0,,,,,,,0.0,87.0,73.0,0.0,0.0,3.0,101.45,102.0,4.43,0.684,0.0,0.0,3.49,9.77,70.3,16.5,0.0,5.08,0.0,2.15,0.0,1005.0,1007.0,726.0,673.0,0.0,0.0,0.0,0.0,0.0,0.0,0.0,0.0,0.0,0.0,2.0,-0.47,-0.1,182.0,0.04,505.0,0,6,911.93,14.0,0.241,0.0,0.107,0.0,0.054,0.0,0.0,72.0,,-,0.6,1.0,🟢  Plat/Sprint,0
2019-05-12,2019,rhone-alpes-isere-tour,stage,4.0,Caja Rural - Seguros RGA,0,2.2,,,0.0,,,,,,,0.0,16.0,10.0,0.0,0.0,4.0,172.64,161.0,11.3,0.0,0.0,0.0,159.0,0.0,11.3,1.93,0.0,0.0,0.0,0.0,0.0,1542.0,1594.0,593.0,204.0,3.0,0.0,1.0,0.0,0.0,0.4775,0.3503,0.3503,0.0,0.0,0.1,-0.03,-0.36,16.0,0.38,701.0,0,6,911.93,7.0,0.0,0.0,0.0,0.0,0.0,0.0,0.0,26.0,,-,4.0,2.0,⛰️  Moy. montagne,0
2019-05-17,2019,vuelta-a-aragon,stage,1.0,Caja Rural - Seguros RGA,1,2.1,FIN,78.0,0.0,36.0,0.0,,,,,0.0,3.0,0.0,0.0,0.0,1.0,185.44,183.0,0.206,0.0,1.35,0.0,58.4,0.787,125.0,0.0,0.0,0.0,0.52,1.35,0.0,1717.0,1868.0,945.0,331.0,1.0,0.0,2.0,0.0,0.0,0.8054,0.8054,0.8054,0.0,0.0,-0.1,-1.6,-0.5,47.0,-0.32,405.0,0,3,472.18999999999994,14.0,0.0,0.0,0.0,0.0,0.0,0.0,0.0,90.0,,Sprint of large group,4.0,2.0,⛰️  Moy. montagne,0
2019-05-18,2019,vuelta-a-aragon,stage,2.0,Caja Rural - Seguros RGA,1,2.1,FIN,30.0,0.0,36.0,0.0,,,,,0.0,3.0,0.0,0.0,0.0,2.0,184.51,184.0,0.135,0.0,0.0,0.0,112.0,0.706,72.0,0.0,0.0,0.0,0.0,0.0,0.0,3540.0,2813.0,1213.0,432.0,5.0,1.0,2.0,1.0,0.0,0.9997,0.9997,0.9997,0.7506,0.0,2.1,3.97,3.66,335.0,0.83,922.0,0,4,657.6299999999999,14.0,0.0,0.0,0.0,0.0,0.0,0.0,0.0,90.0,,Sprint of small group,0.0,3.0,🏔️  Haute montagne,0
2019-05-19,2019,vuelta-a-aragon,stage,3.0,Caja Rural - Seguros RGA,1,2.1,FIN,74.0,0.0,36.0,0.0,,,,,3.0,3.0,0.0,0.0,0.0,3.0,125.77,122.0,2.25,0.0,1.02,0.842,30.3,0.898,93.5,0.0,0.0,0.0,0.0,1.02,0.0,791.0,1083.0,763.0,199.0,0.0,2.0,0.0,0.0,0.0,0.36,0.36,0.0,0.0,0.0,0.0,-0.3,-0.6,11.0,-0.04,411.0,0,5,842.1399999999999,14.0,0.0,0.907,0.0,0.907,0.0,0.0,0.0,90.0,,-,0.6,1.0,🟢  Plat/Sprint,0
2019-05-28,2019,tour-of-norway,stage,1.0,Caja Rural - Seguros RGA,0,2.HC,,,0.0,,,,,,,0.0,10.0,10.0,0.0,0.0,1.0,168.01,167.0,0.191,0.0,0.0,0.0,64.7,0.506,102.0,0.841,0.0,0.0,0.638,0.221,0.0,1697.0,1684.0,274.0,-1.0,4.0,1.0,0.0,0.0,0.0,0.8869,0.5203,0.0,0.0,0.0,0.2,0.47,-0.26,23.0,0.2,466.0,0,6,967.91,20.0,0.0,0.0,0.0,0.0,0.0,0.0,0.0,275.0,,Sprint of large group,1.2,1.0,🟢  Plat/Sprint,0
2019-05-29,2019,tour-of-norway,stage,2.0,Caja Rural - Seguros RGA,0,2.HC,,,0.0,,,,,,,0.0,10.0,10.0,0.0,0.0,2.0,173.64,167.0,4.07,2.4,0.199,0.0,55.7,9.4,104.0,3.74,0.354,0.0,0.465,0.322,0.111,2355.0,2366.0,249.0,0.0,1.0,3.0,0.0,0.0,0.0,0.4045,0.4045,0.0,0.0,0.0,0.3,0.03,-0.3,29.0,-0.02,826.0,0,6,967.91,20.0,2.093,0.0,1.046,0.0,0.523,0.0,0.0,275.0,,Sprint of large group,3.4,2.0,⛰️  Moy. montagne,0
2019-05-30,2019,tour-of-norway,stage,3.0,Caja Rural - Seguros RGA,0,2.HC,,,0.0,,,,,,,0.0,10.0,10.0,0.0,0.0,3.0,180.3,177.0,3.25,0.0,0.0,0.0,36.1,4.67,137.0,1.87,0.0,0.0,0.0,0.91,0.0,2562.0,2569.0,469.0,2.0,6.0,2.0,1.0,0.0,0.0,0.9763,0.568,0.568,0.0,0.0,-0.3,-0.47,-1.52,73.0,0.33,749.0,0,6,967.91,20.0,0.0,0.0,0.0,0.0,0.0,0.0,0.0,275.0,,0.4 km solo,3.4,2.0,⛰️  Moy. montagne,0
2019-05-31,2019,tour-of-norway,stage,4.0,Caja Rural - Seguros RGA,0,2.HC,,,0.0,,,,,,,0.0,10.0,10.0,0.0,0.0,4.0,224.28,219.0,4.61,0.331,0.0,0.0,89.1,1.65,126.0,6.27,0.827,0.0,0.909,0.838,0.0,2755.0,2770.0,176.0,0.0,8.0,1.0,0.0,0.0,0.0,0.9688,0.5118,0.0,0.0,0.0,-0.2,-0.3,-1.18,26.0,0.08,693.0,0,6,967.91,20.0,0.0,0.0,0.0,0.0,0.0,0.0,0.0,275.0,,Sprint of small group,2.8,2.0,⛰️  Moy. montagne,0
2019-06-01,2019,gp-de-plumelec,result,,Caja Rural - Seguros RGA,0,1.1,,,0.0,,,,,,,3.0,3.0,0.0,0.0,0.0,,187.83,188.0,0.0,0.0,0.0,0.0,188.0,0.0,0.0,0.0,0.0,0.0,0.0,0.0,0.0,2644.0,2649.0,162.0,40.0,14.0,0.0,0.0,0.0,0.0,0.9995,0.0,0.0,0.0,0.0,5.9,3.5,1.2,129.0,-0.18,459.0,0,6,967.91,125.0,0.0,0.0,0.0,0.0,0.0,0.0,0.0,137.0,,Sprint of small group,0.0,2.0,⛰️  Moy. montagne,0
2019-06-01,2019,tour-of-norway,stage,5.0,Caja Rural - Seguros RGA,0,2.HC,,,0.0,,,,,,,0.0,10.0,10.0,0.0,0.0,5.0,159.87,149.0,1.11,0.0,0.908,0.448,65.0,0.858,80.8,4.29,7.96,0.0,4.87,0.544,0.562,2078.0,2101.0,480.0,2.0,4.0,0.0,2.0,0.0,0.0,0.891,0.6448,0.6448,0.0,0.0,0.2,-0.17,-0.04,11.0,0.12,688.0,0,6,967.91,20.0,0.0,0.0,0.0,0.0,0.0,0.0,0.0,275.0,,Sprint of large group,0.6,2.0,⛰️  Moy. montagne,0
2019-06-02,2019,tour-of-norway,stage,6.0,Caja Rural - Seguros RGA,0,2.HC,,,0.0,,,,,,,0.0,10.0,10.0,0.0,0.0,6.0,174.1,172.0,0.334,0.0,0.303,0.0,96.6,0.651,69.9,4.13,1.99,0.0,2.07,1.21,0.0,2102.0,2228.0,397.0,64.0,3.0,5.0,0.0,0.0,0.0,0.9335,0.9335,0.0,0.0,0.0,0.3,-1.6,-1.32,29.0,-0.09,559.0,0,6,967.91,20.0,0.0,0.0,0.0,0.0,0.0,0.0,0.0,275.0,,-,2.2,2.0,⛰️  Moy. montagne,0
2019-06-02,2019,boucles-de-l-aulne,result,,Caja Rural - Seguros RGA,0,1.1,,,0.0,,,,,,,8.0,8.0,0.0,0.0,0.0,,178.87,167.0,10.9,0.616,0.0,0.0,118.0,8.64,52.4,0.0,0.0,0.0,0.0,0.0,0.0,2749.0,2752.0,212.0,5.0,16.0,3.0,0.0,0.0,0.0,0.9621,0.5546,0.0,0.0,0.0,3.0,-0.1,-0.94,56.0,-0.07,737.0,0,6,967.91,125.0,0.369,0.0,0.185,0.0,0.123,0.0,0.0,137.0,,9 km solo,0.6,2.0,⛰️  Moy. montagne,0
2019-06-06,2019,boucles-de-la-mayenne,prologue,,Caja Rural - Seguros RGA,0,2.1,,,0.0,,,,,,,0.0,119.0,88.0,0.0,0.0,,4.58,4.57,0.0,0.0,0.0,0.0,2.04,1.47,0.0,1.06,0.0,0.0,0.0,0.0,0.0,49.0,51.0,84.0,48.0,0.0,0.0,0.0,0.0,0.0,0.0,0.0,0.0,0.0,0.0,3.4,0.37,-0.04,49.0,-0.04,49.0,0,3,495.72,14.0,0.0,0.0,0.0,0.0,0.0,0.0,0.0,,,,3.75,0.0,⏱️  CLM,0
2019-06-07,2019,boucles-de-la-mayenne,stage,1.0,Caja Rural - Seguros RGA,0,2.1,,,0.0,,,,,,,14.0,119.0,88.0,0.0,0.0,1.0,203.99,171.0,30.7,0.0,1.88,0.0,194.0,2.88,4.44,1.24,0.0,0.0,0.727,0.0,1.88,2387.0,2429.0,350.0,42.0,5.0,1.0,0.0,0.0,0.0,0.5889,0.3879,0.0,0.0,0.0,0.9,0.27,0.08,53.0,0.15,508.0,0,3,495.72,14.0,0.0,0.0,0.0,0.0,0.0,0.0,0.0,84.0,,Sprint of small group,2.2,2.0,⛰️  Moy. montagne,0
2019-06-08,2019,boucles-de-la-mayenne,stage,2.0,Caja Rural - Seguros RGA,0,2.1,,,0.0,,,,,,,14.0,119.0,88.0,0.0,0.0,2.0,182.79,155.0,27.5,0.0,0.0,0.0,179.0,2.56,0.864,0.72,0.0,0.0,0.0,0.0,0.0,1983.0,1906.0,296.0,84.0,4.0,1.0,0.0,0.0,0.0,0.8227,0.4956,0.0,0.0,0.0,1.0,0.3,0.36,46.0,-0.01,623.0,0,3,495.72,14.0,0.0,0.0,0.0,0.0,0.0,0.0,0.0,84.0,,Sprint of large group,5.0,2.0,⛰️  Moy. montagne,0
2019-06-09,2019,boucles-de-la-mayenne,stage,3.0,Caja Rural - Seguros RGA,0,2.1,,,0.0,,,,,,,3.0,119.0,88.0,0.0,0.0,3.0,174.13,155.0,15.7,0.404,0.0,0.0,163.0,3.97,2.85,1.65,2.32,0.0,2.76,0.266,0.0,1424.0,1439.0,126.0,26.0,1.0,0.0,0.0,0.0,0.0,0.6451,0.0,0.0,0.0,0.0,2.1,0.17,0.46,88.0,0.01,395.0,0,3,495.72,14.0,0.0,0.0,0.0,0.0,0.0,0.0,0.0,84.0,,-,1.2,1.0,🟢  Plat/Sprint,0
2019-06-17,2019,cic-mont-ventoux,result,,Caja Rural - Seguros RGA,1,1.1,FIN,12.0,10.0,,,,,,,28.0,28.0,0.0,0.0,0.0,,177.04,176.0,0.371,0.0,0.625,0.0,165.0,0.383,1.14,10.1,0.0,0.0,0.12,0.638,0.0,4150.0,2467.0,1893.0,167.0,4.0,2.0,1.0,0.0,2.0,0.9997,0.9997,0.9997,0.9997,0.9997,9.1,8.6,7.92,526.0,1.42,1160.0,0,2,310.28,125.0,0.0,0.0,0.0,0.0,0.0,0.0,0.08,132.0,,? km solo,0.0,3.0,🏔️  Haute montagne,0
2019-06-20,2019,la-route-d-occitanie,stage,1.0,Caja Rural - Seguros RGA,1,2.1,FIN,19.0,0.0,15.0,5.0,,,,,0.0,15.0,15.0,0.0,0.0,1.0,175.2,163.0,12.0,0.0,0.0,0.0,172.0,0.988,1.13,1.22,0.187,0.0,0.0,0.0,0.0,3012.0,2299.0,886.0,59.0,2.0,0.0,3.0,0.0,1.0,0.9997,0.9997,0.9997,0.6442,0.6442,7.7,7.63,6.88,360.0,1.41,1052.0,0,1,177.04,14.0,0.0,0.0,0.0,0.0,0.0,0.0,0.0,292.0,,Sprint à deux,5.6,3.0,🏔️  Haute montagne,0
2019-06-21,2019,la-route-d-occitanie,stage,2.0,Caja Rural - Seguros RGA,1,2.1,FIN,60.0,0.0,15.0,5.0,,,,,0.0,15.0,15.0,0.0,0.0,2.0,188.15,187.0,0.694,0.0,0.0,0.0,149.0,1.11,32.7,4.92,0.0,0.0,0.3,0.3,0.0,1947.0,1891.0,438.0,171.0,8.0,1.0,0.0,0.0,0.0,0.9354,0.9354,0.0,0.0,0.0,0.1,-0.43,-0.56,30.0,0.0,415.0,0,2,352.24,14.0,0.0,0.0,0.0,0.0,0.0,0.0,0.0,292.0,,Sprint of large group,7.2,2.0,⛰️  Moy. montagne,0
2019-06-22,2019,la-route-d-occitanie,stage,3.0,Caja Rural - Seguros RGA,1,2.1,FIN,20.0,0.0,15.0,5.0,,,,,0.0,15.0,15.0,0.0,0.0,3.0,174.99,156.0,19.1,0.0,0.0,0.0,161.0,0.595,13.9,0.0,0.0,0.0,0.0,0.0,0.0,4165.0,3516.0,1753.0,302.0,1.0,1.0,1.0,1.0,2.0,0.9998,0.9998,0.9998,0.9998,0.7781,7.7,8.83,8.6,596.0,-0.0,1329.0,0,3,540.39,14.0,0.0,0.0,0.0,0.0,0.0,0.0,0.0,292.0,,Sprint of small group,5.6,3.0,🏔️  Haute montagne,0
2019-06-23,2019,la-route-d-occitanie,stage,4.0,Caja Rural - Seguros RGA,1,2.1,FIN,21.0,0.0,15.0,5.0,,,,,0.0,15.0,15.0,0.0,0.0,4.0,154.97,150.0,0.294,0.0,2.72,0.0,151.0,0.0,0.0,0.0,1.9,0.0,1.9,2.72,0.0,1288.0,1288.0,259.0,173.0,7.0,0.0,0.0,0.0,0.0,0.9027,0.0,0.0,0.0,0.0,-1.9,-0.93,0.08,419.0,-0.02,408.0,0,4,715.38,14.0,0.0,0.0,0.0,0.0,0.0,0.0,0.0,292.0,,-,1.8,1.0,🟢  Plat/Sprint,0
2019-06-28,2019,nc-portugal,result,,Caja Rural - Seguros RGA,0,NC,,,0.0,,,,,,,0.0,0.0,0.0,0.0,0.0,,,,,,,,,,,,,,,,,,,,,0.0,0.0,0.0,0.0,0.0,,,,,,,,,,,,0,5,870.35,,,,,,,,,8.0,,Time trial,,,,0
2019-06-28,2019,nc-spain-itt,result,,Caja Rural - Seguros RGA,0,NC,,,0.0,,,,,,,0.0,0.0,0.0,0.0,0.0,,39.8,32.2,8.06,0.0,0.0,0.0,13.8,0.873,25.6,0.0,0.0,0.0,0.0,0.0,0.0,286.0,287.0,868.0,584.0,0.0,1.0,0.0,0.0,0.0,0.5625,0.5625,0.0,0.0,0.0,0.0,-0.67,-0.94,83.0,-0.0,286.0,0,5,870.35,50.0,0.0,0.0,0.0,0.0,0.0,0.0,0.0,21.0,,Time trial,3.0,0.0,⏱️  CLM,0
2019-06-30,2019,nc-portugal2,result,,Caja Rural - Seguros RGA,0,NC,,,0.0,,,,,,,0.0,0.0,0.0,0.0,0.0,,,,,,,,,,,,,,,,,,,,,0.0,0.0,0.0,0.0,0.0,,,,,,,,,,,,0,5,870.35,,,,,,,,,18.0,,-,,,,0
2019-06-30,2019,nc-poland,result,,Caja Rural - Seguros RGA,0,NC,,,0.0,,,,,,,0.0,0.0,0.0,0.0,0.0,,,,,,,,,,,,,,,,,,,,,0.0,0.0,0.0,0.0,0.0,,,,,,,,,,,,0,5,870.35,,,,,,,,,33.0,,-,,,,0
2019-06-30,2019,nc-spain,result,,Caja Rural - Seguros RGA,1,NC,DNF,,0.0,,,,,,,0.0,0.0,0.0,0.0,0.0,,110.0,102.0,7.0,0.0,0.0,0.0,45.8,1.76,61.8,0.0,0.651,0.0,0.651,0.102,0.0,1965.0,1914.0,628.0,181.0,2.0,2.0,1.0,0.0,0.0,0.9447,0.6763,0.6763,0.0,0.0,0.0,-2.27,-0.48,119.0,0.34,975.0,0,5,870.35,100.0,0.0,0.0,0.0,0.0,0.0,0.0,0.0,181.0,,Sprint à deux,7.2,2.0,⛰️  Moy. montagne,0
2019-07-25,2019,adriatica-ionica-race,stage,1.0,Caja Rural - Seguros RGA,0,2.1,,,0.0,,,,,,,0.0,0.0,0.0,0.0,0.0,1.0,0.0,158.0,3.98,0.0,12.2,5.62,105.0,2.65,53.1,0.33,2.17,0.0,2.17,18.2,0.0,0.0,0.0,0.0,0.0,0.0,0.0,0.0,0.0,0.0,0.0,0.0,0.0,0.0,0.0,0.0,0.0,0.0,0.0,0.0,0.0,0,1,110.0,14.0,0.0,0.0,0.0,0.0,0.0,0.0,0.0,220.0,,Sprint of large group,1.2,1.0,🟢  Plat/Sprint,0
2019-07-25,2019,prueba-villafranca,result,,Caja Rural - Seguros RGA,0,1.1,,,0.0,,,,,,,56.0,56.0,0.0,0.0,0.0,,166.77,165.0,0.376,1.29,0.0,0.0,156.0,4.87,0.0,2.9,0.0,0.0,0.0,2.75,0.0,2391.0,2392.0,402.0,93.0,2.0,5.0,0.0,0.0,0.0,0.9376,0.9376,0.0,0.0,0.0,0.0,-0.7,-1.16,19.0,0.03,574.0,0,1,110.0,125.0,0.258,0.0,0.0,0.0,0.0,0.0,0.0,51.0,,-,5.6,2.0,⛰️  Moy. montagne,0
2019-07-26,2019,adriatica-ionica-race,stage,2.0,Caja Rural - Seguros RGA,0,2.1,,,0.0,,,,,,,0.0,0.0,0.0,0.0,0.0,2.0,0.0,197.0,0.621,0.0,0.0,0.0,120.0,0.76,76.1,0.0,1.17,0.0,1.39,0.523,0.0,0.0,0.0,0.0,0.0,0.0,0.0,0.0,0.0,0.0,0.0,0.0,0.0,0.0,0.0,0.0,0.0,0.0,0.0,0.0,0.0,0,1,110.0,14.0,0.0,0.0,0.0,0.0,0.0,0.0,0.0,220.0,,Sprint of small group,5.6,3.0,🏔️  Haute montagne,0
2019-07-27,2019,adriatica-ionica-race,stage,3.0,Caja Rural - Seguros RGA,0,2.1,,,0.0,,,,,,,0.0,0.0,0.0,0.0,0.0,3.0,0.0,184.0,22.0,0.521,0.0,0.0,129.0,5.28,71.4,0.381,1.52,0.0,0.915,0.0,0.0,0.0,0.0,0.0,0.0,0.0,0.0,0.0,0.0,0.0,0.0,0.0,0.0,0.0,0.0,0.0,0.0,0.0,0.0,0.0,0.0,0,1,110.0,14.0,0.0,0.0,0.0,0.0,0.0,0.0,0.0,220.0,,13.3 km solo,16.8,2.0,⛰️  Moy. montagne,0
2019-07-28,2019,adriatica-ionica-race,stage,4.0,Caja Rural - Seguros RGA,0,2.1,,,0.0,,,,,,,0.0,0.0,0.0,0.0,0.0,4.0,0.0,101.0,1.05,0.0,0.0,0.0,69.8,2.29,28.6,0.434,0.815,0.0,1.11,0.769,0.0,0.0,0.0,0.0,0.0,0.0,0.0,0.0,0.0,0.0,0.0,0.0,0.0,0.0,0.0,0.0,0.0,0.0,0.0,0.0,0.0,0,1,110.0,14.0,0.0,0.0,0.0,0.0,0.0,0.0,0.0,220.0,,-,1.2,1.0,🟢  Plat/Sprint,0
2019-07-31,2019,circuito-de-getxo,result,,Caja Rural - Seguros RGA,1,1.1,FIN,57.0,0.0,,,,,,,213.0,213.0,0.0,0.0,0.0,,196.87,168.0,22.3,7.02,0.0,0.0,46.5,35.5,91.4,23.1,0.0,0.0,0.277,0.732,0.0,1960.0,1964.0,124.0,1.0,8.0,0.0,0.0,0.0,0.0,0.9405,0.0,0.0,0.0,0.0,5.9,1.97,1.24,243.0,-0.04,492.0,0,0,0.0,125.0,0.034,0.0,0.017,0.0,0.017,0.0,0.0,51.0,,Sprint of small group,14.0,2.0,⛰️  Moy. montagne,0
2019-07-31,2019,volta-a-portugal,prologue,,Caja Rural - Seguros RGA,0,2.1,,,0.0,,,,,,,0.0,6.0,3.0,0.0,0.0,,5.92,3.88,0.0,1.0,0.0,0.0,0.918,0.153,3.8,0.0,0.865,0.0,0.865,0.0,0.0,48.0,58.0,478.0,438.0,0.0,0.0,0.0,0.0,0.0,0.0,0.0,0.0,0.0,0.0,-2.1,0.17,-0.2,45.0,-0.17,48.0,0,0,0.0,14.0,0.0,0.0,0.0,0.0,0.0,0.0,0.0,,,,3.0,0.0,⏱️  CLM,0
2019-08-01,2019,volta-a-portugal,stage,1.0,Caja Rural - Seguros RGA,0,2.1,,,0.0,,,,,,,3.0,6.0,3.0,0.0,0.0,1.0,180.5,179.0,1.07,0.352,0.0,0.0,126.0,1.88,52.8,0.0,0.167,0.0,0.167,0.0,0.0,2914.0,3087.0,979.0,31.0,2.0,4.0,0.0,0.0,1.0,0.9411,0.6819,0.2413,0.2413,0.2413,-1.1,0.13,-1.36,89.0,0.82,1111.0,0,1,196.87,14.0,0.0,0.0,0.0,0.0,0.0,0.0,0.0,49.0,,Sprint of large group,53.8,2.0,⛰️  Moy. montagne,0
2019-08-02,2019,volta-a-portugal,stage,2.0,Caja Rural - Seguros RGA,0,2.1,,,0.0,,,,,,,0.0,6.0,3.0,0.0,0.0,2.0,204.39,199.0,1.66,0.677,0.0,0.0,52.1,2.77,145.0,0.853,2.93,0.0,2.98,0.285,0.0,2244.0,2253.0,309.0,2.0,7.0,2.0,0.0,0.0,0.0,0.9999,0.7528,0.0,0.0,0.0,8.6,3.2,1.08,108.0,-0.02,456.0,0,1,196.87,14.0,0.0,0.0,0.0,0.0,0.0,0.0,0.0,49.0,,Sprint of large group,54.4,2.0,⛰️  Moy. montagne,0
2019-08-03,2019,san-sebastian,result,,Caja Rural - Seguros RGA,1,1.UWT,FIN,57.0,2.0,,,,,,,36.0,36.0,0.0,0.0,0.0,,224.83,221.0,2.12,0.884,0.0,0.0,151.0,15.5,51.6,5.48,0.463,0.0,0.51,0.678,0.0,3945.0,3974.0,548.0,1.0,4.0,2.0,4.0,0.0,0.0,0.9734,0.9734,0.8435,0.0,0.0,0.0,0.0,-2.82,5.0,0.33,698.0,0,1,196.87,400.0,0.119,0.0,0.027,0.0,0.027,0.0,0.005,790.0,,8.8 km solo,54.4,2.0,⛰️  Moy. montagne,0
2019-08-03,2019,volta-a-portugal,stage,3.0,Caja Rural - Seguros RGA,0,2.1,,,0.0,,,,,,,0.0,6.0,3.0,0.0,0.0,3.0,199.49,197.0,1.72,0.536,0.0,0.0,10.2,1.64,186.0,0.92,0.0,0.0,0.0,0.0,0.0,2258.0,1863.0,416.0,7.0,3.0,3.0,1.0,0.0,0.0,0.998,0.9418,0.9418,0.0,0.0,1.1,2.83,1.3,143.0,0.04,202.0,0,1,196.87,14.0,0.104,0.0,0.0,0.0,0.0,0.0,0.0,49.0,,-,50.4,2.0,⛰️  Moy. montagne,0
2019-08-04,2019,volta-a-portugal,stage,4.0,Caja Rural - Seguros RGA,0,2.1,,,0.0,,,,,,,0.0,6.0,3.0,0.0,0.0,4.0,147.18,133.0,11.8,1.66,0.0,0.0,76.3,0.971,67.4,1.88,0.0,0.0,0.0,0.153,0.0,3740.0,2246.0,1982.0,346.0,5.0,2.0,1.0,0.0,1.0,0.9998,0.9998,0.9998,0.9998,0.9998,6.3,7.5,7.28,461.0,-0.19,1164.0,0,2,421.7000000000001,14.0,0.81,0.0,0.0,0.0,0.0,0.0,0.0,49.0,,-,5.6,3.0,🏔️  Haute montagne,0
2019-08-05,2019,volta-a-portugal,stage,5.0,Caja Rural - Seguros RGA,0,2.1,,,0.0,,,,,,,0.0,6.0,3.0,0.0,0.0,5.0,160.28,145.0,8.26,5.39,0.0,0.0,68.1,3.78,83.7,2.96,1.97,0.0,1.97,0.0,0.0,2839.0,2396.0,1006.0,174.0,4.0,4.0,0.0,0.0,1.0,0.9998,0.9998,0.9998,0.9998,0.9998,6.3,6.3,3.22,204.0,-0.29,706.0,0,2,421.7000000000001,14.0,3.781,0.0,0.0,0.0,0.0,0.0,0.0,49.0,,? km solo,5.6,3.0,🏔️  Haute montagne,0
2019-08-07,2019,volta-a-portugal,stage,6.0,Caja Rural - Seguros RGA,0,2.1,,,0.0,,,,,,,0.0,6.0,3.0,0.0,0.0,6.0,193.99,189.0,2.15,1.83,0.395,0.0,43.8,3.79,145.0,0.0,0.523,0.0,0.523,0.455,0.0,3641.0,3063.0,800.0,127.0,3.0,4.0,2.0,1.0,0.0,0.957,0.957,0.957,0.957,0.0,0.6,-0.4,-1.4,43.0,1.04,1352.0,0,2,421.7000000000001,14.0,0.589,0.0,0.589,0.0,0.0,0.0,0.0,49.0,,? km solo,50.4,2.0,⛰️  Moy. montagne,0
2019-08-08,2019,volta-a-portugal,stage,7.0,Caja Rural - Seguros RGA,0,2.1,,,0.0,,,,,,,0.0,6.0,3.0,0.0,0.0,7.0,159.83,156.0,1.99,0.0,1.28,0.0,22.2,0.626,135.0,0.0,0.0,0.275,0.314,1.28,0.0,3249.0,2469.0,1515.0,343.0,5.0,1.0,1.0,0.0,1.0,0.9995,0.9995,0.9995,0.9995,0.9995,6.2,7.77,7.16,394.0,-0.34,819.0,0,2,421.7000000000001,14.0,0.0,0.0,0.0,0.0,0.0,0.0,0.0,49.0,,-,0.0,3.0,🏔️  Haute montagne,0
2019-08-09,2019,volta-a-portugal,stage,8.0,Caja Rural - Seguros RGA,0,2.1,,,0.0,,,,,,,0.0,6.0,3.0,0.0,0.0,8.0,162.52,155.0,1.54,5.74,0.0,0.0,39.9,0.913,120.0,0.941,0.0,0.0,0.0,0.0,0.0,1999.0,1561.0,459.0,0.0,2.0,3.0,1.0,0.0,0.0,0.9997,0.9997,0.9997,0.0,0.0,7.2,5.6,3.42,199.0,0.08,258.0,0,2,421.7000000000001,5.0,4.62,0.0,2.141,0.0,1.358,0.0,0.0,49.0,,-,7.8,2.0,⛰️  Moy. montagne,0
2019-08-10,2019,volta-a-portugal,stage,9.0,Caja Rural - Seguros RGA,0,2.1,,,0.0,,,,,,,0.0,6.0,3.0,0.0,0.0,9.0,137.45,129.0,6.28,2.37,0.0,0.0,116.0,3.64,17.6,0.0,0.884,0.0,0.884,0.0,0.0,3707.0,3046.0,1009.0,148.0,2.0,0.0,1.0,2.0,1.0,0.9999,0.9999,0.9999,0.9999,0.5325,7.2,7.63,7.54,525.0,-0.16,1061.0,0,2,421.7000000000001,14.0,1.647,0.0,0.091,0.0,0.0,0.0,0.0,49.0,,-,0.0,3.0,🏔️  Haute montagne,0
2019-08-11,2019,volta-a-portugal,stage,10.0,Caja Rural - Seguros RGA,0,2.1,,,0.0,,,,,,,0.0,6.0,3.0,0.0,0.0,10.0,20.08,16.9,0.263,1.42,0.0,0.0,9.98,0.29,7.38,0.0,1.05,0.0,1.15,1.06,0.0,417.0,358.0,154.0,2.0,3.0,0.0,0.0,0.0,0.0,0.9764,0.0,0.0,0.0,0.0,1.0,2.03,1.24,190.0,0.29,417.0,0,2,421.7000000000001,14.0,1.17,0.0,1.17,0.0,1.0,0.0,0.0,49.0,,-,0.6,1.0,🟢  Plat/Sprint,0
2019-08-13,2019,vuelta-a-burgos,stage,1.0,Caja Rural - Seguros RGA,1,2.HC,FIN,115.0,0.0,42.0,0.0,,,,,10.0,66.0,16.0,0.0,0.0,1.0,159.33,155.0,0.219,0.808,0.0,0.0,117.0,4.48,33.9,0.0,3.31,0.0,3.32,0.706,0.0,1450.0,1476.0,977.0,772.0,4.0,1.0,0.0,0.0,0.0,0.6675,0.6675,0.0,0.0,0.0,5.1,0.53,1.1,100.0,-0.05,563.0,1,2,421.7000000000001,20.0,0.897,0.0,0.897,0.0,0.461,0.0,0.0,175.0,,Sprint of large group,0.6,1.0,🟢  Plat/Sprint,0
2019-08-14,2019,vuelta-a-burgos,stage,2.0,Caja Rural - Seguros RGA,1,2.HC,FIN,73.0,0.0,42.0,0.0,,,,,20.0,66.0,16.0,0.0,0.0,2.0,152.75,152.0,0.0,0.337,0.0,0.0,136.0,0.656,15.1,0.0,0.658,0.0,0.658,0.241,0.0,994.0,980.0,927.0,769.0,3.0,0.0,0.0,0.0,0.0,0.9355,0.0,0.0,0.0,0.0,4.1,1.5,0.82,108.0,-0.03,271.0,1,3,581.0300000000001,20.0,0.0,0.0,0.0,0.0,0.0,0.0,0.0,175.0,,Sprint of large group,2.0,1.0,🟢  Plat/Sprint,0
2019-08-15,2019,vuelta-a-burgos,stage,3.0,Caja Rural - Seguros RGA,1,2.HC,FIN,19.0,0.0,42.0,0.0,,,,,0.0,66.0,16.0,0.0,0.0,3.0,148.25,140.0,7.94,0.0,0.0,0.0,127.0,0.0,21.1,0.0,0.0,0.0,0.0,0.0,0.0,2610.0,2096.0,1506.0,570.0,1.0,4.0,0.0,0.0,1.0,0.9996,0.9996,0.9996,0.9996,0.9996,8.7,9.87,10.08,631.0,-0.49,742.0,1,4,733.7800000000001,20.0,0.0,0.0,0.0,0.0,0.0,0.0,0.0,175.0,,1.8 km solo,0.0,3.0,🏔️  Haute montagne,0
2019-08-16,2019,vuelta-a-burgos,stage,4.0,Caja Rural - Seguros RGA,1,2.HC,FIN,74.0,0.0,42.0,0.0,,,,,20.0,66.0,16.0,0.0,0.0,4.0,176.44,176.0,0.0,0.0,0.0,0.0,168.0,0.767,7.48,0.0,0.0,0.0,0.0,0.0,0.0,1678.0,1614.0,1148.0,825.0,4.0,2.0,0.0,0.0,0.0,0.9998,0.9998,0.0,0.0,0.0,6.2,3.43,2.32,163.0,-0.07,401.0,1,5,882.0300000000001,20.0,0.0,0.0,0.0,0.0,0.0,0.0,0.0,175.0,,Sprint of large group,7.2,2.0,⛰️  Moy. montagne,0
2019-08-17,2019,vuelta-a-burgos,stage,5.0,Caja Rural - Seguros RGA,1,2.HC,FIN,22.0,0.0,42.0,0.0,,,,,0.0,66.0,16.0,0.0,0.0,5.0,145.05,145.0,0.267,0.0,0.0,0.0,111.0,0.899,33.7,0.0,0.0,0.0,0.0,0.0,0.0,2377.0,1521.0,1865.0,940.0,2.0,3.0,0.0,0.0,1.0,0.9996,0.9996,0.9996,0.9996,0.9996,10.4,9.7,7.74,454.0,-0.11,548.0,1,6,1058.47,20.0,0.0,0.0,0.0,0.0,0.0,0.0,0.0,175.0,,-,0.0,3.0,🏔️  Haute montagne,0
2019-08-21,2019,tour-du-limousin,stage,1.0,Caja Rural - Seguros RGA,0,2.1,,,0.0,,,,,,,0.0,3.0,3.0,0.0,0.0,1.0,172.23,150.0,22.3,0.0,0.224,0.0,166.0,0.64,5.26,0.0,0.0,0.0,0.0,0.224,0.0,2766.0,2611.0,677.0,233.0,5.0,3.0,1.0,0.0,0.0,0.9998,0.9098,0.54,0.0,0.0,2.7,2.73,1.68,111.0,0.22,868.0,0,7,1203.52,14.0,0.0,0.0,0.0,0.0,0.0,0.0,0.0,137.0,,-,11.2,2.0,⛰️  Moy. montagne,0
2019-08-22,2019,tour-du-limousin,stage,2.0,Caja Rural - Seguros RGA,0,2.1,,,0.0,,,,,,,0.0,3.0,3.0,0.0,0.0,2.0,183.35,147.0,36.8,0.0,0.0,0.0,178.0,4.37,0.696,0.0,0.205,0.0,0.205,0.0,0.0,2251.0,2488.0,366.0,89.0,10.0,1.0,0.0,0.0,0.0,0.9111,0.3573,0.0,0.0,0.0,0.5,0.33,-0.1,38.0,-0.03,653.0,0,7,1203.52,14.0,0.0,0.0,0.0,0.0,0.0,0.0,0.0,137.0,,-,4.0,2.0,⛰️  Moy. montagne,0
2019-08-23,2019,tour-du-limousin,stage,3.0,Caja Rural - Seguros RGA,0,2.1,,,0.0,,,,,,,0.0,3.0,3.0,0.0,0.0,3.0,178.25,170.0,7.89,0.0,0.0,0.0,158.0,0.672,19.1,0.0,0.0,0.0,0.0,0.0,0.0,3153.0,3206.0,574.0,135.0,2.0,4.0,2.0,0.0,0.0,0.9999,0.9999,0.7919,0.0,0.0,5.8,4.67,3.42,225.0,0.02,762.0,0,7,1203.52,14.0,0.0,0.0,0.0,0.0,0.0,0.0,0.0,137.0,,? km solo,4.0,2.0,⛰️  Moy. montagne,0
2019-08-24,2019,tour-du-limousin,stage,4.0,Caja Rural - Seguros RGA,0,2.1,,,0.0,,,,,,,0.0,3.0,3.0,0.0,0.0,4.0,176.15,147.0,29.1,0.0,0.0,0.0,158.0,12.0,4.46,1.23,0.0,0.0,0.0,0.0,0.0,2472.0,2341.0,582.0,164.0,4.0,1.0,1.0,0.0,0.0,0.9633,0.5683,0.5683,0.0,0.0,2.1,-0.67,-1.14,80.0,0.15,548.0,0,7,1203.52,14.0,0.0,0.0,0.0,0.0,0.0,0.0,0.0,137.0,,-,4.0,2.0,⛰️  Moy. montagne,0
2019-08-25,2019,vuelta-a-espana,stage,2.0,Caja Rural - Seguros RGA,1,2.UWT,FIN,60.0,0.0,50.0,16.0,,,,,0.0,160.0,16.0,0.0,0.0,2.0,200.41,197.0,2.47,0.0,0.0,0.0,146.0,1.27,48.2,4.32,0.552,0.0,0.552,0.0,0.0,3238.0,3369.0,968.0,0.0,4.0,1.0,2.0,0.0,1.0,0.9483,0.8823,0.8823,0.2096,0.2096,-0.2,-1.13,-0.64,31.0,0.95,1158.0,0,7,1203.52,100.0,0.0,0.0,0.0,0.0,0.0,0.0,0.0,794.0,,3 km solo,4.0,2.0,⛰️  Moy. montagne,0
2019-08-26,2019,vuelta-a-espana,stage,3.0,Caja Rural - Seguros RGA,1,2.UWT,FIN,95.0,0.0,50.0,16.0,,,,,12.0,160.0,16.0,0.0,0.0,3.0,188.07,182.0,5.25,0.0,0.0,0.0,159.0,1.22,20.5,6.9,0.483,0.0,0.516,0.0,0.0,1730.0,2407.0,808.0,0.0,3.0,1.0,1.0,0.0,0.0,0.8907,0.7831,0.6078,0.0,0.0,-0.2,-1.8,-0.34,40.0,-0.71,312.0,0,8,1403.9300000000003,100.0,0.0,0.0,0.0,0.0,0.0,0.0,0.0,794.0,,Sprint of large group,0.0,2.0,⛰️  Moy. montagne,0
2019-08-27,2019,tour-du-poitou-charentes-et-de-la-vienne,stage,1.0,Caja Rural - Seguros RGA,0,2.1,,,0.0,,,,,,,5.0,10.0,0.0,0.0,0.0,1.0,193.1,188.0,4.93,0.0,0.0,0.0,184.0,1.86,3.54,3.7,0.0,0.0,0.0,0.0,0.0,1311.0,1354.0,213.0,0.0,0.0,1.0,0.0,0.0,0.0,0.3125,0.3125,0.0,0.0,0.0,-0.3,-0.2,-0.3,19.0,0.26,474.0,0,9,1592.0000000000002,14.0,0.0,0.0,0.0,0.0,0.0,0.0,0.0,114.0,,Sprint of large group,6.0,1.0,🟢  Plat/Sprint,0
2019-08-27,2019,vuelta-a-espana,stage,4.0,Caja Rural - Seguros RGA,1,2.UWT,FIN,90.0,0.0,50.0,16.0,,,,,0.0,160.0,16.0,0.0,0.0,4.0,176.79,174.0,1.78,0.0,0.0,0.0,129.0,1.35,39.3,6.1,0.291,0.0,0.291,0.0,0.0,1230.0,1226.0,492.0,1.0,0.0,1.0,1.0,0.0,0.0,0.7212,0.7212,0.7212,0.0,0.0,-0.3,-0.27,-0.16,7.0,0.17,228.0,0,9,1592.0000000000002,100.0,0.0,0.0,0.0,0.0,0.0,0.0,0.0,794.0,,Sprint of large group,7.0,1.0,🟢  Plat/Sprint,0
2019-08-28,2019,tour-du-poitou-charentes-et-de-la-vienne,stage,2.0,Caja Rural - Seguros RGA,0,2.1,,,0.0,,,,,,,0.0,10.0,0.0,0.0,0.0,2.0,169.05,163.0,5.8,0.0,0.0,0.0,166.0,0.269,1.4,1.08,0.0,0.0,0.0,0.0,0.0,1147.0,1095.0,138.0,-1.0,3.0,0.0,0.0,0.0,0.0,0.9078,0.0,0.0,0.0,0.0,0.2,-0.07,-0.08,62.0,0.12,332.0,0,10,1768.7900000000002,14.0,0.0,0.0,0.0,0.0,0.0,0.0,0.0,114.0,,Sprint of large group,7.0,1.0,🟢  Plat/Sprint,0
2019-08-28,2019,vuelta-a-espana,stage,5.0,Caja Rural - Seguros RGA,1,2.UWT,FIN,31.0,0.0,50.0,16.0,,,,,0.0,160.0,16.0,0.0,0.0,5.0,171.05,157.0,10.9,0.0,0.366,0.0,157.0,0.464,10.7,0.0,2.9,0.0,2.9,0.366,0.0,3675.0,1821.0,1943.0,88.0,3.0,3.0,1.0,0.0,1.0,0.9998,0.9998,0.9998,0.9998,0.9998,9.4,9.6,10.12,506.0,1.58,1012.0,0,10,1768.7900000000002,100.0,0.0,0.0,0.0,0.0,0.0,0.0,0.0,794.0,,0.5 km solo,0.0,3.0,🏔️  Haute montagne,0
2019-08-29,2019,tour-du-poitou-charentes-et-de-la-vienne,stage,3.0,Caja Rural - Seguros RGA,0,2.1,,,0.0,,,,,,,5.0,10.0,0.0,0.0,0.0,3.0,111.44,110.0,1.21,0.0,0.0,0.0,110.0,1.21,0.181,0.0,0.0,0.0,0.0,0.0,0.0,881.0,809.0,143.0,45.0,2.0,0.0,0.0,0.0,0.0,0.794,0.0,0.0,0.0,0.0,0.4,0.33,1.02,89.0,0.0,365.0,0,11,1939.84,14.0,0.0,0.0,0.0,0.0,0.0,0.0,0.0,114.0,,Sprint of large group,7.0,1.0,🟢  Plat/Sprint,0
2019-08-29,2019,tour-du-poitou-charentes-et-de-la-vienne,stage,4.0,Caja Rural - Seguros RGA,0,2.1,,,0.0,,,,,,,0.0,10.0,0.0,0.0,0.0,4.0,,,,,,,,,,,,,,,,,,,,0.0,0.0,0.0,0.0,0.0,,,,,,,,,,,,0,11,1939.84,,,,,,,,,114.0,,Time trial,,,,0
2019-08-29,2019,vuelta-a-espana,stage,6.0,Caja Rural - Seguros RGA,1,2.UWT,FIN,27.0,0.0,50.0,16.0,,,,,0.0,160.0,16.0,0.0,0.0,6.0,198.26,195.0,0.0,0.0,2.63,0.0,115.0,0.0,72.3,7.55,0.654,0.0,0.654,2.69,0.0,3294.0,3117.0,1663.0,579.0,6.0,2.0,2.0,1.0,0.0,0.9997,0.9997,0.9997,0.2022,0.0,5.5,5.47,5.84,279.0,0.86,1199.0,0,11,1939.84,100.0,0.0,0.0,0.0,0.0,0.0,0.0,0.0,794.0,,0.4 km solo,0.0,3.0,🏔️  Haute montagne,0
2019-08-30,2019,tour-du-poitou-charentes-et-de-la-vienne,stage,5.0,Caja Rural - Seguros RGA,0,2.1,,,0.0,,,,,,,0.0,10.0,0.0,0.0,0.0,5.0,168.37,157.0,10.1,0.0,0.0,0.0,155.0,9.36,0.103,2.47,1.1,0.0,1.1,0.0,0.0,1102.0,1047.0,190.0,65.0,1.0,0.0,0.0,0.0,0.0,0.373,0.0,0.0,0.0,0.0,0.2,1.4,1.02,78.0,0.13,289.0,0,12,2138.1000000000004,14.0,0.0,0.0,0.0,0.0,0.0,0.0,0.0,114.0,,-,6.0,1.0,🟢  Plat/Sprint,0
2019-08-30,2019,vuelta-a-espana,stage,7.0,Caja Rural - Seguros RGA,1,2.UWT,FIN,24.0,0.0,50.0,16.0,,,,,0.0,160.0,16.0,0.0,0.0,7.0,184.74,179.0,5.09,0.176,0.118,0.0,127.0,4.88,40.2,8.96,0.366,0.0,0.396,2.46,0.194,2842.0,2008.0,983.0,0.0,3.0,1.0,2.0,0.0,1.0,0.9999,0.9999,0.9999,0.9999,0.9999,12.0,12.93,10.14,517.0,-0.28,197.0,0,12,2138.1000000000004,100.0,0.0,0.0,0.0,0.0,0.0,0.0,0.0,794.0,,Sprint à deux,0.0,3.0,🏔️  Haute montagne,0
2019-08-31,2019,vuelta-a-espana,stage,8.0,Caja Rural - Seguros RGA,1,2.UWT,FIN,44.0,0.0,50.0,16.0,,,,,40.0,160.0,16.0,0.0,0.0,8.0,166.87,155.0,11.4,0.211,0.0,0.0,133.0,1.03,25.3,0.0,0.337,0.0,0.337,6.98,0.0,2291.0,2205.0,798.0,137.0,2.0,0.0,2.0,0.0,0.0,0.8474,0.8474,0.8474,0.0,0.0,2.0,0.43,0.74,78.0,0.86,737.0,0,12,2125.9700000000003,100.0,0.0,0.0,0.0,0.0,0.0,0.0,0.0,794.0,,Sprint of small group,2.4,2.0,⛰️  Moy. montagne,0
2019-09-01,2019,vuelta-a-espana,stage,9.0,Caja Rural - Seguros RGA,1,2.UWT,FIN,42.0,0.0,50.0,16.0,,,,,0.0,160.0,16.0,0.0,0.0,9.0,95.56,89.7,0.86,0.63,3.89,0.0,57.0,0.211,31.6,1.14,0.49,0.0,0.375,3.98,1.32,3300.0,2356.0,2086.0,895.0,1.0,0.0,0.0,0.0,3.0,0.9991,0.9991,0.9991,0.9991,0.9991,6.7,6.9,7.48,437.0,0.19,1263.0,0,13,2292.84,100.0,0.494,0.0,0.0,0.0,0.0,0.0,0.0,794.0,,3 km solo,0.0,3.0,🏔️  Haute montagne,0
2019-09-03,2019,vuelta-a-espana,stage,10.0,Caja Rural - Seguros RGA,1,2.UWT,FIN,66.0,0.0,50.0,16.0,,,,,0.0,160.0,16.0,0.0,0.0,10.0,36.22,31.4,4.52,0.0,0.0,0.0,29.6,1.64,3.21,1.41,0.286,0.0,0.297,0.0,0.0,525.0,499.0,362.0,160.0,1.0,1.0,0.0,0.0,0.0,0.628,0.2896,0.0,0.0,0.0,2.6,1.17,0.68,52.0,0.07,525.0,0,13,2163.57,100.0,0.0,0.0,0.0,0.0,0.0,0.0,0.0,794.0,,Time trial,2.0,1.0,🟢  Plat/Sprint,0
2019-09-04,2019,vuelta-a-espana,stage,11.0,Caja Rural - Seguros RGA,1,2.UWT,FIN,30.0,0.0,50.0,16.0,,,,,40.0,160.0,16.0,0.0,0.0,11.0,179.52,174.0,5.44,0.0,0.0,0.0,142.0,2.25,35.1,0.0,0.193,0.0,0.193,0.0,0.0,3094.0,3072.0,673.0,31.0,2.0,4.0,3.0,0.0,0.0,0.9583,0.9583,0.7796,0.0,0.0,-1.2,0.23,-1.32,50.0,0.34,966.0,0,14,2199.79,100.0,0.0,0.0,0.0,0.0,0.0,0.0,0.0,794.0,,25 km solo,10.4,2.0,⛰️  Moy. montagne,0
2019-09-05,2019,vuelta-a-espana,stage,12.0,Caja Rural - Seguros RGA,1,2.UWT,FIN,53.0,0.0,50.0,16.0,,,,,40.0,160.0,16.0,0.0,0.0,12.0,170.52,160.0,9.23,0.152,0.121,0.0,79.8,8.12,80.7,0.595,1.2,0.0,1.11,0.261,0.0,2072.0,2520.0,886.0,7.0,2.0,2.0,2.0,0.0,0.0,0.9451,0.9451,0.7885,0.0,0.0,-1.1,-2.63,-3.12,3.0,0.17,582.0,0,15,2379.31,100.0,0.0,0.0,0.0,0.0,0.0,0.0,0.0,794.0,,9 km solo,18.4,2.0,⛰️  Moy. montagne,0
2019-09-06,2019,vuelta-a-espana,stage,13.0,Caja Rural - Seguros RGA,1,2.UWT,FIN,62.0,0.0,50.0,16.0,,,,,0.0,160.0,16.0,0.0,0.0,13.0,166.41,164.0,1.97,0.0,0.102,0.0,136.0,0.392,27.4,2.28,0.165,0.0,0.194,0.102,0.0,4149.0,3307.0,908.0,14.0,1.0,3.0,2.0,1.0,1.0,0.9921,0.9921,0.9921,0.9921,0.9921,-0.5,7.13,7.8,419.0,0.45,839.0,0,16,2549.83,100.0,0.0,0.0,0.0,0.0,0.0,0.0,0.0,794.0,,Sprint à deux,0.0,3.0,🏔️  Haute montagne,0
2019-09-07,2019,vuelta-a-espana,stage,14.0,Caja Rural - Seguros RGA,1,2.UWT,FIN,128.0,0.0,50.0,16.0,,,,,0.0,160.0,16.0,0.0,0.0,14.0,187.77,186.0,1.24,0.115,0.0,0.0,67.6,1.9,117.0,0.752,0.461,0.0,0.78,0.684,0.0,2335.0,2207.0,335.0,1.0,4.0,3.0,1.0,0.0,0.0,0.8957,0.8957,0.8957,0.0,0.0,4.2,1.67,1.12,79.0,-0.15,699.0,0,17,2716.24,100.0,0.0,0.0,0.0,0.0,0.0,0.0,0.0,794.0,,Sprint of large group,26.4,2.0,⛰️  Moy. montagne,0
2019-09-08,2019,vuelta-a-espana,stage,15.0,Caja Rural - Seguros RGA,1,2.UWT,FIN,49.0,0.0,50.0,16.0,,,,,0.0,160.0,16.0,0.0,0.0,15.0,153.97,149.0,5.42,0.0,0.0,0.0,106.0,0.0,48.0,0.0,0.0,0.0,0.0,0.0,0.0,4114.0,3195.0,1315.0,248.0,0.0,0.0,1.0,1.0,2.0,0.9998,0.9998,0.9998,0.9998,0.9998,9.4,8.47,9.66,464.0,0.39,1007.0,0,18,2904.01,100.0,0.0,0.0,0.0,0.0,0.0,0.0,0.0,794.0,,6.6 km solo,0.0,3.0,🏔️  Haute montagne,0
2019-09-09,2019,vuelta-a-espana,stage,16.0,Caja Rural - Seguros RGA,1,2.UWT,FIN,37.0,0.0,50.0,16.0,,,,,0.0,160.0,16.0,0.0,0.0,16.0,144.54,144.0,0.0,0.0,0.0,0.0,125.0,0.0,19.3,0.0,0.0,0.0,0.0,0.0,0.0,4100.0,2426.0,1688.0,13.0,0.0,0.0,0.0,0.0,3.0,0.9998,0.9998,0.9998,0.9998,0.9998,6.3,6.23,5.96,294.0,0.96,694.0,0,19,3057.9799999999996,100.0,0.0,0.0,0.0,0.0,0.0,0.0,0.0,794.0,,4 km solo,0.0,3.0,🏔️  Haute montagne,0
2019-09-11,2019,vuelta-a-espana,stage,17.0,Caja Rural - Seguros RGA,1,2.UWT,FIN,83.0,0.0,50.0,16.0,,,,,0.0,160.0,16.0,0.0,0.0,17.0,219.37,214.0,0.702,0.0,1.62,0.0,176.0,3.0,37.2,0.0,2.44,0.0,2.44,0.774,0.0,2395.0,2494.0,1368.0,635.0,3.0,2.0,1.0,0.0,0.0,0.9996,0.8156,0.4362,0.0,0.0,2.2,3.0,1.18,102.0,0.44,494.0,0,20,3202.5199999999995,100.0,0.0,0.0,0.0,0.0,0.0,0.0,0.0,794.0,,Sprint of small group,26.4,2.0,⛰️  Moy. montagne,0
2019-09-12,2019,vuelta-a-espana,stage,18.0,Caja Rural - Seguros RGA,1,2.UWT,FIN,32.0,0.0,50.0,16.0,,,,,0.0,160.0,16.0,0.0,0.0,18.0,177.09,152.0,21.2,0.745,2.03,0.0,144.0,0.203,30.3,0.0,0.66,0.0,0.29,2.09,0.0,3689.0,3516.0,1854.0,857.0,1.0,0.0,0.0,2.0,2.0,0.9997,0.9131,0.9131,0.9131,0.9131,2.9,3.1,1.22,112.0,1.44,1091.0,0,21,3421.8899999999994,100.0,0.39,0.0,0.0,0.0,0.0,0.0,0.0,794.0,,53 km solo,0.0,3.0,🏔️  Haute montagne,0
2019-09-13,2019,vuelta-a-espana,stage,19.0,Caja Rural - Seguros RGA,1,2.UWT,FIN,126.0,0.0,50.0,16.0,,,,,0.0,160.0,16.0,0.0,0.0,19.0,165.29,162.0,2.02,0.775,0.0,0.0,77.5,2.0,84.4,0.771,0.463,0.0,0.607,0.0,0.0,1771.0,2318.0,1413.0,419.0,4.0,1.0,1.0,0.0,0.0,0.9998,0.4958,0.0558,0.0,0.0,6.2,1.9,0.42,80.0,-0.78,671.0,0,21,3439.6499999999996,100.0,0.704,0.0,0.704,0.0,0.562,0.0,0.0,794.0,,24 km solo,24.0,2.0,⛰️  Moy. montagne,0
2019-09-14,2019,vuelta-a-espana,stage,20.0,Caja Rural - Seguros RGA,1,2.UWT,FIN,84.0,0.0,50.0,16.0,,,,,0.0,160.0,16.0,0.0,0.0,20.0,190.15,189.0,1.12,0.0,0.0,0.0,161.0,0.0,25.8,0.0,0.0,0.374,0.0,3.31,0.0,4559.0,3198.0,1914.0,396.0,3.0,2.0,1.0,2.0,1.0,0.9998,0.9998,0.9998,0.8192,0.8192,8.0,6.67,5.06,449.0,1.83,1343.0,0,21,3452.19,100.0,0.0,0.0,0.0,0.0,0.0,0.0,0.0,794.0,,39 km solo,0.0,3.0,🏔️  Haute montagne,0
2019-09-14,2019,coppa-agostoni,result,,Caja Rural - Seguros RGA,0,1.1,,,0.0,,,,,,,0.0,0.0,0.0,0.0,0.0,,194.3,166.0,27.1,0.0,0.0,0.0,187.0,4.74,0.267,1.32,0.222,0.146,0.239,0.17,0.0,2860.0,2883.0,539.0,186.0,5.0,4.0,4.0,0.0,0.0,0.7795,0.7795,0.7215,0.0,0.0,-0.9,-0.5,-0.28,5.0,0.18,434.0,1,21,3452.19,125.0,0.0,0.0,0.0,0.0,0.0,0.0,0.0,259.0,,Sprint à deux,16.0,2.0,⛰️  Moy. montagne,0
2019-09-15,2019,coppa-bernocchi,result,,Caja Rural - Seguros RGA,0,1.1,,,0.0,,,,,,,0.0,0.0,0.0,0.0,0.0,,200.08,191.0,7.27,0.685,0.0,0.0,163.0,8.77,25.1,2.09,0.428,0.253,0.227,0.0,0.0,1971.0,1983.0,394.0,174.0,0.0,6.0,0.0,0.0,0.0,0.7032,0.7032,0.0,0.0,0.0,-0.3,-0.43,-0.08,15.0,0.18,210.0,1,21,3494.09,125.0,0.122,0.0,0.0,0.0,0.0,0.0,0.0,242.0,,Sprint of small group,8.0,2.0,⛰️  Moy. montagne,0
2019-09-15,2019,vuelta-a-espana,stage,21.0,Caja Rural - Seguros RGA,1,2.UWT,FIN,115.0,0.0,50.0,16.0,,,,,12.0,160.0,16.0,0.0,0.0,21.0,106.75,77.9,1.33,0.275,1.41,0.0,27.8,8.35,38.3,2.55,22.3,0.202,20.5,3.83,0.826,763.0,789.0,710.0,556.0,1.0,0.0,0.0,0.0,0.0,0.5526,0.0,0.0,0.0,0.0,1.7,-0.63,-0.18,81.0,-0.1,306.0,0,21,3494.09,100.0,0.0,0.0,0.0,0.0,0.0,0.0,0.0,794.0,,-,1.0,1.0,🟢  Plat/Sprint,0
2019-09-18,2019,giro-di-toscana,result,,Caja Rural - Seguros RGA,0,1.1,,,0.0,,,,,,,3.0,3.0,0.0,0.0,0.0,,205.59,196.0,8.68,0.0,0.0,0.0,172.0,1.81,27.6,2.98,1.03,0.0,1.36,0.331,0.0,2472.0,2469.0,633.0,8.0,2.0,0.0,3.0,0.0,0.0,0.8647,0.8647,0.8647,0.0,0.0,-0.1,-0.03,0.02,76.0,0.0,297.0,1,20,3279.35,125.0,0.0,0.0,0.0,0.0,0.0,0.0,0.0,245.0,,-,0.0,2.0,⛰️  Moy. montagne,0
2019-09-19,2019,gp-citta-di-peccioli,result,,Caja Rural - Seguros RGA,0,1.1,,,0.0,,,,,,,3.0,3.0,0.0,0.0,0.0,,195.87,196.0,0.0,0.0,0.0,0.0,166.0,0.0,30.7,0.0,0.185,0.0,0.185,0.0,0.0,2161.0,2171.0,283.0,36.0,15.0,1.0,0.0,0.0,0.0,0.9998,0.1499,0.0,0.0,0.0,6.5,2.6,1.68,188.0,-0.13,602.0,1,20,3279.35,125.0,0.0,0.0,0.0,0.0,0.0,0.0,0.0,276.0,,80 km solo,0.6,2.0,⛰️  Moy. montagne,0
2019-09-21,2019,memorial-marco-pantani,result,,Caja Rural - Seguros RGA,0,1.1,,,0.0,,,,,,,0.0,0.0,0.0,0.0,0.0,,199.05,177.0,16.7,0.0,0.0,0.0,178.0,11.5,3.09,0.958,5.58,0.0,4.99,0.531,0.0,2860.0,2928.0,448.0,-1.0,1.0,2.0,4.0,0.0,0.0,0.8143,0.7274,0.7274,0.0,0.0,0.0,0.0,0.0,2.0,0.11,743.0,1,20,3279.35,125.0,0.0,0.0,0.0,0.0,0.0,0.0,0.0,414.0,,Sprint of small group,1.2,2.0,⛰️  Moy. montagne,0
2019-09-22,2019,trofeo-matteotti,result,,Caja Rural - Seguros RGA,0,1.1,,,0.0,,,,,,,20.0,20.0,0.0,0.0,0.0,,193.63,192.0,1.15,0.111,0.0,0.0,167.0,8.62,0.0,16.8,0.0,0.0,0.0,1.6,0.0,2508.0,2510.0,142.0,1.0,13.0,0.0,0.0,0.0,0.0,0.9507,0.0,0.0,0.0,0.0,0.2,-1.97,-2.38,276.0,0.17,675.0,1,20,3279.35,125.0,0.0,0.0,0.0,0.0,0.0,0.0,0.0,269.0,,Sprint of small group,1.2,2.0,⛰️  Moy. montagne,0
2019-10-05,2019,giro-dell-emilia,result,,Caja Rural - Seguros RGA,1,1.HC,FIN,54.0,0.0,,,,,,,3.0,3.0,0.0,0.0,0.0,,209.07,201.0,3.37,4.66,0.0,0.0,127.0,0.682,69.6,12.2,0.189,0.0,0.282,0.0,0.0,3241.0,3039.0,895.0,51.0,1.0,7.0,0.0,0.0,1.0,0.9994,0.9994,0.3787,0.3787,0.3787,8.3,5.97,1.74,254.0,0.4,628.0,0,10,1681.86,200.0,4.595,0.0,2.409,0.0,0.902,0.0,0.0,733.0,,0.8 km solo,0.0,3.0,🏔️  Haute montagne,0
2019-10-06,2019,gp-bruno-beghelli,result,,Caja Rural - Seguros RGA,1,1.HC,DNF,,0.0,,,,,,,50.0,50.0,0.0,0.0,0.0,,198.32,195.0,2.97,0.194,0.0,0.0,175.0,4.12,15.9,3.56,0.702,0.0,1.06,0.0,0.0,1681.0,1682.0,227.0,79.0,12.0,0.0,0.0,0.0,0.0,0.9574,0.0,0.0,0.0,0.0,0.0,-0.5,-0.72,39.0,0.04,315.0,0,10,1720.41,200.0,0.0,0.0,0.0,0.0,0.0,0.0,0.0,534.0,,Sprint of small group,5.2,2.0,⛰️  Moy. montagne,0
2019-10-06,2019,tour-de-vendee,result,,Caja Rural - Seguros RGA,0,1.1,,,0.0,,,,,,,3.0,3.0,0.0,0.0,0.0,,197.35,174.0,21.5,0.0,0.0,1.46,156.0,14.0,11.1,14.7,0.0,0.0,0.375,1.3,0.0,1155.0,1089.0,85.0,-1.0,3.0,0.0,0.0,0.0,0.0,0.7436,0.0,0.0,0.0,0.0,2.1,0.17,0.22,66.0,0.03,85.0,0,10,1720.41,125.0,0.0,0.0,0.0,0.0,0.0,0.0,0.0,126.0,,Sprint of small group,3.4,1.0,🟢  Plat/Sprint,0
2019-10-08,2019,tre-valli-varesine,result,,Caja Rural - Seguros RGA,1,1.HC,FIN,30.0,5.0,,,,,,,10.0,10.0,0.0,0.0,0.0,,197.89,189.0,4.25,1.1,0.138,0.0,115.0,22.3,45.2,10.8,0.189,0.596,0.398,0.308,0.0,3153.0,2987.0,579.0,209.0,3.0,8.0,1.0,0.0,0.0,0.9964,0.9528,0.3592,0.0,0.0,-0.5,2.83,0.54,132.0,0.02,376.0,0,9,1564.55,200.0,0.08,0.0,0.0,0.0,0.0,0.0,0.025,833.0,,0.5 km solo,15.2,2.0,⛰️  Moy. montagne,0
2020-01-30,2020,trofeo-ses-salines-felanitx,result,,Caja Rural - Seguros RGA,0,1.1,,,0.0,,,,,,,73.0,73.0,0.0,0.0,0.0,,169.67,158.0,10.9,0.295,0.0,0.0,120.0,4.81,21.9,22.4,0.0,0.0,0.0,0.0,0.0,872.0,808.0,177.0,0.0,1.0,1.0,0.0,0.0,0.0,0.9257,0.4233,0.0,0.0,0.0,1.2,0.97,0.6,37.0,-0.02,167.0,1,0,0.0,125.0,0.0,0.0,0.0,0.0,0.0,0.0,0.0,252.0,,Sprint of large group,4.0,1.0,🟢  Plat/Sprint,0
2020-01-31,2020,deia-trophy,result,,Caja Rural - Seguros RGA,0,1.1,,,0.0,,,,,,,6.0,6.0,0.0,0.0,0.0,,160.2,160.0,0.69,0.0,0.0,0.0,130.0,1.1,23.9,5.13,0.0,0.0,0.0,0.502,0.0,2764.0,2603.0,891.0,9.0,3.0,1.0,1.0,0.0,1.0,0.9654,0.9654,0.7924,0.7924,0.7924,3.7,1.13,-0.92,178.0,0.21,923.0,0,0,0.0,125.0,0.0,0.0,0.0,0.0,0.0,0.0,0.0,268.0,,15.2 km solo,16.6,2.0,⛰️  Moy. montagne,0
2020-02-01,2020,trofeo-pollenca-port-d-andratx,result,,Caja Rural - Seguros RGA,0,1.1,,,0.0,,,,,,,0.0,0.0,0.0,0.0,0.0,,170.05,167.0,2.67,0.0,0.0,0.0,130.0,4.66,15.0,20.5,0.0,0.0,0.0,0.0,0.0,3416.0,3247.0,893.0,0.0,5.0,2.0,1.0,0.0,1.0,0.9996,0.9996,0.5599,0.3202,0.3202,9.3,7.1,2.8,213.0,0.94,694.0,0,0,0.0,125.0,0.0,0.0,0.0,0.0,0.0,0.0,0.0,296.0,,0.6 km solo,0.6,3.0,🏔️  Haute montagne,1
2020-02-02,2020,trofeo-palma,result,,Caja Rural - Seguros RGA,0,1.1,,,0.0,,,,,,,33.0,33.0,0.0,0.0,0.0,,159.59,151.0,7.38,0.233,0.0,0.297,70.0,3.5,76.8,8.21,1.04,0.0,1.12,0.958,0.0,1134.0,1135.0,375.0,0.0,1.0,1.0,1.0,0.0,0.0,0.6983,0.6983,0.6983,0.0,0.0,0.5,0.07,0.02,93.0,0.12,365.0,1,0,0.0,125.0,0.0,0.0,0.0,0.0,0.0,0.0,0.0,247.0,,Sprint of large group,17.6,1.0,🟢  Plat/Sprint,0
2020-02-04,2020,alula-tour,stage,1.0,Caja Rural - Seguros RGA,0,2.1,,,0.0,,,,,,,0.0,6.0,6.0,0.0,0.0,1.0,172.81,151.0,0.608,0.0,0.0,0.0,105.0,0.842,46.4,0.0,20.9,0.0,20.9,0.0,0.0,1297.0,1264.0,925.0,616.0,0.0,2.0,0.0,0.0,0.0,0.5641,0.5641,0.0,0.0,0.0,4.6,-1.13,-0.62,548.0,0.11,445.0,0,0,0.0,14.0,0.0,0.0,0.0,0.0,0.0,0.0,0.0,149.0,,Sprint of small group,24.2,1.0,🟢  Plat/Sprint,0
2020-02-05,2020,vuelta-a-la-comunidad-valenciana,stage,1.0,Caja Rural - Seguros RGA,1,2.Pro,FIN,127.0,0.0,113.0,0.0,,,,,0.0,5.0,5.0,0.0,0.0,1.0,184.02,162.0,11.4,1.47,0.522,0.0,115.0,6.4,40.1,11.8,8.7,0.0,8.9,1.87,0.278,1496.0,1463.0,422.0,0.0,1.0,1.0,1.0,0.0,0.0,0.9057,0.5431,0.5431,0.0,0.0,0.2,-0.27,-0.58,2.0,0.56,444.0,1,0,0.0,20.0,0.0,0.0,0.0,0.0,0.0,0.0,0.0,640.0,,Sprint of large group,21.8,1.0,🟢  Plat/Sprint,0
2020-02-05,2020,alula-tour,stage,2.0,Caja Rural - Seguros RGA,0,2.1,,,0.0,,,,,,,0.0,6.0,6.0,0.0,0.0,2.0,186.58,179.0,6.43,0.0,0.0,0.0,144.0,3.61,38.1,0.0,1.44,0.0,1.44,0.0,0.0,954.0,1092.0,888.0,646.0,3.0,1.0,0.0,0.0,0.0,0.5023,0.4288,0.0,0.0,0.0,1.2,-0.07,-0.08,36.0,-0.01,304.0,0,0,0.0,14.0,0.0,0.0,0.0,0.0,0.0,0.0,0.0,149.0,,Sprint of large group,24.2,1.0,🟢  Plat/Sprint,0
2020-02-06,2020,vuelta-a-la-comunidad-valenciana,stage,2.0,Caja Rural - Seguros RGA,1,2.Pro,FIN,87.0,0.0,113.0,0.0,,,,,0.0,5.0,5.0,0.0,0.0,2.0,181.16,177.0,3.92,0.103,0.0,0.0,169.0,0.974,9.06,0.0,0.198,0.0,0.198,1.72,0.0,2144.0,2027.0,591.0,0.0,3.0,1.0,2.0,0.0,0.0,0.9998,0.9998,0.3709,0.0,0.0,8.8,5.97,3.52,179.0,0.77,862.0,1,1,184.02,20.0,0.0,0.0,0.0,0.0,0.0,0.0,0.0,640.0,,Sprint of small group,0.6,3.0,🏔️  Haute montagne,1
2020-02-06,2020,alula-tour,stage,3.0,Caja Rural - Seguros RGA,0,2.1,,,0.0,,,,,,,0.0,6.0,6.0,0.0,0.0,3.0,120.02,53.4,6.43,0.0,0.0,0.0,53.7,4.88,1.77,0.0,60.9,0.0,56.0,0.0,0.0,1388.0,1359.0,916.0,615.0,2.0,3.0,0.0,0.0,0.0,0.8681,0.4653,0.0,0.0,0.0,1.2,-0.03,0.44,164.0,0.11,552.0,0,1,184.02,14.0,0.0,0.0,0.0,0.0,0.0,0.0,0.0,149.0,,Sprint of large group,21.2,1.0,🟢  Plat/Sprint,0
2020-02-07,2020,alula-tour,stage,4.0,Caja Rural - Seguros RGA,0,2.1,,,0.0,,,,,,,0.0,6.0,6.0,0.0,0.0,4.0,136.85,64.7,32.4,0.0,0.0,0.0,61.5,4.62,31.1,0.0,40.0,0.0,38.3,0.0,0.0,1256.0,1285.0,917.0,570.0,3.0,1.0,1.0,0.0,0.0,0.8658,0.8658,0.8658,0.0,0.0,0.2,0.17,0.2,322.0,0.11,448.0,0,2,365.18,14.0,0.0,0.0,0.0,0.0,0.0,0.0,0.0,149.0,,Sprint of large group,6.6,1.0,🟢  Plat/Sprint,0
2020-02-07,2020,vuelta-a-la-comunidad-valenciana,stage,3.0,Caja Rural - Seguros RGA,1,2.Pro,FIN,110.0,0.0,113.0,0.0,,,,,0.0,5.0,5.0,0.0,0.0,3.0,176.92,173.0,2.82,0.0,0.0,0.0,134.0,1.87,39.0,1.42,0.526,0.0,0.526,0.0,0.0,1003.0,1026.0,490.0,-3.0,0.0,1.0,1.0,0.0,0.0,0.5902,0.5902,0.5902,0.0,0.0,0.0,-0.23,0.02,26.0,-0.01,224.0,1,2,365.18,20.0,0.0,0.0,0.0,0.0,0.0,0.0,0.0,640.0,,Sprint of large group,0.0,1.0,🟢  Plat/Sprint,0
2020-02-08,2020,alula-tour,stage,5.0,Caja Rural - Seguros RGA,0,2.1,,,0.0,,,,,,,0.0,6.0,6.0,0.0,0.0,5.0,143.84,118.0,6.86,0.937,0.0,0.0,57.5,0.0,68.6,0.0,18.2,0.0,17.0,0.0,0.0,489.0,533.0,767.0,583.0,0.0,1.0,0.0,0.0,0.0,0.5421,0.5421,0.0,0.0,0.0,0.1,-0.07,-0.08,61.0,-0.0,126.0,0,3,542.1,14.0,0.905,0.0,0.905,0.0,0.905,0.0,0.0,149.0,,-,0.0,1.0,🟢  Plat/Sprint,0
2020-02-08,2020,vuelta-a-la-comunidad-valenciana,stage,4.0,Caja Rural - Seguros RGA,1,2.Pro,FIN,107.0,0.0,113.0,0.0,,,,,0.0,5.0,5.0,0.0,0.0,4.0,167.43,162.0,3.45,0.63,0.0,0.0,126.0,1.0,36.9,2.43,0.71,0.0,0.424,0.0,0.0,3800.0,3192.0,1021.0,3.0,6.0,2.0,1.0,1.0,1.0,0.9999,0.9999,0.9999,0.9999,0.5678,15.5,15.03,12.18,534.0,0.35,1074.0,1,3,542.1,20.0,0.438,0.0,0.0,0.0,0.0,0.0,0.0,640.0,,3 km solo,0.6,3.0,🏔️  Haute montagne,1
2020-02-09,2020,vuelta-a-la-comunidad-valenciana,stage,5.0,Caja Rural - Seguros RGA,1,2.Pro,FIN,106.0,0.0,113.0,0.0,,,,,0.0,5.0,5.0,0.0,0.0,5.0,98.87,94.4,2.0,0.285,0.22,0.0,71.0,0.481,16.7,8.06,1.98,0.0,2.11,0.736,0.0,644.0,673.0,300.0,9.0,1.0,1.0,0.0,0.0,0.0,0.6916,0.6916,0.0,0.0,0.0,0.2,-0.07,-0.18,10.0,0.2,338.0,1,4,709.53,20.0,0.0,0.0,0.0,0.0,0.0,0.0,0.0,640.0,,-,0.0,1.0,🟢  Plat/Sprint,0
2020-02-14,2020,vuelta-ciclista-a-la-region-de-murcia,stage,1.0,Caja Rural - Seguros RGA,0,2.1,,,0.0,,,,,,,0.0,40.0,40.0,0.0,0.0,1.0,179.62,176.0,2.83,0.47,0.0,0.0,105.0,1.35,73.3,0.0,0.201,0.0,0.486,0.0,0.0,2604.0,1970.0,835.0,19.0,3.0,0.0,2.0,0.0,1.0,0.9998,0.9998,0.9998,0.5199,0.5199,4.7,3.23,1.8,269.0,0.19,555.0,0,5,808.4,14.0,0.0,0.0,0.0,0.0,0.0,0.0,0.0,297.0,,? km solo,0.6,3.0,🏔️  Haute montagne,1
2020-02-15,2020,vuelta-ciclista-a-la-region-de-murcia,stage,2.0,Caja Rural - Seguros RGA,0,2.1,,,0.0,,,,,,,0.0,40.0,40.0,0.0,0.0,2.0,180.68,178.0,1.5,0.466,0.0,0.0,98.3,1.77,78.8,1.43,0.206,0.0,0.314,0.0,0.0,2679.0,2670.0,1198.0,32.0,2.0,1.0,0.0,1.0,1.0,0.8558,0.7949,0.6182,0.6182,0.6182,-0.1,-0.03,-0.16,8.0,0.59,422.0,0,5,808.4,14.0,0.0,0.0,0.0,0.0,0.0,0.0,0.0,297.0,,-,17.2,2.0,⛰️  Moy. montagne,0
2020-02-16,2020,clasica-de-almeria,result,,Caja Rural - Seguros RGA,0,1.Pro,,,0.0,,,,,,,5.0,5.0,0.0,0.0,0.0,,187.31,167.0,12.5,0.0,0.976,0.0,161.0,7.66,11.0,0.25,6.93,0.0,6.93,0.0,0.0,1675.0,1675.0,527.0,-2.0,1.0,0.0,2.0,0.0,0.0,0.7356,0.5123,0.5123,0.0,0.0,0.2,-0.1,-0.02,8.0,0.75,559.0,1,5,808.4,200.0,0.0,0.0,0.0,0.0,0.0,0.0,0.0,383.0,,Sprint of large group,17.2,2.0,⛰️  Moy. montagne,0
2020-02-19,2020,ruta-del-sol,stage,1.0,Caja Rural - Seguros RGA,0,2.Pro,,,0.0,,,,,,,0.0,25.0,5.0,0.0,0.0,1.0,172.42,170.0,1.89,0.447,0.0,0.0,164.0,2.51,5.53,0.0,0.734,0.0,0.791,0.242,0.0,3898.0,3131.0,1183.0,103.0,5.0,3.0,0.0,1.0,1.0,0.9351,0.9351,0.9351,0.9351,0.9351,7.4,-2.67,-4.24,75.0,1.3,1155.0,0,5,808.4,20.0,0.0,0.0,0.0,0.0,0.0,0.0,0.0,394.0,,Sprint à deux,14.2,2.0,⛰️  Moy. montagne,0
2020-02-19,2020,volta-ao-algarve,stage,1.0,Caja Rural - Seguros RGA,0,2.Pro,,,0.0,,,,,,,0.0,0.0,0.0,0.0,0.0,1.0,195.33,178.0,17.1,0.217,0.0,0.0,88.0,0.638,106.0,0.0,0.21,0.0,0.21,0.0,0.0,2187.0,2195.0,311.0,2.0,1.0,4.0,0.0,0.0,0.0,0.8936,0.8936,0.0,0.0,0.0,0.0,-0.37,-0.14,39.0,0.14,536.0,1,5,808.4,20.0,0.0,0.0,0.0,0.0,0.0,0.0,0.0,675.0,,Sprint of large group,4.2,2.0,⛰️  Moy. montagne,0
2020-02-20,2020,volta-ao-algarve,stage,2.0,Caja Rural - Seguros RGA,0,2.Pro,,,0.0,,,,,,,0.0,0.0,0.0,0.0,0.0,2.0,184.12,184.0,0.0,0.146,0.0,0.0,122.0,0.475,61.9,0.0,0.0,0.0,0.0,0.0,0.0,3357.0,2500.0,884.0,9.0,6.0,3.0,1.0,0.0,1.0,0.9998,0.9998,0.9998,0.9998,0.9998,6.4,6.1,5.96,359.0,0.59,695.0,1,5,808.4,20.0,0.0,0.0,0.0,0.0,0.0,0.0,0.0,675.0,,Sprint à deux,0.6,3.0,🏔️  Haute montagne,1
2020-02-20,2020,ruta-del-sol,stage,2.0,Caja Rural - Seguros RGA,0,2.Pro,,,0.0,,,,,,,20.0,25.0,5.0,0.0,0.0,2.0,199.89,188.0,3.23,0.433,2.29,0.0,174.0,1.2,15.0,0.0,6.84,0.0,6.84,3.61,0.0,2414.0,1914.0,803.0,21.0,2.0,2.0,0.0,1.0,0.0,0.9997,0.8921,0.8921,0.8921,0.0,7.6,0.13,-2.7,115.0,0.15,242.0,0,5,808.4,20.0,0.0,0.0,0.0,0.0,0.0,0.0,0.0,394.0,,1 km solo,2.2,2.0,⛰️  Moy. montagne,0
2020-02-21,2020,ruta-del-sol,stage,3.0,Caja Rural - Seguros RGA,0,2.Pro,,,0.0,,,,,,,0.0,25.0,5.0,0.0,0.0,3.0,177.88,172.0,3.19,1.93,0.0,0.0,136.0,2.14,34.3,0.0,0.665,0.0,0.665,4.95,0.0,3354.0,3053.0,1232.0,278.0,4.0,0.0,2.0,1.0,1.0,0.9906,0.9267,0.9267,0.6742,0.3206,-2.3,2.63,0.56,218.0,0.75,992.0,0,5,808.4,20.0,1.782,0.0,1.782,0.0,1.333,0.0,0.0,394.0,,Sprint of small group,5.0,2.0,⛰️  Moy. montagne,0
2020-02-21,2020,volta-ao-algarve,stage,3.0,Caja Rural - Seguros RGA,0,2.Pro,,,0.0,,,,,,,0.0,0.0,0.0,0.0,0.0,3.0,202.49,190.0,12.0,0.0,0.0,0.0,133.0,0.362,68.2,0.181,0.201,0.0,0.201,0.0,0.0,2414.0,2430.0,474.0,2.0,4.0,2.0,1.0,0.0,0.0,0.9121,0.419,0.3294,0.0,0.0,0.3,0.1,-0.4,25.0,0.27,573.0,1,5,808.4,20.0,0.0,0.0,0.0,0.0,0.0,0.0,0.0,675.0,,Sprint of large group,5.0,2.0,⛰️  Moy. montagne,0
2020-02-22,2020,ruta-del-sol,stage,4.0,Caja Rural - Seguros RGA,0,2.Pro,,,0.0,,,,,,,0.0,25.0,5.0,0.0,0.0,4.0,126.54,120.0,4.52,0.488,0.0,0.0,118.0,0.0,5.52,1.18,1.48,0.0,1.56,0.366,0.0,2386.0,2251.0,1489.0,526.0,1.0,2.0,1.0,0.0,1.0,0.828,0.828,0.828,0.828,0.828,-0.9,-1.43,-1.3,2.0,0.83,766.0,0,5,808.4,20.0,0.0,0.0,0.0,0.0,0.0,0.0,0.0,394.0,,Sprint of small group,4.0,2.0,⛰️  Moy. montagne,0
2020-02-22,2020,volta-ao-algarve,stage,4.0,Caja Rural - Seguros RGA,0,2.Pro,,,0.0,,,,,,,0.0,0.0,0.0,0.0,0.0,4.0,170.37,167.0,3.19,0.139,0.0,0.0,97.6,0.121,71.5,1.03,0.0,0.0,0.0,0.0,0.0,2755.0,2285.0,515.0,6.0,4.0,2.0,2.0,0.0,0.0,0.9999,0.9999,0.9999,0.0,0.0,7.3,7.87,4.36,286.0,0.17,516.0,1,5,808.4,20.0,0.0,0.0,0.0,0.0,0.0,0.0,0.0,675.0,,0.5 km solo,0.0,3.0,🏔️  Haute montagne,1
2020-02-23,2020,ruta-del-sol,stage,5.0,Caja Rural - Seguros RGA,0,2.Pro,,,0.0,,,,,,,0.0,25.0,5.0,0.0,0.0,5.0,13.09,8.81,3.11,0.337,0.208,0.0,0.0,12.1,0.0,0.0,0.352,0.0,0.615,0.616,0.0,253.0,255.0,182.0,6.0,0.0,1.0,0.0,0.0,0.0,0.4182,0.4182,0.0,0.0,0.0,-2.1,-0.07,-0.72,55.0,-0.02,253.0,0,5,808.4,20.0,0.0,0.0,0.0,0.0,0.0,0.0,0.0,394.0,,-,0.0,1.0,🟢  Plat/Sprint,0
2020-02-23,2020,volta-ao-algarve,stage,5.0,Caja Rural - Seguros RGA,0,2.Pro,,,0.0,,,,,,,0.0,0.0,0.0,0.0,0.0,5.0,20.18,17.4,1.85,0.278,0.0,0.0,19.1,0.379,0.0,0.0,0.599,0.0,0.599,0.0,0.0,200.0,201.0,89.0,8.0,1.0,0.0,0.0,0.0,0.0,0.8089,0.0,0.0,0.0,0.0,-0.5,-1.43,-1.0,5.0,-0.0,200.0,1,5,808.4,20.0,0.0,0.0,0.0,0.0,0.0,0.0,0.0,675.0,,-,0.0,1.0,🟢  Plat/Sprint,0
2020-02-29,2020,faun-ardeche-classic,result,,Caja Rural - Seguros RGA,0,1.Pro,,,0.0,,,,,,,5.0,5.0,0.0,0.0,0.0,,185.82,174.0,10.0,0.0,0.0,0.0,126.0,0.0,39.3,18.6,0.507,0.0,0.507,0.0,0.0,3471.0,3540.0,621.0,105.0,3.0,6.0,3.0,0.0,0.0,0.9703,0.8862,0.8862,0.0,0.0,0.1,0.1,-3.02,8.0,0.45,1076.0,0,5,808.4,200.0,0.0,0.0,0.0,0.0,0.0,0.0,0.0,298.0,,47.3 km solo,4.0,2.0,⛰️  Moy. montagne,0
2020-03-01,2020,la-drome-classic,result,,Caja Rural - Seguros RGA,0,1.Pro,,,0.0,,,,,,,70.0,70.0,0.0,0.0,0.0,,202.04,172.0,25.7,0.0,0.0,0.0,165.0,12.8,18.0,2.62,3.5,0.0,5.16,1.07,0.0,2612.0,2616.0,512.0,105.0,5.0,2.0,1.0,0.0,0.0,0.9288,0.8869,0.8188,0.0,0.0,-4.9,-0.53,-0.54,58.0,-0.0,491.0,0,5,808.4,200.0,0.0,0.0,0.0,0.0,0.0,0.0,0.0,312.0,,Sprint of small group,5.0,2.0,⛰️  Moy. montagne,0
2020-03-03,2020,gp-samyn,result,,Caja Rural - Seguros RGA,0,1.1,,,0.0,,,,,,,0.0,0.0,0.0,0.0,0.0,,199.14,147.0,36.6,15.0,0.0,0.0,134.0,21.8,6.37,35.6,1.13,0.0,1.22,0.0,0.0,1382.0,1319.0,156.0,22.0,5.0,0.0,0.0,0.0,0.0,0.882,0.0,0.0,0.0,0.0,1.8,1.4,0.8,134.0,0.03,317.0,0,5,808.4,125.0,7.336,0.0,2.042,0.0,1.035,0.0,0.0,243.0,,Sprint of small group,0.0,1.0,🟢  Plat/Sprint,0
2020-07-28,2020,vuelta-a-burgos,stage,1.0,Caja Rural - Seguros RGA,1,2.Pro,FIN,54.0,0.0,13.0,20.0,,,,,0.0,20.0,20.0,0.0,0.0,1.0,156.88,154.0,0.0,0.853,0.0,0.0,86.1,5.77,62.6,0.0,0.845,0.0,1.74,1.86,0.0,1520.0,1490.0,1098.0,586.0,1.0,0.0,1.0,0.0,0.0,0.6876,0.4362,0.4362,0.0,0.0,5.1,0.53,0.84,105.0,-0.51,261.0,1,0,0.0,20.0,0.955,0.0,0.955,0.0,0.507,0.0,0.0,680.0,,0.8 km solo,0.0,1.0,🟢  Plat/Sprint,0
2020-07-29,2020,vuelta-a-burgos,stage,2.0,Caja Rural - Seguros RGA,1,2.Pro,FIN,80.0,0.0,13.0,20.0,,,,,0.0,20.0,20.0,0.0,0.0,2.0,168.35,168.0,0.41,0.0,0.0,0.0,143.0,0.247,24.9,0.0,0.0,0.0,0.0,0.0,0.0,1180.0,1131.0,965.0,772.0,4.0,1.0,0.0,0.0,0.0,0.9545,0.4389,0.0,0.0,0.0,-0.3,-0.2,-0.96,108.0,0.16,321.0,1,1,156.88,20.0,0.0,0.0,0.0,0.0,0.0,0.0,0.0,680.0,,Sprint of large group,0.0,1.0,🟢  Plat/Sprint,0
2020-07-30,2020,vuelta-a-burgos,stage,3.0,Caja Rural - Seguros RGA,1,2.Pro,FIN,14.0,0.0,13.0,20.0,,,,,0.0,20.0,20.0,0.0,0.0,3.0,147.44,137.0,10.3,0.0,0.0,0.0,127.0,0.0,21.1,0.0,0.0,0.0,0.0,0.0,0.0,2631.0,2116.0,1507.0,570.0,1.0,4.0,0.0,0.0,1.0,0.9995,0.9995,0.9995,0.9995,0.9995,8.7,9.77,10.08,587.0,-0.46,752.0,1,2,325.23,20.0,0.0,0.0,0.0,0.0,0.0,0.0,0.0,680.0,,2 km solo,0.0,3.0,🏔️  Haute montagne,1
2020-07-31,2020,vuelta-a-burgos,stage,4.0,Caja Rural - Seguros RGA,1,2.Pro,FIN,42.0,0.0,13.0,20.0,,,,,0.0,20.0,20.0,0.0,0.0,4.0,162.55,162.0,0.0,0.0,0.0,0.0,157.0,0.0,5.82,0.0,0.239,0.0,0.0,0.0,0.0,1225.0,1292.0,949.0,772.0,4.0,0.0,0.0,0.0,0.0,0.8958,0.0,0.0,0.0,0.0,2.2,0.57,-0.04,67.0,-0.11,325.0,1,3,472.67,20.0,0.0,0.0,0.0,0.0,0.0,0.0,0.0,680.0,,Sprint of large group,0.0,1.0,🟢  Plat/Sprint,0
2020-08-01,2020,la-route-d-occitanie,stage,1.0,Caja Rural - Seguros RGA,0,2.1,,,0.0,,,,,,,0.0,8.0,8.0,0.0,0.0,1.0,188.75,180.0,8.14,0.0,0.245,0.0,153.0,0.754,34.4,0.0,0.0,0.0,0.0,0.245,0.0,2346.0,2640.0,905.0,23.0,3.0,3.0,1.0,0.0,0.0,0.9032,0.9032,0.3556,0.0,0.0,0.7,0.77,0.88,98.0,0.03,587.0,0,4,635.22,14.0,0.0,0.0,0.0,0.0,0.0,0.0,0.0,494.0,,Sprint of large group,15.0,2.0,⛰️  Moy. montagne,0
2020-08-01,2020,vuelta-a-burgos,stage,5.0,Caja Rural - Seguros RGA,1,2.Pro,FIN,14.0,0.0,13.0,20.0,,,,,0.0,20.0,20.0,0.0,0.0,5.0,158.09,157.0,0.655,0.0,0.0,0.0,135.0,1.22,22.1,0.0,0.245,0.0,0.0,0.0,0.0,2292.0,1320.0,1869.0,818.0,2.0,3.0,0.0,0.0,1.0,0.9997,0.9997,0.9997,0.9997,0.9997,11.2,10.3,10.26,501.0,0.15,341.0,1,4,635.22,20.0,0.0,0.0,0.0,0.0,0.0,0.0,0.0,680.0,,-,0.0,3.0,🏔️  Haute montagne,1
2020-08-02,2020,la-route-d-occitanie,stage,2.0,Caja Rural - Seguros RGA,0,2.1,,,0.0,,,,,,,0.0,8.0,8.0,0.0,0.0,2.0,174.1,167.0,4.86,0.0,0.0,0.0,161.0,3.04,7.22,1.97,0.35,0.0,2.54,0.0,0.0,2104.0,1870.0,657.0,106.0,0.0,4.0,1.0,0.0,0.0,0.9697,0.9697,0.1481,0.0,0.0,1.3,0.87,0.88,117.0,0.25,764.0,0,5,793.3100000000001,14.0,0.0,0.0,0.0,0.0,0.0,0.0,0.0,494.0,,Sprint of large group,28.2,2.0,⛰️  Moy. montagne,0
2020-08-02,2020,circuito-de-getxo,result,,Caja Rural - Seguros RGA,0,1.1,,,0.0,,,,,,,66.0,66.0,0.0,0.0,0.0,,186.81,159.0,23.1,4.53,0.0,0.0,51.2,32.7,80.3,22.0,0.0,0.0,0.147,0.162,0.0,2061.0,2066.0,216.0,2.0,7.0,1.0,0.0,0.0,0.0,0.9358,0.9358,0.0,0.0,0.0,5.7,1.83,1.2,80.0,-0.12,465.0,1,5,793.3100000000001,125.0,0.031,0.0,0.014,0.0,0.014,0.0,0.0,236.0,,? km solo,15.0,2.0,⛰️  Moy. montagne,0
2020-08-03,2020,la-route-d-occitanie,stage,3.0,Caja Rural - Seguros RGA,0,2.1,,,0.0,,,,,,,0.0,8.0,8.0,0.0,0.0,3.0,163.73,151.0,12.4,0.0,0.0,0.0,154.0,0.432,8.22,0.773,0.0,0.0,0.0,0.0,0.0,3977.0,2980.0,1750.0,335.0,3.0,0.0,0.0,2.0,1.0,0.9992,0.9992,0.9992,0.9992,0.5336,2.6,6.67,8.5,454.0,0.27,776.0,0,5,793.3100000000001,14.0,0.0,0.0,0.0,0.0,0.0,0.0,0.0,494.0,,1 km solo,0.0,3.0,🏔️  Haute montagne,1
2020-08-04,2020,la-route-d-occitanie,stage,4.0,Caja Rural - Seguros RGA,0,2.1,,,0.0,,,,,,,0.0,8.0,8.0,0.0,0.0,4.0,194.92,193.0,1.59,0.369,0.0,0.0,94.2,0.0,97.7,2.52,0.277,0.0,0.277,0.0,0.0,1973.0,1920.0,446.0,55.0,3.0,2.0,1.0,0.0,0.0,0.9998,0.8874,0.715,0.0,0.0,8.2,0.9,1.46,197.0,-0.24,316.0,0,5,793.3100000000001,14.0,0.0,0.0,0.0,0.0,0.0,0.0,0.0,494.0,,-,28.2,2.0,⛰️  Moy. montagne,0
2020-08-06,2020,cic-mont-ventoux,result,,Caja Rural - Seguros RGA,1,1.1,FIN,14.0,5.0,,,,,,,5.0,5.0,0.0,0.0,0.0,,178.55,177.0,0.715,0.0,0.0,0.0,162.0,0.0,3.11,12.3,0.661,0.0,0.745,0.0,0.0,3954.0,2366.0,1828.0,240.0,4.0,0.0,1.0,0.0,2.0,0.9999,0.9999,0.9999,0.9999,0.9999,8.5,8.13,7.48,451.0,1.05,869.0,0,5,793.3100000000001,125.0,0.0,0.0,0.0,0.0,0.0,0.0,0.04,251.0,,2.9 km solo,0.0,3.0,🏔️  Haute montagne,1
2020-08-18,2020,tour-du-limousin,stage,1.0,Caja Rural - Seguros RGA,0,2.1,,,0.0,,,,,,,3.0,11.0,8.0,0.0,0.0,1.0,183.07,161.0,21.8,0.0,0.236,0.0,180.0,0.161,2.35,0.0,0.0,0.0,0.0,0.0,0.236,2713.0,2601.0,650.0,234.0,6.0,1.0,2.0,0.0,0.0,0.9995,0.7296,0.7296,0.0,0.0,2.8,4.43,2.64,144.0,0.09,832.0,1,6,971.86,14.0,0.0,0.0,0.0,0.0,0.0,0.0,0.0,166.0,,-,27.2,2.0,⛰️  Moy. montagne,0
2020-08-19,2020,tour-du-limousin,stage,2.0,Caja Rural - Seguros RGA,0,2.1,,,0.0,,,,,,,0.0,11.0,8.0,0.0,0.0,2.0,174.24,152.0,21.9,0.0,0.0,0.0,165.0,5.59,3.51,0.0,0.176,0.0,0.265,0.0,0.0,1856.0,1995.0,365.0,103.0,6.0,2.0,0.0,0.0,0.0,0.9848,0.9395,0.0,0.0,0.0,1.6,-0.57,0.96,107.0,-0.48,372.0,1,6,971.86,14.0,0.0,0.0,0.0,0.0,0.0,0.0,0.0,166.0,,Sprint of small group,13.8,2.0,⛰️  Moy. montagne,0
2020-08-20,2020,tour-du-limousin,stage,3.0,Caja Rural - Seguros RGA,0,2.1,,,0.0,,,,,,,0.0,11.0,8.0,0.0,0.0,3.0,178.85,177.0,2.04,0.0,0.0,0.0,167.0,0.165,11.8,0.0,0.0,0.0,0.0,0.0,0.0,3222.0,2900.0,880.0,121.0,2.0,4.0,0.0,1.0,0.0,0.9072,0.9072,0.4365,0.4365,0.0,3.3,1.03,-0.92,45.0,0.8,1004.0,1,6,971.86,14.0,0.0,0.0,0.0,0.0,0.0,0.0,0.0,166.0,,Sprint of small group,13.8,2.0,⛰️  Moy. montagne,0
2020-08-21,2020,nc-spain-itt,result,,Caja Rural - Seguros RGA,0,NC,,,0.0,,,,,,,0.0,0.0,0.0,0.0,0.0,,47.71,47.1,0.263,0.378,0.0,0.0,47.1,0.637,0.0,0.0,0.0,0.0,0.0,0.0,0.0,990.0,825.0,917.0,539.0,1.0,1.0,1.0,0.0,0.0,0.999,0.999,0.999,0.0,0.0,7.4,5.9,2.92,211.0,0.35,990.0,0,6,971.86,50.0,0.0,0.0,0.0,0.0,0.0,0.0,0.0,34.0,,Time trial,3.0,0.0,⏱️  CLM,0
2020-08-21,2020,tour-du-limousin,stage,4.0,Caja Rural - Seguros RGA,0,2.1,,,0.0,,,,,,,0.0,11.0,8.0,0.0,0.0,4.0,167.24,139.0,27.9,0.0,0.0,0.0,146.0,14.3,5.03,1.56,0.0,0.0,0.0,0.0,0.0,2370.0,2459.0,513.0,192.0,7.0,0.0,1.0,0.0,0.0,0.9448,0.3738,0.3738,0.0,0.0,2.6,1.9,-0.52,70.0,-0.16,580.0,1,6,971.86,14.0,0.0,0.0,0.0,0.0,0.0,0.0,0.0,166.0,,-,0.6,2.0,⛰️  Moy. montagne,0
2020-08-23,2020,nc-spain,result,,Caja Rural - Seguros RGA,1,NC,FIN,25.0,0.0,,,,,,,4.0,4.0,0.0,0.0,0.0,,104.52,94.0,0.304,7.28,0.183,0.0,75.3,7.63,18.6,0.254,2.8,0.0,2.8,0.0,0.0,1950.0,1923.0,774.0,369.0,0.0,0.0,4.0,0.0,0.0,0.9745,0.9745,0.9745,0.0,0.0,-1.2,0.43,2.68,304.0,0.07,967.0,0,6,971.86,100.0,3.195,0.0,1.502,0.0,1.502,0.0,0.0,82.0,,0.3 km solo,0.6,2.0,⛰️  Moy. montagne,0
2020-08-23,2020,nc-italy,result,,Caja Rural - Seguros RGA,0,NC,,,0.0,,,,,,,0.0,0.0,0.0,0.0,0.0,,252.82,235.0,13.9,0.931,0.0,0.0,192.0,3.65,36.0,19.1,2.07,0.0,3.2,0.374,0.148,2756.0,2818.0,288.0,40.0,2.0,12.0,0.0,0.0,0.0,0.9089,0.9089,0.0,0.0,0.0,-0.1,0.07,-0.06,8.0,0.05,188.0,0,6,971.86,100.0,0.255,0.0,0.062,0.0,0.062,0.0,0.0,348.0,,Sprint of small group,0.6,2.0,⛰️  Moy. montagne,0
2020-08-27,2020,tour-du-poitou-charentes-et-de-la-vienne,stage,1.0,Caja Rural - Seguros RGA,0,2.1,,,0.0,,,,,,,0.0,0.0,0.0,0.0,0.0,1.0,194.58,190.0,4.88,0.0,0.0,0.0,188.0,2.69,4.25,0.0,0.0,0.0,0.0,0.0,0.0,2085.0,2168.0,189.0,0.0,5.0,0.0,0.0,0.0,0.0,0.4278,0.0,0.0,0.0,0.0,0.1,-0.23,-0.02,32.0,0.03,587.0,0,7,1076.38,14.0,0.0,0.0,0.0,0.0,0.0,0.0,0.0,175.0,,Sprint of large group,0.8,2.0,⛰️  Moy. montagne,0
2020-08-28,2020,tour-du-poitou-charentes-et-de-la-vienne,stage,2.0,Caja Rural - Seguros RGA,0,2.1,,,0.0,,,,,,,0.0,0.0,0.0,0.0,0.0,2.0,186.39,184.0,2.46,0.0,0.0,0.0,180.0,1.1,0.944,0.655,0.172,0.0,0.172,0.0,0.0,943.0,923.0,81.0,1.0,2.0,0.0,0.0,0.0,0.0,0.8869,0.0,0.0,0.0,0.0,1.1,-0.13,0.24,41.0,-0.03,185.0,0,6,919.5,14.0,0.0,0.0,0.0,0.0,0.0,0.0,0.0,175.0,,Sprint of large group,0.0,1.0,🟢  Plat/Sprint,0
2020-08-29,2020,trofeo-matteotti,result,,Caja Rural - Seguros RGA,0,1.1,,,0.0,,,,,,,26.0,26.0,0.0,0.0,0.0,,193.63,192.0,1.15,0.111,0.0,0.0,167.0,8.62,0.0,16.8,0.0,0.0,0.0,1.6,0.0,2508.0,2510.0,142.0,1.0,13.0,0.0,0.0,0.0,0.0,0.9507,0.0,0.0,0.0,0.0,0.2,-1.97,-2.38,276.0,0.17,675.0,0,5,751.1500000000001,125.0,0.0,0.0,0.0,0.0,0.0,0.0,0.0,117.0,,-,3.6,2.0,⛰️  Moy. montagne,0
2020-08-29,2020,tour-de-hongrie,stage,1.0,Caja Rural - Seguros RGA,1,2.1,FIN,36.0,0.0,9.0,25.0,,,,,14.0,42.0,28.0,0.0,0.0,1.0,119.22,119.0,0.0,0.0,0.0,0.0,82.2,3.51,33.0,0.0,0.0,0.0,0.114,0.0,0.0,1636.0,1629.0,563.0,106.0,0.0,0.0,3.0,0.0,0.0,0.8242,0.8242,0.8242,0.0,0.0,1.0,0.8,0.26,55.0,-0.0,589.0,1,5,751.1500000000001,14.0,0.0,0.0,0.0,0.0,0.0,0.0,0.0,101.0,,Sprint of large group,0.8,2.0,⛰️  Moy. montagne,0
2020-08-30,2020,memorial-marco-pantani,result,,Caja Rural - Seguros RGA,0,1.1,,,0.0,,,,,,,3.0,3.0,0.0,0.0,0.0,,199.05,177.0,16.7,0.0,0.0,0.0,178.0,11.5,3.09,0.958,5.58,0.0,4.99,0.531,0.0,2860.0,2928.0,448.0,-1.0,1.0,2.0,4.0,0.0,0.0,0.8143,0.7274,0.7274,0.0,0.0,0.0,0.0,0.0,2.0,0.11,743.0,0,5,722.9300000000001,125.0,0.0,0.0,0.0,0.0,0.0,0.0,0.0,132.0,,Sprint of large group,8.8,2.0,⛰️  Moy. montagne,0
2020-08-30,2020,tour-de-hongrie,stage,2.0,Caja Rural - Seguros RGA,1,2.1,FIN,65.0,0.0,9.0,25.0,,,,,0.0,42.0,28.0,0.0,0.0,2.0,159.63,157.0,1.02,0.0,0.0,0.0,104.0,5.75,44.7,3.09,0.687,0.0,2.13,0.67,0.105,319.0,351.0,157.0,86.0,0.0,0.0,0.0,0.0,0.0,0.0,0.0,0.0,0.0,0.0,-0.1,0.07,-0.04,62.0,-0.07,89.0,1,5,722.9300000000001,14.0,0.0,0.0,0.0,0.0,0.0,0.0,0.0,101.0,,Sprint of large group,0.0,1.0,🟢  Plat/Sprint,0
2020-08-31,2020,tour-de-hongrie,stage,3.0,Caja Rural - Seguros RGA,1,2.1,FIN,77.0,0.0,9.0,25.0,,,,,0.0,42.0,28.0,0.0,0.0,3.0,181.19,179.0,1.48,0.0,0.795,0.0,78.7,1.9,93.2,6.71,0.0,0.0,0.0,0.884,0.0,236.0,213.0,150.0,84.0,0.0,0.0,0.0,0.0,0.0,0.0,0.0,0.0,0.0,0.0,0.2,-0.07,0.02,30.0,0.0,37.0,1,5,720.01,14.0,0.0,0.0,0.0,0.0,0.0,0.0,0.0,101.0,,Sprint of large group,0.0,1.0,🟢  Plat/Sprint,0
2020-09-01,2020,tour-de-hongrie,stage,4.0,Caja Rural - Seguros RGA,1,2.1,FIN,46.0,0.0,9.0,25.0,,,,,0.0,42.0,28.0,0.0,0.0,4.0,179.8,150.0,3.53,0.0,1.81,0.0,94.4,1.12,53.1,4.66,25.2,0.0,25.3,1.85,0.0,861.0,834.0,305.0,95.0,2.0,2.0,0.0,0.0,0.0,0.8878,0.8206,0.0,0.0,0.0,0.8,0.3,0.16,100.0,0.07,200.0,1,5,743.1099999999999,14.0,0.0,0.0,0.0,0.0,0.0,0.0,0.0,101.0,,Sprint of large group,0.0,1.0,🟢  Plat/Sprint,0
2020-09-02,2020,tour-de-hongrie,stage,5.0,Caja Rural - Seguros RGA,1,2.1,FIN,9.0,0.0,9.0,25.0,,,,,0.0,42.0,28.0,0.0,0.0,5.0,187.54,186.0,0.0,0.0,1.39,0.0,130.0,0.208,54.5,1.51,0.0,0.0,0.208,1.3,0.0,3042.0,2251.0,992.0,135.0,1.0,0.0,2.0,0.0,1.0,0.9998,0.9998,0.9998,0.9998,0.9998,8.2,8.07,6.5,386.0,-0.07,779.0,1,6,922.91,14.0,0.0,0.0,0.0,0.0,0.0,0.0,0.0,101.0,,-,1.0,3.0,🏔️  Haute montagne,1
2020-09-04,2020,banja-luka-belgrade-i,stage,1.0,Caja Rural - Seguros RGA,0,2.1,,,0.0,,,,,,,14.0,72.0,53.0,0.0,0.0,1.0,133.89,132.0,1.89,0.0,0.0,0.0,27.1,1.63,104.0,0.362,0.0,0.0,0.0,1.24,0.0,673.0,654.0,166.0,67.0,1.0,0.0,0.0,0.0,0.0,0.4681,0.0,0.0,0.0,0.0,0.3,0.0,0.04,44.0,0.01,294.0,0,7,1110.4499999999998,14.0,0.0,0.0,0.0,0.0,0.0,0.0,0.0,33.0,,-,0.0,1.0,🟢  Plat/Sprint,0
2020-09-05,2020,banja-luka-belgrade-i,stage,2.0,Caja Rural - Seguros RGA,0,2.1,,,0.0,,,,,,,0.0,72.0,53.0,0.0,0.0,2.0,180.24,175.0,0.825,0.0,1.18,0.0,48.0,3.75,124.0,0.0,3.77,0.0,1.75,1.43,0.0,1716.0,1168.0,666.0,79.0,1.0,1.0,1.0,0.0,0.0,0.9997,0.9997,0.9997,0.0,0.0,3.0,3.77,4.2,329.0,0.2,375.0,0,7,1110.4499999999998,14.0,0.0,0.0,0.0,0.0,0.0,0.0,0.0,33.0,,-,9.4,2.0,⛰️  Moy. montagne,0
2020-09-06,2020,tour-du-doubs,result,,Caja Rural - Seguros RGA,0,1.1,,,0.0,,,,,,,3.0,3.0,0.0,0.0,0.0,,200.47,193.0,7.03,0.0,0.0,0.0,179.0,2.72,17.3,0.797,0.324,0.0,0.347,0.0,0.0,2940.0,3027.0,1102.0,375.0,5.0,0.0,1.0,1.0,0.0,0.9709,0.9709,0.9709,0.9709,0.0,-0.5,-3.27,-4.3,50.0,0.11,894.0,0,6,931.9,125.0,0.0,0.0,0.0,0.0,0.0,0.0,0.0,93.0,,5 km solo,8.6,2.0,⛰️  Moy. montagne,0
2020-09-06,2020,banja-luka-belgrade-i,stage,3.0,Caja Rural - Seguros RGA,0,2.1,,,0.0,,,,,,,5.0,72.0,53.0,0.0,0.0,3.0,129.55,125.0,5.09,0.0,0.0,0.0,18.9,5.09,106.0,0.0,0.0,0.0,0.0,0.0,0.0,516.0,556.0,260.0,101.0,3.0,0.0,0.0,0.0,0.0,0.9515,0.0,0.0,0.0,0.0,-0.1,-0.47,-0.08,39.0,-0.13,157.0,0,6,931.9,14.0,0.0,0.0,0.0,0.0,0.0,0.0,0.0,33.0,,-,2.8,1.0,🟢  Plat/Sprint,0
2020-09-07,2020,banja-luka-belgrade-i,stage,4.0,Caja Rural - Seguros RGA,0,2.1,,,0.0,,,,,,,0.0,72.0,53.0,0.0,0.0,4.0,161.18,116.0,17.3,0.214,6.5,0.0,22.1,15.6,86.7,9.61,23.6,0.0,24.2,6.22,0.0,557.0,542.0,189.0,85.0,6.0,0.0,0.0,0.0,0.0,0.9992,0.0,0.0,0.0,0.0,0.6,0.03,0.0,36.0,-0.12,272.0,0,6,931.9,14.0,0.0,0.0,0.0,0.0,0.0,0.0,0.0,33.0,,-,3.8,1.0,🟢  Plat/Sprint,0
2020-09-15,2020,tour-de-luxembourg,stage,1.0,Caja Rural - Seguros RGA,0,2.Pro,,,0.0,,,,,,,0.0,3.0,3.0,0.0,0.0,1.0,135.28,134.0,0.191,0.547,0.0,0.0,101.0,2.7,29.5,0.683,0.848,0.0,0.872,0.217,0.0,1888.0,1849.0,409.0,167.0,3.0,3.0,0.0,0.0,0.0,0.8707,0.8707,0.0,0.0,0.0,3.4,1.67,0.14,118.0,0.06,621.0,1,6,931.9,20.0,0.077,0.0,0.037,0.0,0.037,0.0,0.0,269.0,,Sprint à deux,9.2,2.0,⛰️  Moy. montagne,0
2020-09-16,2020,tour-de-luxembourg,stage,2.0,Caja Rural - Seguros RGA,0,2.Pro,,,0.0,,,,,,,0.0,3.0,3.0,0.0,0.0,2.0,163.03,162.0,0.0,0.437,0.141,0.0,115.0,0.0,41.2,5.13,0.74,0.0,0.788,0.382,0.0,1762.0,1654.0,344.0,137.0,3.0,4.0,0.0,0.0,0.0,0.9716,0.9716,0.0,0.0,0.0,-0.4,-0.8,-0.68,115.0,0.18,488.0,1,6,931.9,20.0,0.0,0.0,0.0,0.0,0.0,0.0,0.0,269.0,,Sprint of large group,1.2,2.0,⛰️  Moy. montagne,0
2020-09-16,2020,giro-di-toscana,result,,Caja Rural - Seguros RGA,1,1.1,FIN,69.0,0.0,,,,,,,0.0,0.0,0.0,0.0,0.0,,182.52,164.0,17.3,0.0,0.0,0.0,155.0,0.249,22.6,4.06,0.762,0.0,0.82,0.0,0.0,1562.0,1559.0,283.0,9.0,5.0,3.0,0.0,0.0,0.0,0.9156,0.8003,0.0,0.0,0.0,-0.3,-0.27,-0.28,122.0,0.24,499.0,0,6,931.9,125.0,0.0,0.0,0.0,0.0,0.0,0.0,0.0,189.0,,Sprint of large group,6.4,2.0,⛰️  Moy. montagne,0
2020-09-17,2020,tour-de-luxembourg,stage,3.0,Caja Rural - Seguros RGA,0,2.Pro,,,0.0,,,,,,,0.0,3.0,3.0,0.0,0.0,3.0,158.74,155.0,1.25,0.655,0.0,0.0,88.5,3.95,58.7,3.15,2.33,0.0,2.33,1.8,0.0,2262.0,2127.0,438.0,138.0,4.0,5.0,0.0,0.0,0.0,0.9784,0.9784,0.0,0.0,0.0,-0.8,-1.1,-0.34,140.0,0.28,993.0,1,7,1114.4199999999998,20.0,0.65,0.0,0.0,0.0,0.0,0.0,0.0,269.0,,Sprint of large group,1.2,2.0,⛰️  Moy. montagne,0
2020-09-17,2020,gp-citta-di-peccioli,result,,Caja Rural - Seguros RGA,1,1.Pro,FIN,39.0,3.0,,,,,,,3.0,3.0,0.0,0.0,0.0,,210.92,205.0,3.3,0.826,0.0,0.0,169.0,4.77,35.3,0.0,2.48,0.0,2.13,0.0,0.0,1788.0,1808.0,150.0,37.0,19.0,0.0,0.0,0.0,0.0,0.9995,0.0,0.0,0.0,0.0,7.4,2.67,1.64,244.0,-0.2,395.0,0,7,1114.4199999999998,200.0,0.0,0.0,0.0,0.0,0.0,0.0,0.015,174.0,,Sprint of small group,0.6,2.0,⛰️  Moy. montagne,0
2020-09-18,2020,tour-de-luxembourg,stage,4.0,Caja Rural - Seguros RGA,0,2.Pro,,,0.0,,,,,,,0.0,3.0,3.0,0.0,0.0,4.0,200.02,199.0,0.632,0.354,0.0,0.0,144.0,1.96,47.2,4.84,0.205,0.0,0.205,1.83,0.0,2932.0,2901.0,546.0,190.0,5.0,5.0,1.0,0.0,0.0,0.9833,0.9833,0.592,0.0,0.0,-1.0,-3.27,-1.94,181.0,-0.01,583.0,1,8,1325.34,20.0,0.0,0.0,0.0,0.0,0.0,0.0,0.0,269.0,,Sprint of small group,0.6,2.0,⛰️  Moy. montagne,0
2020-09-19,2020,tour-de-luxembourg,stage,5.0,Caja Rural - Seguros RGA,0,2.Pro,,,0.0,,,,,,,0.0,3.0,3.0,0.0,0.0,5.0,179.46,179.0,0.637,0.191,0.0,0.167,91.4,5.07,81.4,0.782,0.0,0.0,0.173,1.32,0.0,2824.0,2730.0,523.0,196.0,9.0,5.0,0.0,0.0,0.0,0.9738,0.8781,0.0,0.0,0.0,-0.7,1.63,0.06,206.0,0.47,903.0,1,8,1325.34,20.0,0.0,0.0,0.0,0.0,0.0,0.0,0.0,269.0,,-,0.6,2.0,⛰️  Moy. montagne,0
2020-09-19,2020,giro-dell-appennino,result,,Caja Rural - Seguros RGA,1,1.1,FIN,34.0,0.0,,,,,,,0.0,0.0,0.0,0.0,0.0,,191.68,187.0,1.6,0.0,0.574,0.0,122.0,1.72,48.1,18.3,1.86,0.314,3.1,0.236,0.0,2637.0,2831.0,773.0,0.0,2.0,1.0,2.0,1.0,0.0,0.8291,0.7701,0.7701,0.6596,0.0,1.6,0.3,0.26,53.0,0.2,381.0,0,8,1325.34,125.0,0.0,0.0,0.0,0.0,0.0,0.0,0.0,158.0,,Sprint of large group,0.6,2.0,⛰️  Moy. montagne,0
2020-09-19,2020,gp-int-torres-vedras,stage,1.0,Caja Rural - Seguros RGA,0,2.2,,,0.0,,,,,,,0.0,0.0,0.0,0.0,0.0,1.0,145.71,140.0,6.28,0.0,0.0,0.0,121.0,4.0,19.1,1.56,0.426,0.0,0.426,0.0,0.0,2862.0,2854.0,227.0,10.0,13.0,1.0,0.0,0.0,0.0,0.9779,0.526,0.0,0.0,0.0,-1.1,-4.1,-0.08,542.0,0.18,780.0,0,8,1325.34,7.0,0.0,0.0,0.0,0.0,0.0,0.0,0.0,15.0,,-,0.6,2.0,⛰️  Moy. montagne,0
2020-09-20,2020,gp-int-torres-vedras,stage,2.0,Caja Rural - Seguros RGA,0,2.2,,,0.0,,,,,,,0.0,0.0,0.0,0.0,0.0,2.0,143.79,138.0,4.91,0.0,0.0,0.0,105.0,6.9,30.1,1.6,0.503,0.0,0.73,0.0,0.0,2586.0,2301.0,337.0,3.0,4.0,1.0,1.0,0.0,0.0,0.9991,0.9991,0.9991,0.0,0.0,9.3,6.33,4.48,263.0,-0.01,718.0,0,9,1517.02,7.0,0.0,0.0,0.0,0.0,0.0,0.0,0.0,15.0,,-,1.0,3.0,🏔️  Haute montagne,1
2020-09-27,2020,volta-a-portugal,prologue,,Caja Rural - Seguros RGA,1,2.1,FIN,73.0,0.0,9.0,25.0,,,,,0.0,39.0,25.0,0.0,0.0,,7.12,6.5,0.298,0.0,0.0,0.0,6.28,0.383,0.162,0.0,0.194,0.0,0.194,0.0,0.0,132.0,115.0,349.0,252.0,1.0,0.0,0.0,0.0,0.0,0.8128,0.0,0.0,0.0,0.0,-0.9,2.8,1.54,131.0,0.24,132.0,0,8,1412.5,14.0,0.0,0.0,0.0,0.0,0.0,0.0,0.0,,,,2.8,0.0,⏱️  CLM,0
2020-09-28,2020,volta-a-portugal,stage,1.0,Caja Rural - Seguros RGA,1,2.1,FIN,18.0,0.0,9.0,25.0,,,,,0.0,39.0,25.0,0.0,0.0,1.0,180.5,174.0,3.31,3.15,0.0,0.0,48.9,0.4,131.0,0.0,0.0,0.0,0.0,0.0,0.0,2111.0,2986.0,1069.0,1.0,2.0,2.0,1.0,0.0,0.0,0.9998,0.9998,0.4995,0.0,0.0,3.8,4.03,3.48,166.0,-0.78,444.0,0,9,1419.62,14.0,3.135,0.0,3.135,0.0,3.135,0.0,0.0,34.0,,-,0.0,2.0,⛰️  Moy. montagne,0
2020-09-29,2020,volta-a-portugal,stage,2.0,Caja Rural - Seguros RGA,1,2.1,FIN,9.0,0.0,9.0,25.0,,,,,0.0,39.0,25.0,0.0,0.0,2.0,167.56,164.0,1.03,2.38,0.0,0.0,75.1,0.232,92.1,0.0,0.169,0.0,0.169,0.0,0.0,3864.0,3099.0,1024.0,77.0,1.0,3.0,2.0,1.0,1.0,0.9999,0.9999,0.9999,0.9999,0.597,8.7,8.0,7.66,532.0,0.37,908.0,0,9,1480.9,14.0,1.269,0.0,0.0,0.0,0.0,0.0,0.0,34.0,,? km solo,1.0,3.0,🏔️  Haute montagne,1
2020-09-30,2020,volta-a-portugal,stage,3.0,Caja Rural - Seguros RGA,1,2.1,FIN,31.0,0.0,9.0,25.0,,,,,14.0,39.0,25.0,0.0,0.0,3.0,171.51,162.0,7.31,1.69,0.0,0.0,52.5,2.28,117.0,0.0,0.0,0.0,0.0,0.0,0.0,2881.0,2739.0,967.0,47.0,3.0,5.0,0.0,0.0,1.0,0.9457,0.9457,0.7011,0.7011,0.7011,1.3,0.23,-0.66,17.0,-0.51,662.0,0,9,1488.83,14.0,0.0,0.0,0.0,0.0,0.0,0.0,0.0,34.0,,? km solo,0.0,2.0,⛰️  Moy. montagne,0
2020-10-01,2020,volta-a-portugal,stage,4.0,Caja Rural - Seguros RGA,1,2.1,FIN,10.0,0.0,9.0,25.0,,,,,0.0,39.0,25.0,0.0,0.0,4.0,149.99,136.0,8.72,4.57,0.375,0.0,59.1,0.573,86.8,2.37,0.0,0.0,0.0,0.375,0.0,3585.0,2502.0,1984.0,414.0,2.0,1.0,0.0,0.0,2.0,0.9998,0.9998,0.9998,0.9998,0.9998,6.5,7.57,7.3,458.0,-0.51,648.0,0,9,1479.15,14.0,0.072,0.0,0.0,0.0,0.0,0.0,0.0,34.0,,-,1.0,3.0,🏔️  Haute montagne,1
2020-10-02,2020,volta-a-portugal,stage,5.0,Caja Rural - Seguros RGA,1,2.1,FIN,31.0,0.0,9.0,25.0,,,,,0.0,39.0,25.0,0.0,0.0,5.0,177.56,172.0,4.41,0.849,0.0,0.0,70.3,1.98,104.0,0.684,0.227,0.0,0.227,0.0,0.0,1438.0,1916.0,542.0,10.0,1.0,3.0,0.0,0.0,0.0,0.5076,0.5076,0.0,0.0,0.0,2.7,1.6,0.28,58.0,-0.55,467.0,0,9,1449.34,14.0,0.026,0.0,0.026,0.0,0.026,0.0,0.0,34.0,,Sprint of large group,2.8,2.0,⛰️  Moy. montagne,0
2020-10-03,2020,volta-a-portugal,stage,6.0,Caja Rural - Seguros RGA,1,2.1,FIN,33.0,0.0,9.0,25.0,,,,,0.0,39.0,25.0,0.0,0.0,6.0,155.8,151.0,1.73,1.31,0.316,0.0,74.2,0.582,74.1,4.96,0.0,0.0,0.559,0.923,0.0,1532.0,1498.0,194.0,0.0,3.0,1.0,0.0,0.0,0.0,0.6322,0.0314,0.0,0.0,0.0,1.1,0.53,0.5,51.0,0.06,584.0,0,9,1439.36,14.0,0.0,0.005,0.0,0.0,0.0,0.0,0.0,34.0,,Sprint of large group,3.8,1.0,🟢  Plat/Sprint,0
2020-10-04,2020,volta-a-portugal,stage,7.0,Caja Rural - Seguros RGA,1,2.1,FIN,11.0,0.0,9.0,25.0,,,,,0.0,39.0,25.0,0.0,0.0,7.0,162.72,158.0,0.629,1.31,0.0,0.0,22.9,1.61,135.0,0.516,2.65,0.0,2.01,0.254,0.0,1731.0,1743.0,385.0,0.0,4.0,0.0,2.0,0.0,0.0,0.8844,0.8844,0.8844,0.0,0.0,-0.6,-0.93,-0.4,78.0,0.37,739.0,0,10,1595.16,14.0,0.0,0.0,0.0,0.0,0.0,0.0,0.0,34.0,,Sprint à deux,2.8,2.0,⛰️  Moy. montagne,0
2020-10-05,2020,volta-a-portugal,stage,8.0,Caja Rural - Seguros RGA,1,2.1,FIN,23.0,0.0,9.0,25.0,,,,,0.0,39.0,25.0,0.0,0.0,8.0,17.66,15.0,0.426,1.74,0.0,0.0,2.24,0.325,12.7,1.73,0.564,0.0,0.664,0.258,0.0,82.0,81.0,65.0,2.0,0.0,0.0,0.0,0.0,0.0,0.0,0.0,0.0,0.0,0.0,-0.5,0.03,0.0,9.0,0.01,82.0,0,11,1757.88,14.0,1.762,0.0,1.762,0.0,1.314,0.0,0.0,34.0,,-,3.8,1.0,🟢  Plat/Sprint,0
2020-10-11,2020,paris-tours,result,,Caja Rural - Seguros RGA,0,1.Pro,,,0.0,,,,,,,3.0,3.0,0.0,0.0,0.0,,213.08,183.0,20.6,0.105,6.56,2.33,180.0,11.6,6.91,6.12,0.675,0.0,0.675,7.97,0.0,1258.0,1347.0,213.0,40.0,1.0,0.0,0.0,0.0,0.0,0.3169,0.0,0.0,0.0,0.0,0.2,0.07,0.02,21.0,0.03,175.0,1,12,1775.54,200.0,0.069,2.716,0.069,0.822,0.069,0.0,0.0,268.0,,Sprint à deux,3.8,1.0,🟢  Plat/Sprint,0
2020-10-12,2020,prueba-villafranca,result,,Caja Rural - Seguros RGA,0,1.1,,,0.0,,,,,,,69.0,69.0,0.0,0.0,0.0,,166.77,165.0,0.376,1.29,0.0,0.0,156.0,4.87,0.0,2.9,0.0,0.0,0.0,2.75,0.0,2391.0,2392.0,402.0,93.0,2.0,5.0,0.0,0.0,0.0,0.9376,0.9376,0.0,0.0,0.0,0.0,-0.7,-1.16,19.0,0.03,574.0,0,12,1775.54,125.0,0.258,0.0,0.0,0.0,0.0,0.0,0.0,39.0,,? km solo,2.8,2.0,⛰️  Moy. montagne,0
2020-10-20,2020,vuelta-a-espana,stage,1.0,Caja Rural - Seguros RGA,0,2.UWT,,,0.0,,,,,,,0.0,24.0,24.0,0.0,0.0,1.0,172.71,168.0,2.26,0.406,0.0,0.0,70.2,2.41,94.4,3.3,2.41,0.0,2.17,0.29,0.0,2956.0,2440.0,579.0,1.0,2.0,0.0,4.0,0.0,0.0,0.9932,0.9932,0.9932,0.0,0.0,-4.3,0.57,4.38,266.0,-0.04,473.0,1,9,1190.42,100.0,0.0,0.0,0.0,0.0,0.0,0.0,0.0,692.0,,1 km solo,16.6,2.0,⛰️  Moy. montagne,0
2020-10-21,2020,vuelta-a-espana,stage,2.0,Caja Rural - Seguros RGA,0,2.UWT,,,0.0,,,,,,,0.0,24.0,24.0,0.0,0.0,2.0,151.26,142.0,9.66,0.0,0.0,0.0,93.4,0.0,57.8,0.0,0.0,0.0,0.0,0.155,0.0,2435.0,2284.0,1213.0,366.0,1.0,1.0,1.0,0.0,1.0,0.8549,0.8549,0.8549,0.8549,0.8549,0.8,-2.63,-2.16,47.0,0.16,661.0,1,9,1190.42,100.0,0.0,0.0,0.0,0.0,0.0,0.0,0.0,692.0,,14 km solo,16.6,2.0,⛰️  Moy. montagne,0
2020-10-22,2020,vuelta-a-espana,stage,3.0,Caja Rural - Seguros RGA,0,2.UWT,,,0.0,,,,,,,0.0,24.0,24.0,0.0,0.0,3.0,166.1,152.0,12.4,0.0,0.351,0.0,76.7,1.31,87.0,0.123,0.673,0.0,0.791,0.351,0.0,2779.0,1378.0,1718.0,310.0,1.0,0.0,1.0,0.0,1.0,0.9997,0.9997,0.9997,0.9997,0.9997,8.6,7.57,6.76,472.0,1.16,854.0,1,9,1190.42,100.0,0.0,0.0,0.0,0.0,0.0,0.0,0.0,692.0,,Sprint of small group,1.0,3.0,🏔️  Haute montagne,1
2020-10-23,2020,vuelta-a-espana,stage,4.0,Caja Rural - Seguros RGA,0,2.UWT,,,0.0,,,,,,,0.0,24.0,24.0,0.0,0.0,4.0,191.26,169.0,16.8,0.0,1.76,0.0,50.1,0.656,135.0,0.0,4.11,0.0,3.61,1.71,0.0,1160.0,1851.0,1167.0,228.0,2.0,2.0,0.0,0.0,0.0,0.9224,0.9224,0.0,0.0,0.0,0.0,-0.23,-0.5,58.0,-0.18,451.0,1,9,1190.42,100.0,0.0,0.0,0.0,0.0,0.0,0.0,0.0,692.0,,Sprint of large group,13.8,2.0,⛰️  Moy. montagne,0
2020-10-24,2020,vuelta-a-espana,stage,5.0,Caja Rural - Seguros RGA,0,2.UWT,,,0.0,,,,,,,0.0,24.0,24.0,0.0,0.0,5.0,184.41,182.0,0.356,0.0,0.0,0.0,42.5,0.885,139.0,0.0,1.66,0.0,1.79,0.17,0.0,3407.0,3039.0,1361.0,320.0,5.0,2.0,1.0,0.0,1.0,0.9277,0.9277,0.9277,0.7459,0.7459,5.1,1.8,0.74,70.0,-0.19,610.0,1,9,1190.42,100.0,0.0,0.0,0.0,0.0,0.0,0.0,0.0,692.0,,Sprint à deux,13.8,2.0,⛰️  Moy. montagne,0
2020-10-25,2020,vuelta-a-espana,stage,6.0,Caja Rural - Seguros RGA,0,2.UWT,,,0.0,,,,,,,0.0,24.0,24.0,0.0,0.0,6.0,147.42,146.0,0.0,0.0,0.253,0.0,24.4,0.0,122.0,0.0,1.48,0.199,1.48,0.253,0.0,3020.0,2058.0,1787.0,761.0,0.0,2.0,2.0,0.0,1.0,0.9998,0.9998,0.9998,0.9998,0.9998,5.7,6.57,5.5,289.0,-0.02,641.0,1,9,1190.42,100.0,0.0,0.0,0.0,0.0,0.0,0.0,0.0,692.0,,3 km solo,0.0,3.0,🏔️  Haute montagne,1
2020-10-27,2020,vuelta-a-espana,stage,7.0,Caja Rural - Seguros RGA,0,2.UWT,,,0.0,,,,,,,0.0,24.0,24.0,0.0,0.0,7.0,159.79,159.0,0.874,0.0,0.0,0.0,151.0,0.0,7.78,0.0,0.297,0.0,0.297,0.0,0.0,2657.0,2616.0,897.0,274.0,1.0,2.0,2.0,0.0,0.0,0.9244,0.9244,0.9244,0.0,0.0,0.3,0.87,-0.22,125.0,0.24,606.0,1,9,1190.42,100.0,0.0,0.0,0.0,0.0,0.0,0.0,0.0,692.0,,1 km solo,13.8,2.0,⛰️  Moy. montagne,0
2020-10-28,2020,vuelta-a-espana,stage,8.0,Caja Rural - Seguros RGA,0,2.UWT,,,0.0,,,,,,,0.0,24.0,24.0,0.0,0.0,8.0,163.92,163.0,0.125,0.0,0.0,0.0,102.0,0.125,60.7,0.0,1.05,0.0,1.05,0.0,0.0,3021.0,1991.0,1489.0,412.0,4.0,1.0,0.0,0.0,2.0,0.9997,0.9997,0.9997,0.9997,0.9997,7.4,9.67,9.98,455.0,0.13,604.0,1,8,1183.3,100.0,0.0,0.0,0.0,0.0,0.0,0.0,0.0,692.0,,0.8 km solo,0.0,3.0,🏔️  Haute montagne,1
2020-10-29,2020,vuelta-a-espana,stage,9.0,Caja Rural - Seguros RGA,0,2.UWT,,,0.0,,,,,,,0.0,24.0,24.0,0.0,0.0,9.0,157.45,155.0,2.21,0.0,0.0,0.0,41.3,1.98,113.0,1.25,0.0,0.0,0.125,0.0,0.0,1163.0,1111.0,1011.0,775.0,2.0,1.0,0.0,0.0,0.0,0.8235,0.8235,0.0,0.0,0.0,-0.1,0.23,-0.34,52.0,-0.09,303.0,1,7,1002.8,100.0,0.0,0.0,0.0,0.0,0.0,0.0,0.0,692.0,,Sprint of large group,1.6,1.0,🟢  Plat/Sprint,0
2020-10-30,2020,vuelta-a-espana,stage,10.0,Caja Rural - Seguros RGA,0,2.UWT,,,0.0,,,,,,,0.0,24.0,24.0,0.0,0.0,10.0,185.29,181.0,3.5,0.888,0.0,0.0,50.1,5.32,128.0,1.25,0.0,0.0,0.0,0.157,0.0,2254.0,2209.0,283.0,0.0,6.0,3.0,0.0,0.0,0.0,0.9998,0.7885,0.0,0.0,0.0,6.1,1.43,0.5,120.0,-0.06,491.0,1,6,835.24,100.0,0.253,0.0,0.231,0.0,0.0,0.0,0.0,692.0,,Sprint of small group,0.0,2.0,⛰️  Moy. montagne,0
2020-10-31,2020,vuelta-a-espana,stage,11.0,Caja Rural - Seguros RGA,0,2.UWT,,,0.0,,,,,,,0.0,24.0,24.0,0.0,0.0,11.0,169.31,158.0,0.62,0.0,0.0,0.0,142.0,0.0,16.6,0.0,11.3,0.0,11.2,0.0,0.0,5082.0,3392.0,1706.0,16.0,1.0,1.0,1.0,0.0,3.0,0.9998,0.9998,0.9998,0.9998,0.9998,8.7,8.63,8.88,253.0,0.84,1014.0,1,5,663.73,100.0,0.0,0.0,0.0,0.0,0.0,0.0,0.0,692.0,,0.5 km solo,0.0,3.0,🏔️  Haute montagne,1
2020-11-01,2020,vuelta-a-espana,stage,12.0,Caja Rural - Seguros RGA,0,2.UWT,,,0.0,,,,,,,0.0,24.0,24.0,0.0,0.0,12.0,109.08,106.0,0.0,0.0,0.538,0.0,87.5,1.02,16.3,0.867,2.46,0.0,2.24,0.347,0.416,3120.0,1833.0,1571.0,143.0,0.0,2.0,2.0,0.0,1.0,0.9951,0.9951,0.9951,0.9951,0.9951,1.8,10.83,11.54,523.0,-0.08,647.0,1,4,513.74,100.0,0.0,0.0,0.0,0.0,0.0,0.0,0.0,692.0,,1 km solo,0.0,3.0,🏔️  Haute montagne,1
2020-11-03,2020,vuelta-a-espana,stage,13.0,Caja Rural - Seguros RGA,0,2.UWT,,,0.0,,,,,,,0.0,24.0,24.0,0.0,0.0,13.0,33.61,32.8,0.732,0.0,0.0,0.0,2.5,0.207,30.8,0.0,0.0,0.0,0.0,0.0,0.0,531.0,268.0,268.0,3.0,0.0,1.0,0.0,0.0,0.0,0.9989,0.9989,0.0,0.0,0.0,15.3,8.63,5.28,277.0,0.78,531.0,1,2,180.38,100.0,0.0,0.0,0.0,0.0,0.0,0.0,0.0,692.0,,Time trial,0.0,3.0,🏔️  Haute montagne,1
2020-11-04,2020,vuelta-a-espana,stage,14.0,Caja Rural - Seguros RGA,0,2.UWT,,,0.0,,,,,,,0.0,24.0,24.0,0.0,0.0,14.0,204.74,202.0,1.72,0.0,0.0,0.0,25.5,1.44,177.0,0.0,0.818,0.0,0.832,0.0,0.0,3057.0,3415.0,870.0,98.0,5.0,1.0,4.0,0.0,0.0,0.9991,0.8672,0.8672,0.0,0.0,6.8,2.53,1.7,99.0,-0.23,702.0,1,1,17.66,100.0,0.0,0.0,0.0,0.0,0.0,0.0,0.0,692.0,,0.3 km solo,0.0,2.0,⛰️  Moy. montagne,0
2020-11-05,2020,vuelta-a-espana,stage,15.0,Caja Rural - Seguros RGA,0,2.UWT,,,0.0,,,,,,,0.0,24.0,24.0,0.0,0.0,15.0,230.59,230.0,0.219,0.0,0.0,0.0,86.4,0.793,143.0,0.0,0.512,0.0,0.564,0.0,0.0,4403.0,3531.0,1351.0,20.0,5.0,4.0,1.0,0.0,1.0,0.947,0.947,0.947,0.947,0.947,2.0,0.57,0.04,58.0,0.17,878.0,1,0,0.0,100.0,0.0,0.0,0.0,0.0,0.0,0.0,0.0,692.0,,Sprint of large group,0.0,2.0,⛰️  Moy. montagne,0
2020-11-06,2020,vuelta-a-espana,stage,16.0,Caja Rural - Seguros RGA,0,2.UWT,,,0.0,,,,,,,0.0,24.0,24.0,0.0,0.0,16.0,162.27,162.0,0.0,0.0,0.0,0.0,139.0,0.0,22.9,0.0,0.17,0.0,0.0,0.0,0.0,2762.0,2918.0,1243.0,451.0,2.0,2.0,0.0,2.0,0.0,0.9161,0.9161,0.8171,0.8171,0.0,-0.6,0.83,0.34,47.0,0.27,586.0,1,0,0.0,100.0,0.0,0.0,0.0,0.0,0.0,0.0,0.0,692.0,,Sprint of large group,0.0,2.0,⛰️  Moy. montagne,0
2020-11-07,2020,vuelta-a-espana,stage,17.0,Caja Rural - Seguros RGA,0,2.UWT,,,0.0,,,,,,,0.0,24.0,24.0,0.0,0.0,17.0,178.28,155.0,10.1,0.411,2.0,0.0,160.0,1.28,4.71,0.0,10.7,0.0,10.7,2.26,0.0,4365.0,3148.0,1959.0,386.0,3.0,3.0,1.0,1.0,1.0,0.9998,0.9998,0.9998,0.9998,0.9998,4.7,6.57,7.24,492.0,0.93,1121.0,1,0,0.0,100.0,0.0,0.0,0.0,0.0,0.0,0.0,0.0,692.0,,4 km solo,0.0,3.0,🏔️  Haute montagne,1
2020-11-08,2020,vuelta-a-espana,stage,18.0,Caja Rural - Seguros RGA,0,2.UWT,,,0.0,,,,,,,0.0,24.0,24.0,0.0,0.0,18.0,140.01,40.6,4.01,0.412,2.19,0.0,16.7,8.32,14.0,4.59,86.0,0.267,88.0,5.21,0.0,1492.0,1460.0,749.0,552.0,3.0,1.0,0.0,0.0,0.0,0.8416,0.8416,0.0,0.0,0.0,2.8,-0.2,-0.34,613.0,-0.07,477.0,1,0,0.0,100.0,0.0,0.0,0.0,0.0,0.0,0.0,0.0,692.0,,Sprint of large group,0.6,1.0,🟢  Plat/Sprint,0
2020-11-15,2020,nc-venezuela,result,,Caja Rural - Seguros RGA,0,NC,,,0.0,,,,,,,20.0,20.0,0.0,0.0,0.0,,,,,,,,,,,,,,,,,,,,,0.0,0.0,0.0,0.0,0.0,,,,,,,,,,,,0,0,0.0,,,,,,,,,2.0,,-,,,,0
2021-01-24,2021,gp-de-valence,result,,Team Total Direct Energie,1,1.2,FIN,43.0,0.0,,,,,,,40.0,40.0,0.0,0.0,0.0,,96.33,95.2,0.677,0.0,0.0,0.0,79.1,0.794,12.6,0.461,0.191,0.0,0.28,0.0,0.0,1119.0,1341.0,629.0,1.0,3.0,0.0,1.0,0.0,0.0,0.7271,0.3939,0.3939,0.0,0.0,0.1,0.0,-0.02,25.0,-0.32,892.0,0,0,0.0,40.0,0.0,0.0,0.0,0.0,0.0,0.0,0.0,66.0,,Sprint of large group,97.4,1.0,🟢  Plat/Sprint,0
2021-01-31,2021,gp-d-ouverture,result,,Team Total Direct Energie,0,1.1,,,0.0,,,,,,,16.0,16.0,0.0,0.0,0.0,,170.84,170.0,0.494,0.0,0.0,0.0,130.0,0.0,39.8,0.893,0.0,0.0,0.0,0.0,0.0,2803.0,2949.0,732.0,10.0,0.0,6.0,2.0,0.0,0.0,0.9507,0.9507,0.8382,0.0,0.0,-0.5,-1.27,-1.66,0.0,0.21,695.0,1,1,96.33,125.0,0.0,0.0,0.0,0.0,0.0,0.0,0.0,192.0,,Sprint of small group,0.8,2.0,⛰️  Moy. montagne,0
2021-02-03,2021,etoile-de-besseges,stage,1.0,Team Total Direct Energie,0,2.1,,,0.0,,,,,,,0.0,3.0,3.0,0.0,0.0,1.0,143.83,142.0,0.578,0.0,0.0,0.0,104.0,2.91,35.6,0.399,0.568,0.0,1.1,0.537,0.0,459.0,426.0,71.0,0.0,0.0,0.0,0.0,0.0,0.0,0.0,0.0,0.0,0.0,0.0,4.8,1.8,1.06,64.0,-0.04,152.0,1,1,96.33,14.0,0.0,0.0,0.0,0.0,0.0,0.0,0.0,451.0,,Sprint of large group,68.4,1.0,🟢  Plat/Sprint,0
2021-02-04,2021,etoile-de-besseges,stage,2.0,Team Total Direct Energie,0,2.1,,,0.0,,,,,,,0.0,3.0,3.0,0.0,0.0,2.0,154.08,148.0,5.89,0.0,0.0,0.0,148.0,1.29,4.63,0.0,0.0,0.0,0.0,0.0,0.0,1610.0,1623.0,202.0,56.0,5.0,0.0,0.0,0.0,0.0,0.9345,0.0,0.0,0.0,0.0,0.4,-0.17,-0.26,236.0,0.14,719.0,1,1,96.33,14.0,0.0,0.0,0.0,0.0,0.0,0.0,0.0,451.0,,Sprint of large group,11.4,1.0,🟢  Plat/Sprint,0
2021-02-05,2021,etoile-de-besseges,stage,3.0,Team Total Direct Energie,0,2.1,,,0.0,,,,,,,0.0,3.0,3.0,0.0,0.0,3.0,154.71,151.0,1.65,0.0,0.0,0.0,142.0,1.62,8.9,0.0,2.09,0.0,2.35,0.0,0.0,2036.0,2044.0,557.0,86.0,2.0,4.0,1.0,0.0,0.0,0.9009,0.9009,0.2122,0.0,0.0,0.4,0.07,-0.04,57.0,-0.01,910.0,1,1,96.33,14.0,0.0,0.0,0.0,0.0,0.0,0.0,0.0,451.0,,17 km solo,4.0,2.0,⛰️  Moy. montagne,0
2021-02-06,2021,etoile-de-besseges,stage,4.0,Team Total Direct Energie,0,2.1,,,0.0,,,,,,,0.0,3.0,3.0,0.0,0.0,4.0,151.8,144.0,7.7,0.0,0.0,0.0,129.0,0.635,19.4,1.96,0.0,0.0,0.0,1.16,0.0,1760.0,1787.0,340.0,33.0,6.0,2.0,0.0,0.0,0.0,0.9997,0.6279,0.0,0.0,0.0,5.8,1.3,0.66,128.0,0.03,626.0,1,1,96.33,14.0,0.0,0.0,0.0,0.0,0.0,0.0,0.0,451.0,,8 km solo,3.2,2.0,⛰️  Moy. montagne,0
2021-02-07,2021,etoile-de-besseges,stage,5.0,Team Total Direct Energie,0,2.1,,,0.0,,,,,,,0.0,3.0,3.0,0.0,0.0,5.0,10.75,10.3,0.159,0.0,0.0,0.0,4.4,0.479,5.49,0.148,0.251,0.0,0.251,0.0,0.0,181.0,19.0,290.0,128.0,0.0,1.0,0.0,0.0,0.0,0.9966,0.9966,0.0,0.0,0.0,6.7,5.3,3.1,162.0,1.51,181.0,1,1,96.33,14.0,0.0,0.0,0.0,0.0,0.0,0.0,0.0,451.0,,-,8.0,1.0,🟢  Plat/Sprint,0
2021-02-11,2021,tour-cycliste-international-la-provence,stage,1.0,Team Total Direct Energie,0,2.Pro,,,0.0,,,,,,,0.0,5.0,5.0,0.0,0.0,1.0,182.45,182.0,0.0,0.0,0.165,0.0,140.0,0.0,35.1,7.23,0.0,0.0,0.0,0.165,0.0,2522.0,2690.0,743.0,5.0,3.0,2.0,3.0,0.0,0.0,0.8386,0.8386,0.7475,0.0,0.0,-0.2,-0.53,-0.06,32.0,0.2,836.0,0,1,96.33,20.0,0.0,0.0,0.0,0.0,0.0,0.0,0.0,598.0,,Sprint of large group,3.2,2.0,⛰️  Moy. montagne,0
2021-02-12,2021,tour-cycliste-international-la-provence,stage,2.0,Team Total Direct Energie,0,2.Pro,,,0.0,,,,,,,0.0,5.0,5.0,0.0,0.0,2.0,175.46,174.0,0.333,0.0,0.23,0.0,138.0,0.276,35.5,1.4,0.0,0.0,0.0,0.242,0.0,2341.0,2090.0,593.0,159.0,3.0,5.0,1.0,0.0,0.0,0.9999,0.8965,0.802,0.0,0.0,4.0,3.27,2.02,101.0,0.34,704.0,0,1,96.33,20.0,0.0,0.0,0.0,0.0,0.0,0.0,0.0,598.0,,Sprint of large group,3.2,2.0,⛰️  Moy. montagne,0
2021-02-13,2021,tour-cycliste-international-la-provence,stage,3.0,Team Total Direct Energie,0,2.Pro,,,0.0,,,,,,,0.0,5.0,5.0,0.0,0.0,3.0,153.92,150.0,4.21,0.0,0.0,0.0,139.0,0.0,11.2,3.94,0.0,0.0,0.0,0.0,0.0,2664.0,1282.0,1419.0,37.0,0.0,1.0,2.0,0.0,1.0,0.9997,0.9997,0.9997,0.9997,0.9997,6.5,8.33,8.86,531.0,0.18,244.0,0,1,96.33,20.0,0.0,0.0,0.0,0.0,0.0,0.0,0.0,598.0,,5 km solo,0.0,3.0,🏔️  Haute montagne,1
2021-02-14,2021,clasica-de-almeria,result,,Team Total Direct Energie,1,1.Pro,FIN,68.0,0.0,,,,,,,20.0,20.0,0.0,0.0,0.0,,186.44,165.0,4.66,0.0,2.33,0.0,156.0,3.32,10.5,1.11,14.2,0.0,14.4,0.344,0.441,1636.0,1676.0,526.0,-2.0,1.0,0.0,2.0,0.0,0.0,0.7397,0.5118,0.5118,0.0,0.0,0.2,-0.1,0.0,10.0,0.72,548.0,0,1,96.33,200.0,0.0,0.0,0.0,0.0,0.0,0.0,0.0,303.0,,Sprint of large group,3.2,2.0,⛰️  Moy. montagne,0
2021-02-14,2021,tour-cycliste-international-la-provence,stage,4.0,Team Total Direct Energie,0,2.Pro,,,0.0,,,,,,,0.0,5.0,5.0,0.0,0.0,4.0,162.73,162.0,0.39,0.0,0.0,0.0,133.0,2.14,24.8,2.72,0.0,0.0,0.0,0.0,0.0,1283.0,1225.0,308.0,6.0,3.0,3.0,0.0,0.0,0.0,0.909,0.797,0.0,0.0,0.0,-0.2,-0.47,-0.38,32.0,0.11,397.0,0,1,96.33,20.0,0.0,0.0,0.0,0.0,0.0,0.0,0.0,598.0,,-,8.0,1.0,🟢  Plat/Sprint,0
2021-02-19,2021,tour-des-alpes-maritimes,stage,1.0,Team Total Direct Energie,1,2.1,FIN,80.0,0.0,,,,,,,0.0,3.0,3.0,0.0,0.0,1.0,187.76,186.0,0.0,0.0,0.182,0.0,153.0,0.286,17.2,15.7,1.02,0.217,0.771,0.0,0.182,3648.0,3020.0,746.0,12.0,2.0,3.0,2.0,2.0,0.0,0.9999,0.9999,0.9999,0.8567,0.0,6.3,2.4,2.68,142.0,0.6,887.0,1,2,282.77,14.0,0.0,0.0,0.0,0.0,0.0,0.0,0.0,522.0,,Sprint of large group,0.0,3.0,🏔️  Haute montagne,1
2021-02-20,2021,tour-des-alpes-maritimes,stage,2.0,Team Total Direct Energie,1,2.1,DNF,,0.0,,,,,,,0.0,3.0,3.0,0.0,0.0,2.0,167.75,163.0,4.25,0.0,0.0,0.0,160.0,2.12,5.79,0.0,0.0,0.0,0.0,0.0,0.0,3081.0,2987.0,806.0,70.0,8.0,4.0,0.0,1.0,0.0,0.9996,0.9996,0.5232,0.5232,0.0,10.1,4.27,3.16,179.0,-0.19,779.0,1,3,470.53,14.0,0.0,0.0,0.0,0.0,0.0,0.0,0.0,522.0,,0.5 km solo,0.0,3.0,🏔️  Haute montagne,1
2021-02-21,2021,tour-des-alpes-maritimes,stage,3.0,Team Total Direct Energie,0,2.1,,,0.0,,,,,,,0.0,3.0,3.0,0.0,0.0,3.0,131.31,131.0,0.0,0.0,0.0,0.0,120.0,2.13,6.82,1.65,0.375,0.0,0.0,0.0,0.0,3575.0,3648.0,1000.0,101.0,0.0,1.0,3.0,0.0,2.0,0.9613,0.9613,0.8275,0.8275,0.8275,-1.5,-2.17,-3.58,0.0,0.42,1386.0,1,4,638.28,14.0,0.0,0.0,0.0,0.0,0.0,0.0,0.0,522.0,,-,4.0,2.0,⛰️  Moy. montagne,0
2021-02-27,2021,faun-ardeche-classic,result,,Team Total Direct Energie,0,1.Pro,,,0.0,,,,,,,3.0,3.0,0.0,0.0,0.0,,171.38,160.0,10.1,0.0,0.0,0.0,125.0,0.0,31.6,13.4,0.464,0.0,0.144,0.141,0.0,3123.0,3192.0,685.0,105.0,2.0,4.0,3.0,0.0,0.0,0.9592,0.9592,0.8725,0.0,0.0,0.1,-0.03,-2.94,7.0,-0.05,882.0,0,3,541.95,200.0,0.0,0.0,0.0,0.0,0.0,0.0,0.0,439.0,,Sprint à deux,4.0,2.0,⛰️  Moy. montagne,0
2021-02-27,2021,omloop-het-nieuwsblad,result,,Team Total Direct Energie,0,1.UWT,,,0.0,,,,,,,20.0,20.0,0.0,0.0,0.0,,200.49,95.5,82.5,20.5,0.0,0.0,64.5,40.8,2.67,81.8,2.17,0.186,2.38,0.174,0.0,1644.0,1644.0,106.0,6.0,4.0,0.0,0.0,0.0,0.0,0.926,0.0,0.0,0.0,0.0,-0.2,-0.67,-0.68,86.0,0.18,376.0,1,3,541.95,300.0,5.332,0.0,1.663,0.0,0.024,0.0,0.0,641.0,,Sprint of large group,8.0,1.0,🟢  Plat/Sprint,0
2021-02-28,2021,la-drome-classic,result,,Team Total Direct Energie,0,1.Pro,,,0.0,,,,,,,103.0,103.0,0.0,0.0,0.0,,178.49,148.0,30.6,0.0,0.0,0.0,146.0,9.72,18.9,3.79,0.0,0.0,0.0,0.112,0.0,2422.0,2482.0,516.0,111.0,4.0,2.0,1.0,0.0,0.0,0.9441,0.8205,0.7373,0.0,0.0,-0.4,-2.0,-0.52,117.0,0.04,457.0,0,3,541.95,200.0,0.0,0.0,0.0,0.0,0.0,0.0,0.0,441.0,,5.1 km solo,4.6,2.0,⛰️  Moy. montagne,0
2021-02-28,2021,kuurne-brussel-kuurne,result,,Team Total Direct Energie,0,1.Pro,,,0.0,,,,,,,150.0,150.0,0.0,0.0,0.0,,196.99,127.0,63.8,6.03,0.0,0.0,80.8,19.8,19.1,68.6,0.0,0.0,0.12,0.0,0.0,1693.0,1690.0,164.0,8.0,8.0,0.0,0.0,0.0,0.0,0.709,0.0,0.0,0.0,0.0,0.1,0.13,0.12,26.0,0.15,332.0,1,3,541.95,200.0,0.793,0.0,0.102,0.0,0.0,0.0,0.0,658.0,,Sprint of large group,4.0,1.0,🟢  Plat/Sprint,0
2021-03-02,2021,gp-samyn,result,,Team Total Direct Energie,0,1.1,,,0.0,,,,,,,3.0,3.0,0.0,0.0,0.0,,204.4,144.0,44.5,14.7,0.106,0.0,129.0,27.1,7.63,39.7,1.59,0.0,1.77,0.0,0.0,1427.0,1357.0,143.0,23.0,5.0,0.0,0.0,0.0,0.0,0.8837,0.0,0.0,0.0,0.0,0.8,1.3,0.92,130.0,0.08,327.0,0,3,541.95,125.0,7.287,0.0,2.017,0.0,1.035,0.0,0.0,294.0,,Sprint of large group,34.0,1.0,🟢  Plat/Sprint,0
2021-03-07,2021,grote-prijs-jean-pierre-monsere,result,,Team Total Direct Energie,0,1.1,,,0.0,,,,,,,0.0,0.0,0.0,0.0,0.0,,200.44,99.5,93.1,8.03,0.0,0.0,80.7,22.9,0.0,80.3,0.0,0.0,0.296,0.0,0.0,636.0,639.0,48.0,18.0,0.0,0.0,0.0,0.0,0.0,0.0,0.0,0.0,0.0,0.0,-0.1,-0.07,-0.14,31.0,-0.01,151.0,0,3,541.95,125.0,2.252,0.0,0.751,0.0,0.751,0.0,0.0,113.0,,Sprint of large group,34.6,1.0,🟢  Plat/Sprint,0
2021-03-07,2021,paris-nice,stage,1.0,Team Total Direct Energie,0,2.UWT,,,0.0,,,,,,,0.0,30.0,30.0,0.0,0.0,1.0,165.97,165.0,0.0,0.489,0.0,0.0,88.5,0.111,63.3,13.5,0.479,0.0,0.479,0.0,0.0,1525.0,1492.0,181.0,50.0,6.0,0.0,0.0,0.0,0.0,0.9709,0.0,0.0,0.0,0.0,2.5,1.27,0.58,97.0,0.1,403.0,1,3,541.95,60.0,0.0,0.0,0.0,0.0,0.0,0.0,0.0,1044.0,,Sprint of large group,34.6,1.0,🟢  Plat/Sprint,0
2021-03-08,2021,paris-nice,stage,2.0,Team Total Direct Energie,0,2.UWT,,,0.0,,,,,,,0.0,30.0,30.0,0.0,0.0,2.0,188.02,185.0,1.75,0.0,0.0,0.0,124.0,1.3,59.2,2.33,0.924,0.0,0.924,0.0,0.0,1016.0,951.0,185.0,41.0,2.0,0.0,0.0,0.0,0.0,0.1983,0.0,0.0,0.0,0.0,-0.7,0.47,0.0,48.0,0.25,490.0,1,3,541.95,60.0,0.0,0.0,0.0,0.0,0.0,0.0,0.0,1044.0,,Sprint of large group,34.6,1.0,🟢  Plat/Sprint,0
2021-03-09,2021,paris-nice,stage,3.0,Team Total Direct Energie,0,2.UWT,,,0.0,,,,,,,0.0,30.0,30.0,0.0,0.0,3.0,14.38,9.41,4.96,0.0,0.0,0.0,9.72,3.15,0.0,1.06,0.0,0.0,0.0,0.415,0.0,102.0,87.0,181.0,126.0,0.0,0.0,0.0,0.0,0.0,0.0,0.0,0.0,0.0,0.0,2.1,-0.37,-0.3,40.0,0.1,102.0,1,3,541.95,60.0,0.0,0.0,0.0,0.0,0.0,0.0,0.0,1044.0,,Time trial,30.6,1.0,🟢  Plat/Sprint,0
2021-03-10,2021,tirreno-adriatico,stage,1.0,Team Total Direct Energie,1,2.UWT,FIN,120.0,0.0,23.0,20.0,,,,,0.0,55.0,55.0,0.0,0.0,1.0,156.3,156.0,0.0,0.0,0.0,0.0,127.0,0.0,28.8,0.0,0.0,0.0,0.182,0.342,0.0,1031.0,1031.0,222.0,-1.0,0.0,3.0,0.0,0.0,0.0,0.5024,0.5024,0.0,0.0,0.0,0.0,0.0,0.0,23.0,0.03,573.0,0,3,541.95,60.0,0.0,0.0,0.0,0.0,0.0,0.0,0.0,1108.0,,Sprint of large group,0.6,1.0,🟢  Plat/Sprint,0
2021-03-11,2021,tirreno-adriatico,stage,2.0,Team Total Direct Energie,1,2.UWT,FIN,48.0,0.0,23.0,20.0,,,,,0.0,55.0,55.0,0.0,0.0,2.0,203.09,199.0,3.31,0.0,0.0,0.0,122.0,0.353,80.5,0.0,0.244,0.0,0.244,0.0,0.0,2366.0,1827.0,545.0,-2.0,3.0,2.0,2.0,0.0,0.0,0.9998,0.9998,0.9998,0.0,0.0,5.4,4.6,4.0,287.0,0.01,152.0,0,4,698.25,60.0,0.0,0.0,0.0,0.0,0.0,0.0,0.0,1108.0,,Sprint of large group,25.2,2.0,⛰️  Moy. montagne,0
2021-03-12,2021,tirreno-adriatico,stage,3.0,Team Total Direct Energie,1,2.UWT,FIN,41.0,0.0,23.0,20.0,,,,,0.0,55.0,55.0,0.0,0.0,3.0,219.46,218.0,1.08,0.0,0.0,0.117,192.0,1.04,26.4,0.0,0.0,0.117,0.0,0.0,0.0,3001.0,2770.0,640.0,158.0,4.0,5.0,1.0,0.0,0.0,0.9998,0.9998,0.6445,0.0,0.0,0.9,1.67,2.08,198.0,0.28,912.0,0,5,901.34,60.0,0.0,0.0,0.0,0.0,0.0,0.0,0.0,1108.0,,Sprint of large group,25.2,2.0,⛰️  Moy. montagne,0
2021-03-13,2021,tirreno-adriatico,stage,4.0,Team Total Direct Energie,1,2.UWT,FIN,25.0,0.0,23.0,20.0,,,,,0.0,55.0,55.0,0.0,0.0,4.0,147.96,146.0,1.45,0.0,0.0,0.0,38.9,0.389,106.0,1.41,0.785,0.103,1.0,0.217,0.0,3023.0,1791.0,1450.0,216.0,2.0,0.0,1.0,0.0,2.0,0.9994,0.9994,0.9994,0.9994,0.9994,6.3,6.93,7.02,345.0,0.41,562.0,0,6,1120.8,60.0,0.0,0.0,0.0,0.0,0.0,0.0,0.0,1108.0,,5 km solo,0.0,3.0,🏔️  Haute montagne,1
2021-03-14,2021,tirreno-adriatico,stage,5.0,Team Total Direct Energie,1,2.UWT,FIN,26.0,0.0,23.0,20.0,,,,,0.0,55.0,55.0,0.0,0.0,5.0,205.27,194.0,5.33,0.109,0.351,0.373,97.6,8.85,92.2,1.04,4.37,0.0,4.66,1.34,0.524,2544.0,2465.0,200.0,1.0,9.0,4.0,0.0,0.0,0.0,0.9997,0.8981,0.0,0.0,0.0,1.7,3.67,1.6,209.0,-0.17,78.0,0,7,1268.76,60.0,0.0,0.0,0.0,0.0,0.0,0.0,0.0,1108.0,,51.9 km solo,21.8,2.0,⛰️  Moy. montagne,0
2021-03-14,2021,paris-troyes,result,,Team Total Direct Energie,0,1.2,,,0.0,,,,,,,3.0,3.0,0.0,0.0,0.0,,182.68,181.0,0.711,0.0,1.04,0.0,171.0,0.672,7.83,2.28,0.0,0.0,0.0,1.04,0.0,2147.0,2152.0,249.0,96.0,8.0,0.0,0.0,0.0,0.0,0.8664,0.0,0.0,0.0,0.0,-0.9,-0.47,0.06,43.0,0.2,416.0,0,7,1268.76,40.0,0.0,0.0,0.0,0.0,0.0,0.0,0.0,63.0,,-,21.2,2.0,⛰️  Moy. montagne,0
2021-03-15,2021,tirreno-adriatico,stage,6.0,Team Total Direct Energie,1,2.UWT,FIN,62.0,0.0,23.0,20.0,,,,,0.0,55.0,55.0,0.0,0.0,6.0,169.08,166.0,1.73,0.524,0.0,0.0,126.0,2.73,33.4,4.03,0.994,0.0,1.3,2.49,0.0,1621.0,1911.0,314.0,1.0,7.0,4.0,0.0,0.0,0.0,0.9607,0.624,0.0,0.0,0.0,0.0,-0.03,-0.3,89.0,-0.13,441.0,0,8,1474.03,60.0,0.392,0.0,0.157,0.0,0.078,0.0,0.0,1108.0,,Sprint of small group,21.2,2.0,⛰️  Moy. montagne,0
2021-03-16,2021,tirreno-adriatico,stage,7.0,Team Total Direct Energie,1,2.UWT,FIN,119.0,0.0,23.0,20.0,,,,,0.0,55.0,55.0,0.0,0.0,7.0,10.09,3.7,4.52,0.0,0.0,0.0,3.3,0.24,0.0,4.12,1.77,0.0,2.11,0.86,0.0,8.0,7.0,4.0,2.0,0.0,0.0,0.0,0.0,0.0,0.0,0.0,0.0,0.0,0.0,0.2,0.03,0.02,8.0,0.01,8.0,0,9,1643.11,60.0,0.0,0.0,0.0,0.0,0.0,0.0,0.0,1108.0,,-,0.0,1.0,🟢  Plat/Sprint,0
2021-03-17,2021,nokere-koerse,result,,Team Total Direct Energie,0,1.Pro,,,0.0,,,,,,,150.0,150.0,0.0,0.0,0.0,,193.53,109.0,66.5,17.2,0.226,0.0,99.3,19.1,3.87,57.6,1.32,0.0,1.32,0.0,0.226,1091.0,1047.0,79.0,8.0,0.0,0.0,0.0,0.0,0.0,0.0,0.0,0.0,0.0,0.0,-0.6,-0.1,-0.04,109.0,0.02,246.0,0,9,1466.76,200.0,6.041,0.0,2.754,0.0,2.411,0.0,0.0,233.0,,2 km solo,0.0,1.0,🟢  Plat/Sprint,0
2021-03-19,2021,bredene-koksijde-classic,result,,Team Total Direct Energie,0,1.Pro,,,0.0,,,,,,,0.0,0.0,0.0,0.0,0.0,,199.86,137.0,59.5,2.63,0.602,0.0,104.0,9.54,2.81,50.8,0.0,0.0,0.569,0.325,0.355,749.0,745.0,150.0,-3.0,2.0,0.0,0.0,0.0,0.0,0.5035,0.0,0.0,0.0,0.0,0.1,0.1,0.06,12.0,0.0,23.0,0,9,1466.76,200.0,0.325,0.0,0.0,0.0,0.0,0.0,0.0,272.0,,Sprint of small group,30.0,1.0,🟢  Plat/Sprint,0
2021-03-20,2021,milano-sanremo,result,,Team Total Direct Energie,0,1.UWT,,,0.0,,,,,,,105.0,105.0,0.0,0.0,0.0,,299.03,292.0,4.21,1.12,0.0,0.0,63.5,1.93,230.0,1.87,1.13,0.229,1.14,0.491,0.0,2020.0,2115.0,520.0,3.0,4.0,1.0,1.0,0.0,0.0,0.9703,0.9026,0.4274,0.0,0.0,-0.4,-1.13,-2.5,5.0,-0.03,65.0,1,9,1466.76,500.0,0.0,0.0,0.0,0.0,0.0,0.0,0.0,1083.0,,Sprint à deux,0.6,2.0,⛰️  Moy. montagne,0
2021-03-24,2021,classic-brugge-de-panne,result,,Team Total Direct Energie,0,1.UWT,,,0.0,,,,,,,40.0,40.0,0.0,0.0,0.0,,202.53,138.0,58.2,4.36,0.177,0.0,70.2,38.4,10.0,61.8,1.65,0.0,1.88,0.0,0.177,221.0,227.0,35.0,-3.0,0.0,0.0,0.0,0.0,0.0,0.0,0.0,0.0,0.0,0.0,-0.1,0.03,0.02,20.0,-0.02,53.0,0,7,1111.25,300.0,1.419,0.006,0.101,0.0,0.101,0.0,0.0,482.0,,Sprint of large group,30.0,1.0,🟢  Plat/Sprint,0
2021-03-26,2021,e3-harelbeke,result,,Team Total Direct Energie,0,1.UWT,,,0.0,,,,,,,64.0,64.0,0.0,0.0,0.0,,203.98,120.0,68.7,14.8,0.0,0.0,86.1,25.9,11.6,68.2,0.439,0.0,0.516,0.119,0.0,1985.0,1987.0,159.0,9.0,8.0,0.0,0.0,0.0,0.0,0.8646,0.0,0.0,0.0,0.0,0.0,-0.1,-0.02,12.0,0.12,334.0,1,7,1111.25,400.0,4.196,0.022,0.36,0.0,0.0,0.0,0.0,702.0,,5 km solo,38.0,1.0,🟢  Plat/Sprint,0
2021-03-28,2021,cholet-pays-de-loire,result,,Team Total Direct Energie,0,1.1,,,0.0,,,,,,,8.0,8.0,0.0,0.0,0.0,,202.14,168.0,28.9,0.0,0.294,0.0,157.0,24.8,1.1,13.9,5.02,0.405,5.66,0.315,0.294,1711.0,1773.0,210.0,53.0,2.0,0.0,0.0,0.0,0.0,0.4979,0.0,0.0,0.0,0.0,0.8,-0.17,-0.1,84.0,0.13,434.0,0,7,1111.25,125.0,0.0,0.0,0.0,0.0,0.0,0.0,0.0,163.0,,Sprint of large group,50.8,1.0,🟢  Plat/Sprint,0
2021-03-28,2021,gent-wevelgem,result,,Team Total Direct Energie,0,1.UWT,,,0.0,,,,,,,136.0,136.0,0.0,0.0,0.0,,250.67,163.0,75.9,5.02,4.15,0.0,119.0,3.95,5.91,105.0,2.46,0.0,2.92,4.13,0.0,1405.0,1408.0,154.0,-3.0,4.0,0.0,0.0,0.0,0.0,0.8494,0.0,0.0,0.0,0.0,0.0,0.0,0.0,15.0,0.01,193.0,1,7,1111.25,500.0,1.57,0.0,0.0,0.0,0.0,0.0,0.0,692.0,,Sprint of small group,52.4,1.0,🟢  Plat/Sprint,0
2021-03-31,2021,dwars-door-vlaanderen,result,,Team Total Direct Energie,0,1.UWT,,,0.0,,,,,,,83.0,83.0,0.0,0.0,0.0,,183.92,114.0,59.8,7.2,0.0,0.0,76.3,14.6,2.0,72.6,2.7,0.0,2.91,0.0,0.0,1421.0,1431.0,163.0,7.0,4.0,0.0,0.0,0.0,0.0,0.8102,0.0,0.0,0.0,0.0,-0.46,-0.29,-0.03,57.0,-0.02,133.0,1,7,1111.25,300.0,3.576,0.022,1.578,0.0,1.195,0.0,0.0,811.0,,58 km solo,49.6,1.0,🟢  Plat/Sprint,0
2021-04-03,2021,gran-premio-miguel-indurain,result,,Team Total Direct Energie,1,1.Pro,FIN,34.0,3.0,,,,,,,33.0,33.0,0.0,0.0,0.0,,203.69,188.0,10.8,2.34,0.0,0.0,135.0,7.05,57.4,1.75,2.66,0.0,2.66,0.0,0.0,3445.0,3442.0,845.0,341.0,4.0,5.0,1.0,0.0,0.0,0.9528,0.9528,0.8068,0.0,0.0,-4.3,-2.17,-3.68,140.0,0.18,733.0,0,7,1111.25,200.0,0.728,0.0,0.284,0.0,0.284,0.0,0.015,365.0,,2.1 km solo,21.6,2.0,⛰️  Moy. montagne,0
2021-04-04,2021,la-roue-tourangelle,result,,Team Total Direct Energie,0,1.1,,,0.0,,,,,,,20.0,20.0,0.0,0.0,0.0,,203.6,169.0,33.6,0.751,0.0,0.0,180.0,14.1,5.5,3.56,0.2,0.0,0.348,0.0,0.0,1595.0,1600.0,134.0,30.0,2.0,0.0,0.0,0.0,0.0,0.7162,0.0,0.0,0.0,0.0,0.0,0.0,0.0,13.0,0.0,364.0,0,8,1314.94,125.0,0.515,0.0,0.0,0.0,0.0,0.0,0.0,188.0,,Sprint of large group,66.2,1.0,🟢  Plat/Sprint,0
2021-04-04,2021,ronde-van-vlaanderen,result,,Team Total Direct Energie,0,1.UWT,,,0.0,,,,,,,135.0,135.0,0.0,0.0,0.0,,254.15,130.0,103.0,20.7,0.21,0.0,100.0,29.8,12.2,97.1,0.834,0.0,1.17,0.248,0.0,2190.0,2186.0,165.0,0.0,4.0,2.0,0.0,0.0,0.0,0.9381,0.8907,0.0,0.0,0.0,0.0,-0.13,-0.02,33.0,-0.01,78.0,1,8,1314.94,500.0,5.632,0.0,1.839,0.0,0.0,0.0,0.0,872.0,,Sprint à deux,62.2,1.0,🟢  Plat/Sprint,0
2021-04-05,2021,itzulia-basque-country,stage,1.0,Team Total Direct Energie,1,2.UWT,FIN,101.0,0.0,35.0,8.0,,,,,0.0,28.0,28.0,0.0,0.0,1.0,13.93,13.6,0.123,0.124,0.0,0.0,8.19,1.98,2.69,0.392,0.0,0.0,0.0,0.615,0.0,231.0,262.0,258.0,4.0,0.0,1.0,0.0,0.0,0.0,0.2739,0.2739,0.0,0.0,0.0,5.2,1.3,-0.66,54.0,-0.22,231.0,0,8,1314.94,50.0,0.0,0.0,0.0,0.0,0.0,0.0,0.0,932.0,,Time trial,76.4,1.0,🟢  Plat/Sprint,0
2021-04-06,2021,itzulia-basque-country,stage,2.0,Team Total Direct Energie,1,2.UWT,FIN,68.0,0.0,35.0,8.0,,,,,0.0,28.0,28.0,0.0,0.0,2.0,154.03,148.0,4.69,0.201,0.0,0.0,116.0,3.21,28.9,4.82,0.773,0.0,0.877,0.475,0.0,2518.0,2553.0,492.0,4.0,1.0,4.0,2.0,0.0,0.0,0.8911,0.8911,0.8911,0.0,0.0,5.8,1.63,-1.1,63.0,-0.12,664.0,0,9,1328.87,50.0,0.0,0.0,0.0,0.0,0.0,0.0,0.0,932.0,,10 km solo,28.2,2.0,⛰️  Moy. montagne,0
2021-04-07,2021,scheldeprijs,result,,Team Total Direct Energie,0,1.Pro,,,0.0,,,,,,,38.0,38.0,0.0,0.0,0.0,,193.51,73.0,94.7,8.15,0.935,0.0,55.2,9.29,4.18,80.7,16.8,0.0,17.7,1.27,5.45,350.0,345.0,33.0,-2.0,0.0,0.0,0.0,0.0,0.0,0.0,0.0,0.0,0.0,0.0,0.2,0.13,0.0,44.0,-0.0,32.0,0,10,1482.9,200.0,5.851,0.0,2.076,0.0,1.472,0.0,0.0,489.0,,Sprint of large group,74.8,1.0,🟢  Plat/Sprint,0
2021-04-07,2021,itzulia-basque-country,stage,3.0,Team Total Direct Energie,1,2.UWT,FIN,34.0,0.0,35.0,8.0,,,,,0.0,28.0,28.0,0.0,0.0,3.0,167.65,161.0,5.51,0.0,0.0,0.271,137.0,2.74,23.9,0.371,0.438,0.0,0.438,3.17,0.0,2591.0,2345.0,746.0,123.0,5.0,3.0,2.0,0.0,0.0,0.9982,0.9982,0.9982,0.0,0.0,4.9,10.33,7.14,352.0,0.49,729.0,0,10,1482.9,50.0,0.0,0.0,0.0,0.0,0.0,0.0,0.0,932.0,,Sprint à deux,0.0,3.0,🏔️  Haute montagne,1
2021-04-08,2021,itzulia-basque-country,stage,4.0,Team Total Direct Energie,1,2.UWT,FIN,38.0,0.0,35.0,8.0,,,,,0.0,28.0,28.0,0.0,0.0,4.0,190.41,184.0,0.844,0.0,0.0,0.0,144.0,6.33,32.5,1.18,5.03,0.0,5.2,1.27,0.0,2646.0,3154.0,600.0,2.0,3.0,1.0,3.0,0.0,0.0,0.881,0.881,0.881,0.0,0.0,0.3,0.13,-0.26,4.0,-0.59,329.0,0,11,1650.5500000000002,50.0,0.0,0.0,0.0,0.0,0.0,0.0,0.0,932.0,,Sprint of small group,27.6,2.0,⛰️  Moy. montagne,0
2021-04-09,2021,itzulia-basque-country,stage,5.0,Team Total Direct Energie,1,2.UWT,FIN,80.0,0.0,35.0,8.0,,,,,0.0,28.0,28.0,0.0,0.0,5.0,159.42,152.0,1.44,0.545,3.94,0.0,63.5,5.2,88.2,1.73,0.382,0.242,1.29,0.175,0.0,2256.0,2254.0,363.0,1.0,2.0,3.0,1.0,0.0,0.0,0.8056,0.8056,0.6727,0.0,0.0,-1.7,-0.47,-0.9,74.0,0.03,470.0,0,12,1840.9600000000005,50.0,0.007,0.0,0.0,0.0,0.0,0.0,0.0,932.0,,Sprint à deux,27.6,2.0,⛰️  Moy. montagne,0
2021-04-10,2021,itzulia-basque-country,stage,6.0,Team Total Direct Energie,1,2.UWT,FIN,34.0,0.0,35.0,8.0,,,,,0.0,28.0,28.0,0.0,0.0,6.0,111.69,109.0,2.55,0.0,0.0,0.0,81.6,5.12,24.2,0.947,0.0,0.0,0.0,0.0,0.0,3278.0,2756.0,679.0,13.0,1.0,2.0,3.0,1.0,0.0,0.9916,0.9916,0.9916,0.4093,0.0,-4.3,0.67,4.38,277.0,0.41,1636.0,0,12,1844.08,50.0,0.0,0.0,0.0,0.0,0.0,0.0,0.0,932.0,,-,27.6,2.0,⛰️  Moy. montagne,0
2021-04-14,2021,brabantse-pijl,result,,Team Total Direct Energie,0,1.Pro,,,0.0,,,,,,,3.0,3.0,0.0,0.0,0.0,,201.98,134.0,64.4,3.47,0.0,0.0,79.3,20.9,11.7,85.0,0.681,0.0,0.681,0.782,0.0,2135.0,2063.0,148.0,24.0,2.0,0.0,0.0,0.0,0.0,0.4869,0.0,0.0,0.0,0.0,3.4,1.93,1.18,176.0,0.2,436.0,1,9,1179.99,200.0,0.802,0.0,0.385,0.0,0.059,0.0,0.0,565.0,,Sprint of small group,55.2,1.0,🟢  Plat/Sprint,0
2021-04-25,2021,liege-bastogne-liege,result,,Team Total Direct Energie,0,1.UWT,,,0.0,,,,,,,10.0,10.0,0.0,0.0,0.0,,259.05,249.0,8.66,0.479,0.0,0.0,181.0,5.84,61.3,10.3,0.818,0.0,0.971,0.137,0.0,4266.0,4289.0,568.0,63.0,7.0,9.0,1.0,0.0,0.0,0.9554,0.9554,0.7584,0.0,0.0,-0.3,-2.47,-3.28,3.0,0.23,708.0,0,7,1000.82,500.0,0.0,0.0,0.0,0.0,0.0,0.0,0.0,1142.0,,Sprint of small group,6.6,2.0,⛰️  Moy. montagne,0
2021-04-30,2021,vuelta-asturias,stage,1.0,Team Total Direct Energie,0,2.1,,,0.0,,,,,,,3.0,150.0,130.0,0.0,0.0,1.0,185.59,185.0,0.751,0.0,0.0,0.0,155.0,4.72,25.5,0.632,0.0,0.0,0.0,0.0,0.0,3169.0,3038.0,831.0,2.0,1.0,4.0,2.0,0.0,1.0,0.9517,0.9517,0.768,0.5749,0.5749,0.6,0.73,-2.02,38.0,-0.04,564.0,0,7,1000.82,14.0,0.0,0.0,0.0,0.0,0.0,0.0,0.0,92.0,,? km solo,2.0,2.0,⛰️  Moy. montagne,0
2021-05-01,2021,vuelta-asturias,stage,2.0,Team Total Direct Energie,0,2.1,,,0.0,,,,,,,0.0,150.0,130.0,0.0,0.0,2.0,200.73,189.0,11.3,0.0,0.0,0.0,93.9,1.81,105.0,0.0,0.33,0.0,0.33,0.0,0.0,4231.0,3848.0,1177.0,2.0,6.0,4.0,2.0,0.0,1.0,0.8983,0.8983,0.8983,0.8983,0.8983,-7.7,-7.3,-5.36,35.0,0.02,772.0,0,7,1000.82,14.0,0.0,0.0,0.0,0.0,0.0,0.0,0.0,92.0,,Sprint of small group,2.6,2.0,⛰️  Moy. montagne,0
2021-05-02,2021,tour-of-rwanda,stage,1.0,Team Total Direct Energie,1,2.1,FIN,22.0,0.0,1.0,125.0,,,,,0.0,204.0,166.0,0.0,0.0,1.0,115.82,116.0,0.323,0.0,0.0,0.0,6.45,0.0,110.0,0.0,0.0,0.0,0.0,0.0,0.0,1266.0,1107.0,1687.0,1343.0,0.0,0.0,1.0,0.0,0.0,0.3485,0.3485,0.3485,0.0,0.0,2.2,1.0,-0.16,252.0,0.27,534.0,0,7,1000.82,14.0,0.0,0.0,0.0,0.0,0.0,0.0,0.0,39.0,,Sprint of large group,39.2,1.0,🟢  Plat/Sprint,0
2021-05-02,2021,vuelta-asturias,stage,3.0,Team Total Direct Energie,0,2.1,,,0.0,,,,,,,17.0,150.0,130.0,0.0,0.0,3.0,126.22,125.0,0.768,0.0,0.0,0.0,62.6,4.73,58.7,0.0,0.3,0.0,0.3,0.0,0.0,2004.0,1766.0,590.0,24.0,2.0,3.0,1.0,0.0,0.0,0.9995,0.9995,0.9995,0.0,0.0,7.0,7.67,6.76,332.0,-0.56,383.0,0,7,1000.82,14.0,0.0,0.0,0.0,0.0,0.0,0.0,0.0,92.0,,-,0.0,3.0,🏔️  Haute montagne,1
2021-05-03,2021,tour-of-rwanda,stage,2.0,Team Total Direct Energie,1,2.1,FIN,23.0,0.0,1.0,125.0,,,,,0.0,204.0,166.0,0.0,0.0,2.0,120.61,17.0,104.0,0.0,0.101,0.0,0.0,1.88,119.0,0.0,0.25,0.0,0.25,0.0,0.101,2064.0,1686.0,1907.0,1356.0,5.0,1.0,1.0,0.0,0.0,0.9985,0.3408,0.3408,0.0,0.0,1.0,2.93,1.48,323.0,0.89,1145.0,0,8,1116.64,14.0,0.0,0.0,0.0,0.0,0.0,0.0,0.0,39.0,,1 km solo,2.6,2.0,⛰️  Moy. montagne,0
2021-05-04,2021,tour-of-rwanda,stage,3.0,Team Total Direct Energie,1,2.1,FIN,9.0,0.0,1.0,125.0,,,,,0.0,204.0,166.0,0.0,0.0,3.0,169.71,39.7,129.0,0.0,0.0,0.0,0.0,1.47,168.0,0.0,0.694,0.0,0.753,0.0,0.0,3376.0,2913.0,2293.0,1356.0,2.0,3.0,1.0,0.0,1.0,0.9997,0.9997,0.8494,0.8494,0.8494,5.2,3.23,3.98,285.0,-0.32,682.0,0,8,1033.56,14.0,0.0,0.0,0.0,0.0,0.0,0.0,0.0,39.0,,Sprint of small group,3.4,3.0,🏔️  Haute montagne,1
2021-05-05,2021,tour-of-rwanda,stage,4.0,Team Total Direct Energie,1,2.1,FIN,16.0,0.0,1.0,125.0,,,,,14.0,204.0,166.0,0.0,0.0,4.0,123.66,27.2,96.4,0.0,0.0,0.0,23.5,0.0,100.0,0.0,0.395,0.0,0.395,0.0,0.0,2382.0,1934.0,2168.0,1367.0,2.0,1.0,1.0,0.0,1.0,0.9985,0.9985,0.813,0.4451,0.4451,4.6,5.17,3.36,232.0,1.14,1094.0,0,9,1203.27,14.0,0.0,0.0,0.0,0.0,0.0,0.0,0.0,39.0,,Sprint à deux,3.4,3.0,🏔️  Haute montagne,1
2021-05-06,2021,tour-of-rwanda,stage,5.0,Team Total Direct Energie,1,2.1,FIN,4.0,0.0,1.0,125.0,,,,,5.0,204.0,166.0,0.0,0.0,5.0,151.13,75.5,75.8,0.0,0.0,0.0,1.67,0.0,150.0,0.0,0.0,0.0,0.0,0.0,0.0,1634.0,1495.0,1686.0,1346.0,5.0,1.0,1.0,0.0,0.0,0.9991,0.9991,0.7152,0.0,0.0,7.5,4.23,2.8,248.0,0.03,497.0,0,9,1313.0,14.0,0.0,0.0,0.0,0.0,0.0,0.0,0.0,39.0,,Sprint à deux,6.2,3.0,🏔️  Haute montagne,1
2021-05-07,2021,tour-of-rwanda,stage,6.0,Team Total Direct Energie,1,2.1,FIN,5.0,0.0,1.0,125.0,,,,,5.0,204.0,166.0,0.0,0.0,6.0,149.89,99.1,50.3,0.0,0.0,0.0,5.24,3.25,141.0,0.0,0.317,0.0,0.317,0.0,0.0,2837.0,2460.0,2293.0,1359.0,0.0,1.0,2.0,0.0,1.0,0.9997,0.9997,0.9997,0.51,0.51,13.2,8.33,6.72,422.0,1.55,976.0,0,9,1310.1,14.0,0.0,0.0,0.0,0.0,0.0,0.0,0.0,39.0,,37 km solo,7.2,3.0,🏔️  Haute montagne,1
2021-05-08,2021,tour-of-rwanda,stage,7.0,Team Total Direct Energie,1,2.1,FIN,6.0,0.0,1.0,125.0,,,,,0.0,204.0,166.0,0.0,0.0,7.0,4.54,1.72,2.44,0.0,0.0,0.0,4.17,0.0,0.0,0.0,0.379,0.0,0.379,0.0,0.0,108.0,119.0,1593.0,1474.0,0.0,0.0,0.0,0.0,0.0,0.0,0.0,0.0,0.0,0.0,3.5,-2.33,-0.24,108.0,-0.24,108.0,0,9,1292.3399999999997,14.0,0.0,0.0,0.0,0.0,0.0,0.0,0.0,39.0,,Time trial,35.2,1.0,🟢  Plat/Sprint,0
2021-05-09,2021,tour-of-rwanda,stage,8.0,Team Total Direct Energie,1,2.1,FIN,1.0,14.0,1.0,125.0,,,,,14.0,204.0,166.0,0.0,0.0,8.0,75.82,29.0,43.7,2.91,0.0,0.0,50.8,15.1,9.8,0.0,1.14,0.0,1.14,0.0,0.0,1809.0,1471.0,1747.0,1376.0,3.0,3.0,1.0,0.0,0.0,0.9995,0.9995,0.9995,0.0,0.0,8.8,7.83,6.62,396.0,0.19,1088.0,0,9,1106.47,14.0,2.337,0.0,0.801,0.0,0.735,0.0,1.0,39.0,,-,8.2,3.0,🏔️  Haute montagne,1
2021-05-16,2021,tro-bro-leon,result,,Team Total Direct Energie,0,1.Pro,,,0.0,,,,,,,13.0,13.0,0.0,0.0,0.0,,212.1,150.0,40.8,0.16,17.5,1.07,167.0,4.35,8.27,9.49,1.58,0.167,1.79,21.2,0.147,1743.0,1721.0,173.0,2.0,2.0,1.0,0.0,0.0,0.0,0.3554,0.2928,0.0,0.0,0.0,0.7,0.03,0.02,43.0,0.14,371.0,0,8,911.18,200.0,0.0,2.883,0.0,0.915,0.0,0.0,0.0,163.0,,Sprint of small group,8.2,1.0,🟢  Plat/Sprint,0
2021-05-22,2021,tour-du-finistere,result,,Team Total Direct Energie,0,1.1,,,0.0,,,,,,,111.0,111.0,0.0,0.0,0.0,,194.14,167.0,26.5,0.127,0.0,0.0,171.0,3.84,6.92,11.8,0.0,0.0,0.0,0.238,0.0,2802.0,2792.0,235.0,7.0,6.0,3.0,0.0,0.0,0.0,0.9771,0.6508,0.0,0.0,0.0,5.1,0.87,-0.36,111.0,0.28,659.0,0,8,911.18,125.0,0.0,0.0,0.0,0.0,0.0,0.0,0.0,118.0,,Sprint of small group,2.6,2.0,⛰️  Moy. montagne,0
2021-05-24,2021,mercan-tour-classic-alpes-maritimes,result,,Team Total Direct Energie,1,1.1,FIN,22.0,3.0,,,,,,,41.0,41.0,0.0,0.0,0.0,,149.87,148.0,0.678,0.0,0.0,0.0,138.0,0.0,5.14,5.59,1.11,0.0,0.0,0.0,0.0,4394.0,3220.0,1679.0,147.0,0.0,1.0,0.0,0.0,3.0,0.9961,0.9961,0.9961,0.9961,0.9961,0.4,5.1,5.9,291.0,-0.01,849.0,0,8,911.18,125.0,0.0,0.0,0.0,0.0,0.0,0.0,0.024,144.0,,6 km solo,7.6,3.0,🏔️  Haute montagne,1
2021-05-27,2021,boucles-de-la-mayenne,stage,1.0,Team Total Direct Energie,0,2.Pro,,,0.0,,,,,,,0.0,70.0,60.0,0.0,0.0,1.0,174.04,161.0,12.4,0.0,0.0,0.0,165.0,5.39,3.07,0.462,0.0,0.0,0.994,0.0,0.0,1748.0,1744.0,242.0,51.0,0.0,1.0,0.0,0.0,0.0,0.4618,0.4618,0.0,0.0,0.0,2.1,0.17,0.2,62.0,-0.0,530.0,0,9,1061.05,20.0,0.0,0.0,0.0,0.0,0.0,0.0,0.0,214.0,,0.7 km solo,10.8,1.0,🟢  Plat/Sprint,0
2021-05-28,2021,boucles-de-la-mayenne,stage,2.0,Team Total Direct Energie,0,2.Pro,,,0.0,,,,,,,10.0,70.0,60.0,0.0,0.0,2.0,173.15,150.0,22.8,0.337,0.0,0.0,160.0,9.64,2.9,0.0,0.0,0.182,0.182,0.0,0.0,2180.0,2174.0,335.0,57.0,4.0,1.0,0.0,0.0,0.0,0.7268,0.7268,0.0,0.0,0.0,0.7,0.03,-0.26,46.0,0.04,508.0,0,9,1061.05,20.0,0.0,0.0,0.0,0.0,0.0,0.0,0.0,214.0,,Sprint of large group,24.8,2.0,⛰️  Moy. montagne,0
2021-05-29,2021,boucles-de-la-mayenne,stage,3.0,Team Total Direct Energie,0,2.Pro,,,0.0,,,,,,,0.0,70.0,60.0,0.0,0.0,3.0,181.47,145.0,35.8,0.0,0.0,0.0,177.0,2.12,0.488,1.52,0.596,0.0,0.6,0.0,0.0,1668.0,1708.0,109.0,27.0,0.0,0.0,0.0,0.0,0.0,0.0,0.0,0.0,0.0,0.0,0.0,0.17,-0.1,90.0,-0.06,496.0,0,9,1061.05,20.0,0.0,0.0,0.0,0.0,0.0,0.0,0.0,214.0,,Sprint of large group,3.2,1.0,🟢  Plat/Sprint,0
2021-05-30,2021,boucles-de-la-mayenne,stage,4.0,Team Total Direct Energie,0,2.Pro,,,0.0,,,,,,,0.0,70.0,60.0,0.0,0.0,4.0,180.53,162.0,18.7,0.0,0.0,0.0,168.0,5.4,3.61,4.04,0.0,0.0,0.0,0.0,0.0,1789.0,1826.0,200.0,45.0,3.0,0.0,0.0,0.0,0.0,0.5011,0.0,0.0,0.0,0.0,1.1,-0.5,0.2,114.0,0.13,407.0,0,9,1061.05,20.0,0.0,0.0,0.0,0.0,0.0,0.0,0.0,214.0,,Sprint of large group,2.6,1.0,🟢  Plat/Sprint,0
2021-06-04,2021,gp-du-canton-d-argovie,result,,Team Total Direct Energie,0,1.1,,,0.0,,,,,,,23.0,23.0,0.0,0.0,0.0,,173.62,104.0,66.4,0.0,3.8,0.0,134.0,0.845,24.4,5.12,0.0,0.0,5.5,3.72,0.168,2882.0,2885.0,600.0,313.0,0.0,9.0,0.0,0.0,0.0,0.93,0.93,0.0,0.0,0.0,2.0,0.57,-0.18,64.0,0.1,858.0,1,6,654.91,125.0,0.0,0.0,0.0,0.0,0.0,0.0,0.0,256.0,,Sprint of small group,24.8,2.0,⛰️  Moy. montagne,0
2021-06-05,2021,dwars-door-het-hageland,result,,Team Total Direct Energie,0,1.Pro,,,0.0,,,,,,,53.0,53.0,0.0,0.0,0.0,,177.06,61.2,75.0,3.31,10.2,26.5,30.4,19.2,1.04,66.9,0.812,0.0,0.998,37.5,0.106,1056.0,1018.0,71.0,9.0,0.0,0.0,0.0,0.0,0.0,0.0,0.0,0.0,0.0,0.0,2.9,0.33,0.6,80.0,0.03,225.0,0,5,531.25,200.0,2.268,11.462,0.687,5.51,0.687,3.856,0.0,170.0,,Sprint of small group,2.6,1.0,🟢  Plat/Sprint,0
2021-06-06,2021,circuit-des-xi-villes,result,,Team Total Direct Energie,0,1.1,,,0.0,,,,,,,0.0,0.0,0.0,0.0,0.0,,192.88,105.0,70.1,16.8,0.322,0.0,92.9,18.5,3.85,63.1,0.0,0.184,0.802,0.709,0.0,264.0,265.0,45.0,0.0,0.0,0.0,0.0,0.0,0.0,0.0,0.0,0.0,0.0,0.0,0.0,-0.03,0.0,14.0,0.02,124.0,0,4,380.12,125.0,7.868,0.0,2.784,0.0,2.025,0.0,0.0,231.0,,Sprint of large group,13.2,1.0,🟢  Plat/Sprint,0
2021-06-06,2021,tour-de-suisse,stage,1.0,Team Total Direct Energie,0,2.UWT,,,0.0,,,,,,,0.0,90.0,90.0,0.0,0.0,1.0,10.83,10.3,0.657,0.0,0.0,0.0,3.67,0.551,0.142,4.81,0.0,0.0,0.355,1.44,0.0,36.0,35.0,405.0,390.0,0.0,0.0,0.0,0.0,0.0,0.0,0.0,0.0,0.0,0.0,0.4,0.07,0.08,36.0,0.01,36.0,1,4,380.12,60.0,0.0,0.0,0.0,0.0,0.0,0.0,0.0,668.0,,Time trial,10.6,1.0,🟢  Plat/Sprint,0
2021-06-07,2021,tour-de-suisse,stage,2.0,Team Total Direct Energie,0,2.UWT,,,0.0,,,,,,,0.0,90.0,90.0,0.0,0.0,2.0,177.57,173.0,4.41,0.0,0.528,0.0,97.1,5.23,41.0,28.0,0.0,0.0,0.177,1.56,0.0,2392.0,2402.0,971.0,399.0,4.0,2.0,2.0,0.0,0.0,0.9376,0.9376,0.7137,0.0,0.0,0.1,-0.2,-1.6,71.0,0.06,470.0,1,3,230.23,60.0,0.0,0.0,0.0,0.0,0.0,0.0,0.0,668.0,,Sprint of small group,28.8,2.0,⛰️  Moy. montagne,0
2021-06-08,2021,tour-de-suisse,stage,3.0,Team Total Direct Energie,0,2.UWT,,,0.0,,,,,,,0.0,90.0,90.0,0.0,0.0,3.0,181.79,163.0,17.9,0.0,0.0,0.0,118.0,1.58,25.4,36.3,0.0,0.0,0.232,0.648,0.0,2492.0,2395.0,813.0,397.0,7.0,2.0,2.0,0.0,0.0,0.8845,0.8845,0.8845,0.0,0.0,1.5,0.63,0.38,126.0,0.19,789.0,1,2,225.69,60.0,0.0,0.0,0.0,0.0,0.0,0.0,0.0,668.0,,Sprint of large group,28.8,2.0,⛰️  Moy. montagne,0
2021-06-08,2021,cic-mont-ventoux,result,,Team Total Direct Energie,1,1.1,FIN,5.0,50.0,,,,,,,53.0,53.0,0.0,0.0,0.0,,153.03,151.0,2.09,0.0,0.0,0.0,107.0,0.0,6.17,39.5,0.353,0.0,0.353,0.0,0.0,4422.0,2745.0,1894.0,217.0,3.0,0.0,1.0,0.0,2.0,0.9998,0.9998,0.9998,0.9998,0.9998,9.9,8.7,8.0,443.0,0.42,1072.0,0,2,225.69,125.0,0.0,0.0,0.0,0.0,0.0,0.0,0.4,209.0,,12.5 km solo,15.8,3.0,🏔️  Haute montagne,1
2021-06-09,2021,tour-de-suisse,stage,4.0,Team Total Direct Energie,0,2.UWT,,,0.0,,,,,,,0.0,90.0,90.0,0.0,0.0,4.0,170.84,164.0,4.08,0.0,0.0,0.0,51.7,0.799,80.1,29.5,1.37,0.0,3.2,1.31,0.0,1940.0,1398.0,1283.0,461.0,2.0,0.0,1.0,0.0,1.0,0.955,0.955,0.955,0.955,0.955,1.0,-0.13,-1.94,113.0,0.68,601.0,1,2,302.9,60.0,0.0,0.0,0.0,0.0,0.0,0.0,0.0,668.0,,Sprint of small group,28.8,2.0,⛰️  Moy. montagne,0
2021-06-09,2021,tour-of-belgium,stage,1.0,Team Total Direct Energie,0,2.Pro,,,0.0,,,,,,,0.0,10.0,10.0,0.0,0.0,1.0,175.51,102.0,68.9,4.44,0.203,0.0,61.7,8.98,2.86,89.8,0.0,0.0,0.104,0.222,0.193,1084.0,989.0,143.0,2.0,4.0,0.0,0.0,0.0,0.0,0.9929,0.0,0.0,0.0,0.0,-0.7,1.63,0.2,166.0,-0.01,50.0,0,2,302.9,20.0,3.281,0.004,1.412,0.0,0.844,0.0,0.0,397.0,,Sprint of small group,10.6,1.0,🟢  Plat/Sprint,0
2021-06-10,2021,tour-of-belgium,stage,2.0,Team Total Direct Energie,0,2.Pro,,,0.0,,,,,,,0.0,10.0,10.0,0.0,0.0,2.0,11.42,9.66,1.37,0.0,0.0,0.0,2.97,0.355,0.0,5.28,0.0,0.0,0.194,0.0,0.0,4.0,5.0,3.0,0.0,0.0,0.0,0.0,0.0,0.0,0.0,0.0,0.0,0.0,0.0,0.1,0.0,-0.02,4.0,-0.01,4.0,0,2,302.9,20.0,0.0,0.0,0.0,0.0,0.0,0.0,0.0,397.0,,Time trial,10.6,1.0,🟢  Plat/Sprint,0
2021-06-10,2021,la-route-d-occitanie,stage,1.0,Team Total Direct Energie,1,2.1,FIN,26.0,0.0,4.0,60.0,,,,,0.0,60.0,60.0,0.0,0.0,1.0,155.82,149.0,6.42,0.0,0.0,0.0,145.0,0.47,10.2,0.0,0.0,0.0,0.0,0.0,0.0,2621.0,1846.0,971.0,4.0,2.0,3.0,0.0,0.0,1.0,0.9998,0.9998,0.5074,0.5074,0.5074,2.5,1.97,1.72,143.0,0.37,604.0,0,2,302.9,14.0,0.0,0.0,0.0,0.0,0.0,0.0,0.0,218.0,,6.5 km solo,6.6,2.0,⛰️  Moy. montagne,0
2021-06-10,2021,tour-de-suisse,stage,5.0,Team Total Direct Energie,0,2.UWT,,,0.0,,,,,,,0.0,90.0,90.0,0.0,0.0,5.0,175.5,171.0,1.04,0.0,2.69,0.0,102.0,1.87,43.2,27.7,0.193,0.0,1.15,0.342,0.129,2501.0,2169.0,1555.0,376.0,1.0,0.0,2.0,0.0,1.0,0.9998,0.9998,0.9998,0.9998,0.9998,5.9,4.0,4.86,189.0,-1.33,600.0,1,2,302.9,60.0,0.0,0.0,0.0,0.0,0.0,0.0,0.0,668.0,,Sprint à deux,23.6,3.0,🏔️  Haute montagne,1
2021-06-11,2021,la-route-d-occitanie,stage,2.0,Team Total Direct Energie,1,2.1,FIN,39.0,0.0,4.0,60.0,,,,,0.0,60.0,60.0,0.0,0.0,2.0,198.77,193.0,4.9,0.101,0.346,0.0,156.0,0.249,40.3,1.52,0.207,0.0,0.735,0.462,0.263,2017.0,2097.0,441.0,73.0,1.0,5.0,0.0,0.0,0.0,0.9056,0.9056,0.0,0.0,0.0,3.8,1.4,0.8,75.0,0.12,843.0,0,3,458.72,14.0,0.0,0.0,0.0,0.0,0.0,0.0,0.0,218.0,,Sprint of large group,4.6,2.0,⛰️  Moy. montagne,0
2021-06-11,2021,tour-of-belgium,stage,3.0,Team Total Direct Energie,0,2.Pro,,,0.0,,,,,,,0.0,10.0,10.0,0.0,0.0,3.0,174.59,63.6,109.0,1.6,0.233,0.0,52.6,7.47,2.09,93.7,0.0,0.0,0.0,0.346,2.15,827.0,876.0,119.0,12.0,0.0,0.0,0.0,0.0,0.0,0.0,0.0,0.0,0.0,0.0,0.5,-0.33,0.46,71.0,-0.13,240.0,0,3,458.72,20.0,0.066,0.0,0.022,0.0,0.0,0.0,0.0,397.0,,Sprint of large group,10.6,1.0,🟢  Plat/Sprint,0
2021-06-11,2021,tour-de-suisse,stage,6.0,Team Total Direct Energie,0,2.UWT,,,0.0,,,,,,,0.0,90.0,90.0,0.0,0.0,6.0,130.26,123.0,5.96,0.957,0.0,0.0,61.9,0.394,57.7,10.3,0.0,0.0,0.0,0.0,0.0,2715.0,2812.0,2105.0,296.0,0.0,0.0,2.0,0.0,1.0,0.9997,0.9997,0.9997,0.7888,0.7888,0.6,1.9,2.3,290.0,-2.14,661.0,1,3,458.72,60.0,0.0,0.0,0.0,0.0,0.0,0.0,0.0,668.0,,Sprint of small group,22.6,3.0,🏔️  Haute montagne,1
2021-06-12,2021,la-route-d-occitanie,stage,3.0,Team Total Direct Energie,1,2.1,FIN,4.0,0.0,4.0,60.0,,,,,0.0,60.0,60.0,0.0,0.0,3.0,192.45,181.0,11.2,0.0,0.328,0.0,169.0,0.759,21.7,0.0,0.339,0.0,0.339,0.328,0.0,4601.0,3727.0,2115.0,308.0,4.0,2.0,0.0,0.0,2.0,0.9983,0.9983,0.9983,0.9983,0.9983,7.0,6.5,6.76,319.0,2.68,2001.0,0,4,657.49,14.0,0.0,0.0,0.0,0.0,0.0,0.0,0.0,218.0,,4.3 km solo,21.6,3.0,🏔️  Haute montagne,1
2021-06-12,2021,tour-of-belgium,stage,4.0,Team Total Direct Energie,0,2.Pro,,,0.0,,,,,,,0.0,10.0,10.0,0.0,0.0,4.0,152.24,142.0,10.4,0.206,0.0,0.0,99.8,8.95,33.8,9.9,0.0,0.0,0.0,0.0,0.0,2320.0,2423.0,326.0,73.0,6.0,3.0,0.0,0.0,0.0,0.9682,0.8554,0.0,0.0,0.0,0.0,-1.8,-2.24,200.0,-0.06,689.0,0,4,657.49,20.0,0.0,0.0,0.0,0.0,0.0,0.0,0.0,397.0,,Sprint of large group,0.0,2.0,⛰️  Moy. montagne,0
2021-06-12,2021,tour-de-suisse,stage,7.0,Team Total Direct Energie,0,2.UWT,,,0.0,,,,,,,0.0,90.0,90.0,0.0,0.0,7.0,23.18,22.7,0.0,0.385,0.0,0.0,0.624,0.11,20.8,1.64,0.0,0.0,0.0,0.0,0.0,654.0,631.0,2043.0,1407.0,0.0,0.0,1.0,0.0,0.0,0.5347,0.5347,0.5347,0.0,0.0,-3.0,-5.93,-6.34,3.0,0.1,654.0,1,4,657.49,60.0,0.0,0.0,0.0,0.0,0.0,0.0,0.0,668.0,,Time trial,0.0,1.0,🟢  Plat/Sprint,0
2021-06-13,2021,la-route-d-occitanie,stage,4.0,Team Total Direct Energie,1,2.1,FIN,7.0,0.0,4.0,60.0,,,,,0.0,60.0,60.0,0.0,0.0,4.0,151.21,149.0,2.11,0.0,0.0,0.0,127.0,0.778,22.8,0.0,0.0,0.0,0.0,0.0,0.0,2520.0,2455.0,1049.0,83.0,2.0,0.0,3.0,0.0,0.0,0.9998,0.9998,0.9998,0.0,0.0,12.7,9.3,7.42,384.0,-0.74,799.0,0,5,849.94,14.0,0.0,0.0,0.0,0.0,0.0,0.0,0.0,218.0,,0.5 km solo,18.8,3.0,🏔️  Haute montagne,1
2021-06-13,2021,tour-de-suisse,stage,8.0,Team Total Direct Energie,0,2.UWT,,,0.0,,,,,,,0.0,90.0,90.0,0.0,0.0,8.0,156.88,141.0,7.19,6.86,0.873,0.0,69.3,0.596,73.2,12.0,0.837,0.0,1.04,0.626,0.397,3489.0,3489.0,2104.0,293.0,0.0,0.0,1.0,0.0,2.0,0.8945,0.8945,0.8945,0.8945,0.8945,-0.2,-0.03,-1.34,21.0,1.02,1532.0,1,5,849.94,60.0,6.694,0.0,5.516,0.0,0.457,0.0,0.0,668.0,,-,10.6,3.0,🏔️  Haute montagne,1
2021-06-13,2021,tour-of-belgium,stage,5.0,Team Total Direct Energie,0,2.Pro,,,0.0,,,,,,,0.0,10.0,10.0,0.0,0.0,5.0,178.48,115.0,59.1,3.48,0.28,0.715,30.6,31.4,2.0,79.9,0.725,0.0,1.29,0.84,0.0,392.0,383.0,43.0,12.0,0.0,0.0,0.0,0.0,0.0,0.0,0.0,0.0,0.0,0.0,0.3,-0.2,0.14,46.0,-0.01,58.0,0,5,849.94,20.0,0.195,0.0,0.098,0.0,0.0,0.0,0.0,397.0,,-,0.0,1.0,🟢  Plat/Sprint,0
2021-06-15,2021,paris-camembert,result,,Team Total Direct Energie,0,1.1,,,0.0,,,,,,,56.0,56.0,0.0,0.0,0.0,,209.89,159.0,51.1,0.0,0.0,0.0,183.0,4.14,22.2,0.0,0.47,0.0,0.0,0.0,0.0,2660.0,2613.0,257.0,17.0,17.0,1.0,0.0,0.0,0.0,0.9658,0.4243,0.0,0.0,0.0,0.1,-0.23,-0.2,117.0,0.3,403.0,0,6,1001.15,125.0,0.0,0.0,0.0,0.0,0.0,0.0,0.0,143.0,,Sprint à deux,0.0,2.0,⛰️  Moy. montagne,0
2021-06-17,2021,nc-norway-itt,result,,TotalEnergies,0,NC,,,0.0,,,,,,,0.0,0.0,0.0,0.0,0.0,,,,,,,,,,,,,,,,,,,,,0.0,0.0,0.0,0.0,0.0,,,,,,,,,,,,0,6,1001.15,,,,,,,,,14.0,,Time trial,,,,0
2021-06-17,2021,nc-france-itt,result,,TotalEnergies,0,NC,,,0.0,,,,,,,18.0,18.0,0.0,0.0,0.0,,,,,,,,,,,,,,,,,,,,,0.0,0.0,0.0,0.0,0.0,,,,,,,,,,,,0,6,1001.15,,,,,,,,,54.0,,Time trial,,,,0
2021-06-20,2021,nc-norway,result,,TotalEnergies,0,NC,,,0.0,,,,,,,0.0,0.0,0.0,0.0,0.0,,148.25,148.0,0.0,0.0,0.0,0.0,70.2,0.0,78.0,0.0,0.0,0.0,0.0,0.0,0.0,2200.0,2200.0,64.0,11.0,0.0,0.0,0.0,0.0,0.0,0.0,0.0,0.0,0.0,0.0,-0.4,-0.5,0.52,149.0,-0.04,701.0,0,6,1001.15,100.0,0.0,0.0,0.0,0.0,0.0,0.0,0.0,45.0,,? km solo,0.0,1.0,🟢  Plat/Sprint,0
2021-06-20,2021,nc-netherlands,result,,TotalEnergies,0,NC,,,0.0,,,,,,,1.0,1.0,0.0,0.0,0.0,,,,,,,,,,,,,,,,,,,,,0.0,0.0,0.0,0.0,0.0,,,,,,,,,,,,0,6,1001.15,,,,,,,,,136.0,,Sprint of large group,,,,0
2021-06-20,2021,nc-italy,result,,TotalEnergies,0,NC,,,0.0,,,,,,,0.0,0.0,0.0,0.0,0.0,,176.73,172.0,4.02,0.0,0.0,0.0,134.0,0.191,41.0,0.775,0.477,0.0,0.477,0.0,0.0,1808.0,1811.0,261.0,33.0,0.0,5.0,0.0,0.0,0.0,0.8993,0.8993,0.0,0.0,0.0,0.0,0.03,-0.02,22.0,-0.01,382.0,0,6,1001.15,100.0,0.0,0.0,0.0,0.0,0.0,0.0,0.0,284.0,,-,,2.0,⛰️  Moy. montagne,0
2021-06-20,2021,nc-france,result,,TotalEnergies,0,NC,,,0.0,,,,,,,41.0,41.0,0.0,0.0,0.0,,,,,,,,,,,,,,,,,,,,,0.0,0.0,0.0,0.0,0.0,,,,,,,,,,,,1,6,1001.15,,,,,,,,,398.0,,? km solo,,,,0
2021-06-20,2021,nc-belgium,result,,TotalEnergies,0,NC,,,0.0,,,,,,,0.0,0.0,0.0,0.0,0.0,,220.25,119.0,90.4,6.18,1.42,0.0,72.9,28.2,0.0,102.0,3.29,0.0,3.29,0.0,0.0,551.0,549.0,58.0,7.0,0.0,0.0,0.0,0.0,0.0,0.0,0.0,0.0,0.0,0.0,-0.3,-0.13,-0.24,82.0,0.01,64.0,0,6,1001.15,100.0,3.54,0.0,1.18,0.0,0.0,0.0,0.0,349.0,,Sprint of small group,,1.0,🟢  Plat/Sprint,0
2021-06-26,2021,tour-de-france,stage,1.0,TotalEnergies,1,2.UWT,FIN,110.0,0.0,46.0,20.0,,,,,0.0,40.0,40.0,0.0,0.0,1.0,197.81,193.0,3.96,0.328,0.0,0.0,143.0,3.72,45.1,5.87,0.0,0.0,0.1,0.108,0.0,2774.0,2667.0,310.0,4.0,6.0,3.0,0.0,0.0,0.0,0.9997,0.9997,0.0,0.0,0.0,3.5,5.47,3.38,181.0,-0.03,638.0,1,5,851.28,120.0,0.0,0.0,0.0,0.0,0.0,0.0,0.0,1646.0,,2.2 km solo,0.0,2.0,⛰️  Moy. montagne,0
2021-06-27,2021,tour-de-france,stage,2.0,TotalEnergies,1,2.UWT,FIN,78.0,0.0,46.0,20.0,,,,,0.0,40.0,40.0,0.0,0.0,2.0,183.25,181.0,2.3,0.279,0.0,0.0,157.0,2.26,19.9,4.31,0.278,0.0,0.291,0.0,0.0,2149.0,1922.0,290.0,1.0,7.0,2.0,0.0,0.0,0.0,0.9997,0.9997,0.0,0.0,0.0,4.1,5.57,3.14,181.0,0.01,443.0,1,6,1049.09,120.0,0.0,0.0,0.0,0.0,0.0,0.0,0.0,1646.0,,0.75 km solo,0.0,2.0,⛰️  Moy. montagne,0
2021-06-28,2021,tour-de-france,stage,3.0,TotalEnergies,1,2.UWT,FIN,114.0,0.0,46.0,20.0,,,,,0.0,40.0,40.0,0.0,0.0,3.0,182.27,178.0,3.63,0.416,0.0,0.268,132.0,0.869,44.2,4.69,0.0,0.0,0.0,0.608,0.0,1524.0,1476.0,190.0,0.0,4.0,1.0,0.0,0.0,0.0,0.9269,0.9269,0.0,0.0,0.0,0.2,-0.37,-1.4,12.0,0.01,243.0,1,7,1232.34,120.0,0.0,0.0,0.0,0.0,0.0,0.0,0.0,1646.0,,Sprint of large group,0.0,1.0,🟢  Plat/Sprint,0
2021-06-29,2021,tour-de-france,stage,4.0,TotalEnergies,1,2.UWT,FIN,125.0,0.0,46.0,20.0,,,,,0.0,40.0,40.0,0.0,0.0,4.0,149.6,150.0,0.329,0.0,0.0,0.0,76.2,1.1,71.5,1.09,0.196,0.0,0.196,0.0,0.0,1354.0,1325.0,169.0,5.0,2.0,1.0,0.0,0.0,0.0,0.8078,0.8078,0.0,0.0,0.0,-0.2,-0.1,-0.38,65.0,0.11,431.0,1,8,1414.61,120.0,0.0,0.0,0.0,0.0,0.0,0.0,0.0,1646.0,,Sprint of large group,0.0,1.0,🟢  Plat/Sprint,0
2021-06-30,2021,tour-de-france,stage,5.0,TotalEnergies,1,2.UWT,FIN,149.0,0.0,46.0,20.0,,,,,0.0,40.0,40.0,0.0,0.0,5.0,27.08,25.4,1.36,0.0,0.0,0.0,23.1,1.34,2.08,0.256,0.245,0.0,0.263,0.0,0.0,305.0,266.0,123.0,46.0,0.0,0.0,0.0,0.0,0.0,0.0,0.0,0.0,0.0,0.0,-0.3,1.27,0.46,79.0,0.14,305.0,1,9,1564.21,120.0,0.0,0.0,0.0,0.0,0.0,0.0,0.0,1646.0,,Time trial,0.0,1.0,🟢  Plat/Sprint,0
2021-07-01,2021,tour-de-france,stage,6.0,TotalEnergies,1,2.UWT,FIN,110.0,0.0,46.0,20.0,,,,,0.0,40.0,40.0,0.0,0.0,6.0,160.47,160.0,0.515,0.0,0.0,0.0,81.2,1.13,71.8,5.13,0.0,0.0,1.28,0.0,0.0,926.0,821.0,210.0,48.0,0.0,1.0,0.0,0.0,0.0,0.854,0.854,0.0,0.0,0.0,-0.2,0.1,0.08,50.0,0.03,205.0,1,10,1591.29,120.0,0.0,0.0,0.0,0.0,0.0,0.0,0.0,1646.0,,Sprint of large group,0.0,1.0,🟢  Plat/Sprint,0
2021-07-02,2021,tour-de-france,stage,7.0,TotalEnergies,1,2.UWT,FIN,47.0,0.0,46.0,20.0,,,,,0.0,40.0,40.0,0.0,0.0,7.0,249.05,248.0,0.7,0.0,0.0,0.0,149.0,1.16,89.3,8.49,0.265,0.253,0.518,0.0,0.0,3120.0,2867.0,737.0,103.0,3.0,1.0,2.0,0.0,0.0,0.9667,0.9195,0.9195,0.0,0.0,2.8,0.5,-1.04,84.0,0.18,319.0,1,11,1751.76,120.0,0.0,0.0,0.0,0.0,0.0,0.0,0.0,1646.0,,18 km solo,0.0,2.0,⛰️  Moy. montagne,0
2021-07-03,2021,tour-de-france,stage,8.0,TotalEnergies,1,2.UWT,FIN,58.0,0.0,46.0,20.0,,,,,0.0,40.0,40.0,0.0,0.0,8.0,150.99,148.0,0.0,0.0,0.0,0.0,97.2,1.81,47.5,1.88,2.54,0.0,2.66,0.185,0.0,3557.0,3277.0,1605.0,299.0,2.0,1.0,4.0,0.0,1.0,0.9146,0.9146,0.9146,0.9146,0.9146,3.2,-0.7,-2.56,61.0,-0.56,731.0,1,12,2000.81,120.0,0.0,0.0,0.0,0.0,0.0,0.0,0.0,1646.0,,15.4 km solo,0.0,2.0,⛰️  Moy. montagne,0
2021-07-04,2021,tour-de-france,stage,9.0,TotalEnergies,1,2.UWT,FIN,64.0,0.0,46.0,20.0,,,,,0.0,40.0,40.0,0.0,0.0,9.0,144.72,144.0,0.366,0.0,0.0,0.0,89.4,0.286,51.4,3.13,0.189,0.0,0.249,0.139,0.0,4628.0,2999.0,2119.0,489.0,1.0,2.0,0.0,0.0,3.0,0.9999,0.9999,0.9999,0.9999,0.9999,2.1,4.4,4.94,274.0,2.32,1567.0,1,13,2151.8,120.0,0.0,0.0,0.0,0.0,0.0,0.0,0.0,1646.0,,17.3 km solo,,3.0,🏔️  Haute montagne,0
2021-07-06,2021,tour-de-france,stage,10.0,TotalEnergies,1,2.UWT,FIN,116.0,0.0,46.0,20.0,,,,,0.0,40.0,40.0,0.0,0.0,10.0,190.55,188.0,0.615,0.0,0.0,0.0,64.8,0.188,85.3,38.7,1.63,0.0,1.63,0.0,0.0,1488.0,1654.0,649.0,136.0,2.0,2.0,1.0,0.0,0.0,0.8098,0.8098,0.3185,0.0,0.0,0.1,0.2,0.06,23.0,0.1,309.0,1,14,2296.52,120.0,0.0,0.0,0.0,0.0,0.0,0.0,0.0,1646.0,,Sprint of large group,0.0,2.0,⛰️  Moy. montagne,0
2021-07-07,2021,tour-de-france,stage,11.0,TotalEnergies,1,2.UWT,FIN,27.0,0.0,46.0,20.0,,,,,0.0,40.0,40.0,0.0,0.0,11.0,199.28,197.0,1.53,0.0,0.0,0.0,146.0,0.574,5.52,46.9,0.0,0.0,0.426,0.426,0.0,4647.0,4350.0,1894.0,23.0,3.0,2.0,0.0,0.0,2.0,0.8724,0.8724,0.8724,0.8724,0.8724,-1.2,-4.03,-5.94,6.0,0.34,546.0,1,15,2487.07,120.0,0.0,0.0,0.0,0.0,0.0,0.0,0.0,1646.0,,33.1 km solo,0.0,2.0,⛰️  Moy. montagne,0
2021-07-08,2021,tour-de-france,stage,12.0,TotalEnergies,1,2.UWT,FIN,46.0,0.0,46.0,20.0,,,,,0.0,40.0,40.0,0.0,0.0,12.0,159.43,159.0,0.508,0.0,0.0,0.0,118.0,0.819,38.9,1.36,0.439,0.0,0.492,0.0,0.0,1992.0,2017.0,327.0,33.0,2.0,2.0,0.0,0.0,0.0,0.9446,0.6005,0.0,0.0,0.0,-0.3,-0.53,-0.88,18.0,0.38,848.0,1,16,2686.35,120.0,0.0,0.0,0.0,0.0,0.0,0.0,0.0,1646.0,,11.8 km solo,0.0,2.0,⛰️  Moy. montagne,0
2021-07-09,2021,tour-de-france,stage,13.0,TotalEnergies,1,2.UWT,FIN,107.0,0.0,46.0,20.0,,,,,0.0,40.0,40.0,0.0,0.0,13.0,219.66,207.0,11.4,0.0,0.0,0.0,212.0,0.487,1.58,4.16,1.43,0.0,1.62,0.19,0.0,1960.0,1905.0,306.0,23.0,2.0,3.0,0.0,0.0,0.0,0.914,0.8201,0.0,0.0,0.0,1.3,0.47,0.46,39.0,0.28,405.0,1,16,2692.75,120.0,0.0,0.0,0.0,0.0,0.0,0.0,0.0,1646.0,,Sprint of large group,0.0,2.0,⛰️  Moy. montagne,0
2021-07-10,2021,tour-de-france,stage,14.0,TotalEnergies,1,2.UWT,FIN,40.0,0.0,46.0,20.0,,,,,0.0,40.0,40.0,0.0,0.0,14.0,184.22,176.0,0.0,0.0,7.95,0.0,149.0,0.191,33.1,1.85,0.0,0.0,0.143,0.101,0.0,2877.0,2715.0,1050.0,129.0,2.0,1.0,2.0,0.0,1.0,0.8988,0.8988,0.8988,0.3719,0.3719,0.5,-0.23,-0.94,32.0,0.89,690.0,1,17,2912.41,120.0,0.0,0.0,0.0,0.0,0.0,0.0,0.0,1646.0,,42.7 km solo,0.0,2.0,⛰️  Moy. montagne,0
2021-07-11,2021,tour-de-france,stage,15.0,TotalEnergies,1,2.UWT,FIN,49.0,0.0,46.0,20.0,,,,,0.0,40.0,40.0,0.0,0.0,15.0,191.4,189.0,1.57,0.308,0.0,0.0,54.3,0.742,129.0,5.1,0.551,0.0,0.993,1.72,0.0,4572.0,3761.0,2406.0,179.0,1.0,0.0,3.0,0.0,1.0,0.9051,0.9051,0.9051,0.737,0.737,-1.1,-2.07,-3.4,1.0,0.3,953.0,1,17,2940.81,120.0,0.0,0.0,0.0,0.0,0.0,0.0,0.0,1646.0,,19.5 km solo,0.0,2.0,⛰️  Moy. montagne,0
2021-07-13,2021,tour-de-france,stage,16.0,TotalEnergies,1,2.UWT,FIN,85.0,0.0,46.0,20.0,,,,,0.0,40.0,40.0,0.0,0.0,16.0,169.58,162.0,7.07,0.0,0.0,0.0,126.0,0.666,40.1,3.02,0.0,0.0,0.0,0.0,0.0,3260.0,3997.0,1403.0,364.0,1.0,0.0,1.0,1.0,1.0,0.9679,0.8283,0.8283,0.615,0.615,3.1,1.3,0.34,68.0,-0.15,851.0,1,16,2740.99,120.0,0.0,0.0,0.0,0.0,0.0,0.0,0.0,1646.0,,34.6 km solo,0.0,2.0,⛰️  Moy. montagne,0
2021-07-14,2021,tour-de-france,stage,17.0,TotalEnergies,1,2.UWT,FIN,63.0,0.0,46.0,20.0,,,,,0.0,40.0,40.0,0.0,0.0,17.0,178.49,174.0,3.93,0.114,0.0,0.0,156.0,1.22,6.2,14.8,0.294,0.0,0.294,0.0,0.0,4375.0,2361.0,2209.0,190.0,2.0,0.0,1.0,1.0,1.0,0.9998,0.9998,0.9998,0.9998,0.9998,8.9,7.9,8.26,518.0,0.39,544.0,1,16,2759.36,120.0,0.0,0.0,0.0,0.0,0.0,0.0,0.0,1646.0,,Sprint of small group,0.0,3.0,🏔️  Haute montagne,0
2021-07-15,2021,tour-de-france,stage,18.0,TotalEnergies,1,2.UWT,FIN,26.0,0.0,46.0,20.0,,,,,0.0,40.0,40.0,0.0,0.0,18.0,129.87,129.0,0.0,0.0,0.178,0.0,124.0,0.0,5.67,0.0,0.0,0.0,0.0,0.138,0.0,3561.0,2030.0,2109.0,189.0,3.0,0.0,0.0,0.0,2.0,0.9998,0.9998,0.9998,0.9998,0.9998,6.8,7.0,7.4,365.0,0.42,612.0,1,17,2937.8500000000004,120.0,0.0,0.0,0.0,0.0,0.0,0.0,0.0,1646.0,,0.6 km solo,0.0,3.0,🏔️  Haute montagne,0
2021-07-16,2021,tour-de-france,stage,19.0,TotalEnergies,1,2.UWT,FIN,60.0,0.0,46.0,20.0,,,,,0.0,40.0,40.0,0.0,0.0,19.0,207.02,197.0,4.97,0.0,1.18,0.0,161.0,1.75,35.8,3.48,3.48,0.0,3.79,1.34,0.0,1177.0,1345.0,224.0,1.0,2.0,0.0,0.0,0.0,0.0,0.8313,0.0,0.0,0.0,0.0,1.1,0.43,0.24,53.0,-0.16,490.0,1,18,3067.7200000000003,120.0,0.0,0.0,0.0,0.0,0.0,0.0,0.0,1646.0,,26 km solo,0.0,1.0,🟢  Plat/Sprint,0
2021-07-17,2021,tour-de-france,stage,20.0,TotalEnergies,1,2.UWT,FIN,77.0,0.0,46.0,20.0,,,,,0.0,40.0,40.0,0.0,0.0,20.0,30.78,28.9,2.03,0.0,0.0,0.0,24.8,0.177,4.63,0.649,0.0,0.0,0.0,0.664,0.0,240.0,173.0,86.0,4.0,1.0,0.0,0.0,0.0,0.0,0.6932,0.0,0.0,0.0,0.0,1.8,1.43,0.78,103.0,0.22,240.0,1,19,3274.74,120.0,0.0,0.0,0.0,0.0,0.0,0.0,0.0,1646.0,,Time trial,0.0,1.0,🟢  Plat/Sprint,0
2021-07-18,2021,tour-de-france,stage,21.0,TotalEnergies,1,2.UWT,FIN,54.0,0.0,46.0,20.0,,,,,0.0,40.0,40.0,0.0,0.0,21.0,107.58,66.9,2.71,38.4,0.241,0.0,17.0,0.7,47.1,38.7,0.781,0.0,0.794,1.07,2.03,620.0,664.0,177.0,30.0,2.0,0.0,0.0,0.0,0.0,0.3235,0.0,0.0,0.0,0.0,0.0,0.0,-0.48,30.0,-0.08,400.0,1,20,3305.5200000000004,120.0,33.958,0.0,13.807,0.0,5.916,0.0,0.0,1646.0,,Sprint of large group,0.0,1.0,🟢  Plat/Sprint,0
2021-07-20,2021,tour-de-wallonie,stage,1.0,TotalEnergies,0,2.Pro,,,0.0,,,,,,,0.0,0.0,0.0,0.0,0.0,1.0,181.78,172.0,9.2,0.605,0.0,0.0,130.0,0.936,36.3,13.0,0.0,0.0,0.252,0.0,0.0,2065.0,1968.0,310.0,75.0,5.0,3.0,0.0,0.0,0.0,0.9977,0.5125,0.0,0.0,0.0,-0.3,1.47,1.24,135.0,0.07,492.0,0,21,3413.1000000000004,20.0,0.06,0.0,0.0,0.0,0.0,0.0,0.0,336.0,,Sprint of large group,0.0,2.0,⛰️  Moy. montagne,0
2021-07-21,2021,tour-de-wallonie,stage,2.0,TotalEnergies,0,2.Pro,,,0.0,,,,,,,0.0,0.0,0.0,0.0,0.0,2.0,120.03,2.45,7.3,0.0,30.1,0.0,0.0,14.1,0.0,7.3,70.2,0.0,81.8,1.49,28.6,598.0,600.0,38.0,27.0,0.0,0.0,0.0,0.0,0.0,0.0,0.0,0.0,0.0,0.0,0.6,0.3,0.12,38.0,-0.0,249.0,0,21,3413.1000000000004,20.0,0.0,0.0,0.0,0.0,0.0,0.0,0.0,336.0,,Sprint of large group,0.0,1.0,🟢  Plat/Sprint,0
2021-07-22,2021,tour-de-wallonie,stage,3.0,TotalEnergies,0,2.Pro,,,0.0,,,,,,,0.0,0.0,0.0,0.0,0.0,3.0,171.67,152.0,19.1,0.525,0.0,0.0,114.0,1.49,47.7,8.51,0.0,0.0,0.0,0.0,0.0,2924.0,3262.0,674.0,190.0,5.0,2.0,3.0,0.0,0.0,0.9585,0.9585,0.8276,0.0,0.0,5.2,0.9,0.02,164.0,-0.28,782.0,0,21,3413.1000000000004,20.0,0.0,0.0,0.0,0.0,0.0,0.0,0.0,336.0,,Sprint à deux,0.0,2.0,⛰️  Moy. montagne,0
2021-07-23,2021,tour-de-wallonie,stage,4.0,TotalEnergies,0,2.Pro,,,0.0,,,,,,,0.0,0.0,0.0,0.0,0.0,4.0,204.87,187.0,14.6,2.14,0.409,0.0,176.0,6.5,11.4,9.87,0.491,0.0,0.541,0.459,0.0,2766.0,2980.0,435.0,93.0,8.0,3.0,0.0,0.0,0.0,0.9668,0.617,0.0,0.0,0.0,0.6,0.13,-0.16,121.0,-0.21,845.0,0,21,3413.1000000000004,20.0,2.153,0.0,0.0,0.0,0.0,0.0,0.0,336.0,,Sprint of large group,0.0,2.0,⛰️  Moy. montagne,0
2021-07-24,2021,tour-de-wallonie,stage,5.0,TotalEnergies,0,2.Pro,,,0.0,,,,,,,0.0,0.0,0.0,0.0,0.0,5.0,189.28,171.0,14.7,1.38,0.0,0.0,90.2,6.62,76.7,14.1,1.79,0.0,1.79,0.0,0.0,1971.0,2033.0,374.0,27.0,4.0,1.0,0.0,0.0,0.0,0.9362,0.3626,0.0,0.0,0.0,0.2,-1.1,-0.28,116.0,0.26,539.0,0,21,3413.1000000000004,20.0,0.691,0.0,0.508,0.0,0.182,0.0,0.0,336.0,,Sprint of large group,0.0,2.0,⛰️  Moy. montagne,0
2021-07-25,2021,prueba-villafranca,result,,TotalEnergies,0,1.1,,,0.0,,,,,,,28.0,28.0,0.0,0.0,0.0,,166.77,165.0,0.376,1.29,0.0,0.0,156.0,4.87,0.0,2.9,0.0,0.0,0.0,2.75,0.0,2391.0,2392.0,402.0,93.0,2.0,5.0,0.0,0.0,0.0,0.9376,0.9376,0.0,0.0,0.0,0.0,-0.7,-1.16,19.0,0.03,574.0,0,21,3413.1000000000004,125.0,0.258,0.0,0.0,0.0,0.0,0.0,0.0,80.0,,Sprint of small group,0.0,2.0,⛰️  Moy. montagne,0
2021-07-29,2021,tour-de-l-ain,stage,1.0,TotalEnergies,0,2.1,,,0.0,,,,,,,0.0,10.0,10.0,0.0,0.0,1.0,139.11,133.0,5.69,0.0,0.0,0.0,132.0,2.22,2.67,1.54,0.214,0.0,0.24,0.0,0.0,905.0,950.0,304.0,187.0,0.0,0.0,0.0,0.0,0.0,0.0,0.0,0.0,0.0,0.0,0.4,-0.2,0.0,53.0,-0.02,234.0,0,18,2849.77,14.0,0.0,0.0,0.0,0.0,0.0,0.0,0.0,186.0,,Sprint of large group,0.0,1.0,🟢  Plat/Sprint,0
2021-07-30,2021,tour-de-l-ain,stage,2.0,TotalEnergies,0,2.1,,,0.0,,,,,,,0.0,10.0,10.0,0.0,0.0,2.0,131.54,129.0,1.78,0.0,0.716,0.0,125.0,0.691,5.38,0.0,0.0,0.0,0.0,0.716,0.0,2013.0,2087.0,1005.0,202.0,1.0,0.0,1.0,1.0,0.0,0.7786,0.7786,0.7786,0.7786,0.0,-0.3,-0.1,-0.12,7.0,1.15,873.0,0,17,2700.17,14.0,0.0,0.0,0.0,0.0,0.0,0.0,0.0,186.0,,Sprint of small group,5.6,2.0,⛰️  Moy. montagne,0
2021-07-31,2021,tour-de-l-ain,stage,3.0,TotalEnergies,0,2.1,,,0.0,,,,,,,0.0,10.0,10.0,0.0,0.0,3.0,117.0,110.0,6.52,0.0,0.256,0.0,117.0,0.149,0.117,0.0,0.0,0.0,0.177,0.137,0.256,2806.0,2371.0,1129.0,285.0,1.0,3.0,1.0,0.0,1.0,0.9889,0.9889,0.8121,0.8121,0.8121,1.2,0.37,1.44,164.0,0.6,1014.0,0,16,2673.09,14.0,0.0,0.0,0.0,0.0,0.0,0.0,0.0,186.0,,23.8 km solo,5.6,2.0,⛰️  Moy. montagne,0
2021-07-31,2021,san-sebastian,result,,TotalEnergies,0,1.UWT,,,0.0,,,,,,,0.0,0.0,0.0,0.0,0.0,,222.62,215.0,1.32,0.957,3.94,0.0,136.0,9.89,69.7,5.83,0.4,0.0,1.23,1.01,0.0,4079.0,4108.0,677.0,0.0,3.0,4.0,2.0,1.0,0.0,0.9716,0.9716,0.8186,0.3208,0.0,0.0,0.0,-2.78,12.0,-0.01,624.0,0,16,2673.09,400.0,0.384,0.0,0.38,0.0,0.101,0.0,0.0,645.0,,Sprint of small group,5.6,2.0,⛰️  Moy. montagne,0
2021-08-01,2021,circuito-de-getxo,result,,TotalEnergies,0,1.1,,,0.0,,,,,,,0.0,0.0,0.0,0.0,0.0,,195.3,166.0,23.8,4.64,0.0,0.0,52.0,34.3,84.3,23.0,0.0,0.0,0.147,1.07,0.0,2127.0,2070.0,216.0,2.0,7.0,1.0,0.0,0.0,0.0,0.9374,0.9374,0.0,0.0,0.0,5.5,1.77,1.16,78.0,0.03,521.0,0,15,2512.6200000000003,125.0,0.031,0.0,0.014,0.0,0.014,0.0,0.0,265.0,,Sprint of small group,5.6,2.0,⛰️  Moy. montagne,0
2021-08-03,2021,vuelta-a-burgos,stage,1.0,TotalEnergies,0,2.Pro,,,0.0,,,,,,,0.0,5.0,5.0,0.0,0.0,1.0,160.88,158.0,0.162,0.882,0.0,0.0,120.0,5.77,32.1,0.0,0.593,0.0,2.33,2.56,0.0,1517.0,1460.0,977.0,772.0,4.0,1.0,0.0,0.0,0.0,0.6987,0.6987,0.0,0.0,0.0,5.1,0.5,0.8,101.0,-0.02,580.0,0,13,2112.5800000000004,20.0,0.954,0.0,0.954,0.0,0.506,0.0,0.0,443.0,,Sprint of small group,5.6,2.0,⛰️  Moy. montagne,0
2021-08-04,2021,vuelta-a-burgos,stage,2.0,TotalEnergies,0,2.Pro,,,0.0,,,,,,,0.0,5.0,5.0,0.0,0.0,2.0,174.96,175.0,0.13,0.0,0.0,0.0,154.0,0.121,20.8,0.0,0.198,0.0,0.198,0.0,0.0,1671.0,1779.0,1190.0,717.0,5.0,1.0,1.0,0.0,0.0,0.9559,0.8841,0.6529,0.0,0.0,-0.3,-0.4,-2.0,98.0,0.07,581.0,0,12,1967.86,20.0,0.0,0.0,0.0,0.0,0.0,0.0,0.0,443.0,,Sprint of large group,0.0,2.0,⛰️  Moy. montagne,0
2021-08-05,2021,vuelta-a-burgos,stage,3.0,TotalEnergies,0,2.Pro,,,0.0,,,,,,,0.0,5.0,5.0,0.0,0.0,3.0,172.02,163.0,8.54,0.0,0.285,0.0,111.0,0.0,60.3,0.0,0.0,0.0,0.134,0.42,0.0,2433.0,2397.0,1499.0,522.0,1.0,3.0,0.0,0.0,1.0,0.8392,0.8392,0.8392,0.8392,0.8392,-0.1,-0.8,-0.82,24.0,-0.3,444.0,0,12,1967.86,20.0,0.0,0.0,0.0,0.0,0.0,0.0,0.0,443.0,,17 km solo,0.0,2.0,⛰️  Moy. montagne,0
2021-08-05,2021,arctic-race-of-norway,stage,1.0,TotalEnergies,1,2.Pro,FIN,44.0,0.0,,,,,,,0.0,33.0,23.0,0.0,0.0,1.0,142.31,139.0,1.26,0.761,0.0,0.0,64.4,2.32,72.7,1.95,0.0,0.0,0.151,0.151,0.0,1350.0,1344.0,176.0,0.0,4.0,1.0,0.0,0.0,0.0,0.9792,0.5932,0.0,0.0,0.0,0.2,-1.73,0.14,99.0,0.04,335.0,0,12,1967.86,20.0,0.506,0.0,0.379,0.0,0.253,0.0,0.0,168.0,,1.6 km solo,0.0,1.0,🟢  Plat/Sprint,0
2021-08-06,2021,vuelta-a-burgos,stage,4.0,TotalEnergies,0,2.Pro,,,0.0,,,,,,,0.0,5.0,5.0,0.0,0.0,4.0,148.23,148.0,0.188,0.0,0.0,0.0,140.0,0.0,7.89,0.484,0.0,0.0,0.0,0.0,0.0,1066.0,1073.0,945.0,775.0,3.0,1.0,0.0,0.0,0.0,0.7225,0.7225,0.0,0.0,0.0,0.1,-0.27,-0.26,19.0,0.08,390.0,0,12,1919.62,20.0,0.0,0.0,0.0,0.0,0.0,0.0,0.0,443.0,,Sprint of large group,0.0,1.0,🟢  Plat/Sprint,0
2021-08-06,2021,arctic-race-of-norway,stage,2.0,TotalEnergies,1,2.Pro,DNF,,0.0,,,,,,,0.0,33.0,23.0,0.0,0.0,2.0,177.15,176.0,0.0,0.0,0.0,0.0,37.2,1.6,138.0,0.0,0.0,0.0,1.18,0.0,0.0,2116.0,1635.0,551.0,0.0,3.0,1.0,1.0,0.0,0.0,0.9761,0.9761,0.9761,0.0,0.0,0.3,-0.07,-0.26,92.0,0.29,579.0,0,12,1919.62,20.0,0.0,0.0,0.0,0.0,0.0,0.0,0.0,168.0,,Sprint of large group,0.0,2.0,⛰️  Moy. montagne,0
2021-08-07,2021,vuelta-a-burgos,stage,5.0,TotalEnergies,0,2.Pro,,,0.0,,,,,,,0.0,5.0,5.0,0.0,0.0,5.0,146.07,144.0,0.746,0.0,0.654,0.0,96.0,1.55,47.3,0.0,0.721,0.0,0.728,0.272,0.388,2321.0,1555.0,1869.0,917.0,1.0,3.0,0.0,0.0,1.0,0.9998,0.9998,0.9998,0.9998,0.9998,11.0,9.87,8.0,412.0,0.03,559.0,0,12,1897.49,20.0,0.0,0.0,0.0,0.0,0.0,0.0,0.0,443.0,,0.39 km solo,0.0,3.0,🏔️  Haute montagne,0
2021-08-07,2021,arctic-race-of-norway,stage,3.0,TotalEnergies,0,2.Pro,,,0.0,,,,,,,0.0,33.0,23.0,0.0,0.0,3.0,183.87,179.0,4.39,0.0,0.0,0.0,15.6,0.0,168.0,0.0,0.922,0.0,0.0,0.0,0.0,2154.0,1815.0,358.0,0.0,3.0,2.0,1.0,0.0,0.0,0.9998,0.9998,0.9998,0.0,0.0,6.2,8.77,5.62,342.0,0.01,435.0,0,12,1897.49,20.0,0.0,0.0,0.0,0.0,0.0,0.0,0.0,168.0,,Sprint of small group,0.0,3.0,🏔️  Haute montagne,0
2021-08-08,2021,arctic-race-of-norway,stage,4.0,TotalEnergies,0,2.Pro,,,0.0,,,,,,,10.0,33.0,23.0,0.0,0.0,4.0,163.53,161.0,1.72,0.0,0.0,0.0,45.5,6.85,110.0,0.496,0.527,0.174,0.765,0.322,0.0,2586.0,2548.0,366.0,0.0,3.0,3.0,1.0,0.0,0.0,0.964,0.7646,0.092,0.0,0.0,5.0,1.63,-0.92,71.0,0.0,815.0,0,11,1738.06,20.0,0.0,0.0,0.0,0.0,0.0,0.0,0.0,168.0,,-,0.0,2.0,⛰️  Moy. montagne,0
2021-08-15,2021,la-poly-normande,result,,TotalEnergies,0,1.1,,,0.0,,,,,,,0.0,0.0,0.0,0.0,0.0,,168.8,115.0,54.2,0.0,0.0,0.0,169.0,0.0,0.0,0.0,0.0,0.0,0.0,0.0,0.0,2192.0,2124.0,189.0,35.0,11.0,0.0,0.0,0.0,0.0,0.936,0.0,0.0,0.0,0.0,3.0,1.0,0.26,175.0,0.13,668.0,1,5,664.84,125.0,0.0,0.0,0.0,0.0,0.0,0.0,0.0,99.0,,Sprint of small group,2.0,2.0,⛰️  Moy. montagne,0
2021-08-15,2021,gp-jef-scherens,result,,TotalEnergies,0,1.1,,,0.0,,,,,,,125.0,125.0,0.0,0.0,0.0,,190.62,149.0,28.8,8.6,0.21,0.0,32.8,80.4,5.6,39.8,4.64,0.64,4.64,4.88,0.123,1657.0,1646.0,59.0,16.0,0.0,0.0,0.0,0.0,0.0,0.0,0.0,0.0,0.0,0.0,-0.6,-0.43,0.1,96.0,0.05,459.0,0,5,664.84,125.0,2.288,0.0,0.841,0.0,0.282,0.0,0.0,115.0,,Sprint of large group,0.0,1.0,🟢  Plat/Sprint,0
2021-08-17,2021,tour-du-limousin,stage,1.0,TotalEnergies,0,2.1,,,0.0,,,,,,,0.0,3.0,3.0,0.0,0.0,1.0,184.33,163.0,20.9,0.0,0.0,0.0,181.0,1.81,1.54,0.0,0.0,0.0,0.0,0.0,0.0,2741.0,2633.0,664.0,299.0,2.0,4.0,1.0,0.0,0.0,0.9892,0.9025,0.2436,0.0,0.0,2.2,0.03,-0.18,79.0,0.28,829.0,0,3,427.04,14.0,0.0,0.0,0.0,0.0,0.0,0.0,0.0,151.0,,Sprint of large group,2.0,2.0,⛰️  Moy. montagne,0
2021-08-17,2021,gp-stad-zottegem,result,,TotalEnergies,0,1.1,,,0.0,,,,,,,85.0,85.0,0.0,0.0,0.0,,,,,,,,,,,,,,,,,,,,,0.0,0.0,0.0,0.0,0.0,,,,,,,,,,,,0,3,427.04,,,,,,,,,91.0,,Sprint of large group,,,,0
2021-08-18,2021,tour-du-limousin,stage,2.0,TotalEnergies,0,2.1,,,0.0,,,,,,,0.0,3.0,3.0,0.0,0.0,2.0,171.97,131.0,40.4,0.0,0.0,0.0,170.0,0.71,0.892,0.0,0.0,0.0,0.0,0.0,0.0,2418.0,2184.0,366.0,89.0,11.0,2.0,0.0,0.0,0.0,0.9998,0.9269,0.0,0.0,0.0,1.8,3.27,1.82,111.0,0.0,514.0,0,2,319.46000000000004,14.0,0.0,0.0,0.0,0.0,0.0,0.0,0.0,151.0,,Sprint of small group,2.0,2.0,⛰️  Moy. montagne,0
2021-08-19,2021,tour-du-limousin,stage,3.0,TotalEnergies,0,2.1,,,0.0,,,,,,,0.0,3.0,3.0,0.0,0.0,3.0,184.57,162.0,22.2,0.0,0.0,0.0,168.0,0.462,16.1,0.0,0.0,0.166,0.166,0.0,0.0,2746.0,3093.0,893.0,271.0,4.0,5.0,0.0,0.0,0.0,0.9104,0.9104,0.0,0.0,0.0,2.2,-0.77,-0.22,110.0,0.19,846.0,0,2,319.46000000000004,14.0,0.0,0.0,0.0,0.0,0.0,0.0,0.0,151.0,,? km solo,2.0,2.0,⛰️  Moy. montagne,0
2021-08-20,2021,tour-du-limousin,stage,4.0,TotalEnergies,0,2.1,,,0.0,,,,,,,0.0,3.0,3.0,0.0,0.0,4.0,170.64,142.0,27.9,0.0,0.0,0.0,151.0,10.5,7.24,1.23,0.308,0.0,0.308,0.0,0.0,2562.0,2684.0,553.0,248.0,6.0,3.0,0.0,0.0,0.0,0.9649,0.5439,0.0,0.0,0.0,1.7,-0.5,-1.12,76.0,-0.05,698.0,0,2,319.46000000000004,14.0,0.0,0.0,0.0,0.0,0.0,0.0,0.0,151.0,,? km solo,2.0,2.0,⛰️  Moy. montagne,0
2021-08-20,2021,grote-prijs-marcel-kint,result,,TotalEnergies,0,1.1,,,0.0,,,,,,,0.0,0.0,0.0,0.0,0.0,,195.94,138.0,49.7,8.46,0.0,0.0,59.7,20.6,1.41,105.0,0.0,0.0,8.98,0.0,0.0,1173.0,1171.0,90.0,11.0,0.0,0.0,0.0,0.0,0.0,0.0,0.0,0.0,0.0,0.0,0.1,-0.13,-0.12,46.0,-0.01,306.0,0,2,319.46000000000004,125.0,1.082,0.0,0.293,0.0,0.293,0.0,0.0,170.0,,Sprint of small group,25.0,1.0,🟢  Plat/Sprint,0
2021-08-24,2021,tour-du-poitou-charentes-et-de-la-vienne,stage,1.0,TotalEnergies,0,2.1,,,0.0,,,,,,,0.0,53.0,53.0,0.0,0.0,1.0,198.03,190.0,7.69,0.0,0.0,0.0,189.0,3.86,4.9,0.0,0.0,0.0,0.0,0.0,0.0,1629.0,1489.0,219.0,2.0,2.0,1.0,0.0,0.0,0.0,0.7948,0.7948,0.0,0.0,0.0,2.9,0.43,0.14,62.0,0.08,308.0,1,2,319.46000000000004,14.0,0.0,0.0,0.0,0.0,0.0,0.0,0.0,164.0,,Sprint of large group,25.0,1.0,🟢  Plat/Sprint,0
2021-08-25,2021,tour-du-poitou-charentes-et-de-la-vienne,stage,2.0,TotalEnergies,0,2.1,,,0.0,,,,,,,0.0,53.0,53.0,0.0,0.0,2.0,193.28,192.0,0.963,0.0,0.0,0.0,191.0,0.963,0.0,0.129,0.717,0.0,0.756,0.0,0.0,1603.0,1674.0,224.0,73.0,1.0,0.0,0.0,0.0,0.0,0.5831,0.0,0.0,0.0,0.0,0.9,0.37,0.04,98.0,-0.09,389.0,1,2,319.46000000000004,14.0,0.0,0.0,0.0,0.0,0.0,0.0,0.0,164.0,,Sprint of large group,25.0,1.0,🟢  Plat/Sprint,0
2021-08-26,2021,druivenkoers-overijse,result,,TotalEnergies,0,1.1,,,0.0,,,,,,,0.0,0.0,0.0,0.0,0.0,,192.26,86.6,98.4,7.5,0.0,0.0,84.6,15.4,1.52,82.0,0.0,0.0,0.0,0.0,0.0,1573.0,1573.0,109.0,30.0,0.0,0.0,0.0,0.0,0.0,0.0,0.0,0.0,0.0,0.0,-1.0,-1.4,-0.78,122.0,-0.01,312.0,0,2,319.46000000000004,125.0,2.022,0.0,0.734,0.0,0.462,0.0,0.0,284.0,19.0,60.9 km solo,25.0,1.0,🟢  Plat/Sprint,0
2021-08-26,2021,tour-du-poitou-charentes-et-de-la-vienne,stage,4.0,TotalEnergies,0,2.1,,,0.0,,,,,,,0.0,53.0,53.0,0.0,0.0,4.0,109.34,100.0,8.87,0.0,0.0,0.0,100.0,4.68,3.2,1.33,0.0,0.0,0.0,0.0,0.0,611.0,588.0,121.0,35.0,0.0,0.0,0.0,0.0,0.0,0.0,0.0,0.0,0.0,0.0,0.9,-0.27,-0.2,47.0,-0.04,318.0,1,2,319.46000000000004,14.0,0.0,0.0,0.0,0.0,0.0,0.0,0.0,164.0,,Time trial,0.0,1.0,🟢  Plat/Sprint,0
2021-08-26,2021,tour-du-poitou-charentes-et-de-la-vienne,stage,3.0,TotalEnergies,0,2.1,,,0.0,,,,,,,0.0,53.0,53.0,0.0,0.0,3.0,23.8,21.5,2.07,0.0,0.0,0.0,22.3,1.42,0.0,0.0,0.21,0.0,0.324,0.0,0.0,110.0,145.0,129.0,74.0,0.0,0.0,0.0,0.0,0.0,0.0,0.0,0.0,0.0,0.0,0.3,-0.5,-0.16,41.0,-0.15,110.0,1,2,319.46000000000004,14.0,0.0,0.0,0.0,0.0,0.0,0.0,0.0,164.0,,Sprint of large group,25.0,1.0,🟢  Plat/Sprint,0
2021-08-27,2021,tour-du-poitou-charentes-et-de-la-vienne,stage,5.0,TotalEnergies,0,2.1,,,0.0,,,,,,,0.0,53.0,53.0,0.0,0.0,5.0,166.61,155.0,11.3,0.0,0.0,0.0,155.0,9.28,0.334,2.32,0.0,0.0,0.0,0.0,0.0,1131.0,1124.0,149.0,58.0,2.0,0.0,0.0,0.0,0.0,0.598,0.0,0.0,0.0,0.0,1.4,1.2,0.06,94.0,0.02,324.0,1,2,319.46000000000004,14.0,0.0,0.0,0.0,0.0,0.0,0.0,0.0,164.0,22.0,? km solo,0.0,1.0,🟢  Plat/Sprint,0
2021-08-28,2021,brussels-cycling-classic,result,,TotalEnergies,0,1.Pro,,,0.0,,,,,,,5.0,5.0,0.0,0.0,0.0,,205.5,140.0,47.4,8.21,0.402,0.0,95.0,27.3,11.9,54.7,9.31,0.795,9.84,0.718,0.0,1776.0,1833.0,148.0,17.0,3.0,0.0,0.0,0.0,0.0,0.7379,0.0,0.0,0.0,0.0,1.5,-0.07,0.02,82.0,0.03,455.0,0,2,319.46000000000004,200.0,4.299,0.004,2.195,0.0,0.0,0.0,0.0,213.0,18.0,11.3 km solo,0.0,1.0,🟢  Plat/Sprint,0
2021-08-29,2021,bretagne-classic,result,,TotalEnergies,0,1.UWT,,,0.0,,,,,,,56.0,56.0,0.0,0.0,0.0,,253.35,189.0,64.5,0.0,0.0,0.0,238.0,5.08,7.78,1.82,0.24,0.0,0.24,0.0,0.0,3610.0,3611.0,244.0,6.0,6.0,3.0,0.0,0.0,0.0,0.9715,0.6615,0.0,0.0,0.0,-2.1,0.07,0.64,82.0,0.16,747.0,1,2,319.46000000000004,400.0,0.0,0.0,0.0,0.0,0.0,0.0,0.0,647.0,21.0,Sprint à deux,0.0,2.0,⛰️  Moy. montagne,0
2021-09-03,2021,classic-grand-besancon-doubs,result,,TotalEnergies,0,1.1,,,0.0,,,,,,,5.0,5.0,0.0,0.0,0.0,,172.83,155.0,17.2,0.0,0.0,0.0,157.0,11.3,0.261,3.22,0.339,0.0,0.437,0.0,0.0,2165.0,2151.0,496.0,218.0,3.0,3.0,0.0,0.0,0.0,0.9489,0.8808,0.0,0.0,0.0,1.3,0.33,0.42,48.0,-0.01,691.0,0,2,319.46000000000004,125.0,0.0,0.0,0.0,0.0,0.0,0.0,0.0,174.0,,Sprint of small group,11.2,2.0,⛰️  Moy. montagne,0
2021-09-04,2021,tour-du-jura-cycliste,result,,TotalEnergies,0,1.1,,,0.0,,,,,,,0.0,0.0,0.0,0.0,0.0,,181.43,174.0,6.72,0.0,0.0,0.125,157.0,8.23,4.27,10.0,0.0,0.0,0.0,0.606,0.0,2684.0,2656.0,654.0,222.0,4.0,4.0,1.0,0.0,0.0,0.9717,0.9024,0.3077,0.0,0.0,-1.0,-1.03,-0.2,126.0,0.51,742.0,0,2,319.46000000000004,125.0,0.0,0.0,0.0,0.0,0.0,0.0,0.0,208.0,,Sprint of small group,12.2,2.0,⛰️  Moy. montagne,0
2021-09-05,2021,tour-du-doubs,result,,TotalEnergies,0,1.1,,,0.0,,,,,,,35.0,35.0,0.0,0.0,0.0,,201.25,193.0,7.03,0.0,0.0,0.0,180.0,2.36,17.3,0.797,0.324,0.0,0.749,0.0,0.0,2895.0,2983.0,1102.0,375.0,5.0,0.0,1.0,1.0,0.0,0.9717,0.9717,0.9717,0.9717,0.0,-0.8,-3.6,-4.52,51.0,0.1,880.0,0,1,177.15,125.0,0.0,0.0,0.0,0.0,0.0,0.0,0.0,194.0,22.0,Sprint of small group,12.2,2.0,⛰️  Moy. montagne,0
2021-09-12,2021,gp-de-fourmies,result,,TotalEnergies,0,1.Pro,,,0.0,,,,,,,5.0,5.0,0.0,0.0,0.0,,197.29,183.0,13.4,0.0,0.0,0.0,187.0,5.48,0.0,4.68,0.0,0.0,0.964,0.0,0.0,2163.6,2180.8,251.0,110.8,0.0,0.0,0.0,0.0,0.0,0.0,0.0,0.0,0.0,0.0,-8.56,-3.98,-1.59,48.2,0.21,578.0,0,0,0.0,200.0,0.0,0.0,0.0,0.0,0.0,0.0,0.0,223.0,19.0,Sprint of large group,19.2,2.0,⛰️  Moy. montagne,0
2021-09-14,2021,tour-de-luxembourg,stage,1.0,TotalEnergies,0,2.Pro,,,0.0,,,,,,,0.0,93.0,88.0,0.0,0.0,1.0,139.31,136.0,0.0,0.828,0.0,0.0,109.0,0.735,26.7,0.122,2.35,0.0,1.29,0.483,0.0,2004.0,1925.0,519.0,182.0,4.0,2.0,1.0,0.0,0.0,0.9997,0.9408,0.6373,0.0,0.0,1.8,3.67,1.58,172.0,0.45,749.0,1,0,0.0,20.0,0.0,0.0,0.0,0.0,0.0,0.0,0.0,407.0,21.0,Sprint of small group,20.2,2.0,⛰️  Moy. montagne,0
2021-09-15,2021,giro-di-toscana,result,,TotalEnergies,1,1.1,FIN,49.0,0.0,,,,,,,5.0,5.0,0.0,0.0,0.0,,193.08,190.0,2.57,0.0,0.0,0.0,154.0,0.245,38.4,0.0,0.0,0.0,0.0,0.0,0.0,2009.0,2006.0,638.0,7.0,1.0,2.0,2.0,0.0,0.0,0.8422,0.8422,0.8422,0.0,0.0,-0.1,-0.03,0.0,18.0,0.2,477.0,0,0,0.0,125.0,0.0,0.0,0.0,0.0,0.0,0.0,0.0,303.0,20.0,14.2 km solo,9.0,2.0,⛰️  Moy. montagne,0
2021-09-15,2021,gp-de-wallonie,result,,TotalEnergies,0,1.Pro,,,0.0,,,,,,,15.0,15.0,0.0,0.0,0.0,,209.65,191.0,18.5,0.196,0.0,0.0,131.0,19.0,33.5,25.7,0.0,0.0,0.0,0.0,0.0,2958.0,3049.0,531.0,82.0,7.0,6.0,0.0,0.0,0.0,0.9998,0.8897,0.0,0.0,0.0,4.6,3.63,2.12,145.0,0.01,908.0,0,0,0.0,200.0,0.0,0.0,0.0,0.0,0.0,0.0,0.0,282.0,18.0,Sprint of small group,9.0,2.0,⛰️  Moy. montagne,0
2021-09-15,2021,tour-de-luxembourg,stage,2.0,TotalEnergies,0,2.Pro,,,0.0,,,,,,,0.0,93.0,88.0,0.0,0.0,2.0,183.62,182.0,0.0,0.568,0.0,0.228,137.0,1.28,43.1,1.34,0.205,0.0,0.205,0.228,0.0,3302.0,3103.0,544.0,252.0,5.0,7.0,0.0,0.0,0.0,0.9949,0.9949,0.0,0.0,0.0,0.5,6.2,3.54,280.0,0.34,839.0,1,0,0.0,20.0,0.0,0.0,0.0,0.0,0.0,0.0,0.0,407.0,8.0,2.1 km solo,12.0,2.0,⛰️  Moy. montagne,0
2021-09-16,2021,tour-de-luxembourg,stage,3.0,TotalEnergies,0,2.Pro,,,0.0,,,,,,,0.0,93.0,88.0,0.0,0.0,3.0,188.74,188.0,0.436,0.0,0.0,0.0,122.0,2.65,56.6,5.43,0.0,0.0,0.0,2.56,0.0,2433.0,2345.0,408.0,139.0,6.0,4.0,0.0,0.0,0.0,0.9473,0.9473,0.0,0.0,0.0,1.6,0.87,0.44,167.0,0.05,403.0,1,1,193.08,20.0,0.0,0.0,0.0,0.0,0.0,0.0,0.0,407.0,18.0,Sprint of large group,30.6,2.0,⛰️  Moy. montagne,0
2021-09-16,2021,gp-citta-di-peccioli,result,,TotalEnergies,1,1.Pro,DNF,,0.0,,,,,,,133.0,133.0,0.0,0.0,0.0,,210.31,183.0,26.4,0.708,0.0,0.0,160.0,5.25,44.3,0.0,1.09,0.0,1.09,0.0,0.0,2671.0,2693.0,209.0,34.0,21.0,1.0,0.0,0.0,0.0,0.9998,0.1799,0.0,0.0,0.0,5.4,2.4,1.6,103.0,-0.18,539.0,0,1,193.08,200.0,0.135,0.0,0.0,0.0,0.0,0.0,0.0,276.0,24.0,Sprint à deux,5.0,2.0,⛰️  Moy. montagne,0
2021-09-17,2021,tour-de-luxembourg,stage,4.0,TotalEnergies,0,2.Pro,,,0.0,,,,,,,0.0,93.0,88.0,0.0,0.0,4.0,25.35,23.9,1.38,0.0,0.0,0.0,6.19,4.74,14.3,0.123,0.0,0.0,0.0,0.0,0.0,287.0,286.0,403.0,275.0,1.0,0.0,0.0,0.0,0.0,0.5276,0.0,0.0,0.0,0.0,0.5,-0.83,0.08,89.0,0.0,287.0,1,2,403.39,20.0,0.0,0.0,0.0,0.0,0.0,0.0,0.0,407.0,,Time trial,11.0,1.0,🟢  Plat/Sprint,0
2021-09-17,2021,kampioenschap-van-vlaanderen1,result,,TotalEnergies,0,1.1,,,0.0,,,,,,,50.0,50.0,0.0,0.0,0.0,,195.28,100.0,96.4,0.0,0.0,0.0,70.9,18.9,5.46,102.0,0.0,0.0,0.0,0.0,0.0,656.0,664.0,45.0,23.0,0.0,0.0,0.0,0.0,0.0,0.0,0.0,0.0,0.0,0.0,0.4,0.3,0.08,52.0,-0.0,168.0,0,2,403.39,125.0,0.0,0.0,0.0,0.0,0.0,0.0,0.0,220.0,,Sprint of large group,1.0,1.0,🟢  Plat/Sprint,0
2021-09-18,2021,tour-de-luxembourg,stage,5.0,TotalEnergies,0,2.Pro,,,0.0,,,,,,,5.0,93.0,88.0,0.0,0.0,5.0,182.93,182.0,0.18,0.435,0.494,0.0,106.0,3.82,69.6,1.67,0.454,0.0,0.579,1.12,0.439,3298.0,3198.0,517.0,188.0,10.0,4.0,1.0,0.0,0.0,0.9726,0.7101,0.7101,0.0,0.0,-0.7,0.17,-1.02,198.0,0.29,922.0,1,2,403.39,20.0,0.0,0.0,0.0,0.0,0.0,0.0,0.0,407.0,18.0,0.4 km solo,38.2,2.0,⛰️  Moy. montagne,0
2021-09-18,2021,memorial-marco-pantani,result,,TotalEnergies,1,1.1,DNF,,0.0,,,,,,,43.0,43.0,0.0,0.0,0.0,,199.05,177.0,16.7,0.0,0.0,0.0,178.0,11.5,3.09,0.958,5.58,0.0,4.99,0.531,0.0,2860.0,2928.0,448.0,-1.0,1.0,2.0,4.0,0.0,0.0,0.8143,0.7274,0.7274,0.0,0.0,0.0,0.0,0.0,2.0,0.11,743.0,0,2,403.39,125.0,0.0,0.0,0.0,0.0,0.0,0.0,0.0,232.0,25.0,Sprint of small group,30.6,2.0,⛰️  Moy. montagne,0
2021-09-19,2021,trofeo-matteotti,result,,TotalEnergies,1,1.1,FIN,49.0,0.0,,,,,,,85.0,85.0,0.0,0.0,0.0,,193.63,192.0,1.15,0.111,0.0,0.0,167.0,8.62,0.0,16.8,0.0,0.0,0.0,1.6,0.0,2508.0,2510.0,142.0,1.0,13.0,0.0,0.0,0.0,0.0,0.9507,0.0,0.0,0.0,0.0,0.2,-1.97,-2.38,276.0,0.17,675.0,0,3,602.44,125.0,0.0,0.0,0.0,0.0,0.0,0.0,0.0,150.0,28.0,5 km solo,36.2,2.0,⛰️  Moy. montagne,0
2021-09-19,2021,gp-d-isbergues,result,,TotalEnergies,0,1.1,,,0.0,,,,,,,6.0,6.0,0.0,0.0,0.0,,200.89,133.0,67.4,0.0,0.0,0.0,107.0,57.6,34.5,1.29,0.0,0.0,0.0,0.0,0.0,1039.0,1039.0,106.0,16.0,2.0,0.0,0.0,0.0,0.0,0.4527,0.0,0.0,0.0,0.0,-0.8,-0.33,0.04,29.0,0.11,257.0,0,3,602.44,125.0,0.0,0.0,0.0,0.0,0.0,0.0,0.0,212.0,,Sprint of large group,11.0,1.0,🟢  Plat/Sprint,0
2021-09-21,2021,gp-de-denain,result,,TotalEnergies,0,1.Pro,,,0.0,,,,,,,5.0,5.0,0.0,0.0,0.0,,200.86,170.0,9.82,19.5,0.441,1.24,162.0,13.8,7.56,12.9,0.0,0.0,0.0,3.92,0.0,1177.0,1177.0,114.0,20.0,1.0,0.0,0.0,0.0,0.0,0.31,0.0,0.0,0.0,0.0,-0.7,-0.13,-0.18,37.0,0.07,235.0,0,4,796.07,200.0,10.016,0.618,1.747,0.36,0.0,0.0,0.0,261.0,17.0,Sprint of large group,12.2,1.0,🟢  Plat/Sprint,0
2021-09-26,2021,paris-chauny-classique,result,,TotalEnergies,0,1.1,,,0.0,,,,,,,6.0,6.0,0.0,0.0,0.0,,201.94,192.0,9.55,0.0,0.0,0.0,181.0,6.37,10.9,3.87,0.208,0.0,0.338,0.0,0.0,1834.0,1822.0,206.0,32.0,6.0,1.0,0.0,0.0,0.0,0.7673,0.4744,0.0,0.0,0.0,0.3,-0.3,-0.26,30.0,0.01,340.0,0,4,796.07,125.0,0.0,0.0,0.0,0.0,0.0,0.0,0.0,200.0,,Sprint of small group,53.2,2.0,⛰️  Moy. montagne,0
2021-09-29,2021,circuit-franco-belge,result,,TotalEnergies,0,1.Pro,,,0.0,,,,,,,6.0,6.0,0.0,0.0,0.0,,,,,,,,,,,,,,,,,,,,,0.0,0.0,0.0,0.0,0.0,,,,,,,,,,,,0,4,796.07,,,,,,,,,352.0,14.0,Sprint of small group,,,,0
2021-10-01,2021,route-adelie-de-vitre,result,,TotalEnergies,0,1.1,,,0.0,,,,,,,5.0,5.0,0.0,0.0,0.0,,197.77,168.0,30.5,0.0,0.0,0.0,166.0,7.28,15.3,9.0,0.0,0.0,0.0,0.0,0.0,2496.0,2498.0,123.0,67.0,0.0,0.0,0.0,0.0,0.0,0.0,0.0,0.0,0.0,0.0,-0.7,-0.23,-0.56,97.0,-0.0,608.0,0,4,796.07,125.0,0.0,0.0,0.0,0.0,0.0,0.0,0.0,156.0,17.0,Sprint of large group,13.2,1.0,🟢  Plat/Sprint,0
2021-10-02,2021,giro-dell-emilia,result,,TotalEnergies,1,1.Pro,DNF,,0.0,,,,,,,5.0,5.0,0.0,0.0,0.0,,194.31,188.0,1.06,5.15,0.0,0.0,150.0,0.628,33.6,8.71,0.217,0.0,0.247,1.03,0.0,3329.0,3135.0,884.0,38.0,1.0,9.0,1.0,0.0,1.0,0.999,0.999,0.6166,0.3539,0.3539,7.8,5.97,1.82,201.0,0.5,371.0,0,4,796.07,200.0,4.51,0.0,2.37,0.0,0.902,0.0,0.0,777.0,22.0,0.3 km solo,0.0,3.0,🏔️  Haute montagne,0
2021-10-02,2021,classic-loire-atlantique,result,,TotalEnergies,0,1.1,,,0.0,,,,,,,35.0,35.0,0.0,0.0,0.0,,184.26,163.0,20.7,0.0,0.0,0.0,147.0,29.3,0.0,7.77,0.0,0.0,0.0,0.0,0.0,2419.0,2420.0,56.0,7.0,0.0,0.0,0.0,0.0,0.0,0.0,0.0,0.0,0.0,0.0,-1.2,-0.1,0.42,114.0,-0.02,644.0,0,4,796.07,125.0,0.0,0.0,0.0,0.0,0.0,0.0,0.0,132.0,,Sprint of small group,13.2,1.0,🟢  Plat/Sprint,0
2021-10-03,2021,paris-roubaix,result,,TotalEnergies,0,1.UWT,,,0.0,,,,,,,80.0,80.0,0.0,0.0,0.0,,257.21,201.0,2.39,51.3,0.756,1.32,172.0,10.8,45.9,17.9,0.9,0.0,0.996,9.52,0.313,1304.0,1331.0,161.0,15.0,1.0,0.0,0.0,0.0,0.0,0.2563,0.0,0.0,0.0,0.0,-0.3,-0.57,-0.08,27.0,0.08,302.0,1,5,990.38,500.0,14.386,0.0,6.337,0.0,1.499,0.0,0.0,982.0,13.0,Sprint of small group,10.2,1.0,🟢  Plat/Sprint,0
2021-10-04,2021,coppa-bernocchi,result,,TotalEnergies,1,1.Pro,DNF,,0.0,,,,,,,40.0,40.0,0.0,0.0,0.0,,196.97,188.0,8.3,0.44,0.0,0.0,161.0,8.99,24.8,1.45,0.0,0.253,0.192,0.0,0.0,2050.0,2065.0,392.0,174.0,0.0,6.0,0.0,0.0,0.0,0.7167,0.7167,0.0,0.0,0.0,-0.2,-0.37,-0.1,17.0,0.17,242.0,0,5,990.38,200.0,0.0,0.0,0.0,0.0,0.0,0.0,0.0,396.0,17.0,31.5 km solo,27.8,2.0,⛰️  Moy. montagne,0
2021-10-05,2021,tre-valli-varesine,result,,TotalEnergies,1,1.Pro,DNF,,0.0,,,,,,,5.0,5.0,0.0,0.0,0.0,,194.59,182.0,6.85,0.851,0.0,0.0,110.0,31.4,31.7,15.9,0.0,0.851,0.243,0.277,0.1,3464.0,3313.0,481.0,224.0,2.0,12.0,0.0,0.0,0.0,0.9954,0.9505,0.0,0.0,0.0,-0.6,2.7,0.54,128.0,0.15,503.0,0,6,1187.35,200.0,0.08,0.0,0.0,0.0,0.0,0.0,0.0,596.0,16.0,Sprint à deux,27.2,2.0,⛰️  Moy. montagne,0
2021-10-05,2021,memorial-frank-vandenbroucke,result,,TotalEnergies,0,1.1,,,0.0,,,,,,,0.0,0.0,0.0,0.0,0.0,,201.76,183.0,13.2,4.93,0.0,0.0,89.4,7.09,93.6,11.4,0.0,0.0,0.643,0.0,0.0,1992.6,2024.0,289.8,54.4,0.0,0.0,0.0,0.0,0.0,0.0,0.0,0.0,0.0,0.0,-2.16,-1.07,-1.42,27.4,0.3,652.4,1,6,1187.35,125.0,0.0,0.0,0.0,0.0,0.0,0.0,0.0,218.0,12.0,0.8 km solo,35.8,2.0,⛰️  Moy. montagne,0
2021-10-07,2021,paris-bourges,result,,TotalEnergies,0,1.1,,,0.0,,,,,,,73.0,73.0,0.0,0.0,0.0,,194.11,191.0,3.29,0.0,0.0,0.0,173.0,0.595,15.8,4.66,0.287,0.0,0.397,0.0,0.0,2013.0,2010.0,391.0,124.0,5.0,1.0,0.0,0.0,0.0,0.7979,0.7979,0.0,0.0,0.0,-0.1,-0.73,-0.1,35.0,0.2,321.0,0,7,1381.94,125.0,0.0,0.0,0.0,0.0,0.0,0.0,0.0,267.0,16.0,Sprint of large group,27.2,2.0,⛰️  Moy. montagne,0
2021-10-09,2021,tour-de-vendee,result,,TotalEnergies,0,1.1,,,0.0,,,,,,,51.0,51.0,0.0,0.0,0.0,,199.83,150.0,49.5,0.0,0.0,0.0,173.0,10.6,6.39,9.04,0.361,0.0,0.367,0.0,0.0,2111.0,2194.0,257.0,25.0,2.0,0.0,0.0,0.0,0.0,0.1381,0.0,0.0,0.0,0.0,1.8,-0.17,-0.12,64.0,-0.1,505.0,0,7,1381.94,125.0,0.0,0.0,0.0,0.0,0.0,0.0,0.0,106.0,19.0,Sprint of small group,26.2,1.0,🟢  Plat/Sprint,0
2021-10-10,2021,paris-tours,result,,TotalEnergies,0,1.Pro,,,0.0,,,,,,,8.0,8.0,0.0,0.0,0.0,,213.05,182.0,21.1,0.0,6.56,2.33,180.0,10.5,7.07,6.36,0.675,0.0,0.675,7.97,0.0,1267.0,1356.0,213.0,40.0,1.0,0.0,0.0,0.0,0.0,0.317,0.0,0.0,0.0,0.0,0.3,0.03,0.02,21.0,0.03,175.0,1,7,1381.94,200.0,0.0,2.716,0.0,0.822,0.0,0.0,0.0,457.0,17.0,Sprint of small group,35.2,1.0,🟢  Plat/Sprint,0
2021-10-16,2021,gp-de-plumelec,result,,TotalEnergies,0,1.Pro,,,0.0,,,,,,,30.0,30.0,0.0,0.0,0.0,,176.02,157.0,18.3,0.0,0.0,0.0,156.0,1.93,14.4,3.2,0.0,0.0,0.0,0.0,0.0,1926.0,1875.0,143.0,1.0,9.0,0.0,0.0,0.0,0.0,0.9977,0.0,0.0,0.0,0.0,-1.0,-0.3,0.98,141.0,0.13,435.0,0,6,1188.86,200.0,0.0,0.0,0.0,0.0,0.0,0.0,0.0,124.0,17.0,Sprint of large group,24.8,2.0,⛰️  Moy. montagne,0
2021-10-17,2021,ncgreat-britain,result,,TotalEnergies,0,NC,,,0.0,,,,,,,0.0,0.0,0.0,0.0,0.0,,,,,,,,,,,,,,,,,,,,,0.0,0.0,0.0,0.0,0.0,,,,,,,,,,,,0,5,978.55,,,,,,,,,102.0,,-,,,,0
2021-10-17,2021,chrono-des-nations,result,,TotalEnergies,0,1.1,,,0.0,,,,,,,36.0,36.0,0.0,0.0,0.0,,44.65,44.1,0.499,0.0,0.0,0.0,43.4,0.499,0.131,0.557,0.0,0.0,0.0,0.0,0.0,322.0,307.0,150.0,69.0,0.0,0.0,0.0,0.0,0.0,0.0,0.0,0.0,0.0,0.0,0.6,-0.17,-0.06,44.0,0.03,322.0,0,5,978.55,125.0,0.0,0.0,0.0,0.0,0.0,0.0,0.0,79.0,,Time trial,,0.0,⏱️  CLM,0
2021-10-17,2021,boucles-de-l-aulne,result,,TotalEnergies,0,1.1,,,0.0,,,,,,,106.0,106.0,0.0,0.0,0.0,,178.87,167.0,10.9,0.616,0.0,0.0,118.0,8.64,52.4,0.0,0.0,0.0,0.0,0.0,0.0,2749.0,2752.0,212.0,5.0,16.0,3.0,0.0,0.0,0.0,0.9621,0.5546,0.0,0.0,0.0,3.0,-0.1,-0.94,56.0,-0.07,737.0,0,5,978.55,125.0,0.369,0.0,0.185,0.0,0.123,0.0,0.0,116.0,18.0,7 km solo,29.6,2.0,⛰️  Moy. montagne,0
2022-01-23,2022,gp-de-valence,result,,TotalEnergies,0,1.2,,,0.0,,,,,,,25.0,25.0,0.0,0.0,0.0,,174.71,173.0,0.563,0.0,0.0,0.0,113.0,1.01,59.6,0.446,0.488,0.0,0.634,0.0,0.0,1605.0,1831.0,627.0,0.0,3.0,0.0,2.0,0.0,0.0,0.6279,0.6279,0.6279,0.0,0.0,0.4,0.17,0.04,16.0,-0.33,872.0,0,0,0.0,40.0,0.0,0.0,0.0,0.0,0.0,0.0,0.0,59.0,,Sprint of large group,42.8,2.0,⛰️  Moy. montagne,0
2022-01-30,2022,gp-d-ouverture,result,,TotalEnergies,0,1.1,,,0.0,,,,,,,60.0,60.0,0.0,0.0,0.0,,177.12,175.0,1.37,0.0,0.0,0.0,138.0,0.73,33.7,4.2,0.409,0.0,0.409,0.0,0.0,2921.0,3053.0,730.0,27.0,3.0,5.0,2.0,0.0,0.0,0.9622,0.9622,0.7881,0.0,0.0,-0.9,-0.97,-1.26,314.0,0.3,799.0,0,0,0.0,125.0,0.0,0.0,0.0,0.0,0.0,0.0,0.0,302.0,,Sprint of large group,47.8,2.0,⛰️  Moy. montagne,0
2022-02-01,2022,alula-tour,stage,1.0,TotalEnergies,0,2.1,,,0.0,,,,,,,0.0,70.0,70.0,0.0,0.0,1.0,196.85,189.0,0.0,0.0,0.0,6.91,120.0,7.54,69.2,0.0,0.427,0.0,0.63,0.0,0.0,1117.0,1149.0,1132.0,735.0,1.0,0.0,1.0,0.0,0.0,0.2416,0.2416,0.2416,0.0,0.0,-0.2,0.1,-0.18,88.0,0.56,494.0,1,0,0.0,14.0,0.0,6.937,0.0,5.431,0.0,0.0,0.0,196.0,,Sprint of large group,35.8,1.0,🟢  Plat/Sprint,0
2022-02-02,2022,alula-tour,stage,2.0,TotalEnergies,0,2.1,,,0.0,,,,,,,0.0,70.0,70.0,0.0,0.0,2.0,162.69,159.0,0.0,0.0,3.32,0.0,162.0,0.0,0.0,0.0,0.348,0.0,0.348,0.0,0.0,1669.0,1090.0,1273.0,606.0,1.0,2.0,0.0,1.0,0.0,0.9991,0.9991,0.9991,0.9991,0.0,7.5,4.97,3.12,354.0,0.57,561.0,1,0,0.0,14.0,0.0,0.0,0.0,0.0,0.0,0.0,0.0,196.0,,0.15 km solo,1.0,3.0,🏔️  Haute montagne,0
2022-02-02,2022,etoile-de-besseges,stage,1.0,TotalEnergies,0,2.1,,,0.0,,,,,,,3.0,119.0,116.0,0.0,0.0,1.0,157.9,156.0,1.23,0.0,0.0,0.0,112.0,3.89,40.7,0.0,0.395,0.0,1.2,0.996,0.0,537.0,479.0,71.0,-1.0,0.0,0.0,0.0,0.0,0.0,0.0,0.0,0.0,0.0,0.0,5.8,1.87,1.06,81.0,0.0,175.0,0,0,0.0,14.0,0.0,0.0,0.0,0.0,0.0,0.0,0.0,367.0,,Sprint of large group,34.8,1.0,🟢  Plat/Sprint,0
2022-02-03,2022,alula-tour,stage,3.0,TotalEnergies,0,2.1,,,0.0,,,,,,,0.0,70.0,70.0,0.0,0.0,3.0,181.26,179.0,0.306,0.0,0.0,0.0,62.1,0.414,117.0,0.0,1.8,0.0,1.2,0.0,0.0,839.0,1015.0,1132.0,694.0,1.0,1.0,0.0,0.0,0.0,0.7423,0.6173,0.0,0.0,0.0,0.8,-0.23,-0.46,51.0,0.16,215.0,1,0,0.0,14.0,0.0,0.0,0.0,0.0,0.0,0.0,0.0,196.0,,Sprint of large group,28.4,1.0,🟢  Plat/Sprint,0
2022-02-03,2022,etoile-de-besseges,stage,2.0,TotalEnergies,0,2.1,,,0.0,,,,,,,0.0,119.0,116.0,0.0,0.0,2.0,156.16,155.0,1.06,0.0,0.0,0.0,130.0,0.946,24.9,0.639,0.0,0.0,0.0,0.0,0.0,1702.0,1519.0,524.0,87.0,2.0,0.0,2.0,0.0,0.0,0.9994,0.8424,0.8424,0.0,0.0,8.5,3.03,1.36,200.0,0.32,540.0,0,0,0.0,14.0,0.0,0.0,0.0,0.0,0.0,0.0,0.0,367.0,,Sprint of large group,58.8,2.0,⛰️  Moy. montagne,0
2022-02-04,2022,etoile-de-besseges,stage,3.0,TotalEnergies,0,2.1,,,0.0,,,,,,,0.0,119.0,116.0,0.0,0.0,3.0,155.57,145.0,9.03,0.0,0.0,0.0,144.0,0.873,8.9,0.0,2.12,0.0,2.12,0.0,0.0,2051.0,2078.0,557.0,110.0,3.0,4.0,1.0,0.0,0.0,0.9325,0.9325,0.2752,0.0,0.0,0.6,0.13,-0.22,241.0,0.08,896.0,0,0,0.0,14.0,0.0,0.0,0.0,0.0,0.0,0.0,0.0,367.0,,3 km solo,44.2,2.0,⛰️  Moy. montagne,0
2022-02-04,2022,alula-tour,stage,4.0,TotalEnergies,0,2.1,,,0.0,,,,,,,0.0,70.0,70.0,0.0,0.0,4.0,149.01,138.0,11.2,0.0,0.0,0.0,57.6,6.47,84.8,0.0,0.45,0.0,0.45,0.0,0.0,1300.0,824.0,1228.0,572.0,2.0,0.0,0.0,1.0,0.0,0.9578,0.9578,0.9578,0.9578,0.0,-1.8,-1.2,-1.24,512.0,-0.15,170.0,1,0,0.0,14.0,0.0,0.0,0.0,0.0,0.0,0.0,0.0,196.0,,9.2 km solo,12.4,1.0,🟢  Plat/Sprint,0
2022-02-05,2022,alula-tour,stage,5.0,TotalEnergies,0,2.1,,,0.0,,,,,,,0.0,70.0,70.0,0.0,0.0,5.0,139.51,132.0,4.72,0.0,0.0,0.0,52.3,2.78,82.6,0.0,2.54,0.241,3.39,0.0,0.0,759.0,819.0,830.0,517.0,2.0,1.0,0.0,0.0,0.0,0.9182,0.58,0.0,0.0,0.0,0.7,-0.3,-0.48,62.0,-0.41,201.0,1,0,0.0,14.0,0.0,0.0,0.0,0.0,0.0,0.0,0.0,196.0,,Sprint of large group,2.2,1.0,🟢  Plat/Sprint,0
2022-02-05,2022,etoile-de-besseges,stage,4.0,TotalEnergies,0,2.1,,,0.0,,,,,,,0.0,119.0,116.0,0.0,0.0,4.0,146.62,140.0,5.94,0.0,0.238,0.0,122.0,0.347,22.4,1.99,0.0,0.0,0.0,0.238,0.0,1817.0,1323.0,617.0,33.0,1.0,2.0,1.0,0.0,0.0,0.9992,0.9992,0.9992,0.0,0.0,10.1,10.23,8.32,618.0,-0.17,361.0,0,0,0.0,14.0,0.0,0.0,0.0,0.0,0.0,0.0,0.0,367.0,,Sprint of small group,1.0,3.0,🏔️  Haute montagne,0
2022-02-06,2022,etoile-de-besseges,stage,5.0,TotalEnergies,0,2.1,,,0.0,,,,,,,0.0,119.0,116.0,0.0,0.0,5.0,11.05,10.7,0.0,0.0,0.0,0.0,9.84,0.276,0.235,0.401,0.133,0.0,0.133,0.0,0.0,170.0,13.0,286.0,120.0,0.0,1.0,0.0,0.0,0.0,0.9947,0.9947,0.0,0.0,0.0,7.0,5.23,3.26,170.0,1.42,170.0,0,0,0.0,14.0,0.0,0.0,0.0,0.0,0.0,0.0,0.0,367.0,,Time trial,0.6,1.0,🟢  Plat/Sprint,0
2022-02-10,2022,tour-cycliste-international-la-provence,prologue,,TotalEnergies,0,2.Pro,,,0.0,,,,,,,0.0,93.0,93.0,0.0,0.0,,7.23,6.32,0.25,0.0,0.0,0.0,5.94,0.149,0.0,0.383,0.38,0.0,0.584,0.212,0.0,14.0,14.0,6.0,0.0,0.0,0.0,0.0,0.0,0.0,0.0,0.0,0.0,0.0,0.0,0.0,0.0,-0.1,7.0,0.0,14.0,0,0,0.0,20.0,0.0,0.0,0.0,0.0,0.0,0.0,0.0,,,,36.0,0.0,⏱️  CLM,0
2022-02-11,2022,tour-cycliste-international-la-provence,stage,1.0,TotalEnergies,0,2.Pro,,,0.0,,,,,,,0.0,93.0,93.0,0.0,0.0,1.0,152.1,152.0,0.201,0.0,0.0,0.0,130.0,1.59,18.8,1.28,0.0,0.0,0.0,0.0,0.0,323.0,360.0,188.0,-2.0,0.0,1.0,0.0,0.0,0.0,0.2283,0.2283,0.0,0.0,0.0,0.1,0.03,0.02,9.0,-0.06,276.0,0,0,0.0,20.0,0.0,0.0,0.0,0.0,0.0,0.0,0.0,318.0,,Sprint of small group,0.6,1.0,🟢  Plat/Sprint,0
2022-02-12,2022,tour-cycliste-international-la-provence,stage,2.0,TotalEnergies,0,2.Pro,,,0.0,,,,,,,0.0,93.0,93.0,0.0,0.0,2.0,181.13,180.0,0.0,0.0,0.0,0.0,146.0,1.76,27.7,4.96,0.856,0.0,0.767,0.0,0.0,2200.0,1785.0,695.0,0.0,4.0,2.0,0.0,1.0,0.0,0.9046,0.8303,0.8303,0.8303,0.0,4.1,2.17,0.26,104.0,0.21,409.0,0,0,0.0,20.0,0.0,0.0,0.0,0.0,0.0,0.0,0.0,318.0,,Sprint of small group,38.2,2.0,⛰️  Moy. montagne,0
2022-02-13,2022,clasica-de-almeria,result,,TotalEnergies,1,1.Pro,FIN,59.0,0.0,,,,,,,30.0,30.0,0.0,0.0,0.0,,187.77,166.0,7.97,0.0,1.32,0.0,156.0,2.48,15.8,0.204,12.7,0.0,12.7,0.372,0.0,1703.0,1747.0,526.0,-1.0,1.0,0.0,2.0,0.0,0.0,0.7577,0.5458,0.5458,0.0,0.0,0.3,-0.1,0.0,10.0,0.54,643.0,1,0,0.0,200.0,0.0,0.0,0.0,0.0,0.0,0.0,0.0,225.0,,Sprint of large group,17.0,2.0,⛰️  Moy. montagne,0
2022-02-13,2022,tour-cycliste-international-la-provence,stage,3.0,TotalEnergies,0,2.Pro,,,0.0,,,,,,,0.0,93.0,93.0,0.0,0.0,3.0,166.14,165.0,0.408,0.0,0.0,0.0,148.0,0.4,17.0,0.0,0.0,0.0,0.0,0.0,0.0,3223.0,2059.0,1567.0,403.0,5.0,1.0,2.0,0.0,1.0,0.9998,0.9998,0.9998,0.9998,0.9998,6.9,7.07,7.1,383.0,0.89,1047.0,0,0,0.0,20.0,0.0,0.0,0.0,0.0,0.0,0.0,0.0,318.0,,3.4 km solo,1.0,3.0,🏔️  Haute montagne,0
2022-02-16,2022,ruta-del-sol,stage,1.0,TotalEnergies,1,2.Pro,FIN,18.0,0.0,2.0,150.0,,,,,0.0,150.0,150.0,0.0,0.0,1.0,200.46,197.0,3.78,0.0,0.0,0.0,183.0,0.715,16.5,0.0,0.0,0.0,0.0,0.0,0.0,3460.0,3369.0,1102.0,250.0,3.0,3.0,2.0,0.0,1.0,0.9999,0.9233,0.9233,0.1449,0.1449,7.9,0.1,-2.72,104.0,0.05,1167.0,1,1,187.77,20.0,0.0,0.0,0.0,0.0,0.0,0.0,0.0,421.0,,Sprint of small group,18.0,2.0,⛰️  Moy. montagne,0
2022-02-17,2022,ruta-del-sol,stage,2.0,TotalEnergies,1,2.Pro,FIN,10.0,0.0,2.0,150.0,,,,,0.0,150.0,150.0,0.0,0.0,2.0,151.44,144.0,7.93,0.0,0.0,0.0,115.0,0.444,36.3,0.0,0.147,0.0,0.147,0.0,0.0,2986.0,2681.0,1051.0,421.0,4.0,2.0,4.0,0.0,0.0,0.9997,0.9997,0.9997,0.0,0.0,8.2,5.83,2.0,176.0,0.13,979.0,1,2,388.23,20.0,0.0,0.0,0.0,0.0,0.0,0.0,0.0,421.0,,0.5 km solo,1.0,3.0,🏔️  Haute montagne,0
2022-02-18,2022,tour-des-alpes-maritimes,stage,1.0,TotalEnergies,0,2.1,,,0.0,,,,,,,5.0,43.0,38.0,0.0,0.0,1.0,176.72,176.0,0.0,0.0,0.0,0.0,124.0,1.26,48.8,1.45,0.0,0.0,0.73,0.0,0.0,1937.0,1954.0,535.0,1.0,0.0,3.0,1.0,0.0,0.0,0.9355,0.9355,0.4254,0.0,0.0,-1.1,-0.17,-0.24,29.0,0.65,461.0,0,3,539.6700000000001,14.0,0.0,0.0,0.0,0.0,0.0,0.0,0.0,292.0,,Sprint of large group,6.0,2.0,⛰️  Moy. montagne,0
2022-02-18,2022,ruta-del-sol,stage,3.0,TotalEnergies,1,2.Pro,FIN,12.0,0.0,2.0,150.0,,,,,0.0,150.0,150.0,0.0,0.0,3.0,153.35,151.0,2.28,0.0,0.0,0.0,148.0,2.28,2.85,0.0,0.0,0.0,0.0,0.0,0.0,2873.0,2597.0,1047.0,433.0,4.0,4.0,2.0,0.0,0.0,0.9499,0.8845,0.7752,0.0,0.0,2.1,2.03,0.66,61.0,0.74,1210.0,1,3,539.6700000000001,20.0,0.0,0.0,0.0,0.0,0.0,0.0,0.0,421.0,,1.1 km solo,6.0,2.0,⛰️  Moy. montagne,0
2022-02-19,2022,ruta-del-sol,stage,4.0,TotalEnergies,1,2.Pro,FIN,6.0,0.0,2.0,150.0,,,,,0.0,150.0,150.0,0.0,0.0,4.0,169.53,161.0,0.0,0.151,3.51,0.0,159.0,2.21,0.243,0.0,4.83,0.0,3.83,3.51,0.0,2987.0,2821.0,1481.0,668.0,2.0,1.0,2.0,0.0,1.0,0.9669,0.9669,0.8443,0.1786,0.1786,1.1,-1.57,-2.72,42.0,0.8,1282.0,1,4,693.0200000000001,20.0,0.0,0.0,0.0,0.0,0.0,0.0,0.0,421.0,,Sprint à deux,7.0,2.0,⛰️  Moy. montagne,0
2022-02-19,2022,tour-des-alpes-maritimes,stage,2.0,TotalEnergies,0,2.1,,,0.0,,,,,,,0.0,43.0,38.0,0.0,0.0,2.0,150.2,146.0,3.12,0.0,0.0,0.0,129.0,1.52,5.78,13.2,0.598,0.0,0.702,0.0,0.0,2663.0,3006.0,1020.0,59.0,0.0,2.0,2.0,1.0,0.0,0.9879,0.9879,0.9879,0.3317,0.0,-1.3,-1.3,-0.66,108.0,0.35,960.0,0,4,693.0200000000001,14.0,0.0,0.0,0.0,0.0,0.0,0.0,0.0,292.0,,Sprint à deux,7.0,2.0,⛰️  Moy. montagne,0
2022-02-20,2022,tour-des-alpes-maritimes,stage,3.0,TotalEnergies,0,2.1,,,0.0,,,,,,,0.0,43.0,38.0,0.0,0.0,3.0,112.83,112.0,0.0,0.0,0.0,0.0,87.9,2.13,10.9,11.2,0.375,0.0,0.0,0.0,0.0,2581.0,2524.0,998.0,5.0,1.0,1.0,2.0,0.0,1.0,0.9473,0.9473,0.7183,0.7183,0.7183,-1.4,-2.2,-3.58,0.0,0.7,1178.0,0,5,862.5500000000001,14.0,0.0,0.0,0.0,0.0,0.0,0.0,0.0,292.0,,? km solo,1.0,2.0,⛰️  Moy. montagne,0
2022-02-20,2022,ruta-del-sol,stage,5.0,TotalEnergies,1,2.Pro,FIN,16.0,0.0,2.0,150.0,,,,,0.0,150.0,150.0,0.0,0.0,5.0,146.63,137.0,8.11,0.432,0.145,0.0,117.0,3.15,25.6,0.0,0.989,0.0,0.989,0.145,0.0,2899.0,2487.0,1163.0,407.0,0.0,1.0,3.0,1.0,0.0,0.9997,0.9997,0.9997,0.2683,0.0,8.0,6.73,5.72,296.0,0.18,1130.0,1,5,862.5500000000001,20.0,0.0,0.0,0.0,0.0,0.0,0.0,0.0,421.0,,3.4 km solo,1.0,3.0,🏔️  Haute montagne,0
2022-02-26,2022,omloop-het-nieuwsblad,result,,TotalEnergies,0,1.UWT,,,0.0,,,,,,,14.0,14.0,0.0,0.0,0.0,,204.29,108.0,77.4,18.9,0.0,0.0,67.0,49.8,5.73,69.9,0.187,0.186,0.399,0.174,0.0,1653.0,1655.0,107.0,7.0,4.0,0.0,0.0,0.0,0.0,0.9261,0.0,0.0,0.0,0.0,-0.3,-0.63,-0.66,84.0,0.14,354.0,1,6,1009.18,300.0,4.477,0.0,1.663,0.0,0.024,0.0,0.0,732.0,,13 km solo,0.0,1.0,🟢  Plat/Sprint,0
2022-02-26,2022,faun-ardeche-classic,result,,TotalEnergies,0,1.Pro,,,0.0,,,,,,,63.0,63.0,0.0,0.0,0.0,,171.76,161.0,10.1,0.0,0.0,0.0,125.0,0.0,32.4,13.2,0.433,0.0,0.0,0.0,0.0,3161.0,3198.0,685.0,105.0,3.0,4.0,3.0,0.0,0.0,0.959,0.959,0.872,0.0,0.0,0.1,0.03,-3.04,7.0,0.06,911.0,0,6,1009.18,200.0,0.0,0.0,0.0,0.0,0.0,0.0,0.0,453.0,,24.2 km solo,1.0,2.0,⛰️  Moy. montagne,0
2022-02-27,2022,kuurne-brussel-kuurne,result,,TotalEnergies,0,1.Pro,,,0.0,,,,,,,73.0,73.0,0.0,0.0,0.0,,195.03,127.0,61.1,6.15,0.0,0.0,87.7,22.2,12.8,62.5,0.423,0.0,0.597,0.0,0.0,1814.0,1813.0,162.0,8.0,7.0,0.0,0.0,0.0,0.0,0.6932,0.0,0.0,0.0,0.0,-0.2,0.07,0.06,27.0,0.16,339.0,1,6,1009.18,200.0,1.051,0.0,0.225,0.0,0.147,0.0,0.0,718.0,,Sprint of large group,2.8,1.0,🟢  Plat/Sprint,0
2022-02-27,2022,la-drome-classic,result,,TotalEnergies,0,1.Pro,,,0.0,,,,,,,110.0,110.0,0.0,0.0,0.0,,192.92,167.0,23.6,0.0,0.0,0.0,150.0,9.57,25.6,5.78,2.3,0.0,2.46,0.0,0.0,2371.0,2377.0,516.0,111.0,4.0,2.0,1.0,0.0,0.0,0.8867,0.8365,0.7559,0.0,0.0,5.1,2.07,1.02,79.0,-0.01,462.0,0,6,1009.18,200.0,0.0,0.0,0.0,0.0,0.0,0.0,0.0,461.0,,0.5 km solo,13.6,2.0,⛰️  Moy. montagne,0
2022-03-01,2022,gp-samyn,result,,TotalEnergies,0,1.1,,,0.0,,,,,,,35.0,35.0,0.0,0.0,0.0,,207.89,148.0,43.9,15.1,0.106,0.0,131.0,23.0,13.7,39.3,1.59,0.0,1.77,0.0,0.0,1512.0,1449.0,143.0,23.0,5.0,0.0,0.0,0.0,0.0,0.8955,0.0,0.0,0.0,0.0,2.2,1.5,0.58,122.0,0.07,343.0,1,6,1009.18,125.0,7.287,0.0,2.421,0.0,1.035,0.0,0.0,298.0,,Sprint of small group,17.4,1.0,🟢  Plat/Sprint,0
2022-03-06,2022,paris-nice,stage,1.0,TotalEnergies,0,2.UWT,,,0.0,,,,,,,0.0,130.0,70.0,0.0,0.0,1.0,159.68,142.0,17.6,0.0,0.325,0.0,113.0,8.13,28.3,9.9,0.0,0.0,0.0,0.0,0.245,1655.0,1682.0,166.0,15.0,8.0,0.0,0.0,0.0,0.0,0.9691,0.0,0.0,0.0,0.0,-0.1,-0.6,-1.96,125.0,-0.03,608.0,0,6,1009.18,60.0,0.0,0.0,0.0,0.0,0.0,0.0,0.0,1182.0,,Other,27.4,1.0,🟢  Plat/Sprint,0
2022-03-06,2022,grote-prijs-jean-pierre-monsere,result,,TotalEnergies,0,1.1,,,0.0,,,,,,,15.0,15.0,0.0,0.0,0.0,,202.42,101.0,91.9,9.3,0.0,0.0,97.3,16.8,0.633,80.8,0.0,0.0,0.0,0.0,0.0,634.0,630.0,49.0,3.0,0.0,0.0,0.0,0.0,0.0,0.0,0.0,0.0,0.0,0.0,-0.1,-0.07,-0.12,36.0,0.04,167.0,0,6,1009.18,125.0,2.212,0.0,0.883,0.0,0.883,0.0,0.0,109.0,,Sprint of large group,24.4,1.0,🟢  Plat/Sprint,0
2022-03-07,2022,tirreno-adriatico,stage,1.0,TotalEnergies,1,2.UWT,FIN,97.0,0.0,17.0,30.0,,,,,0.0,38.0,38.0,0.0,0.0,1.0,14.11,13.0,0.458,0.0,0.0,0.0,12.0,0.936,0.0,0.557,0.531,0.0,0.677,0.146,0.0,3.0,4.0,2.0,0.0,0.0,0.0,0.0,0.0,0.0,0.0,0.0,0.0,0.0,0.0,-0.1,-0.03,-0.02,3.0,-0.01,3.0,0,6,1009.18,60.0,0.0,0.0,0.0,0.0,0.0,0.0,0.0,1059.0,,Time trial,24.6,1.0,🟢  Plat/Sprint,0
2022-03-07,2022,paris-nice,stage,2.0,TotalEnergies,0,2.UWT,,,0.0,,,,,,,0.0,130.0,70.0,0.0,0.0,2.0,159.4,157.0,1.54,0.0,0.264,0.0,107.0,1.52,46.3,4.36,0.397,0.0,0.437,0.121,0.0,707.0,772.0,176.0,80.0,1.0,0.0,0.0,0.0,0.0,0.1875,0.0,0.0,0.0,0.0,0.7,0.53,0.32,29.0,-0.1,407.0,0,6,1009.18,60.0,0.0,0.0,0.0,0.0,0.0,0.0,0.0,1182.0,,Sprint of large group,27.4,1.0,🟢  Plat/Sprint,0
2022-03-08,2022,tirreno-adriatico,stage,2.0,TotalEnergies,1,2.UWT,FIN,136.0,0.0,17.0,30.0,,,,,0.0,38.0,38.0,0.0,0.0,2.0,219.56,216.0,3.41,0.0,0.0,0.0,120.0,0.975,98.0,0.0,0.242,0.0,0.242,0.0,0.0,2151.0,1953.0,544.0,-2.0,3.0,3.0,1.0,0.0,0.0,0.9019,0.9019,0.8305,0.0,0.0,0.2,-0.47,0.1,54.0,0.0,146.0,0,7,1023.29,60.0,0.0,0.0,0.0,0.0,0.0,0.0,0.0,1059.0,,Sprint of large group,34.6,2.0,⛰️  Moy. montagne,0
2022-03-08,2022,paris-nice,stage,3.0,TotalEnergies,0,2.UWT,,,0.0,,,,,,,0.0,130.0,70.0,0.0,0.0,3.0,190.91,190.0,1.19,0.0,0.0,0.0,150.0,1.18,39.4,0.0,0.0,0.0,0.0,0.0,0.0,1929.0,1670.0,561.0,106.0,5.0,0.0,1.0,0.0,0.0,0.9685,0.8423,0.8423,0.0,0.0,4.0,1.9,-0.14,126.0,0.08,263.0,0,7,1023.29,60.0,0.0,0.0,0.0,0.0,0.0,0.0,0.0,1182.0,,Sprint of large group,34.6,2.0,⛰️  Moy. montagne,0
2022-03-09,2022,tirreno-adriatico,stage,3.0,TotalEnergies,1,2.UWT,FIN,87.0,0.0,17.0,30.0,,,,,0.0,38.0,38.0,0.0,0.0,3.0,170.41,170.0,0.164,0.1,0.0,0.0,63.4,0.928,106.0,0.0,0.156,0.0,0.156,0.0,0.0,2063.0,2079.0,553.0,91.0,3.0,1.0,2.0,0.0,0.0,0.878,0.8131,0.8131,0.0,0.0,0.9,0.37,0.4,27.0,0.37,830.0,0,8,1242.85,60.0,0.0,0.0,0.0,0.0,0.0,0.0,0.0,1059.0,,Sprint of large group,34.6,2.0,⛰️  Moy. montagne,0
2022-03-09,2022,paris-nice,stage,4.0,TotalEnergies,0,2.UWT,,,0.0,,,,,,,0.0,130.0,70.0,0.0,0.0,4.0,13.35,11.0,2.14,0.0,0.0,0.0,10.3,0.244,1.77,0.852,0.19,0.0,0.25,0.0,0.0,188.0,170.0,308.0,205.0,0.0,0.0,0.0,0.0,0.0,0.0,0.0,0.0,0.0,0.0,5.4,-0.13,-0.26,95.0,0.13,188.0,0,8,1242.85,60.0,0.0,0.0,0.0,0.0,0.0,0.0,0.0,1182.0,,Time trial,10.0,1.0,🟢  Plat/Sprint,0
2022-03-10,2022,paris-nice,stage,5.0,TotalEnergies,0,2.UWT,,,0.0,,,,,,,0.0,130.0,70.0,0.0,0.0,5.0,188.69,182.0,6.68,0.0,0.0,0.0,130.0,0.0,55.0,3.27,0.0,0.0,0.0,0.0,0.0,3408.0,3596.0,1202.0,99.0,1.0,2.0,2.0,1.0,1.0,0.947,0.947,0.947,0.7573,0.1403,0.7,-0.17,0.08,53.0,0.37,1051.0,0,9,1413.26,60.0,0.0,0.0,0.0,0.0,0.0,0.0,0.0,1182.0,,38.7 km solo,34.6,2.0,⛰️  Moy. montagne,0
2022-03-10,2022,tirreno-adriatico,stage,4.0,TotalEnergies,1,2.UWT,FIN,26.0,0.0,17.0,30.0,,,,,0.0,38.0,38.0,0.0,0.0,4.0,201.17,199.0,0.0,0.207,0.0,0.0,72.6,0.687,126.0,0.11,1.9,0.0,0.182,0.18,0.0,3105.0,2990.0,1106.0,91.0,1.0,6.0,0.0,0.0,1.0,0.9992,0.9992,0.2416,0.2416,0.2416,3.7,5.17,4.78,247.0,1.46,1258.0,0,9,1413.26,60.0,0.0,0.0,0.0,0.0,0.0,0.0,0.0,1059.0,,0.3 km solo,0.0,3.0,🏔️  Haute montagne,0
2022-03-11,2022,paris-nice,stage,6.0,TotalEnergies,0,2.UWT,,,0.0,,,,,,,60.0,130.0,70.0,0.0,0.0,6.0,214.28,213.0,1.0,0.0,0.0,0.0,194.0,0.851,16.9,1.41,0.0,0.0,0.322,0.151,0.0,2854.0,2777.0,731.0,23.0,1.0,3.0,2.0,1.0,0.0,0.9506,0.8186,0.8186,0.8186,0.0,-1.3,-0.73,-1.08,20.0,0.39,626.0,0,10,1614.43,60.0,0.0,0.0,0.0,0.0,0.0,0.0,0.0,1182.0,,9.1 km solo,22.0,2.0,⛰️  Moy. montagne,0
2022-03-11,2022,tirreno-adriatico,stage,5.0,TotalEnergies,1,2.UWT,FIN,32.0,0.0,17.0,30.0,,,,,0.0,38.0,38.0,0.0,0.0,5.0,154.83,147.0,6.89,0.251,0.0,0.0,102.0,7.37,42.5,0.898,1.08,0.0,1.47,1.35,0.0,2404.0,2459.0,676.0,2.0,5.0,5.0,1.0,0.0,0.0,0.9998,0.9998,0.2312,0.0,0.0,6.2,6.17,2.1,226.0,-0.13,685.0,0,10,1614.43,60.0,0.0,0.0,0.0,0.0,0.0,0.0,0.0,1059.0,,2.9 km solo,12.0,2.0,⛰️  Moy. montagne,0
2022-03-12,2022,paris-nice,stage,7.0,TotalEnergies,0,2.UWT,,,0.0,,,,,,,0.0,130.0,70.0,0.0,0.0,7.0,156.01,155.0,0.0,0.0,0.0,0.0,145.0,0.0,3.07,6.63,1.06,0.0,0.801,0.0,0.0,3564.0,1976.0,1605.0,17.0,0.0,2.0,0.0,0.0,2.0,0.9995,0.9995,0.9995,0.9995,0.9995,7.8,8.17,7.9,273.0,1.47,1031.0,0,11,1769.26,60.0,0.0,0.0,0.0,0.0,0.0,0.0,0.0,1182.0,,Sprint of small group,0.0,3.0,🏔️  Haute montagne,0
2022-03-12,2022,tirreno-adriatico,stage,6.0,TotalEnergies,1,2.UWT,FIN,14.0,0.0,17.0,30.0,,,,,0.0,38.0,38.0,0.0,0.0,6.0,215.46,196.0,19.9,0.123,0.0,0.0,138.0,12.9,64.4,0.228,0.0,0.0,0.0,0.0,0.0,3808.0,3519.0,1372.0,53.0,0.0,4.0,1.0,0.0,2.0,0.9291,0.9291,0.9291,0.9291,0.9291,2.6,0.73,-2.16,56.0,-0.65,365.0,0,11,1769.26,60.0,0.0,0.0,0.0,0.0,0.0,0.0,0.0,1059.0,,16 km solo,12.0,2.0,⛰️  Moy. montagne,0
2022-03-13,2022,ronde-van-drenthe,result,,TotalEnergies,0,1.1,,,0.0,,,,,,,125.0,125.0,0.0,0.0,0.0,,196.25,108.0,65.7,13.2,1.5,0.0,98.8,13.5,0.0,65.2,3.2,0.0,8.45,6.54,0.12,414.0,410.0,38.0,5.0,0.0,0.0,0.0,0.0,0.0,0.0,0.0,0.0,0.0,0.0,0.2,0.03,-0.04,72.0,0.03,89.0,1,12,1984.72,125.0,0.627,0.0,0.388,0.0,0.223,0.0,0.0,88.0,,3.3 km solo,3.0,1.0,🟢  Plat/Sprint,0
2022-03-13,2022,paris-nice,stage,8.0,TotalEnergies,0,2.UWT,,,0.0,,,,,,,0.0,130.0,70.0,0.0,0.0,8.0,115.29,115.0,0.114,0.0,0.0,0.0,73.9,1.34,32.1,7.2,0.197,0.0,0.0,0.202,0.0,2409.0,2431.0,694.0,5.0,0.0,1.0,3.0,1.0,0.0,0.8829,0.8829,0.8829,0.6484,0.0,-0.6,-1.37,-2.92,8.0,0.96,1112.0,0,12,1984.72,60.0,0.0,0.0,0.0,0.0,0.0,0.0,0.0,1182.0,,19.2 km solo,12.0,2.0,⛰️  Moy. montagne,0
2022-03-13,2022,tirreno-adriatico,stage,7.0,TotalEnergies,1,2.UWT,FIN,68.0,0.0,17.0,30.0,,,,,0.0,38.0,38.0,0.0,0.0,7.0,159.53,154.0,1.61,0.0,0.0,0.0,126.0,0.968,27.2,1.29,4.11,0.0,4.72,0.629,0.0,1295.0,1300.0,533.0,1.0,1.0,1.0,1.0,0.0,0.0,0.5166,0.5166,0.3368,0.0,0.0,0.1,-0.17,-0.12,28.0,1.01,787.0,0,12,1984.72,60.0,0.0,0.0,0.0,0.0,0.0,0.0,0.0,1059.0,,Sprint of large group,12.0,2.0,⛰️  Moy. montagne,0
2022-03-16,2022,milano-torino,result,,TotalEnergies,0,1.Pro,,,0.0,,,,,,,90.0,90.0,0.0,0.0,0.0,,199.33,185.0,1.71,0.469,3.09,0.0,92.3,0.829,93.1,0.961,9.34,0.0,8.33,3.48,0.0,1166.0,947.0,464.0,114.0,3.0,0.0,1.0,0.0,0.0,0.9053,0.4358,0.4358,0.0,0.0,1.0,-0.07,0.44,36.0,0.02,92.0,0,12,1956.48,200.0,0.0,0.0,0.0,0.0,0.0,0.0,0.0,405.0,,Sprint of large group,25.0,1.0,🟢  Plat/Sprint,0
2022-03-17,2022,gp-de-denain,result,,TotalEnergies,0,1.Pro,,,0.0,,,,,,,70.0,70.0,0.0,0.0,0.0,,200.4,169.0,8.84,19.5,0.441,1.24,163.0,12.2,7.56,12.9,1.08,0.0,1.08,3.92,0.0,1177.0,1177.0,114.0,20.0,1.0,0.0,0.0,0.0,0.0,0.3098,0.0,0.0,0.0,0.0,-0.6,-0.13,-0.18,34.0,0.06,234.0,0,12,1956.48,200.0,10.016,0.618,1.747,0.36,0.0,0.0,0.0,252.0,,Sprint of large group,43.0,1.0,🟢  Plat/Sprint,0
2022-03-18,2022,bredene-koksijde-classic,result,,TotalEnergies,0,1.Pro,,,0.0,,,,,,,20.0,20.0,0.0,0.0,0.0,,199.12,132.0,64.3,2.06,0.297,0.0,106.0,12.3,2.85,58.1,0.0,0.0,0.551,0.281,0.0,693.0,689.0,151.0,-3.0,2.0,0.0,0.0,0.0,0.0,0.5098,0.0,0.0,0.0,0.0,0.1,0.1,0.04,20.0,-0.0,23.0,1,12,1956.48,200.0,0.325,0.0,0.0,0.0,0.0,0.0,0.0,220.0,,Sprint of large group,57.0,1.0,🟢  Plat/Sprint,0
2022-03-19,2022,milano-sanremo,result,,TotalEnergies,0,1.UWT,,,0.0,,,,,,,420.0,420.0,0.0,0.0,0.0,,292.37,287.0,3.83,1.1,0.358,0.0,47.1,2.02,233.0,8.68,0.878,0.201,0.935,0.879,0.0,2095.0,2190.0,547.0,3.0,2.0,1.0,1.0,0.0,0.0,0.9745,0.9108,0.3304,0.0,0.0,-0.5,-1.03,-2.52,51.0,-0.03,52.0,0,11,1756.0199999999998,500.0,0.0,0.0,0.0,0.0,0.0,0.0,0.0,936.0,,4.3 km solo,12.0,2.0,⛰️  Moy. montagne,0
2022-03-19,2022,classic-loire-atlantique,result,,TotalEnergies,0,1.1,,,0.0,,,,,,,75.0,75.0,0.0,0.0,0.0,,184.26,163.0,20.7,0.0,0.0,0.0,147.0,29.3,0.0,7.77,0.0,0.0,0.0,0.0,0.0,2419.0,2420.0,56.0,7.0,0.0,0.0,0.0,0.0,0.0,0.0,0.0,0.0,0.0,0.0,-1.2,-0.1,0.42,114.0,-0.02,644.0,0,11,1756.0199999999998,125.0,0.0,0.0,0.0,0.0,0.0,0.0,0.0,98.0,,Sprint of small group,61.0,1.0,🟢  Plat/Sprint,0
2022-03-20,2022,cholet-pays-de-loire,result,,TotalEnergies,0,1.1,,,0.0,,,,,,,53.0,53.0,0.0,0.0,0.0,,202.14,168.0,28.9,0.0,0.294,0.0,157.0,24.8,1.1,13.9,5.02,0.405,5.66,0.315,0.294,1711.0,1773.0,210.0,53.0,2.0,0.0,0.0,0.0,0.0,0.4979,0.0,0.0,0.0,0.0,0.8,-0.17,-0.1,84.0,0.13,434.0,0,10,1604.5800000000002,125.0,0.0,0.0,0.0,0.0,0.0,0.0,0.0,83.0,,Sprint of large group,76.0,1.0,🟢  Plat/Sprint,0
2022-03-23,2022,classic-brugge-de-panne,result,,TotalEnergies,0,1.UWT,,,0.0,,,,,,,30.0,30.0,0.0,0.0,0.0,,206.19,143.0,58.6,4.13,0.0,0.0,69.6,38.7,11.5,66.8,0.677,0.0,1.05,0.0,0.0,232.0,239.0,35.0,-3.0,0.0,0.0,0.0,0.0,0.0,0.0,0.0,0.0,0.0,0.0,-0.1,0.03,0.02,19.0,-0.03,55.0,1,7,1135.0700000000002,300.0,1.419,0.0,0.101,0.0,0.101,0.0,0.0,444.0,,Sprint of large group,61.6,1.0,🟢  Plat/Sprint,0
2022-03-25,2022,e3-harelbeke,result,,TotalEnergies,0,1.UWT,,,0.0,,,,,,,50.0,50.0,0.0,0.0,0.0,,204.91,122.0,66.3,15.9,0.0,0.0,86.1,25.8,11.8,68.4,0.758,0.0,0.913,0.119,0.0,1991.0,1993.0,155.0,9.0,8.0,0.0,0.0,0.0,0.0,0.8622,0.0,0.0,0.0,0.0,0.1,-0.1,-0.02,14.0,0.11,315.0,1,7,1135.0700000000002,400.0,4.196,0.022,0.36,0.0,0.0,0.0,0.0,608.0,16.0,Other,49.6,1.0,🟢  Plat/Sprint,0
2022-03-27,2022,gent-wevelgem,result,,TotalEnergies,0,1.UWT,,,0.0,,,,,,,345.0,345.0,0.0,0.0,0.0,,248.95,164.0,73.0,5.46,4.13,0.0,118.0,4.12,5.41,104.0,2.0,0.0,2.46,4.25,0.0,1315.0,1354.0,154.0,-3.0,4.0,0.0,0.0,0.0,0.0,0.8562,0.0,0.0,0.0,0.0,0.0,0.03,-0.02,15.0,-0.08,142.0,1,7,1135.0700000000002,500.0,1.903,0.0,0.169,0.0,0.169,0.0,0.0,828.0,13.0,Sprint of small group,45.6,1.0,🟢  Plat/Sprint,0
2022-03-27,2022,la-roue-tourangelle,result,,TotalEnergies,0,1.1,,,0.0,,,,,,,100.0,100.0,0.0,0.0,0.0,,202.47,163.0,37.6,0.824,0.111,0.0,177.0,15.8,5.71,3.18,0.0,0.0,0.163,0.0,0.111,1524.0,1636.0,163.0,36.0,1.0,0.0,0.0,0.0,0.0,0.3479,0.0,0.0,0.0,0.0,-0.1,-0.03,-0.02,12.0,-0.05,292.0,0,7,1135.0700000000002,125.0,0.608,0.0,0.0,0.0,0.0,0.0,0.0,122.0,28.0,Sprint of large group,110.6,1.0,🟢  Plat/Sprint,0
2022-03-30,2022,dwars-door-vlaanderen,result,,TotalEnergies,0,1.UWT,,,0.0,,,,,,,14.0,14.0,0.0,0.0,0.0,,183.53,75.7,33.1,9.0,0.0,0.0,48.9,21.9,3.64,37.4,1.98,0.0,1.98,0.0,0.0,1613.2,1619.2,162.6,6.6,0.0,0.0,0.0,0.0,0.0,0.0,0.0,0.0,0.0,0.0,-1.07,-0.28,-0.34,19.2,0.08,136.0,1,7,1135.0700000000002,300.0,0.0,0.0,0.0,0.0,0.0,0.0,0.0,639.0,28.0,Sprint à deux,115.6,1.0,🟢  Plat/Sprint,0
2022-04-01,2022,route-adelie-de-vitre,result,,TotalEnergies,0,1.1,,,0.0,,,,,,,73.0,73.0,0.0,0.0,0.0,,176.72,149.0,27.4,0.0,0.0,0.0,147.0,6.46,15.3,8.32,0.0,0.0,0.0,0.0,0.0,2235.0,2241.0,122.0,67.0,0.0,0.0,0.0,0.0,0.0,0.0,0.0,0.0,0.0,0.0,-0.5,-0.17,-0.54,99.0,-0.01,599.0,0,7,1135.0700000000002,125.0,0.0,0.0,0.0,0.0,0.0,0.0,0.0,128.0,28.0,Sprint of small group,107.8,1.0,🟢  Plat/Sprint,0
2022-04-02,2022,gran-premio-miguel-indurain,result,,TotalEnergies,1,1.Pro,FIN,57.0,0.0,,,,,,,170.0,170.0,0.0,0.0,0.0,,192.95,180.0,7.04,3.09,0.0,0.0,133.0,8.57,45.8,2.09,3.32,0.0,3.32,0.0,0.0,2878.0,2869.0,645.0,342.0,8.0,4.0,0.0,0.0,0.0,0.9874,0.8255,0.0,0.0,0.0,-4.9,-0.2,-0.24,100.0,0.2,746.0,0,7,1135.0700000000002,200.0,1.139,0.0,0.705,0.0,0.261,0.0,0.0,371.0,28.0,Sprint of small group,84.0,2.0,⛰️  Moy. montagne,0
2022-04-03,2022,ronde-van-vlaanderen,result,,TotalEnergies,0,1.UWT,,,0.0,,,,,,,23.0,23.0,0.0,0.0,0.0,,272.51,145.0,108.0,17.8,0.0,0.0,115.0,36.2,12.3,96.8,1.26,0.0,1.63,0.0,0.0,2281.0,2278.0,164.0,0.0,2.0,3.0,0.0,0.0,0.0,0.9434,0.8999,0.0,0.0,0.0,-0.1,-0.13,-0.04,24.0,-0.02,90.0,0,8,1328.02,500.0,5.632,0.0,1.876,0.0,0.0,0.0,0.0,753.0,,Sprint of small group,116.4,1.0,🟢  Plat/Sprint,0
2022-04-04,2022,itzulia-basque-country,stage,1.0,TotalEnergies,1,2.UWT,FIN,97.0,0.0,41.0,8.0,,,,,0.0,56.0,36.0,0.0,0.0,1.0,7.64,6.49,0.321,0.391,0.0,0.0,4.64,1.71,0.0,0.0,0.522,0.504,0.534,0.349,0.0,95.0,96.0,61.0,3.0,0.0,0.0,0.0,0.0,0.0,0.0,0.0,0.0,0.0,0.0,-0.2,-0.1,-1.04,38.0,-0.01,95.0,0,8,1328.02,50.0,0.0,0.0,0.0,0.0,0.0,0.0,0.0,736.0,,Time trial,111.0,1.0,🟢  Plat/Sprint,0
2022-04-05,2022,region-pays-de-la-loire,stage,1.0,TotalEnergies,0,2.1,,,0.0,,,,,,,0.0,9.0,6.0,0.0,0.0,1.0,192.57,161.0,31.3,0.0,0.0,0.0,184.0,7.64,0.513,0.263,0.0,0.0,0.0,0.0,0.0,2651.0,2643.0,341.0,108.0,7.0,4.0,0.0,0.0,0.0,0.9476,0.4522,0.0,0.0,0.0,0.6,-0.23,-0.34,29.0,0.05,829.0,0,9,1335.66,14.0,0.0,0.0,0.0,0.0,0.0,0.0,0.0,237.0,11.0,Sprint of small group,122.0,2.0,⛰️  Moy. montagne,0
2022-04-05,2022,itzulia-basque-country,stage,2.0,TotalEnergies,1,2.UWT,FIN,108.0,0.0,41.0,8.0,,,,,20.0,56.0,36.0,0.0,0.0,2.0,207.98,206.0,0.963,0.0,0.0,0.0,101.0,1.08,104.0,0.0,0.68,0.0,0.886,0.0,0.0,2625.0,2715.0,1052.0,319.0,4.0,2.0,2.0,0.0,0.0,0.9704,0.8409,0.8409,0.0,0.0,1.5,-1.27,-0.34,94.0,-0.05,733.0,0,9,1335.66,50.0,0.0,0.0,0.0,0.0,0.0,0.0,0.0,736.0,11.0,Sprint of large group,118.0,2.0,⛰️  Moy. montagne,0
2022-04-06,2022,itzulia-basque-country,stage,3.0,TotalEnergies,1,2.UWT,FIN,15.0,0.0,41.0,8.0,,,,,0.0,56.0,36.0,0.0,0.0,3.0,179.97,164.0,14.2,0.0,1.49,0.0,115.0,10.4,53.7,0.413,0.0,0.0,0.0,0.639,0.0,3251.0,3171.0,721.0,124.0,10.0,0.0,3.0,0.0,0.0,0.9691,0.8614,0.8614,0.0,0.0,0.8,-2.33,-2.3,62.0,0.89,952.0,0,10,1543.64,50.0,0.0,0.0,0.0,0.0,0.0,0.0,0.0,736.0,13.0,Sprint of small group,122.0,2.0,⛰️  Moy. montagne,0
2022-04-06,2022,region-pays-de-la-loire,stage,2.0,TotalEnergies,0,2.1,,,0.0,,,,,,,3.0,9.0,6.0,0.0,0.0,2.0,173.13,112.0,59.8,0.0,0.0,0.0,162.0,6.64,0.276,2.9,1.75,0.0,1.75,0.0,0.0,1307.0,1300.0,114.0,32.0,0.0,0.0,0.0,0.0,0.0,0.0,0.0,0.0,0.0,0.0,-1.0,-0.17,-0.52,67.0,0.05,351.0,0,10,1543.64,14.0,0.0,0.0,0.0,0.0,0.0,0.0,0.0,237.0,12.0,Sprint of large group,42.0,1.0,🟢  Plat/Sprint,0
2022-04-06,2022,scheldeprijs,result,,TotalEnergies,0,1.Pro,,,0.0,,,,,,,0.0,0.0,0.0,0.0,0.0,,198.49,69.8,104.0,8.2,0.564,0.0,50.4,5.25,5.09,86.6,16.9,0.0,17.2,0.35,5.48,384.0,379.0,34.0,-4.0,0.0,0.0,0.0,0.0,0.0,0.0,0.0,0.0,0.0,0.0,0.2,0.07,0.04,29.0,-0.0,54.0,0,10,1543.64,200.0,5.444,0.0,2.05,0.0,1.456,0.0,0.0,332.0,11.0,7.4 km solo,22.6,1.0,🟢  Plat/Sprint,0
2022-04-07,2022,region-pays-de-la-loire,stage,3.0,TotalEnergies,0,2.1,,,0.0,,,,,,,0.0,9.0,6.0,0.0,0.0,3.0,177.19,135.0,41.9,0.0,0.0,0.0,174.0,2.89,0.0,0.0,0.0,0.0,0.0,0.0,0.0,1048.0,1025.0,87.0,27.0,0.0,0.0,0.0,0.0,0.0,0.0,0.0,0.0,0.0,0.0,0.7,0.33,0.0,64.0,0.05,410.0,0,10,1709.5,14.0,0.0,0.0,0.0,0.0,0.0,0.0,0.0,237.0,14.0,Sprint of large group,19.8,1.0,🟢  Plat/Sprint,0
2022-04-07,2022,itzulia-basque-country,stage,4.0,TotalEnergies,1,2.UWT,FIN,52.0,0.0,41.0,8.0,,,,,0.0,56.0,36.0,0.0,0.0,4.0,185.84,180.0,5.21,0.0,0.0,0.0,133.0,4.42,47.4,0.677,0.0,0.0,0.0,0.143,0.0,2705.0,3174.0,602.0,1.0,4.0,3.0,2.0,0.0,0.0,0.893,0.893,0.893,0.0,0.0,1.2,-0.33,-0.86,53.0,-0.76,274.0,0,10,1709.5,50.0,0.0,0.0,0.0,0.0,0.0,0.0,0.0,736.0,19.0,Sprint of large group,122.0,2.0,⛰️  Moy. montagne,0
2022-04-08,2022,region-pays-de-la-loire,stage,4.0,TotalEnergies,0,2.1,,,0.0,,,,,,,0.0,9.0,6.0,0.0,0.0,4.0,135.85,132.0,4.08,0.0,0.0,0.0,136.0,0.0,0.0,0.0,0.0,0.0,0.0,0.0,0.0,1392.0,1359.0,234.0,48.0,0.0,1.0,0.0,0.0,0.0,0.398,0.398,0.0,0.0,0.0,2.4,1.17,0.16,75.0,0.04,442.0,0,10,1675.78,14.0,0.0,0.0,0.0,0.0,0.0,0.0,0.0,237.0,14.0,Sprint à deux,5.2,1.0,🟢  Plat/Sprint,0
2022-04-08,2022,itzulia-basque-country,stage,5.0,TotalEnergies,1,2.UWT,FIN,47.0,0.0,41.0,8.0,,,,,0.0,56.0,36.0,0.0,0.0,5.0,162.98,162.0,0.305,0.604,0.0,0.0,146.0,1.6,14.4,0.197,0.366,0.0,0.438,0.0,0.0,3415.0,3172.0,558.0,4.0,2.0,7.0,2.0,0.0,0.0,0.9998,0.9998,0.9138,0.0,0.0,7.4,4.47,3.36,166.0,-0.07,1024.0,0,10,1675.78,50.0,0.152,0.0,0.036,0.0,0.036,0.0,0.0,736.0,17.0,14 km solo,38.0,2.0,⛰️  Moy. montagne,0
2022-04-09,2022,itzulia-basque-country,stage,6.0,TotalEnergies,1,2.UWT,FIN,54.0,0.0,41.0,8.0,,,,,0.0,56.0,36.0,0.0,0.0,6.0,136.92,135.0,1.48,0.223,0.0,0.0,90.4,4.9,40.5,1.08,0.0,0.0,0.0,0.128,0.0,3597.0,3151.0,679.0,12.0,0.0,3.0,3.0,1.0,0.0,0.9932,0.9932,0.9932,0.4981,0.0,-4.2,0.67,4.1,239.0,0.94,1325.0,0,10,1668.35,50.0,0.0,0.0,0.0,0.0,0.0,0.0,0.0,736.0,13.0,Sprint of small group,4.0,2.0,⛰️  Moy. montagne,0
2022-04-10,2022,amstel-gold-race,result,,TotalEnergies,0,1.UWT,,,0.0,,,,,,,8.0,8.0,0.0,0.0,0.0,,249.64,227.0,17.1,3.95,0.117,0.0,121.0,8.85,0.0,77.3,1.95,0.0,2.42,1.31,0.0,3400.0,3320.0,326.0,42.0,13.0,2.0,0.0,0.0,0.0,0.9963,0.8025,0.0,0.0,0.0,-0.8,0.57,-0.24,99.0,0.06,384.0,1,10,1604.1,500.0,0.334,0.0,0.203,0.0,0.203,0.0,0.0,703.0,10.0,Sprint à deux,0.0,2.0,⛰️  Moy. montagne,0
2022-04-12,2022,paris-camembert,result,,TotalEnergies,0,1.1,,,0.0,,,,,,,130.0,130.0,0.0,0.0,0.0,,211.5,163.0,48.0,0.925,0.0,0.0,181.0,2.22,28.4,0.0,0.192,0.0,0.192,0.0,0.0,2672.0,2619.0,252.0,8.0,15.0,2.0,0.0,0.0,0.0,0.9675,0.6485,0.0,0.0,0.0,0.0,-0.27,-0.22,107.0,0.1,396.0,0,8,1233.81,125.0,0.0,0.0,0.0,0.0,0.0,0.0,0.0,107.0,17.0,2 km solo,1.6,2.0,⛰️  Moy. montagne,0
2022-04-15,2022,classic-grand-besancon-doubs,result,,TotalEnergies,1,1.1,FIN,23.0,3.0,,,,,,,73.0,73.0,0.0,0.0,0.0,,178.31,163.0,14.5,0.0,0.0,0.0,164.0,9.34,0.0,3.89,0.701,0.0,0.701,0.0,0.0,2778.0,2466.0,595.0,212.0,6.0,3.0,1.0,0.0,0.0,0.9996,0.9996,0.9996,0.0,0.0,7.4,6.7,6.64,302.0,0.0,602.0,0,7,1074.28,125.0,0.0,0.0,0.0,0.0,0.0,0.0,0.024,143.0,21.0,0.4 km solo,0.0,3.0,🏔️  Haute montagne,0
2022-04-16,2022,tour-du-jura-cycliste,result,,TotalEnergies,0,1.1,,,0.0,,,,,,,82.0,82.0,0.0,0.0,0.0,,170.26,159.0,11.7,0.0,0.0,0.0,148.0,1.91,20.3,0.707,0.0,0.0,0.0,0.0,0.0,2617.0,2366.0,941.0,470.0,3.0,3.0,1.0,0.0,0.0,0.9077,0.9077,0.2515,0.0,0.0,6.2,0.1,1.28,139.0,0.62,825.0,0,8,1252.59,125.0,0.0,0.0,0.0,0.0,0.0,0.0,0.0,139.0,16.0,Sprint à deux,27.6,2.0,⛰️  Moy. montagne,0
2022-04-17,2022,paris-roubaix,result,,TotalEnergies,0,1.UWT,,,0.0,,,,,,,40.0,40.0,0.0,0.0,0.0,,256.82,201.0,2.08,51.4,0.756,0.701,169.0,14.1,45.9,17.9,0.9,0.0,0.996,9.55,0.313,1306.0,1333.0,161.0,15.0,1.0,0.0,0.0,0.0,0.0,0.2548,0.0,0.0,0.0,0.0,-0.3,-0.57,-0.08,27.0,0.08,302.0,1,8,1252.59,500.0,14.531,0.0,6.338,0.0,1.499,0.0,0.0,747.0,17.0,19.5 km solo,0.6,1.0,🟢  Plat/Sprint,0
2022-04-20,2022,la-fleche-wallonne,result,,TotalEnergies,1,1.UWT,FIN,45.0,8.0,,,,,,,84.0,84.0,0.0,0.0,0.0,,202.0,197.0,4.3,0.196,0.0,0.0,158.0,4.52,31.2,8.66,0.0,0.0,0.0,0.0,0.0,3160.0,3130.0,328.0,70.0,9.0,6.0,0.0,0.0,0.0,0.9998,0.8612,0.0,0.0,0.0,11.8,3.9,0.88,266.0,0.18,687.0,0,8,1252.59,400.0,0.0,0.0,0.0,0.0,0.0,0.0,0.02,949.0,14.0,Sprint à deux,44.0,2.0,⛰️  Moy. montagne,0
2022-04-24,2022,liege-bastogne-liege,result,,TotalEnergies,1,1.UWT,DNF,,0.0,,,,,,,55.0,55.0,0.0,0.0,0.0,,257.01,250.0,6.12,0.479,0.0,0.0,181.0,5.35,60.3,10.3,0.633,0.0,0.786,0.137,0.0,4256.0,4279.0,568.0,63.0,8.0,8.0,2.0,0.0,0.0,0.9552,0.9552,0.7769,0.0,0.0,-0.3,-2.47,-3.28,3.0,0.23,689.0,0,9,1454.59,500.0,0.0,0.0,0.0,0.0,0.0,0.0,0.0,1085.0,14.0,14.4 km solo,60.8,2.0,⛰️  Moy. montagne,0
2022-04-29,2022,vuelta-asturias,stage,1.0,TotalEnergies,1,2.1,FIN,11.0,0.0,13.0,5.0,,,,,3.0,44.0,41.0,0.0,0.0,1.0,167.58,166.0,0.406,0.0,0.0,0.0,146.0,2.53,18.2,0.0,0.371,0.0,0.388,0.0,0.0,2916.0,2770.0,831.0,45.0,5.0,3.0,1.0,1.0,0.0,0.9462,0.9462,0.745,0.5319,0.0,0.6,0.73,-2.04,38.0,0.11,781.0,0,10,1711.6,14.0,0.0,0.0,0.0,0.0,0.0,0.0,0.0,109.0,17.0,6 km solo,71.8,2.0,⛰️  Moy. montagne,0
2022-04-30,2022,vuelta-asturias,stage,2.0,TotalEnergies,1,2.1,FIN,7.0,0.0,13.0,5.0,,,,,0.0,44.0,41.0,0.0,0.0,2.0,197.82,187.0,11.1,0.0,0.0,0.0,93.9,1.69,102.0,0.0,0.172,0.0,0.172,0.0,0.0,4208.0,3873.0,1177.0,2.0,7.0,4.0,1.0,0.0,1.0,0.8994,0.8994,0.8994,0.8994,0.8994,-8.2,-7.4,-5.4,35.0,0.04,814.0,0,11,1879.18,14.0,0.0,0.0,0.0,0.0,0.0,0.0,0.0,109.0,16.0,20 km solo,70.8,2.0,⛰️  Moy. montagne,0
2022-05-01,2022,vuelta-asturias,stage,3.0,TotalEnergies,1,2.1,FIN,51.0,0.0,13.0,5.0,,,,,0.0,44.0,41.0,0.0,0.0,3.0,121.54,121.0,0.266,0.0,0.0,0.0,59.8,3.04,58.7,0.0,0.0,0.0,0.0,0.0,0.0,1682.0,1808.0,442.0,24.0,3.0,2.0,1.0,0.0,0.0,0.985,0.8908,0.8908,0.0,0.0,-1.3,-0.8,0.34,114.0,-0.56,396.0,0,12,2077.0,14.0,0.0,0.0,0.0,0.0,0.0,0.0,0.0,109.0,15.0,11.5 km solo,47.8,2.0,⛰️  Moy. montagne,0
2022-05-01,2022,eschborn-frankfurt,result,,TotalEnergies,0,1.UWT,,,0.0,,,,,,,97.0,97.0,0.0,0.0,0.0,,183.82,169.0,4.6,1.41,0.18,0.0,119.0,4.93,15.2,26.1,10.1,0.489,10.2,1.7,1.04,2654.0,2673.0,841.0,92.0,2.0,3.0,1.0,1.0,0.0,0.7527,0.7527,0.5531,0.2899,0.0,0.1,0.27,0.12,55.0,0.98,859.0,0,12,2077.0,300.0,0.535,0.11,0.09,0.0,0.09,0.0,0.0,309.0,15.0,Sprint of large group,44.8,2.0,⛰️  Moy. montagne,0
2022-05-03,2022,4-jours-de-dunkerque,stage,1.0,TotalEnergies,0,2.Pro,,,0.0,,,,,,,0.0,120.0,110.0,0.0,0.0,1.0,162.53,149.0,13.7,0.0,0.0,0.0,98.2,2.73,41.7,19.7,0.0,0.0,0.0,0.0,0.0,719.8,695.8,163.6,-1.0,0.0,0.0,0.0,0.0,0.0,0.0,0.0,0.0,0.0,0.0,-1.16,-1.2,-0.51,15.8,0.09,364.8,0,12,2005.5899999999997,20.0,0.0,0.0,0.0,0.0,0.0,0.0,0.0,159.0,17.0,Sprint of large group,8.6,1.0,🟢  Plat/Sprint,0
2022-05-04,2022,4-jours-de-dunkerque,stage,2.0,TotalEnergies,0,2.Pro,,,0.0,,,,,,,0.0,120.0,110.0,0.0,0.0,2.0,184.76,170.0,11.7,0.16,0.0,0.0,145.0,14.9,10.5,13.4,0.614,0.0,2.28,0.0,0.151,1063.8,988.2,181.0,12.0,0.0,0.0,0.0,0.0,0.0,0.0,0.0,0.0,0.0,0.0,-4.56,-2.47,-1.39,45.4,0.04,132.6,0,12,2005.5899999999997,20.0,0.0,0.0,0.0,0.0,0.0,0.0,0.0,159.0,17.0,Sprint of large group,8.0,1.0,🟢  Plat/Sprint,0
2022-05-05,2022,4-jours-de-dunkerque,stage,3.0,TotalEnergies,0,2.Pro,,,0.0,,,,,,,5.0,120.0,110.0,0.0,0.0,3.0,173.19,160.0,10.0,0.0,0.0,0.0,152.0,7.56,12.0,1.76,0.0,0.0,2.78,0.0,0.0,1520.6,1474.6,169.0,30.0,0.0,0.0,0.0,0.0,0.0,0.0,0.0,0.0,0.0,0.0,-2.07,-0.64,-0.4,62.2,0.07,398.2,0,11,1997.95,20.0,0.0,0.0,0.0,0.0,0.0,0.0,0.0,159.0,16.0,Sprint of large group,8.0,1.0,🟢  Plat/Sprint,0
2022-05-06,2022,4-jours-de-dunkerque,stage,4.0,TotalEnergies,0,2.Pro,,,0.0,,,,,,,0.0,120.0,110.0,0.0,0.0,4.0,177.65,171.0,5.52,0.0,0.0,0.0,156.0,6.71,11.6,2.54,0.545,0.0,0.628,0.0,0.0,1102.8,1106.6,183.0,13.2,0.0,0.0,0.0,0.0,0.0,0.0,0.0,0.0,0.0,0.0,-0.89,-0.16,-0.1,6.0,0.24,409.0,0,10,1789.97,20.0,0.0,0.0,0.0,0.0,0.0,0.0,0.0,159.0,21.0,Sprint of large group,9.0,1.0,🟢  Plat/Sprint,0
2022-05-07,2022,4-jours-de-dunkerque,stage,5.0,TotalEnergies,0,2.Pro,,,0.0,,,,,,,0.0,120.0,110.0,0.0,0.0,5.0,184.91,165.0,0.967,18.5,0.265,0.0,117.0,5.24,54.0,6.11,0.0,0.538,0.416,0.0,0.265,2311.8,2250.8,158.0,15.0,0.0,0.0,0.0,0.0,0.0,0.0,0.0,0.0,0.0,0.0,-6.31,0.75,0.86,130.0,-0.03,74.0,0,9,1610.0,20.0,0.0,0.0,0.0,0.0,0.0,0.0,0.0,159.0,18.0,Sprint of small group,31.0,2.0,⛰️  Moy. montagne,0
2022-05-08,2022,4-jours-de-dunkerque,stage,6.0,TotalEnergies,0,2.Pro,,,0.0,,,,,,,5.0,120.0,110.0,0.0,0.0,6.0,182.67,177.0,2.72,3.69,0.0,0.0,125.0,34.7,9.62,11.5,0.0,0.0,0.0,2.28,0.0,651.8,651.4,183.0,-2.0,0.0,0.0,0.0,0.0,0.0,0.0,0.0,0.0,0.0,0.0,0.04,-0.09,-0.02,9.0,-0.0,445.8,0,8,1424.16,20.0,0.0,0.0,0.0,0.0,0.0,0.0,0.0,159.0,16.0,Sprint of large group,9.0,1.0,🟢  Plat/Sprint,0
2022-05-14,2022,gp-de-plumelec,result,,TotalEnergies,0,1.Pro,,,0.0,,,,,,,240.0,240.0,0.0,0.0,0.0,,187.01,148.0,38.7,0.0,0.0,0.0,174.0,4.24,7.65,0.876,0.0,0.0,0.0,0.0,0.0,2471.0,2467.0,158.0,37.0,3.0,0.0,0.0,0.0,0.0,0.3001,0.0,0.0,0.0,0.0,3.8,1.23,-0.16,114.0,-0.06,550.0,0,6,1124.26,200.0,0.0,0.0,0.0,0.0,0.0,0.0,0.0,193.0,23.0,0.4 km solo,20.0,2.0,⛰️  Moy. montagne,0
2022-05-15,2022,tro-bro-leon,result,,TotalEnergies,0,1.Pro,,,0.0,,,,,,,8.0,8.0,0.0,0.0,0.0,,209.28,141.0,46.0,0.0,19.5,1.07,165.0,4.78,4.6,9.27,1.86,0.167,2.07,23.6,0.364,1655.0,1635.0,128.0,2.0,2.0,0.0,0.0,0.0,0.0,0.333,0.0,0.0,0.0,0.0,0.7,0.07,0.04,40.0,0.12,345.0,1,6,1124.26,200.0,0.0,2.883,0.0,0.915,0.0,0.0,0.0,245.0,19.0,Sprint à deux,2.0,1.0,🟢  Plat/Sprint,0
2022-05-21,2022,tour-du-finistere,result,,TotalEnergies,0,1.1,,,0.0,,,,,,,195.0,195.0,0.0,0.0,0.0,,196.55,169.0,27.5,0.0,0.0,0.0,173.0,3.52,7.13,11.9,0.0,0.0,0.0,0.37,0.0,2800.0,2790.0,246.0,7.0,6.0,3.0,0.0,0.0,0.0,0.9778,0.6457,0.0,0.0,0.0,4.7,0.87,-0.38,101.0,0.28,659.0,0,4,743.95,125.0,0.0,0.0,0.0,0.0,0.0,0.0,0.0,135.0,21.0,Sprint à deux,67.4,2.0,⛰️  Moy. montagne,0
2022-05-22,2022,boucles-de-l-aulne,result,,TotalEnergies,0,1.1,,,0.0,,,,,,,101.0,101.0,0.0,0.0,0.0,,176.64,167.0,9.22,0.616,0.0,0.0,120.0,7.65,49.1,0.0,0.0,0.0,0.0,0.0,0.0,2806.0,2807.0,212.0,5.0,16.0,3.0,0.0,0.0,0.0,0.9676,0.5613,0.0,0.0,0.0,3.1,-0.07,-0.94,60.0,-0.04,798.0,0,4,743.95,125.0,0.369,0.0,0.185,0.0,0.123,0.0,0.0,133.0,20.0,19.7 km solo,106.4,2.0,⛰️  Moy. montagne,0
2022-05-26,2022,boucles-de-la-mayenne,stage,1.0,TotalEnergies,0,2.Pro,,,0.0,,,,,,,0.0,153.0,153.0,0.0,0.0,1.0,180.91,161.0,19.4,0.0,0.0,0.0,175.0,3.78,1.71,0.0,0.0,0.0,0.0,0.0,0.0,1921.0,1971.0,237.0,49.0,2.0,0.0,0.0,0.0,0.0,0.7438,0.0,0.0,0.0,0.0,2.0,-0.13,-0.12,113.0,0.08,541.0,0,3,486.94,20.0,0.0,0.0,0.0,0.0,0.0,0.0,0.0,175.0,16.0,Sprint of large group,3.6,1.0,🟢  Plat/Sprint,0
2022-05-26,2022,circuit-de-wallonie,result,,TotalEnergies,0,1.1,,,0.0,,,,,,,80.0,80.0,0.0,0.0,0.0,,195.98,163.0,26.9,3.24,0.0,0.0,97.9,10.0,55.5,29.4,3.08,0.0,3.21,0.0,0.0,2030.0,2011.0,266.0,54.0,6.0,1.0,0.0,0.0,0.0,0.9783,0.5645,0.0,0.0,0.0,2.0,0.87,-1.12,184.0,-0.02,332.0,1,3,486.94,125.0,2.997,0.0,1.498,0.0,0.749,0.0,0.0,129.0,18.0,Sprint à deux,107.2,2.0,⛰️  Moy. montagne,0
2022-05-27,2022,boucles-de-la-mayenne,stage,2.0,TotalEnergies,0,2.Pro,,,0.0,,,,,,,0.0,153.0,153.0,0.0,0.0,2.0,172.18,115.0,57.2,0.0,0.0,0.0,164.0,7.44,1.09,0.0,0.0,0.0,0.301,0.166,0.0,2449.0,2359.0,412.0,100.0,5.0,5.0,0.0,0.0,0.0,0.9666,0.9666,0.0,0.0,0.0,1.3,-2.0,-2.58,168.0,0.07,477.0,0,3,486.94,20.0,0.0,0.0,0.0,0.0,0.0,0.0,0.0,175.0,17.0,Sprint of small group,123.2,2.0,⛰️  Moy. montagne,0
2022-05-28,2022,boucles-de-la-mayenne,stage,3.0,TotalEnergies,0,2.Pro,,,0.0,,,,,,,0.0,153.0,153.0,0.0,0.0,3.0,189.68,149.0,40.7,0.0,0.0,0.0,165.0,7.97,13.6,3.36,0.0,0.0,0.0,0.0,0.0,1758.0,1821.0,120.0,23.0,0.0,0.0,0.0,0.0,0.0,0.0,0.0,0.0,0.0,0.0,1.9,0.67,-0.64,143.0,-0.14,394.0,0,3,486.94,20.0,0.0,0.0,0.0,0.0,0.0,0.0,0.0,175.0,20.0,Sprint of large group,3.6,1.0,🟢  Plat/Sprint,0
2022-05-29,2022,grote-prijs-marcel-kint,result,,TotalEnergies,0,1.1,,,0.0,,,,,,,85.0,85.0,0.0,0.0,0.0,,194.68,138.0,46.2,10.5,0.0,0.0,82.5,10.0,4.93,83.5,0.0,0.0,14.0,0.0,0.0,1580.0,1571.0,111.0,11.0,4.0,0.0,0.0,0.0,0.0,0.7759,0.0,0.0,0.0,0.0,-0.5,-0.43,-0.06,79.0,0.18,459.0,1,3,486.94,125.0,1.945,0.0,0.102,0.0,0.0,0.0,0.0,144.0,14.0,Sprint of large group,2.6,1.0,🟢  Plat/Sprint,0
2022-05-29,2022,boucles-de-la-mayenne,stage,4.0,TotalEnergies,0,2.Pro,,,0.0,,,,,,,0.0,153.0,153.0,0.0,0.0,4.0,181.6,159.0,21.8,0.0,0.703,0.0,163.0,3.41,8.81,5.67,0.0,0.0,0.0,0.703,0.0,1918.0,2010.0,341.0,43.0,2.0,1.0,0.0,0.0,0.0,0.4712,0.3068,0.0,0.0,0.0,1.1,-0.4,-0.12,95.0,-0.07,372.0,0,3,486.94,20.0,0.0,0.0,0.0,0.0,0.0,0.0,0.0,175.0,16.0,Sprint of large group,2.6,1.0,🟢  Plat/Sprint,0
2022-05-31,2022,mercan-tour-classic-alpes-maritimes,result,,TotalEnergies,0,1.1,,,0.0,,,,,,,3.0,3.0,0.0,0.0,0.0,,167.59,166.0,0.543,0.0,0.0,0.0,140.0,0.0,18.8,7.5,1.34,0.0,0.311,0.0,0.0,4733.0,3461.0,1679.0,147.0,0.0,2.0,0.0,0.0,3.0,0.9965,0.9965,0.9965,0.9965,0.9965,0.4,5.13,5.9,291.0,-0.42,678.0,0,1,121.54,125.0,0.0,0.0,0.0,0.0,0.0,0.0,0.0,246.0,19.0,6.6 km solo,14.6,3.0,🏔️  Haute montagne,0
2022-06-05,2022,tour-auvergne-rhone-alpes,stage,1.0,TotalEnergies,0,2.UWT,,,0.0,,,,,,,0.0,130.0,10.0,0.0,0.0,1.0,192.46,192.0,0.0,0.0,0.0,0.0,76.3,0.0,111.0,4.96,0.0,0.0,0.0,0.0,0.0,2473.0,2484.0,841.0,91.0,1.0,0.0,2.0,1.0,0.0,0.8671,0.8671,0.8671,0.2641,0.0,0.0,0.1,0.06,22.0,1.21,1092.0,1,0,0.0,60.0,0.0,0.0,0.0,0.0,0.0,0.0,0.0,789.0,25.0,Sprint of large group,123.2,2.0,⛰️  Moy. montagne,0
2022-06-06,2022,tour-auvergne-rhone-alpes,stage,2.0,TotalEnergies,0,2.UWT,,,0.0,,,,,,,60.0,130.0,10.0,0.0,0.0,2.0,170.47,169.0,0.673,0.0,0.0,0.0,113.0,0.259,54.5,2.21,0.0,0.0,0.0,0.0,0.0,2956.0,2466.0,1450.0,115.0,3.0,0.0,1.0,0.0,1.0,0.9509,0.7926,0.7926,0.7926,0.7926,0.7,-0.53,-1.08,35.0,0.68,745.0,1,0,0.0,60.0,0.0,0.0,0.0,0.0,0.0,0.0,0.0,789.0,25.0,Sprint of small group,75.2,2.0,⛰️  Moy. montagne,0
2022-06-07,2022,tour-auvergne-rhone-alpes,stage,3.0,TotalEnergies,0,2.UWT,,,0.0,,,,,,,0.0,130.0,10.0,0.0,0.0,3.0,169.64,169.0,0.512,0.0,0.0,0.0,156.0,0.0,10.5,1.83,0.0,0.0,0.108,0.0,0.0,2707.0,2158.0,1391.0,383.0,2.0,3.0,0.0,0.0,1.0,0.9998,0.9998,0.9998,0.9998,0.9998,2.2,5.13,5.62,357.0,0.05,767.0,1,0,0.0,60.0,0.0,0.0,0.0,0.0,0.0,0.0,0.0,789.0,20.0,Sprint of small group,15.2,3.0,🏔️  Haute montagne,0
2022-06-08,2022,tour-auvergne-rhone-alpes,stage,4.0,TotalEnergies,0,2.UWT,,,0.0,,,,,,,0.0,130.0,10.0,0.0,0.0,4.0,32.08,27.1,4.79,0.0,0.0,0.182,29.2,1.76,0.0,1.11,0.0,0.0,0.0,0.0,0.0,96.0,127.0,409.0,351.0,0.0,0.0,0.0,0.0,0.0,0.0,0.0,0.0,0.0,0.0,-0.1,-0.17,-0.18,39.0,-0.1,96.0,1,0,0.0,60.0,0.0,0.0,0.0,0.0,0.0,0.0,0.0,789.0,,Time trial,18.6,1.0,🟢  Plat/Sprint,0
2022-06-09,2022,tour-auvergne-rhone-alpes,stage,5.0,TotalEnergies,0,2.UWT,,,0.0,,,,,,,0.0,130.0,10.0,0.0,0.0,5.0,163.02,159.0,2.77,0.0,0.0,0.0,145.0,1.5,15.2,0.857,0.389,0.0,0.61,0.253,0.0,1991.0,2387.0,824.0,180.0,3.0,1.0,2.0,0.0,0.0,0.9249,0.6034,0.3024,0.0,0.0,-0.1,-0.33,-0.24,41.0,-0.18,734.0,1,0,0.0,60.0,0.0,0.0,0.0,0.0,0.0,0.0,0.0,789.0,18.0,Sprint of large group,48.2,2.0,⛰️  Moy. montagne,0
2022-06-10,2022,gp-du-canton-d-argovie,result,,TotalEnergies,0,1.1,,,0.0,,,,,,,35.0,35.0,0.0,0.0,0.0,,175.48,131.0,41.6,0.0,3.85,0.0,130.0,0.61,8.61,10.6,0.0,0.0,13.2,12.2,0.709,2902.0,2904.0,601.0,317.0,0.0,7.0,0.0,0.0,0.0,0.9312,0.9312,0.0,0.0,0.0,2.2,0.6,-0.34,63.0,-0.04,657.0,0,0,0.0,125.0,0.0,0.0,0.0,0.0,0.0,0.0,0.0,336.0,22.0,Sprint of small group,28.0,2.0,⛰️  Moy. montagne,0
2022-06-10,2022,tour-auvergne-rhone-alpes,stage,6.0,TotalEnergies,0,2.UWT,,,0.0,,,,,,,60.0,130.0,10.0,0.0,0.0,6.0,196.72,194.0,0.277,0.0,0.0,0.0,83.5,0.0,76.5,34.1,2.54,0.146,1.3,0.0,0.0,2958.0,2400.0,1268.0,181.0,2.0,1.0,0.0,1.0,1.0,0.9739,0.901,0.7322,0.7322,0.3622,-0.8,-1.53,-1.68,61.0,0.74,744.0,1,0,0.0,60.0,0.0,0.0,0.0,0.0,0.0,0.0,0.0,789.0,22.0,0.7 km solo,19.0,2.0,⛰️  Moy. montagne,0
2022-06-11,2022,tour-auvergne-rhone-alpes,stage,7.0,TotalEnergies,0,2.UWT,,,0.0,,,,,,,0.0,130.0,10.0,0.0,0.0,7.0,135.27,135.0,0.0,0.0,0.0,0.0,104.0,0.199,16.7,14.6,0.0,0.0,0.13,0.144,0.0,3828.0,3991.0,2637.0,537.0,2.0,0.0,1.0,0.0,2.0,0.9998,0.9998,0.9998,0.7558,0.7558,3.3,6.13,7.24,280.0,0.33,1436.0,1,0,0.0,60.0,0.0,0.0,0.0,0.0,0.0,0.0,0.0,789.0,22.0,5.7 km solo,15.2,3.0,🏔️  Haute montagne,0
2022-06-12,2022,tour-de-suisse,stage,1.0,TotalEnergies,0,2.UWT,,,0.0,,,,,,,0.0,100.0,40.0,0.0,0.0,1.0,175.3,174.0,0.785,0.0,0.0,0.947,131.0,5.4,0.0,25.1,0.0,0.0,11.1,2.21,0.0,2746.0,2527.0,736.0,411.0,0.0,5.0,3.0,0.0,0.0,0.9939,0.9939,0.887,0.0,0.0,-1.4,0.27,1.16,308.0,-0.03,705.0,0,0,0.0,60.0,0.0,0.014,0.0,0.0,0.0,0.0,0.0,766.0,29.0,Sprint of small group,31.0,2.0,⛰️  Moy. montagne,0
2022-06-12,2022,tour-auvergne-rhone-alpes,stage,8.0,TotalEnergies,0,2.UWT,,,0.0,,,,,,,0.0,130.0,10.0,0.0,0.0,8.0,138.99,138.0,1.13,0.0,0.0,0.0,112.0,0.2,24.7,1.99,0.191,0.0,0.191,0.0,0.0,3782.0,2877.0,1609.0,448.0,0.0,1.0,2.0,0.0,2.0,0.9997,0.9997,0.9997,0.9997,0.9997,7.3,7.07,8.54,401.0,-0.28,1035.0,1,0,0.0,60.0,0.0,0.0,0.0,0.0,0.0,0.0,0.0,789.0,26.0,Other,15.2,3.0,🏔️  Haute montagne,0
2022-06-13,2022,tour-de-suisse,stage,2.0,TotalEnergies,0,2.UWT,,,0.0,,,,,,,0.0,100.0,40.0,0.0,0.0,2.0,196.51,191.0,5.34,0.0,0.0,0.0,127.0,3.9,29.2,25.4,0.0,0.0,0.219,0.253,0.0,2746.0,2885.0,745.0,288.0,3.0,4.0,2.0,0.0,0.0,0.9471,0.9471,0.9471,0.0,0.0,0.1,-0.97,-1.84,67.0,-0.02,401.0,0,0,0.0,60.0,0.0,0.0,0.0,0.0,0.0,0.0,0.0,766.0,23.0,18.2 km solo,31.0,2.0,⛰️  Moy. montagne,0
2022-06-14,2022,tour-de-suisse,stage,3.0,TotalEnergies,0,2.UWT,,,0.0,,,,,,,60.0,100.0,40.0,0.0,0.0,3.0,177.12,163.0,10.5,0.0,0.105,0.0,98.6,7.42,49.1,18.9,3.25,0.0,3.54,0.326,0.0,3125.0,3000.0,1003.0,306.0,1.0,3.0,2.0,1.0,0.0,0.9287,0.8365,0.6771,0.5394,0.0,-0.5,-0.7,-0.86,68.0,0.44,675.0,0,0,0.0,60.0,0.0,0.0,0.0,0.0,0.0,0.0,0.0,766.0,26.0,Sprint of large group,19.0,2.0,⛰️  Moy. montagne,0
2022-06-14,2022,cic-mont-ventoux,result,,TotalEnergies,1,1.1,FIN,6.0,40.0,,,,,,,40.0,40.0,0.0,0.0,0.0,,155.0,153.0,1.69,0.0,0.0,0.0,109.0,0.0,6.2,39.8,0.0,0.0,0.0,0.0,0.0,4521.0,2845.0,1894.0,217.0,3.0,0.0,1.0,0.0,2.0,0.9998,0.9998,0.9998,0.9998,0.9998,9.7,8.7,7.98,423.0,0.42,1071.0,0,0,0.0,125.0,0.0,0.0,0.0,0.0,0.0,0.0,0.32,260.0,26.0,11.5 km solo,15.2,3.0,🏔️  Haute montagne,0
2022-06-15,2022,tour-de-suisse,stage,4.0,TotalEnergies,0,2.UWT,,,0.0,,,,,,,0.0,100.0,40.0,0.0,0.0,4.0,191.68,178.0,13.1,0.139,0.0,0.0,68.5,0.976,77.9,43.6,0.0,0.0,0.423,0.396,0.0,2060.0,2069.0,795.0,408.0,4.0,1.0,2.0,0.0,0.0,0.9135,0.9135,0.9135,0.0,0.0,-0.1,-0.23,-0.5,6.0,0.34,627.0,0,1,155.0,60.0,0.0,0.0,0.0,0.0,0.0,0.0,0.0,766.0,29.0,Sprint of large group,31.0,2.0,⛰️  Moy. montagne,0
2022-06-16,2022,la-route-d-occitanie,stage,1.0,TotalEnergies,1,2.1,FIN,78.0,0.0,8.0,30.0,,,,,0.0,50.0,33.0,0.0,0.0,1.0,174.13,174.0,0.0,0.0,0.0,0.0,139.0,0.0,35.3,0.0,0.0,0.0,0.0,0.0,0.0,1704.0,1907.0,384.0,134.0,6.0,1.0,0.0,0.0,0.0,0.8844,0.8844,0.0,0.0,0.0,-0.3,-0.07,-0.16,27.0,-0.18,627.0,0,1,155.0,14.0,0.0,0.0,0.0,0.0,0.0,0.0,0.0,298.0,34.0,Sprint of large group,24.0,2.0,⛰️  Moy. montagne,0
2022-06-16,2022,tour-de-suisse,stage,5.0,TotalEnergies,0,2.UWT,,,0.0,,,,,,,0.0,100.0,40.0,0.0,0.0,5.0,188.64,182.0,5.75,0.0,0.0,0.0,112.0,8.0,36.6,30.5,0.787,0.0,0.914,0.58,0.0,2610.0,3237.0,991.0,203.0,4.0,6.0,1.0,0.0,0.0,0.9998,0.9519,0.2601,0.0,0.0,4.1,3.27,2.26,149.0,-1.5,163.0,0,1,155.0,60.0,0.0,0.0,0.0,0.0,0.0,0.0,0.0,766.0,31.0,Sprint of small group,12.0,2.0,⛰️  Moy. montagne,0
2022-06-17,2022,la-route-d-occitanie,stage,2.0,TotalEnergies,1,2.1,FIN,21.0,0.0,8.0,30.0,,,,,3.0,50.0,33.0,0.0,0.0,2.0,34.83,34.6,0.0,0.0,0.0,0.0,17.0,0.0,17.6,0.0,0.24,0.0,0.0,0.0,0.0,497.0,396.0,567.0,307.0,1.0,1.0,0.0,0.0,0.0,0.9986,0.7804,0.0,0.0,0.0,4.5,1.7,-0.44,114.0,0.29,497.0,0,2,329.13,14.0,0.0,0.0,0.0,0.0,0.0,0.0,0.0,298.0,,Sprint of large group,17.0,1.0,🟢  Plat/Sprint,0
2022-06-17,2022,tour-de-suisse,stage,6.0,TotalEnergies,0,2.UWT,,,0.0,,,,,,,0.0,100.0,40.0,0.0,0.0,6.0,181.01,171.0,4.4,0.0,0.571,0.0,89.3,2.71,68.2,14.8,5.35,0.0,4.75,0.26,1.13,4155.0,2320.0,2478.0,198.0,0.0,0.0,0.0,0.0,2.0,0.9996,0.9996,0.9996,0.9996,0.9996,4.5,5.07,6.6,374.0,0.84,637.0,0,2,329.13,60.0,0.0,0.0,0.0,0.0,0.0,0.0,0.0,766.0,25.0,Sprint of small group,8.6,3.0,🏔️  Haute montagne,0
2022-06-18,2022,tour-de-suisse,stage,7.0,TotalEnergies,0,2.UWT,,,0.0,,,,,,,0.0,100.0,40.0,0.0,0.0,7.0,196.38,190.0,4.86,0.0,0.922,0.0,86.2,2.35,78.8,26.1,0.551,0.0,0.689,2.2,0.272,3881.0,3307.0,1979.0,295.0,1.0,1.0,1.0,0.0,2.0,0.9998,0.9998,0.9998,0.9998,0.9998,11.8,9.63,8.18,575.0,-0.32,625.0,0,3,363.96,60.0,0.0,0.0,0.0,0.0,0.0,0.0,0.0,766.0,28.0,2 km solo,8.0,3.0,🏔️  Haute montagne,0
2022-06-18,2022,la-route-d-occitanie,stage,3.0,TotalEnergies,1,2.1,FIN,9.0,0.0,8.0,30.0,,,,,0.0,50.0,33.0,0.0,0.0,3.0,189.76,188.0,1.12,0.0,0.0,0.0,161.0,2.83,22.4,3.19,0.0,0.0,0.0,0.0,0.0,4479.0,2662.0,1841.0,24.0,2.0,1.0,1.0,0.0,2.0,0.9999,0.9999,0.9999,0.9999,0.9999,5.0,6.67,4.88,273.0,0.2,438.0,0,3,363.96,14.0,0.0,0.0,0.0,0.0,0.0,0.0,0.0,298.0,29.0,2.3 km solo,8.0,3.0,🏔️  Haute montagne,0
2022-06-19,2022,la-route-d-occitanie,stage,4.0,TotalEnergies,1,2.1,FIN,20.0,0.0,8.0,30.0,,,,,14.0,50.0,33.0,0.0,0.0,4.0,188.29,183.0,0.612,0.0,4.13,0.0,131.0,0.848,56.3,0.257,0.0,0.0,0.0,0.0,0.0,1936.0,3286.0,1544.0,181.0,6.0,0.0,1.0,0.0,0.0,0.9513,0.3141,0.3141,0.0,0.0,-0.3,-0.37,-0.3,17.0,-1.45,730.0,0,4,553.72,14.0,0.0,0.0,0.0,0.0,0.0,0.0,0.0,298.0,32.0,Sprint of small group,12.0,2.0,⛰️  Moy. montagne,0
2022-06-19,2022,tour-de-suisse,stage,8.0,TotalEnergies,0,2.UWT,,,0.0,,,,,,,0.0,100.0,40.0,0.0,0.0,8.0,25.36,24.5,0.372,0.105,0.0,0.0,3.81,0.735,6.35,13.1,0.32,0.0,0.32,0.862,0.0,131.0,132.0,474.0,437.0,0.0,0.0,0.0,0.0,0.0,0.0,0.0,0.0,0.0,0.0,-1.4,0.03,-0.22,54.0,-0.0,131.0,0,4,553.72,60.0,0.0,0.0,0.0,0.0,0.0,0.0,0.0,766.0,,Time trial,17.6,1.0,🟢  Plat/Sprint,0
2022-06-22,2022,nc-italy-itt,result,,TotalEnergies,0,NC,,,0.0,,,,,,,3.0,3.0,0.0,0.0,0.0,,,,,,,,,,,,,,,,,,,,,0.0,0.0,0.0,0.0,0.0,,,,,,,,,,,,0,5,742.01,,,,,,,,,40.0,,Time trial,,,,0
2022-06-22,2022,nc-poland-itt,result,,TotalEnergies,0,NC,,,0.0,,,,,,,50.0,50.0,0.0,0.0,0.0,,,,,,,,,,,,,,,,,,,,,0.0,0.0,0.0,0.0,0.0,,,,,,,,,,,,0,5,742.01,,,,,,,,,4.0,,Time trial,,,,0
2022-06-23,2022,nc-france-itt,result,,TotalEnergies,0,NC,,,0.0,,,,,,,15.0,15.0,0.0,0.0,0.0,,,,,,,,,,,,,,,,,,,,,0.0,0.0,0.0,0.0,0.0,,,,,,,,,,,,0,5,742.01,,,,,,,,,35.0,,Time trial,,,,0
2022-06-24,2022,nc-netherlands,result,,TotalEnergies,0,NC,,,0.0,,,,,,,0.0,0.0,0.0,0.0,0.0,,,,,,,,,,,,,,,,,,,,,0.0,0.0,0.0,0.0,0.0,,,,,,,,,,,,0,5,742.01,,,,,,,,,132.0,,Sprint à deux,,,,0
2022-06-26,2022,nc-slovakia,result,,TotalEnergies,0,NC,,,0.0,,,,,,,100.0,100.0,0.0,0.0,0.0,,97.87,70.8,27.2,0.0,0.0,0.0,98.0,0.0,0.0,0.0,0.0,0.0,0.0,0.0,0.0,1781.0,1783.0,686.0,427.0,0.0,5.0,0.0,0.0,0.0,0.868,0.868,0.0,0.0,0.0,1.0,0.0,-1.5,96.0,0.38,995.0,0,5,742.01,100.0,0.0,0.0,0.0,0.0,0.0,0.0,0.0,6.0,,? km solo,14.8,2.0,⛰️  Moy. montagne,0
2022-06-26,2022,nc-belgium,result,,TotalEnergies,0,NC,,,0.0,,,,,,,10.0,10.0,0.0,0.0,0.0,,208.47,136.0,62.0,10.1,0.0,0.0,68.9,24.4,0.949,103.0,0.0,0.0,0.588,0.11,0.0,196.0,191.0,9.0,-3.0,0.0,0.0,0.0,0.0,0.0,0.0,0.0,0.0,0.0,0.0,0.4,0.17,0.1,20.0,0.01,52.0,1,5,742.01,100.0,4.328,0.0,1.476,0.0,0.051,0.0,0.0,408.0,,Sprint of small group,17.6,1.0,🟢  Plat/Sprint,0
2022-06-26,2022,nc-france,result,,TotalEnergies,0,NC,,,0.0,,,,,,,85.0,85.0,0.0,0.0,0.0,,,,,,,,,,,,,,,,,,,,,0.0,0.0,0.0,0.0,0.0,,,,,,,,,,,,0,5,742.01,,,,,,,,,400.0,,Sprint of small group,,,,0
2022-06-26,2022,nc-italy,result,,TotalEnergies,0,NC,,,0.0,,,,,,,0.0,0.0,0.0,0.0,0.0,,171.59,138.0,31.9,1.03,0.0,0.0,146.0,24.5,0.0,0.0,0.0,0.843,0.0,0.0,0.0,2351.0,2352.0,382.0,255.0,11.0,0.0,0.0,0.0,0.0,0.9993,0.0,0.0,0.0,0.0,1.8,1.43,1.44,115.0,-0.07,671.0,0,5,742.01,100.0,0.329,0.0,0.11,0.0,0.11,0.0,0.0,197.0,,Sprint of small group,14.8,2.0,⛰️  Moy. montagne,0
2022-06-26,2022,nc-norway,result,,TotalEnergies,0,NC,,,0.0,,,,,,,60.0,60.0,0.0,0.0,0.0,,150.74,150.0,0.0,0.0,0.0,0.0,89.0,5.01,55.8,0.642,0.0,0.0,0.55,0.0,0.0,2319.0,2319.0,185.0,21.0,0.0,7.0,0.0,0.0,0.0,0.9578,0.9578,0.0,0.0,0.0,0.3,-1.57,-1.48,111.0,0.17,806.0,0,5,742.01,100.0,0.0,0.0,0.0,0.0,0.0,0.0,0.0,78.0,,Sprint of small group,2.8,2.0,⛰️  Moy. montagne,0
2022-06-26,2022,nc-poland,result,,TotalEnergies,0,NC,,,0.0,,,,,,,20.0,20.0,0.0,0.0,0.0,,,,,,,,,,,,,,,,,,,,,0.0,0.0,0.0,0.0,0.0,,,,,,,,,,,,0,5,742.01,,,,,,,,,19.0,,-,,,,0
2022-06-26,2022,ncgreat-britain,result,,TotalEnergies,0,NC,,,0.0,,,,,,,0.0,0.0,0.0,0.0,0.0,,,,,,,,,,,,,,,,,,,,,0.0,0.0,0.0,0.0,0.0,,,,,,,,,,,,0,5,742.01,,,,,,,,,89.0,,Sprint of small group,,,,0
2022-07-01,2022,tour-de-france,stage,1.0,TotalEnergies,0,2.UWT,,,0.0,,,,,,,0.0,85.0,20.0,0.0,0.0,1.0,13.18,5.48,6.85,0.639,0.0,0.0,0.329,1.29,0.0,9.51,0.519,0.0,0.606,1.18,0.134,14.0,17.0,11.0,1.0,0.0,0.0,0.0,0.0,0.0,0.0,0.0,0.0,0.0,0.0,0.3,0.07,-0.02,7.0,-0.02,14.0,0,5,742.01,120.0,0.0,0.0,0.0,0.0,0.0,0.0,0.0,1551.0,,Time trial,19.6,1.0,🟢  Plat/Sprint,0
2022-07-02,2022,tour-de-france,stage,2.0,TotalEnergies,0,2.UWT,,,0.0,,,,,,,0.0,85.0,20.0,0.0,0.0,2.0,201.97,167.0,14.9,0.605,1.17,0.0,122.0,2.27,3.89,34.8,17.8,0.128,18.6,0.257,0.8,1097.0,1147.0,77.0,-52.0,0.0,0.0,0.0,0.0,0.0,0.0,0.0,0.0,0.0,0.0,0.1,-0.2,0.24,36.0,-0.11,213.0,0,5,742.01,120.0,0.0,0.0,0.0,0.0,0.0,0.0,0.0,1551.0,22.0,Sprint of large group,2.6,1.0,🟢  Plat/Sprint,0
2022-07-03,2022,tour-de-france,stage,3.0,TotalEnergies,0,2.UWT,,,0.0,,,,,,,15.0,85.0,20.0,0.0,0.0,3.0,181.9,149.0,26.4,1.06,1.61,0.0,92.2,6.82,0.0,52.2,2.52,0.0,4.61,0.348,1.16,1263.0,1270.0,111.0,0.0,2.0,0.0,0.0,0.0,0.0,0.4518,0.0,0.0,0.0,0.0,0.2,0.07,0.06,87.0,0.08,449.0,0,5,742.01,120.0,0.35,0.006,0.35,0.006,0.288,0.0,0.0,1551.0,23.0,Sprint of large group,2.6,1.0,🟢  Plat/Sprint,0
2022-07-05,2022,tour-de-france,stage,4.0,TotalEnergies,0,2.UWT,,,0.0,,,,,,,5.0,85.0,20.0,0.0,0.0,4.0,171.46,164.0,5.04,2.13,0.0,0.0,100.0,3.82,52.0,15.2,0.365,0.0,0.379,0.0,0.0,1781.0,1780.0,205.0,-1.0,6.0,2.0,0.0,0.0,0.0,0.9348,0.5673,0.0,0.0,0.0,0.0,0.0,0.02,3.0,0.0,259.0,0,5,742.01,120.0,0.0,0.0,0.0,0.0,0.0,0.0,0.0,1551.0,20.0,11.6 km solo,34.8,2.0,⛰️  Moy. montagne,0
2022-07-06,2022,tour-de-france,stage,5.0,TotalEnergies,0,2.UWT,,,0.0,,,,,,,25.0,85.0,20.0,0.0,0.0,5.0,156.96,128.0,8.38,17.5,1.14,0.0,105.0,5.99,9.59,28.8,1.62,0.0,1.62,5.5,0.373,578.0,566.0,79.0,15.0,0.0,0.0,0.0,0.0,0.0,0.0,0.0,0.0,0.0,0.0,-0.1,0.4,0.36,28.0,-0.0,183.0,0,5,742.01,120.0,15.344,0.0,5.163,0.0,1.603,0.0,0.0,1551.0,24.0,Sprint of small group,5.0,1.0,🟢  Plat/Sprint,0
2022-07-07,2022,tour-de-france,stage,6.0,TotalEnergies,0,2.UWT,,,0.0,,,,,,,0.0,85.0,20.0,0.0,0.0,6.0,219.83,217.0,1.7,0.281,0.0,0.0,110.0,2.09,103.0,3.99,0.745,0.0,0.745,0.0,0.0,2477.0,2279.0,385.0,124.0,8.0,2.0,0.0,0.0,0.0,0.9998,0.9998,0.0,0.0,0.0,4.4,2.47,0.5,231.0,0.08,545.0,0,5,742.01,120.0,0.0,0.0,0.0,0.0,0.0,0.0,0.0,1551.0,19.0,Sprint of small group,35.8,2.0,⛰️  Moy. montagne,0
2022-07-08,2022,tour-de-france,stage,7.0,TotalEnergies,0,2.UWT,,,0.0,,,,,,,0.0,85.0,20.0,0.0,0.0,7.0,176.32,175.0,1.12,0.0,0.0,0.545,110.0,0.0,59.2,5.68,0.0,0.123,0.0,0.915,0.0,2526.0,1608.0,1141.0,199.0,2.0,1.0,1.0,0.0,1.0,0.9998,0.9998,0.9998,0.9998,0.9998,10.2,7.77,8.74,444.0,0.08,326.0,0,5,742.01,120.0,0.0,0.543,0.0,0.543,0.0,0.543,0.0,1551.0,22.0,Sprint à deux,8.0,3.0,🏔️  Haute montagne,0
2022-07-09,2022,tour-de-france,stage,8.0,TotalEnergies,0,2.UWT,,,0.0,,,,,,,0.0,85.0,20.0,0.0,0.0,8.0,186.37,184.0,2.44,0.0,0.0,0.0,125.0,0.227,44.9,16.2,0.236,0.0,0.309,0.0,0.0,2556.0,2169.0,1180.0,197.0,2.0,2.0,0.0,0.0,1.0,0.9997,0.9997,0.7647,0.7647,0.7647,5.0,3.77,4.52,255.0,0.82,571.0,0,5,742.01,120.0,0.0,0.0,0.0,0.0,0.0,0.0,0.0,1551.0,23.0,Sprint of small group,8.0,3.0,🏔️  Haute montagne,0
2022-07-10,2022,tour-de-france,stage,9.0,TotalEnergies,0,2.UWT,,,0.0,,,,,,,0.0,85.0,20.0,0.0,0.0,9.0,192.99,191.0,1.19,0.0,0.186,0.0,104.0,0.531,63.6,23.0,0.487,0.0,0.941,1.0,0.0,3743.0,2837.0,1770.0,373.0,0.0,2.0,1.0,0.0,2.0,0.9998,0.9998,0.938,0.938,0.938,4.8,4.93,2.82,182.0,0.83,638.0,0,5,742.01,120.0,0.0,0.0,0.0,0.0,0.0,0.0,0.0,1551.0,24.0,60.5 km solo,0.0,3.0,🏔️  Haute montagne,0
2022-07-12,2022,tour-de-france,stage,10.0,TotalEnergies,0,2.UWT,,,0.0,,,,,,,0.0,85.0,20.0,0.0,0.0,10.0,149.75,147.0,1.34,0.0,0.0,0.0,87.0,0.904,50.3,10.2,0.905,0.0,1.3,0.0,0.0,2733.0,2158.0,1435.0,398.0,0.0,1.0,2.0,0.0,1.0,0.9998,0.9998,0.9998,0.9998,0.9998,3.5,4.07,4.06,338.0,-0.53,805.0,0,5,742.01,120.0,0.0,0.0,0.0,0.0,0.0,0.0,0.0,1551.0,26.0,Sprint of small group,0.0,3.0,🏔️  Haute montagne,0
2022-07-13,2022,tour-de-france,stage,11.0,TotalEnergies,0,2.UWT,,,0.0,,,,,,,0.0,85.0,20.0,0.0,0.0,11.0,152.28,151.0,0.467,0.0,0.0,0.0,74.0,0.0,54.5,23.2,0.164,0.0,0.253,0.276,0.0,4070.0,1990.0,2636.0,297.0,1.0,1.0,0.0,0.0,2.0,0.9998,0.9998,0.9998,0.9998,0.9998,9.4,9.27,9.58,350.0,0.92,570.0,0,5,742.01,120.0,0.0,0.0,0.0,0.0,0.0,0.0,0.0,1551.0,25.0,3.9 km solo,0.0,3.0,🏔️  Haute montagne,0
2022-07-14,2022,tour-de-france,stage,12.0,TotalEnergies,0,2.UWT,,,0.0,,,,,,,0.0,85.0,20.0,0.0,0.0,12.0,165.47,165.0,0.109,0.0,0.0,0.0,118.0,0.199,22.3,24.4,0.293,0.0,0.483,0.144,0.0,4660.0,4164.0,2638.0,537.0,2.0,0.0,0.0,0.0,3.0,0.9999,0.9999,0.9999,0.9999,0.9999,3.4,6.0,7.26,402.0,0.28,1334.0,0,5,742.01,120.0,0.0,0.0,0.0,0.0,0.0,0.0,0.0,1551.0,26.0,11 km solo,0.0,3.0,🏔️  Haute montagne,0
2022-07-15,2022,tour-de-france,stage,13.0,TotalEnergies,0,2.UWT,,,0.0,,,,,,,0.0,85.0,20.0,0.0,0.0,13.0,193.13,191.0,0.348,0.0,0.0,0.0,118.0,0.285,39.1,34.3,1.13,0.101,1.26,0.138,0.0,2109.0,2339.0,739.0,152.0,0.0,3.0,2.0,0.0,0.0,0.9534,0.9534,0.7425,0.0,0.0,1.0,0.93,0.12,38.0,-1.02,417.0,0,4,587.01,120.0,0.0,0.0,0.0,0.0,0.0,0.0,0.0,1551.0,32.0,Sprint of small group,33.0,2.0,⛰️  Moy. montagne,0
2022-07-16,2022,tour-de-france,stage,14.0,TotalEnergies,0,2.UWT,,,0.0,,,,,,,0.0,85.0,20.0,0.0,0.0,14.0,192.06,186.0,0.56,0.0,4.29,0.0,137.0,0.299,43.2,10.8,0.649,0.0,0.851,0.0,0.0,3441.0,2985.0,1431.0,465.0,5.0,1.0,3.0,0.0,1.0,0.9951,0.9951,0.9951,0.8488,0.8488,-3.0,4.4,5.76,338.0,0.6,1096.0,0,4,587.01,120.0,0.0,0.0,0.0,0.0,0.0,0.0,0.0,1551.0,27.0,1.9 km solo,0.0,3.0,🏔️  Haute montagne,0
2022-07-17,2022,tour-de-france,stage,15.0,TotalEnergies,0,2.UWT,,,0.0,,,,,,,15.0,85.0,20.0,0.0,0.0,15.0,202.63,201.0,1.65,0.0,0.0,0.0,168.0,1.03,31.4,1.35,0.249,0.0,0.249,0.0,0.0,2416.0,2925.0,698.0,94.0,5.0,3.0,1.0,0.0,0.0,0.883,0.7684,0.7684,0.0,0.0,1.3,0.47,0.46,45.0,-0.16,712.0,0,3,412.88,120.0,0.0,0.0,0.0,0.0,0.0,0.0,0.0,1551.0,36.0,Sprint of large group,33.0,2.0,⛰️  Moy. montagne,0
2022-07-19,2022,tour-de-france,stage,16.0,TotalEnergies,0,2.UWT,,,0.0,,,,,,,0.0,85.0,20.0,0.0,0.0,16.0,179.07,161.0,0.189,0.125,17.6,0.0,148.0,0.108,26.1,5.2,0.0,0.0,0.0,0.294,0.0,3418.0,3157.0,1512.0,115.0,2.0,2.0,0.0,1.0,1.0,0.7864,0.7864,0.7864,0.7864,0.5804,-1.8,-1.87,-1.38,7.0,0.52,882.0,0,1,188.29,120.0,0.0,0.0,0.0,0.0,0.0,0.0,0.0,1551.0,31.0,39 km solo,24.0,2.0,⛰️  Moy. montagne,0
2022-07-20,2022,tour-de-france,stage,17.0,TotalEnergies,0,2.UWT,,,0.0,,,,,,,0.0,85.0,20.0,0.0,0.0,17.0,129.99,110.0,19.1,0.0,0.0,0.0,97.5,0.97,28.7,2.42,0.457,0.0,0.457,0.0,0.0,3364.0,2194.0,1566.0,375.0,0.0,0.0,2.0,1.0,1.0,0.9998,0.9998,0.9998,0.7992,0.5427,8.9,7.53,7.66,535.0,0.57,455.0,0,0,0.0,120.0,0.0,0.0,0.0,0.0,0.0,0.0,0.0,1551.0,23.0,Sprint à deux,0.0,3.0,🏔️  Haute montagne,0
2022-07-21,2022,tour-de-france,stage,18.0,TotalEnergies,0,2.UWT,,,0.0,,,,,,,0.0,85.0,20.0,0.0,0.0,18.0,144.33,141.0,0.445,0.0,0.161,0.0,141.0,0.372,0.368,0.0,1.98,0.0,2.41,0.316,0.0,4036.0,2929.0,1703.0,285.0,2.0,1.0,0.0,0.0,3.0,0.9998,0.9998,0.9998,0.9998,0.9998,7.1,7.9,7.88,519.0,0.04,585.0,0,0,0.0,120.0,0.0,0.0,0.0,0.0,0.0,0.0,0.0,1551.0,27.0,3.6 km solo,0.0,3.0,🏔️  Haute montagne,0
2022-07-22,2022,tour-de-france,stage,19.0,TotalEnergies,0,2.UWT,,,0.0,,,,,,,0.0,85.0,20.0,0.0,0.0,19.0,188.24,188.0,0.179,0.287,0.0,0.0,79.5,1.35,105.0,2.15,0.237,0.0,0.237,0.0,0.0,1316.0,1475.0,301.0,56.0,4.0,1.0,0.0,0.0,0.0,0.7826,0.7826,0.0,0.0,0.0,2.3,0.87,0.32,37.0,-0.37,59.0,0,0,0.0,120.0,0.0,0.0,0.0,0.0,0.0,0.0,0.0,1551.0,30.0,0.4 km solo,10.0,1.0,🟢  Plat/Sprint,0
2022-07-23,2022,tour-de-france,stage,20.0,TotalEnergies,0,2.UWT,,,0.0,,,,,,,0.0,85.0,20.0,0.0,0.0,20.0,40.69,40.7,0.0,0.0,0.0,0.0,38.2,0.0,2.48,0.0,0.0,0.0,0.0,0.0,0.0,433.0,565.0,423.0,143.0,1.0,0.0,0.0,0.0,0.0,0.994,0.0,0.0,0.0,0.0,5.2,1.47,0.74,186.0,-0.32,433.0,0,0,0.0,120.0,0.0,0.0,0.0,0.0,0.0,0.0,0.0,1551.0,,Time trial,8.0,1.0,🟢  Plat/Sprint,0
2022-07-23,2022,tour-de-wallonie,stage,1.0,TotalEnergies,0,2.Pro,,,0.0,,,,,,,0.0,0.0,0.0,0.0,0.0,1.0,174.64,156.0,17.9,0.537,0.0,0.0,147.0,5.24,11.2,9.9,0.0,0.0,0.0,0.0,0.0,2258.0,2224.0,310.0,68.0,6.0,3.0,0.0,0.0,0.0,0.9998,0.8279,0.0,0.0,0.0,9.0,2.87,2.58,197.0,-0.01,596.0,1,0,0.0,20.0,0.0,0.0,0.0,0.0,0.0,0.0,0.0,377.0,25.0,Sprint of large group,4.0,2.0,⛰️  Moy. montagne,0
2022-07-24,2022,tour-de-wallonie,stage,2.0,TotalEnergies,0,2.Pro,,,0.0,,,,,,,0.0,0.0,0.0,0.0,0.0,2.0,178.01,175.0,3.27,0.0,0.0,0.0,155.0,5.93,13.3,2.82,0.0,0.0,0.142,0.535,0.0,2757.0,2761.0,531.0,108.0,6.0,6.0,1.0,0.0,0.0,0.9998,0.9549,0.477,0.0,0.0,0.6,2.63,0.76,193.0,-0.26,528.0,1,0,0.0,20.0,0.0,0.0,0.0,0.0,0.0,0.0,0.0,377.0,29.0,Sprint of small group,3.0,2.0,⛰️  Moy. montagne,0
2022-07-24,2022,tour-de-france,stage,21.0,TotalEnergies,0,2.UWT,,,0.0,,,,,,,5.0,85.0,20.0,0.0,0.0,21.0,115.08,74.2,3.25,38.2,0.0,0.0,23.4,7.6,30.2,49.5,0.767,0.509,0.833,1.22,1.96,669.0,715.0,176.0,29.0,3.0,0.0,0.0,0.0,0.0,0.3845,0.0,0.0,0.0,0.0,0.0,0.0,-0.46,27.0,-0.08,413.0,0,0,0.0,120.0,34.006,0.0,13.705,0.0,5.933,0.0,0.0,1551.0,32.0,Sprint of large group,8.0,1.0,🟢  Plat/Sprint,0
2022-07-25,2022,prueba-villafranca,result,,TotalEnergies,0,1.1,,,0.0,,,,,,,3.0,3.0,0.0,0.0,0.0,,166.77,165.0,0.376,1.29,0.0,0.0,156.0,4.87,0.0,2.9,0.0,0.0,0.0,2.75,0.0,2391.0,2392.0,402.0,93.0,2.0,5.0,0.0,0.0,0.0,0.9376,0.9376,0.0,0.0,0.0,0.0,-0.7,-1.16,19.0,0.03,574.0,0,0,0.0,125.0,0.258,0.0,0.0,0.0,0.0,0.0,0.0,151.0,23.0,11.5 km solo,3.0,2.0,⛰️  Moy. montagne,0
2022-07-25,2022,tour-de-wallonie,stage,3.0,TotalEnergies,0,2.Pro,,,0.0,,,,,,,0.0,0.0,0.0,0.0,0.0,3.0,196.22,177.0,18.6,0.0,0.462,0.0,129.0,7.34,55.5,4.6,0.168,0.0,0.168,0.0,0.0,2917.0,2834.0,360.0,92.0,4.0,5.0,0.0,0.0,0.0,0.9867,0.7881,0.0,0.0,0.0,0.9,0.1,-1.02,241.0,0.08,769.0,1,0,0.0,20.0,0.0,0.0,0.0,0.0,0.0,0.0,0.0,377.0,26.0,Sprint of large group,3.6,2.0,⛰️  Moy. montagne,0
2022-07-26,2022,tour-de-wallonie,stage,4.0,TotalEnergies,0,2.Pro,,,0.0,,,,,,,0.0,0.0,0.0,0.0,0.0,4.0,201.43,192.0,9.08,0.356,0.0,0.0,145.0,0.862,47.7,7.28,0.195,0.0,0.195,0.0,0.0,3289.0,3257.0,528.0,99.0,6.0,4.0,1.0,0.0,0.0,0.9718,0.9718,0.2575,0.0,0.0,-0.5,-3.5,-2.86,69.0,0.5,959.0,1,0,0.0,20.0,0.0,0.0,0.0,0.0,0.0,0.0,0.0,377.0,21.0,Sprint of small group,0.6,2.0,⛰️  Moy. montagne,0
2022-07-27,2022,tour-de-wallonie,stage,5.0,TotalEnergies,0,2.Pro,,,0.0,,,,,,,0.0,0.0,0.0,0.0,0.0,5.0,213.53,158.0,31.7,17.7,1.31,0.0,160.0,11.0,12.6,23.3,4.89,0.0,4.89,0.409,0.9,1729.0,1682.0,173.0,54.0,3.0,0.0,0.0,0.0,0.0,0.8785,0.0,0.0,0.0,0.0,0.9,1.03,0.32,127.0,-0.09,251.0,1,0,0.0,20.0,4.725,0.0,2.362,0.0,1.09,0.0,0.0,377.0,21.0,? km solo,9.0,1.0,🟢  Plat/Sprint,0
2022-07-27,2022,vuelta-a-castilla-y-leon,stage,1.0,TotalEnergies,0,2.1,,,0.0,,,,,,,0.0,38.0,38.0,0.0,0.0,1.0,155.38,151.0,0.409,0.0,0.951,0.0,36.4,0.241,115.0,0.196,3.18,0.0,3.18,0.951,0.0,1434.0,1457.0,820.0,596.0,3.0,3.0,0.0,0.0,0.0,0.9981,0.665,0.0,0.0,0.0,1.6,1.53,1.24,76.0,-0.01,229.0,0,0,0.0,14.0,0.0,0.0,0.0,0.0,0.0,0.0,0.0,141.0,29.0,Sprint of large group,6.0,1.0,🟢  Plat/Sprint,0
2022-07-28,2022,vuelta-a-castilla-y-leon,stage,2.0,TotalEnergies,0,2.1,,,0.0,,,,,,,0.0,38.0,38.0,0.0,0.0,2.0,189.6,183.0,6.66,0.221,0.0,0.0,166.0,1.41,22.1,0.0,0.0,0.0,0.0,0.0,0.0,3105.0,3108.0,1198.0,516.0,3.0,2.0,2.0,1.0,0.0,0.9851,0.9851,0.9851,0.6386,0.0,-0.1,0.37,-0.84,139.0,-0.85,706.0,0,0,0.0,14.0,0.0,0.0,0.0,0.0,0.0,0.0,0.0,141.0,32.0,25 km solo,0.6,2.0,⛰️  Moy. montagne,0
2022-07-30,2022,san-sebastian,result,,TotalEnergies,1,1.UWT,DNF,,0.0,,,,,,,16.0,16.0,0.0,0.0,0.0,,222.94,215.0,1.15,0.728,3.94,0.0,137.0,9.23,69.7,5.09,0.863,0.0,1.55,0.631,0.0,4113.0,4142.0,677.0,0.0,3.0,4.0,2.0,1.0,0.0,0.9722,0.9722,0.8172,0.3202,0.0,0.0,-0.03,-2.66,15.0,-0.01,624.0,0,0,0.0,400.0,0.024,0.0,0.02,0.0,0.009,0.0,0.0,724.0,23.0,44.5 km solo,0.6,2.0,⛰️  Moy. montagne,0
2022-07-31,2022,circuito-de-getxo,result,,TotalEnergies,0,1.1,,,0.0,,,,,,,78.0,78.0,0.0,0.0,0.0,,202.32,179.0,21.3,0.733,0.0,0.0,77.0,27.7,75.8,14.5,0.0,0.0,0.0,6.5,0.0,2412.0,2355.0,373.0,1.0,6.0,1.0,1.0,0.0,0.0,0.9391,0.9391,0.856,0.0,0.0,5.5,1.83,1.16,70.0,0.0,536.0,0,1,222.94,125.0,0.01,0.0,0.01,0.0,0.01,0.0,0.0,272.0,25.0,Sprint of small group,3.8,2.0,⛰️  Moy. montagne,0
2022-08-07,2022,gp-jef-scherens,result,,TotalEnergies,0,1.1,,,0.0,,,,,,,40.0,40.0,0.0,0.0,0.0,,199.3,123.0,59.7,13.7,0.0,0.0,62.8,58.9,5.37,56.7,3.25,0.0,3.26,2.44,0.0,1895.0,1884.0,100.0,16.0,2.0,0.0,0.0,0.0,0.0,0.3972,0.0,0.0,0.0,0.0,-0.5,-0.23,-0.2,94.0,0.15,557.0,1,1,222.94,125.0,1.534,0.0,0.561,0.0,0.06,0.0,0.0,264.0,24.0,Sprint à deux,1.0,1.0,🟢  Plat/Sprint,0
2022-08-09,2022,tour-de-l-ain,stage,1.0,TotalEnergies,1,2.1,FIN,55.0,0.0,47.0,0.0,,,,,0.0,3.0,3.0,0.0,0.0,1.0,149.94,150.0,0.0,0.0,0.0,0.0,149.0,0.0,0.747,0.0,0.0,0.0,0.0,0.0,0.0,1269.0,1240.0,449.0,189.0,1.0,1.0,0.0,0.0,0.0,0.9093,0.7398,0.0,0.0,0.0,0.7,-0.3,-0.32,86.0,-0.0,166.0,0,1,222.94,14.0,0.0,0.0,0.0,0.0,0.0,0.0,0.0,198.0,,Sprint of large group,9.0,1.0,🟢  Plat/Sprint,0
2022-08-10,2022,tour-de-l-ain,stage,2.0,TotalEnergies,1,2.1,FIN,71.0,0.0,47.0,0.0,,,,,0.0,3.0,3.0,0.0,0.0,2.0,142.29,142.0,0.579,0.0,0.0,0.0,141.0,0.579,1.05,0.0,0.0,0.0,0.0,0.0,0.0,2853.0,2855.0,1006.0,201.0,2.0,0.0,1.0,0.0,2.0,0.9137,0.8275,0.8275,0.8275,0.8275,0.0,-3.6,-5.12,3.0,1.27,1139.0,0,2,372.88,14.0,0.0,0.0,0.0,0.0,0.0,0.0,0.0,198.0,,1.6 km solo,18.8,2.0,⛰️  Moy. montagne,0
2022-08-10,2022,circuit-franco-belge,result,,TotalEnergies,0,1.Pro,,,0.0,,,,,,,210.0,210.0,0.0,0.0,0.0,,177.04,138.0,33.2,0.411,2.9,0.0,85.9,3.75,36.8,47.9,2.27,0.0,2.27,0.0,0.0,1984.0,1876.0,150.0,19.0,6.0,0.0,0.0,0.0,0.0,0.8615,0.0,0.0,0.0,0.0,3.3,1.77,0.6,133.0,0.04,436.0,1,2,372.88,200.0,0.0,0.0,0.0,0.0,0.0,0.0,0.0,344.0,30.0,Sprint of small group,9.0,1.0,🟢  Plat/Sprint,0
2022-08-11,2022,arctic-race-of-norway,stage,1.0,TotalEnergies,0,2.Pro,,,0.0,,,,,,,5.0,45.0,35.0,0.0,0.0,1.0,186.14,178.0,4.84,0.0,0.0,0.0,86.8,2.97,90.0,2.71,3.03,0.0,1.9,0.633,0.0,3327.0,3294.0,578.0,0.0,4.0,0.0,2.0,0.0,0.0,0.6691,0.51,0.51,0.0,0.0,1.1,-0.6,-0.14,59.0,0.66,1223.0,0,3,515.17,20.0,0.0,0.0,0.0,0.0,0.0,0.0,0.0,157.0,12.0,Sprint of small group,18.8,2.0,⛰️  Moy. montagne,0
2022-08-11,2022,tour-de-l-ain,stage,3.0,TotalEnergies,1,2.1,FIN,26.0,0.0,47.0,0.0,,,,,0.0,3.0,3.0,0.0,0.0,3.0,128.95,122.0,7.22,0.0,0.0,0.0,128.0,0.0,1.09,0.0,0.0,0.0,0.0,0.0,0.0,3522.0,3436.0,1159.0,455.0,0.0,2.0,3.0,2.0,0.0,0.9906,0.9906,0.9906,0.8417,0.0,1.1,0.4,1.64,136.0,-0.01,1155.0,0,3,515.17,14.0,0.0,0.0,0.0,0.0,0.0,0.0,0.0,198.0,27.0,55.8 km solo,19.8,2.0,⛰️  Moy. montagne,0
2022-08-12,2022,arctic-race-of-norway,stage,2.0,TotalEnergies,0,2.Pro,,,0.0,,,,,,,5.0,45.0,35.0,0.0,0.0,2.0,154.13,154.0,0.0,0.0,0.0,0.0,14.0,0.0,140.0,0.0,0.0,0.0,0.0,0.0,0.0,2658.0,2674.0,409.0,0.0,5.0,1.0,1.0,0.0,0.0,0.9296,0.7114,0.3922,0.0,0.0,0.0,-0.33,-0.5,44.0,0.26,780.0,0,4,644.1199999999999,20.0,0.0,0.0,0.0,0.0,0.0,0.0,0.0,157.0,13.0,Sprint of large group,19.8,2.0,⛰️  Moy. montagne,0
2022-08-13,2022,arctic-race-of-norway,stage,3.0,TotalEnergies,0,2.Pro,,,0.0,,,,,,,0.0,45.0,35.0,0.0,0.0,3.0,180.55,167.0,11.2,0.188,0.0,1.18,86.4,1.19,88.7,3.76,0.626,0.0,1.14,0.0,0.0,2636.0,2163.0,474.0,0.0,5.0,2.0,1.0,0.0,0.0,0.9996,0.9996,0.9996,0.0,0.0,1.7,5.87,4.86,296.0,0.07,473.0,0,4,644.1199999999999,20.0,0.039,0.0,0.0,0.0,0.0,0.0,0.0,157.0,16.0,2.2 km solo,17.6,2.0,⛰️  Moy. montagne,0
2022-08-14,2022,arctic-race-of-norway,stage,4.0,TotalEnergies,0,2.Pro,,,0.0,,,,,,,0.0,45.0,35.0,0.0,0.0,4.0,159.32,158.0,0.822,0.488,0.0,0.0,63.5,6.88,77.3,11.0,0.222,0.0,0.317,0.46,0.0,2355.0,2372.0,293.0,0.0,9.0,2.0,0.0,0.0,0.0,0.9714,0.6465,0.0,0.0,0.0,-0.7,-0.87,-1.92,75.0,-0.02,589.0,0,4,644.1199999999999,20.0,0.0,0.0,0.0,0.0,0.0,0.0,0.0,157.0,20.0,32 km solo,2.0,2.0,⛰️  Moy. montagne,0
2022-08-14,2022,la-poly-normande,result,,TotalEnergies,0,1.1,,,0.0,,,,,,,115.0,115.0,0.0,0.0,0.0,,171.63,118.0,54.2,0.0,0.0,0.0,170.0,0.0,0.0,1.92,0.0,0.0,0.0,0.0,0.0,2156.0,2086.0,189.0,35.0,11.0,0.0,0.0,0.0,0.0,0.9343,0.0,0.0,0.0,0.0,2.8,1.4,0.36,138.0,0.12,650.0,0,4,644.1199999999999,85.0,0.0,0.0,0.0,0.0,0.0,0.0,0.0,228.0,20.0,Sprint of small group,2.0,2.0,⛰️  Moy. montagne,0
2022-08-16,2022,tour-du-limousin,stage,1.0,TotalEnergies,0,2.1,,,0.0,,,,,,,14.0,22.0,8.0,0.0,0.0,1.0,177.9,160.0,18.0,0.0,0.0,0.0,172.0,0.199,5.45,0.0,0.0,0.0,0.0,0.0,0.0,1984.0,2016.0,446.0,221.0,3.0,2.0,0.0,0.0,0.0,0.9605,0.9605,0.0,0.0,0.0,2.1,-0.5,-0.66,34.0,-0.14,622.0,0,4,644.1199999999999,14.0,0.0,0.0,0.0,0.0,0.0,0.0,0.0,345.0,22.0,0.8 km solo,24.0,2.0,⛰️  Moy. montagne,0
2022-08-17,2022,tour-du-limousin,stage,2.0,TotalEnergies,0,2.1,,,0.0,,,,,,,0.0,22.0,8.0,0.0,0.0,2.0,184.84,173.0,12.3,0.0,0.0,0.0,149.0,2.48,33.6,0.0,0.0,0.0,0.0,0.0,0.0,1842.0,1861.0,243.0,59.0,9.0,0.0,0.0,0.0,0.0,0.8955,0.0,0.0,0.0,0.0,0.2,0.07,0.04,36.0,0.22,674.0,0,4,644.1199999999999,14.0,0.0,0.0,0.0,0.0,0.0,0.0,0.0,345.0,25.0,Sprint of large group,26.8,2.0,⛰️  Moy. montagne,0
2022-08-18,2022,tour-du-limousin,stage,3.0,TotalEnergies,0,2.1,,,0.0,,,,,,,0.0,22.0,8.0,0.0,0.0,3.0,182.12,164.0,17.1,0.575,0.0,0.0,176.0,2.11,4.04,0.0,0.0,0.0,0.0,0.0,0.0,3016.0,3059.0,489.0,93.0,6.0,5.0,1.0,0.0,0.0,0.9569,0.9569,0.414,0.0,0.0,1.8,0.7,-0.64,48.0,0.28,555.0,0,4,644.1199999999999,14.0,0.186,0.0,0.186,0.0,0.186,0.0,0.0,345.0,24.0,Sprint of small group,25.8,2.0,⛰️  Moy. montagne,0
2022-08-19,2022,tour-du-limousin,stage,4.0,TotalEnergies,0,2.1,,,0.0,,,,,,,0.0,22.0,8.0,0.0,0.0,4.0,173.85,155.0,19.1,0.0,0.0,0.0,147.0,13.4,12.4,1.27,0.0,0.0,0.0,0.0,0.0,2488.0,2453.0,393.0,210.0,8.0,1.0,0.0,0.0,0.0,0.9648,0.6866,0.0,0.0,0.0,1.8,-0.57,-1.12,74.0,0.1,707.0,0,4,644.1199999999999,14.0,0.0,0.0,0.0,0.0,0.0,0.0,0.0,345.0,22.0,1.5 km solo,25.8,2.0,⛰️  Moy. montagne,0
2022-08-21,2022,cyclassics-hamburg,result,,TotalEnergies,0,1.UWT,,,0.0,,,,,,,68.0,68.0,0.0,0.0,0.0,,204.97,151.0,44.0,2.27,1.17,0.16,74.6,19.0,7.41,64.9,6.7,0.0,7.24,1.74,0.929,885.0,880.0,75.0,1.0,0.0,0.0,0.0,0.0,0.0,0.0,0.0,0.0,0.0,0.0,0.6,-0.3,-0.42,23.0,0.02,115.0,0,4,644.1199999999999,400.0,1.137,0.0,0.353,0.0,0.157,0.0,0.0,650.0,24.0,Sprint of small group,50.0,1.0,🟢  Plat/Sprint,0
2022-08-21,2022,schaal-schels,result,,TotalEnergies,0,1.1,,,0.0,,,,,,,120.0,120.0,0.0,0.0,0.0,,127.08,0.0,0.0,0.0,0.0,0.0,0.0,0.0,0.0,0.0,0.0,0.0,0.0,0.0,0.0,86.6,86.6,4.0,1.0,0.0,0.0,0.0,0.0,0.0,0.0,0.0,0.0,0.0,0.0,-0.27,-0.03,-0.02,4.0,0.0,34.0,1,4,644.1199999999999,125.0,0.0,0.0,0.0,0.0,0.0,0.0,0.0,93.0,24.0,Sprint of large group,63.6,1.0,🟢  Plat/Sprint,0
2022-08-23,2022,tour-du-poitou-charentes-et-de-la-vienne,stage,1.0,TotalEnergies,0,2.1,,,0.0,,,,,,,3.0,115.0,95.0,0.0,0.0,1.0,193.53,186.0,5.88,0.0,0.78,0.742,177.0,2.18,13.1,0.105,0.171,0.0,0.395,0.161,0.717,954.0,1000.0,143.0,1.0,0.0,0.0,0.0,0.0,0.0,0.0,0.0,0.0,0.0,0.0,0.0,0.3,-0.16,22.0,0.03,368.0,0,4,644.1199999999999,14.0,0.0,0.599,0.0,0.599,0.0,0.0,0.0,182.0,24.0,Sprint of large group,87.6,1.0,🟢  Plat/Sprint,0
2022-08-23,2022,gp-stad-zottegem,result,,TotalEnergies,0,1.1,,,0.0,,,,,,,60.0,60.0,0.0,0.0,0.0,,,,,,,,,,,,,,,,,,,,,0.0,0.0,0.0,0.0,0.0,,,,,,,,,,,,1,4,644.1199999999999,,,,,,,,,292.0,26.0,Sprint of large group,,,,0
2022-08-24,2022,druivenkoers-overijse,result,,TotalEnergies,0,1.1,,,0.0,,,,,,,128.0,128.0,0.0,0.0,0.0,,192.26,86.6,98.4,7.5,0.0,0.0,84.6,15.4,1.52,82.0,0.0,0.0,0.0,0.0,0.0,1573.0,1573.0,109.0,30.0,0.0,0.0,0.0,0.0,0.0,0.0,0.0,0.0,0.0,0.0,-1.0,-1.4,-0.78,122.0,-0.01,312.0,1,4,644.1199999999999,125.0,2.022,0.0,0.734,0.0,0.462,0.0,0.0,388.0,30.0,? km solo,80.2,1.0,🟢  Plat/Sprint,0
2022-08-24,2022,tour-du-poitou-charentes-et-de-la-vienne,stage,2.0,TotalEnergies,0,2.1,,,0.0,,,,,,,0.0,115.0,95.0,0.0,0.0,2.0,195.29,183.0,11.9,0.0,0.0,0.0,193.0,2.54,0.0,0.0,0.0,0.0,0.498,0.0,0.0,1228.0,1194.0,147.0,11.0,3.0,0.0,0.0,0.0,0.0,0.9217,0.0,0.0,0.0,0.0,0.4,-0.07,0.08,35.0,0.07,229.0,0,4,644.1199999999999,14.0,0.0,0.0,0.0,0.0,0.0,0.0,0.0,182.0,31.0,Sprint of large group,105.8,1.0,🟢  Plat/Sprint,0
2022-08-25,2022,tour-du-poitou-charentes-et-de-la-vienne,stage,4.0,TotalEnergies,0,2.1,,,0.0,,,,,,,3.0,115.0,95.0,0.0,0.0,4.0,,,,,,,,,,,,,,,,,,,,0.0,0.0,0.0,0.0,0.0,,,,,,,,,,,,0,4,644.1199999999999,,,,,,,,,182.0,,Time trial,,,,0
2022-08-25,2022,tour-du-poitou-charentes-et-de-la-vienne,stage,3.0,TotalEnergies,0,2.1,,,0.0,,,,,,,0.0,115.0,95.0,0.0,0.0,3.0,90.53,81.1,9.26,0.0,0.0,0.0,81.3,4.63,4.39,0.0,0.0,0.0,0.0,0.0,0.0,600.0,609.0,145.0,81.0,0.0,0.0,0.0,0.0,0.0,0.0,0.0,0.0,0.0,0.0,2.1,-0.13,-0.22,91.0,0.0,238.0,0,4,644.1199999999999,14.0,0.0,0.0,0.0,0.0,0.0,0.0,0.0,182.0,23.0,Sprint of small group,63.8,1.0,🟢  Plat/Sprint,0
2022-08-26,2022,tour-du-poitou-charentes-et-de-la-vienne,stage,5.0,TotalEnergies,0,2.1,,,0.0,,,,,,,14.0,115.0,95.0,0.0,0.0,5.0,185.69,171.0,15.1,0.0,0.0,0.0,172.0,11.4,0.0,2.34,0.0,0.0,0.0,0.0,0.0,1225.0,1179.0,155.0,64.0,1.0,0.0,0.0,0.0,0.0,0.4342,0.0,0.0,0.0,0.0,1.4,1.2,0.06,93.0,0.12,424.0,0,4,644.1199999999999,14.0,0.0,0.0,0.0,0.0,0.0,0.0,0.0,182.0,24.0,Sprint of large group,50.2,1.0,🟢  Plat/Sprint,0
2022-08-28,2022,bretagne-classic,result,,TotalEnergies,0,1.UWT,,,0.0,,,,,,,72.0,72.0,0.0,0.0,0.0,,255.68,178.0,77.8,0.0,0.0,0.0,222.0,4.93,28.2,0.939,0.0,0.0,0.0,0.0,0.0,2996.0,2999.0,248.0,5.0,8.0,1.0,0.0,0.0,0.0,0.9679,0.6838,0.0,0.0,0.0,-2.2,-1.63,-0.34,75.0,0.06,573.0,0,4,644.1199999999999,400.0,0.0,0.0,0.0,0.0,0.0,0.0,0.0,797.0,25.0,Sprint of small group,25.8,2.0,⛰️  Moy. montagne,0
2022-09-04,2022,tour-du-doubs,result,,TotalEnergies,0,1.1,,,0.0,,,,,,,85.0,85.0,0.0,0.0,0.0,,204.47,199.0,5.61,0.0,0.0,0.0,185.0,1.62,17.2,0.593,0.194,0.0,0.0,0.0,0.0,2974.0,3065.0,1193.0,364.0,2.0,1.0,2.0,0.0,1.0,0.971,0.971,0.8868,0.8868,0.8868,-0.8,-3.7,-4.58,44.0,0.23,916.0,0,3,421.18,125.0,0.0,0.0,0.0,0.0,0.0,0.0,0.0,311.0,23.0,Sprint of small group,17.2,2.0,⛰️  Moy. montagne,0
2022-09-09,2022,gp-quebec,result,,TotalEnergies,0,1.UWT,,,0.0,,,,,,,43.0,43.0,0.0,0.0,0.0,,204.13,180.0,11.0,4.16,0.0,0.0,53.2,45.7,86.5,8.77,10.5,0.0,10.9,1.73,0.0,2416.0,2416.0,101.0,5.0,16.0,0.0,0.0,0.0,0.0,0.9998,0.0,0.0,0.0,0.0,4.3,2.33,1.74,121.0,-0.09,560.0,0,2,271.24,500.0,1.087,0.0,0.578,0.0,0.323,0.0,0.0,866.0,18.0,2.1 km solo,31.4,2.0,⛰️  Moy. montagne,0
2022-09-11,2022,gp-montreal,result,,TotalEnergies,0,1.UWT,,,0.0,,,,,,,40.0,40.0,0.0,0.0,0.0,,226.25,209.0,3.89,0.0,0.0,0.0,106.0,55.5,0.0,47.9,11.8,0.0,11.4,4.43,0.0,4046.0,4052.0,208.0,61.0,18.0,0.0,0.0,0.0,0.0,0.96,0.0,0.0,0.0,0.0,-0.3,-0.7,-0.72,462.0,-0.02,890.0,0,0,0.0,500.0,0.0,0.0,0.0,0.0,0.0,0.0,0.0,864.0,22.0,Sprint of small group,53.6,2.0,⛰️  Moy. montagne,0
2022-09-11,2022,gp-de-fourmies,result,,TotalEnergies,0,1.Pro,,,0.0,,,,,,,68.0,68.0,0.0,0.0,0.0,,195.72,187.0,8.08,0.0,0.0,0.0,186.0,4.81,0.0,4.68,0.0,0.0,0.835,0.0,0.0,2142.2,2159.6,251.0,110.6,0.0,0.0,0.0,0.0,0.0,0.0,0.0,0.0,0.0,0.0,-8.66,-4.04,-2.08,36.8,0.21,577.0,1,0,0.0,200.0,0.0,0.0,0.0,0.0,0.0,0.0,0.0,371.0,21.0,Sprint of small group,40.0,2.0,⛰️  Moy. montagne,0
2022-09-14,2022,giro-di-toscana,result,,TotalEnergies,1,1.1,DNF,,0.0,,,,,,,0.0,0.0,0.0,0.0,0.0,,199.34,196.0,2.33,0.0,0.0,0.0,151.0,0.245,47.0,0.0,0.215,0.0,0.27,0.0,0.0,2288.0,2283.0,800.0,7.0,1.0,1.0,0.0,2.0,0.0,0.828,0.828,0.828,0.828,0.0,-0.1,0.0,0.04,13.0,0.09,351.0,0,0,0.0,125.0,0.0,0.0,0.0,0.0,0.0,0.0,0.0,227.0,27.0,Sprint of small group,61.6,2.0,⛰️  Moy. montagne,0
2022-09-14,2022,gp-de-wallonie,result,,TotalEnergies,0,1.Pro,,,0.0,,,,,,,16.0,16.0,0.0,0.0,0.0,,201.84,193.0,6.61,2.18,0.0,0.15,152.0,10.5,26.4,12.4,0.0,0.0,0.0,0.0,0.15,2754.0,2781.0,531.0,80.0,4.0,4.0,1.0,0.0,0.0,0.9998,0.919,0.164,0.0,0.0,2.0,3.93,2.34,138.0,0.05,745.0,1,0,0.0,200.0,1.931,0.114,1.931,0.114,1.931,0.114,0.0,357.0,18.0,Sprint of large group,47.2,2.0,⛰️  Moy. montagne,0
2022-09-15,2022,gp-citta-di-peccioli,result,,TotalEnergies,1,1.Pro,DNF,,0.0,,,,,,,25.0,25.0,0.0,0.0,0.0,,202.18,172.0,29.0,0.708,0.0,0.0,152.0,5.05,44.5,0.0,1.09,0.0,1.09,0.0,0.0,2519.0,2540.0,209.0,34.0,19.0,1.0,0.0,0.0,0.0,0.9997,0.1437,0.0,0.0,0.0,5.4,2.4,1.6,101.0,-0.19,446.0,0,1,199.34,200.0,0.135,0.0,0.0,0.0,0.0,0.0,0.0,318.0,26.0,Sprint of small group,33.4,2.0,⛰️  Moy. montagne,0
2022-09-17,2022,gp-impanis-van-petegem,result,,TotalEnergies,0,1.Pro,,,0.0,,,,,,,80.0,80.0,0.0,0.0,0.0,,199.6,147.0,48.4,3.65,0.0,0.0,123.0,16.5,4.05,54.2,0.0,0.0,1.86,0.126,0.0,1888.0,1928.0,162.0,9.0,3.0,0.0,0.0,0.0,0.0,0.4959,0.0,0.0,0.0,0.0,-0.4,-0.07,-0.12,11.0,0.07,382.0,1,2,401.52,200.0,2.021,0.0,0.228,0.0,0.154,0.0,0.0,437.0,13.0,Sprint of small group,29.0,1.0,🟢  Plat/Sprint,0
2022-09-18,2022,gp-d-isbergues,result,,TotalEnergies,0,1.1,,,0.0,,,,,,,65.0,65.0,0.0,0.0,0.0,,196.92,135.0,62.1,0.0,0.0,0.0,121.0,47.7,27.2,0.682,0.0,0.0,0.0,0.0,0.0,1131.0,1130.0,195.0,17.0,1.0,1.0,0.0,0.0,0.0,0.4631,0.3256,0.0,0.0,0.0,-0.8,-0.3,0.06,24.0,0.13,238.0,0,2,401.52,125.0,0.0,0.0,0.0,0.0,0.0,0.0,0.0,226.0,16.0,Sprint of large group,44.4,1.0,🟢  Plat/Sprint,0
2022-09-21,2022,omloop-van-het-houtland-lichtervelde,result,,TotalEnergies,0,1.1,,,0.0,,,,,,,80.0,80.0,0.0,0.0,0.0,,196.39,79.6,108.0,7.85,0.0,0.0,112.0,26.8,0.0,52.1,0.0,0.0,0.826,0.0,0.0,391.0,376.0,46.0,2.0,0.0,0.0,0.0,0.0,0.0,0.0,0.0,0.0,0.0,0.0,-0.1,0.17,0.14,30.0,-0.01,59.0,1,2,401.52,125.0,2.651,0.0,0.925,0.0,0.343,0.0,0.0,290.0,18.0,Sprint of large group,31.8,1.0,🟢  Plat/Sprint,0
2022-09-25,2022,paris-chauny-classique,result,,TotalEnergies,0,1.1,,,0.0,,,,,,,25.0,25.0,0.0,0.0,0.0,,198.98,188.0,10.8,0.0,0.0,0.0,182.0,3.68,12.7,0.686,0.0,0.0,0.0,0.0,0.0,2171.0,2180.0,205.0,35.0,9.0,1.0,0.0,0.0,0.0,0.9088,0.4884,0.0,0.0,0.0,0.3,-0.37,-0.36,26.0,-0.03,351.0,0,2,401.52,125.0,0.0,0.0,0.0,0.0,0.0,0.0,0.0,363.0,18.0,Sprint of large group,29.8,2.0,⛰️  Moy. montagne,0
2022-09-29,2022,coppa-agostoni,result,,TotalEnergies,0,1.1,,,0.0,,,,,,,6.0,6.0,0.0,0.0,0.0,,194.45,160.0,33.6,0.65,0.0,0.0,186.0,4.4,0.267,2.94,0.0,0.0,0.0,0.267,0.0,3189.0,3206.0,539.0,187.0,4.0,5.0,4.0,0.0,0.0,0.8498,0.8498,0.7905,0.0,0.0,-0.7,-0.5,-0.48,2.0,0.05,565.0,0,2,401.52,125.0,0.255,0.0,0.213,0.0,0.0,0.0,0.0,347.0,17.0,Sprint of small group,21.2,2.0,⛰️  Moy. montagne,0
2022-10-01,2022,giro-dell-emilia,result,,TotalEnergies,0,1.Pro,,,0.0,,,,,,,10.0,10.0,0.0,0.0,0.0,,197.88,185.0,6.39,6.27,0.0,0.0,159.0,3.76,28.5,6.39,0.0,0.0,0.0,0.142,0.0,2994.0,2754.0,758.0,20.0,0.0,5.0,1.0,1.0,0.0,0.9994,0.9994,0.5782,0.3154,0.0,8.4,5.9,1.68,202.0,0.02,64.0,0,2,401.52,200.0,4.51,0.0,2.436,0.0,0.902,0.0,0.0,729.0,19.0,1.8 km solo,0.0,3.0,🏔️  Haute montagne,0
2022-10-02,2022,famenne-ardenne-classic,result,,TotalEnergies,0,1.1,,,0.0,,,,,,,18.0,18.0,0.0,0.0,0.0,,188.28,178.0,9.16,0.957,0.0,0.0,135.0,9.66,31.1,6.61,0.339,0.0,0.474,0.0,0.0,2873.0,2847.0,565.0,192.0,1.0,5.0,2.0,0.0,0.0,0.9269,0.9269,0.3706,0.0,0.0,2.2,-1.03,-0.56,109.0,0.39,783.0,1,2,401.52,125.0,0.703,0.0,0.234,0.0,0.234,0.0,0.0,296.0,12.0,Sprint of small group,14.4,2.0,⛰️  Moy. montagne,0
2022-10-02,2022,tour-de-vendee,result,,TotalEnergies,0,1.1,,,0.0,,,,,,,58.0,58.0,0.0,0.0,0.0,,206.34,151.0,54.7,0.0,0.0,0.0,186.0,15.1,0.286,5.07,0.0,0.0,0.0,0.0,0.0,1826.0,1844.0,90.0,5.0,1.0,0.0,0.0,0.0,0.0,0.5193,0.0,0.0,0.0,0.0,0.5,-0.27,-0.3,54.0,-0.03,262.0,0,2,401.52,125.0,0.0,0.0,0.0,0.0,0.0,0.0,0.0,162.0,19.0,Sprint of large group,47.8,1.0,🟢  Plat/Sprint,0
2022-10-03,2022,coppa-bernocchi,result,,TotalEnergies,0,1.Pro,,,0.0,,,,,,,26.0,26.0,0.0,0.0,0.0,,189.61,176.0,12.1,0.764,0.0,0.0,164.0,9.76,13.7,1.15,0.204,0.263,0.204,0.0,0.0,2087.0,2092.0,392.0,174.0,0.0,7.0,0.0,0.0,0.0,0.8374,0.8374,0.0,0.0,0.0,-0.2,-0.4,-0.42,7.0,0.21,279.0,0,2,401.52,200.0,0.142,0.0,0.142,0.0,0.142,0.0,0.0,395.0,22.0,Sprint of large group,18.0,2.0,⛰️  Moy. montagne,0
2022-10-04,2022,tre-valli-varesine,result,,TotalEnergies,0,1.Pro,,,0.0,,,,,,,100.0,100.0,0.0,0.0,0.0,,194.59,182.0,6.85,0.851,0.0,0.0,110.0,31.4,31.7,15.9,0.0,0.851,0.243,0.277,0.1,3464.0,3313.0,481.0,224.0,2.0,12.0,0.0,0.0,0.0,0.9954,0.9505,0.0,0.0,0.0,-0.6,2.7,0.54,128.0,0.15,503.0,0,2,401.52,200.0,0.08,0.0,0.0,0.0,0.0,0.0,0.0,913.0,20.0,Sprint of small group,25.0,2.0,⛰️  Moy. montagne,0
2022-10-04,2022,memorial-frank-vandenbroucke,result,,TotalEnergies,0,1.1,,,0.0,,,,,,,50.0,50.0,0.0,0.0,0.0,,201.76,183.0,13.2,4.93,0.0,0.0,89.4,7.09,93.6,11.4,0.0,0.0,0.643,0.0,0.0,1977.0,2029.0,290.0,68.0,5.0,1.0,0.0,0.0,0.0,0.9359,0.3258,0.0,0.0,0.0,1.6,0.13,-0.68,49.0,0.19,607.0,1,2,401.52,125.0,3.476,0.0,1.59,0.0,0.646,0.0,0.0,483.0,17.0,0.7 km solo,20.0,2.0,⛰️  Moy. montagne,0
2022-10-06,2022,paris-bourges,result,,TotalEnergies,0,1.1,,,0.0,,,,,,,3.0,3.0,0.0,0.0,0.0,,193.1,190.0,3.16,0.0,0.0,0.0,172.0,0.52,15.8,4.53,0.287,0.0,0.303,0.0,0.0,1988.0,1986.0,391.0,125.0,5.0,1.0,0.0,0.0,0.0,0.7976,0.7976,0.0,0.0,0.0,-0.1,-0.73,-0.1,41.0,0.2,317.0,0,2,401.52,125.0,0.0,0.0,0.0,0.0,0.0,0.0,0.0,469.0,17.0,Sprint of large group,69.8,2.0,⛰️  Moy. montagne,0
2022-10-06,2022,gran-piemonte,result,,TotalEnergies,0,1.Pro,,,0.0,,,,,,,155.0,155.0,0.0,0.0,0.0,,198.71,195.0,1.26,0.903,0.713,0.0,163.0,0.0,32.3,2.48,0.552,0.0,0.587,0.0,0.0,1426.0,1507.0,644.0,150.0,2.0,1.0,1.0,0.0,0.0,0.6804,0.6804,0.6804,0.0,0.0,0.4,0.0,0.08,27.0,-0.16,568.0,0,2,401.52,200.0,0.0,0.0,0.0,0.0,0.0,0.0,0.0,425.0,22.0,Sprint of small group,40.0,2.0,⛰️  Moy. montagne,0
2022-10-08,2022,il-lombardia,result,,TotalEnergies,0,1.UWT,,,0.0,,,,,,,43.0,43.0,0.0,0.0,0.0,,253.14,248.0,1.52,0.399,0.0,0.0,214.0,1.55,31.5,2.87,2.79,0.0,3.77,0.956,0.16,4852.0,4910.0,1070.0,199.0,4.0,5.0,3.0,0.0,1.0,0.976,0.976,0.9255,0.2633,0.2633,-0.5,-3.37,-3.88,2.0,1.6,1203.0,0,2,401.52,500.0,0.0,0.0,0.0,0.0,0.0,0.0,0.0,1018.0,20.0,Sprint à deux,66.8,2.0,⛰️  Moy. montagne,0
2022-10-09,2022,paris-tours,result,,TotalEnergies,0,1.Pro,,,0.0,,,,,,,130.0,130.0,0.0,0.0,0.0,,214.32,180.0,24.0,0.0,8.32,0.92,180.0,12.1,9.06,4.12,0.619,0.0,0.619,8.33,0.0,1242.0,1324.0,213.0,40.0,1.0,0.0,0.0,0.0,0.0,0.3143,0.0,0.0,0.0,0.0,0.3,0.07,0.02,19.0,0.05,177.0,1,2,401.52,200.0,0.0,1.217,0.0,0.822,0.0,0.0,0.0,580.0,19.0,Sprint of large group,59.4,1.0,🟢  Plat/Sprint,0
2022-10-12,2022,giro-del-veneto,result,,TotalEnergies,0,1.1,,,0.0,,,,,,,73.0,73.0,0.0,0.0,0.0,,159.82,155.0,2.64,1.44,0.0,0.0,142.0,3.0,7.38,6.08,0.234,0.0,0.0,0.45,0.363,1518.0,1495.0,249.0,4.0,5.0,1.0,0.0,0.0,0.0,0.9273,0.5772,0.0,0.0,0.0,0.1,0.1,-1.58,24.0,0.01,321.0,0,2,401.52,125.0,1.175,0.0,0.0,0.0,0.0,0.0,0.0,198.0,22.0,Sprint à deux,82.6,1.0,🟢  Plat/Sprint,0
2022-10-16,2022,veneto-classic,result,,TotalEnergies,0,1.1,,,0.0,,,,,,,5.0,5.0,0.0,0.0,0.0,,190.49,170.0,17.3,0.752,1.28,0.0,143.0,8.07,23.3,11.5,1.09,0.0,1.37,2.91,0.641,2508.0,2406.0,353.0,25.0,2.0,7.0,1.0,0.0,0.0,0.974,0.9383,0.2105,0.0,0.0,1.8,-0.53,-0.18,102.0,0.38,463.0,0,0,0.0,125.0,0.907,0.0,0.412,0.0,0.164,0.0,0.0,158.0,21.0,? km solo,70.2,2.0,⛰️  Moy. montagne,0
2022-10-16,2022,chrono-des-nations,result,,TotalEnergies,0,1.1,,,0.0,,,,,,,40.0,40.0,0.0,0.0,0.0,,46.21,46.1,0.0,0.0,0.0,0.0,44.5,0.0,0.954,0.695,0.0,0.0,0.0,0.0,0.0,333.0,322.0,150.0,69.0,0.0,0.0,0.0,0.0,0.0,0.0,0.0,0.0,0.0,0.0,1.2,0.23,-0.06,44.0,0.02,333.0,0,0,0.0,125.0,0.0,0.0,0.0,0.0,0.0,0.0,0.0,98.0,,Time trial,18.0,0.0,⏱️  CLM,0
2023-01-17,2023,tour-down-under,prologue,,Team Arkéa Samsic,0,2.UWT,,,0.0,,,,,,,0.0,58.0,50.0,0.0,0.0,,5.5,4.74,0.128,0.213,0.201,0.0,3.15,0.551,0.0,1.38,0.169,0.0,0.169,0.0,0.201,12.0,17.0,30.0,22.0,0.0,0.0,0.0,0.0,0.0,0.0,0.0,0.0,0.0,0.0,-0.5,-0.23,-0.04,12.0,-0.09,12.0,0,0,0.0,60.0,0.0,0.0,0.0,0.0,0.0,0.0,0.0,,,,12.0,0.0,⏱️  CLM,0
2023-01-18,2023,tour-down-under,stage,1.0,Team Arkéa Samsic,0,2.UWT,,,0.0,,,,,,,8.0,58.0,50.0,0.0,0.0,1.0,111.02,103.0,3.36,0.0,0.53,0.0,74.0,3.28,15.3,13.7,5.12,0.0,5.13,0.544,0.0,821.0,975.0,197.0,4.0,1.0,1.0,0.0,0.0,0.0,0.8487,0.3398,0.0,0.0,0.0,0.2,0.33,0.28,83.0,-0.21,483.0,0,0,0.0,60.0,0.0,0.0,0.0,0.0,0.0,0.0,0.0,482.0,,Sprint of large group,72.2,1.0,🟢  Plat/Sprint,0
2023-01-19,2023,tour-down-under,stage,2.0,Team Arkéa Samsic,0,2.UWT,,,0.0,,,,,,,0.0,58.0,50.0,0.0,0.0,2.0,89.15,77.7,11.5,0.0,0.0,0.0,43.8,0.0,45.3,0.0,0.0,0.0,0.0,0.0,0.0,1281.0,1165.0,688.0,260.0,3.0,0.0,1.0,0.0,0.0,0.8864,0.8864,0.8864,0.0,0.0,1.2,0.37,-1.06,69.0,0.11,508.0,0,0,0.0,60.0,0.0,0.0,0.0,0.0,0.0,0.0,0.0,482.0,,0.5 km solo,62.8,1.0,🟢  Plat/Sprint,0
2023-01-20,2023,tour-down-under,stage,3.0,Team Arkéa Samsic,0,2.UWT,,,0.0,,,,,,,0.0,58.0,50.0,0.0,0.0,3.0,93.3,77.7,15.7,0.0,0.0,0.0,40.7,0.0,50.5,2.2,0.0,0.0,0.0,0.0,0.0,1313.0,1331.0,492.0,88.0,1.0,1.0,1.0,0.0,0.0,0.8936,0.8936,0.4287,0.0,0.0,-1.9,-2.9,-3.24,7.0,0.61,812.0,0,0,0.0,60.0,0.0,0.0,0.0,0.0,0.0,0.0,0.0,482.0,,Sprint of small group,61.8,1.0,🟢  Plat/Sprint,0
2023-01-21,2023,tour-down-under,stage,4.0,Team Arkéa Samsic,0,2.UWT,,,0.0,,,,,,,0.0,58.0,50.0,0.0,0.0,4.0,133.25,128.0,3.5,0.0,1.65,0.0,105.0,5.66,19.6,3.11,0.872,0.0,0.872,0.0,0.0,1076.0,964.0,188.0,6.0,4.0,1.0,0.0,0.0,0.0,0.9994,0.2858,0.0,0.0,0.0,3.5,2.37,1.32,252.0,0.13,456.0,0,0,0.0,60.0,0.0,0.0,0.0,0.0,0.0,0.0,0.0,482.0,,Sprint of large group,39.8,1.0,🟢  Plat/Sprint,0
2023-01-22,2023,gp-de-valence,result,,Team Arkéa Samsic,0,1.1,,,0.0,,,,,,,88.0,88.0,0.0,0.0,0.0,,189.09,187.0,1.28,0.0,0.102,0.0,141.0,0.805,45.9,0.461,0.0,0.0,0.0,0.0,0.0,2111.0,1873.0,777.0,0.0,3.0,1.0,1.0,1.0,0.0,0.9999,0.7897,0.7897,0.7897,0.0,1.4,2.0,1.36,128.0,0.05,57.0,0,0,0.0,125.0,0.0,0.0,0.0,0.0,0.0,0.0,0.0,197.0,10.0,Sprint of large group,46.6,2.0,⛰️  Moy. montagne,0
2023-01-22,2023,tour-down-under,stage,5.0,Team Arkéa Samsic,0,2.UWT,,,0.0,,,,,,,0.0,58.0,50.0,0.0,0.0,5.0,113.99,101.0,12.4,0.0,0.0,0.0,97.4,4.52,9.51,2.33,0.0,0.0,0.0,0.0,0.0,2222.0,1844.0,685.0,305.0,0.0,0.0,5.0,0.0,0.0,0.9988,0.9988,0.9988,0.0,0.0,2.3,4.13,3.32,217.0,0.24,962.0,0,0,0.0,60.0,0.0,0.0,0.0,0.0,0.0,0.0,0.0,482.0,,Sprint à deux,35.2,2.0,⛰️  Moy. montagne,0
2023-01-25,2023,trofeo-calvia,result,,Team Arkéa Samsic,1,1.1,FIN,75.0,0.0,,,,,,,3.0,3.0,0.0,0.0,0.0,,149.56,149.0,0.271,0.0,0.0,0.0,138.0,0.652,5.06,5.09,0.173,0.0,0.0,0.0,0.0,3129.0,3137.0,503.0,8.0,4.0,2.0,3.0,0.0,0.0,0.9211,0.8405,0.601,0.0,0.0,0.6,-2.23,-1.64,66.0,0.17,996.0,0,0,0.0,125.0,0.0,0.0,0.0,0.0,0.0,0.0,0.0,300.0,9.0,Sprint of small group,34.6,2.0,⛰️  Moy. montagne,0
2023-01-26,2023,trofeo-ses-salines-felanitx,result,,Team Arkéa Samsic,0,1.1,,,0.0,,,,,,,8.0,8.0,0.0,0.0,0.0,,158.0,153.0,4.85,0.0,0.0,0.0,83.7,2.25,53.4,18.2,0.0,0.0,0.207,0.539,0.0,1367.0,1396.0,584.0,0.0,1.0,0.0,1.0,0.0,0.0,0.7758,0.7758,0.7758,0.0,0.0,1.1,0.43,0.26,19.0,0.04,284.0,0,1,149.56,125.0,0.0,0.0,0.0,0.0,0.0,0.0,0.0,293.0,10.0,Sprint of large group,26.6,1.0,🟢  Plat/Sprint,0
2023-01-27,2023,trofeo-pollenca-port-d-andratx,result,,Team Arkéa Samsic,1,1.1,DNF,,0.0,,,,,,,33.0,33.0,0.0,0.0,0.0,,160.85,158.0,3.0,0.0,0.0,0.0,139.0,3.29,14.3,4.84,0.0,0.0,0.0,0.0,0.0,3235.0,3078.0,887.0,2.0,6.0,2.0,1.0,0.0,1.0,0.9995,0.9995,0.7517,0.7517,0.7517,8.6,6.3,3.94,223.0,0.46,917.0,0,1,149.56,125.0,0.0,0.0,0.0,0.0,0.0,0.0,0.0,322.0,6.0,23.9 km solo,1.0,3.0,🏔️  Haute montagne,1
2023-01-28,2023,deia-trophy,result,,Team Arkéa Samsic,1,1.1,FIN,54.0,0.0,,,,,,,0.0,0.0,0.0,0.0,0.0,,122.58,122.0,0.414,0.0,0.0,0.0,94.0,1.55,22.8,3.53,0.0,0.0,0.0,1.0,0.0,1915.0,1927.0,586.0,10.0,0.0,0.0,2.0,0.0,0.0,0.8148,0.8148,0.8148,0.0,0.0,-0.2,0.3,0.12,92.0,0.79,892.0,0,2,310.40999999999997,125.0,0.0,0.0,0.0,0.0,0.0,0.0,0.0,300.0,7.0,4.1 km solo,33.2,2.0,⛰️  Moy. montagne,0
2023-01-29,2023,great-ocean-road-race,result,,Team Arkéa Samsic,0,1.UWT,,,0.0,,,,,,,57.0,57.0,0.0,0.0,0.0,,173.67,121.0,50.9,0.0,0.0,0.0,126.0,2.62,5.47,37.1,1.06,0.0,1.19,0.931,0.409,1666.0,1679.0,164.0,1.0,5.0,1.0,0.0,0.0,0.0,0.9377,0.065,0.0,0.0,0.0,-1.0,-0.87,-0.86,95.0,0.06,560.0,0,3,432.9899999999999,300.0,0.0,0.0,0.0,0.0,0.0,0.0,0.0,364.0,,Sprint of large group,3.2,1.0,🟢  Plat/Sprint,0
2023-01-29,2023,gp-d-ouverture,result,,Team Arkéa Samsic,0,1.1,,,0.0,,,,,,,38.0,38.0,0.0,0.0,0.0,,167.32,165.0,2.07,0.0,0.0,0.0,129.0,1.22,34.7,1.88,0.0,0.0,0.0,0.0,0.0,2904.0,3047.0,730.0,11.0,2.0,4.0,3.0,0.0,0.0,0.9473,0.9473,0.8198,0.0,0.0,-0.2,-1.2,-1.52,0.0,0.39,862.0,0,3,432.9899999999999,125.0,0.0,0.0,0.0,0.0,0.0,0.0,0.0,262.0,8.0,13 km solo,33.2,2.0,⛰️  Moy. montagne,0
2023-01-29,2023,trofeo-palma,result,,Team Arkéa Samsic,0,1.1,,,0.0,,,,,,,5.0,5.0,0.0,0.0,0.0,,141.74,129.0,7.83,2.29,0.0,0.0,47.6,2.87,82.8,3.3,3.19,0.0,3.41,2.57,0.0,935.0,942.0,251.0,0.0,2.0,1.0,0.0,0.0,0.0,0.7243,0.0886,0.0,0.0,0.0,0.0,0.0,0.02,36.0,0.14,438.0,0,3,432.9899999999999,125.0,2.016,0.0,2.016,0.0,1.21,0.0,0.0,268.0,9.0,Sprint of large group,13.0,1.0,🟢  Plat/Sprint,0
2023-02-01,2023,etoile-de-besseges,stage,1.0,Team Arkéa Samsic,0,2.1,,,0.0,,,,,,,0.0,60.0,60.0,0.0,0.0,1.0,160.87,159.0,0.538,0.0,0.0,0.0,115.0,3.49,40.9,0.0,0.941,0.135,0.8,0.37,0.0,478.0,421.0,70.0,-1.0,0.0,0.0,0.0,0.0,0.0,0.0,0.0,0.0,0.0,0.0,5.6,1.9,1.12,81.0,0.0,156.0,1,3,432.9899999999999,14.0,0.0,0.0,0.0,0.0,0.0,0.0,0.0,418.0,13.0,Sprint of small group,14.0,1.0,🟢  Plat/Sprint,0
2023-02-02,2023,etoile-de-besseges,stage,2.0,Team Arkéa Samsic,0,2.1,,,0.0,,,,,,,0.0,60.0,60.0,0.0,0.0,2.0,163.64,163.0,0.553,0.0,0.0,0.0,150.0,0.0,13.3,0.553,0.0,0.0,0.0,0.0,0.0,1456.0,1549.0,200.0,26.0,3.0,2.0,0.0,0.0,0.0,0.8373,0.8373,0.0,0.0,0.0,2.8,0.87,0.6,82.0,-0.1,522.0,1,3,432.9899999999999,0.0,0.0,0.0,0.0,0.0,0.0,0.0,,418.0,13.0,-,14.0,1.0,🟢  Plat/Sprint,0
2023-02-03,2023,etoile-de-besseges,stage,3.0,Team Arkéa Samsic,0,2.1,,,0.0,,,,,,,0.0,60.0,60.0,0.0,0.0,3.0,169.84,165.0,1.5,0.0,0.0,0.0,155.0,2.7,8.89,0.0,3.76,0.0,3.76,0.0,0.0,2125.0,2120.0,410.0,85.0,4.0,4.0,1.0,0.0,0.0,0.9262,0.8645,0.8645,0.0,0.0,0.6,-0.1,0.18,58.0,-0.03,700.0,1,3,432.9899999999999,14.0,0.0,0.0,0.0,0.0,0.0,0.0,0.0,418.0,14.0,Sprint of large group,25.8,2.0,⛰️  Moy. montagne,0
2023-02-04,2023,etoile-de-besseges,stage,4.0,Team Arkéa Samsic,0,2.1,,,0.0,,,,,,,0.0,60.0,60.0,0.0,0.0,4.0,145.55,140.0,5.54,0.0,0.0,0.0,124.0,0.0,19.7,1.99,0.0,0.0,0.0,0.0,0.0,1771.0,1274.0,616.0,34.0,1.0,2.0,1.0,0.0,0.0,0.9998,0.9998,0.9998,0.0,0.0,9.6,9.97,8.32,438.0,-0.15,231.0,1,3,432.9899999999999,14.0,0.0,0.0,0.0,0.0,0.0,0.0,0.0,418.0,14.0,Sprint à deux,7.6,3.0,🏔️  Haute montagne,1
2023-02-05,2023,etoile-de-besseges,stage,5.0,Team Arkéa Samsic,0,2.1,,,0.0,,,,,,,0.0,60.0,60.0,0.0,0.0,5.0,10.57,10.6,0.0,0.0,0.0,0.0,9.87,0.322,0.108,0.315,0.0,0.0,0.0,0.0,0.0,170.0,10.0,289.0,121.0,0.0,1.0,0.0,0.0,0.0,0.9975,0.9975,0.0,0.0,0.0,7.1,5.3,3.32,168.0,1.51,170.0,1,3,432.9899999999999,14.0,0.0,0.0,0.0,0.0,0.0,0.0,0.0,418.0,,Time trial,14.0,1.0,🟢  Plat/Sprint,0
2023-02-10,2023,muscat-classic,result,,Team Arkéa Samsic,1,1.1,FIN,30.0,0.0,,,,,,,125.0,125.0,0.0,0.0,0.0,,173.45,132.0,27.8,0.0,0.0,0.0,84.1,0.912,75.2,0.0,13.7,0.0,14.6,0.0,0.0,1941.0,1927.0,376.0,2.0,2.0,4.0,1.0,0.0,0.0,0.9764,0.9764,0.4564,0.0,0.0,-0.1,-4.17,-2.48,267.0,0.28,246.0,0,3,432.9899999999999,125.0,0.0,0.0,0.0,0.0,0.0,0.0,0.0,262.0,24.0,Sprint of small group,8.2,2.0,⛰️  Moy. montagne,0
2023-02-11,2023,tour-of-oman,stage,1.0,Team Arkéa Samsic,1,2.Pro,FIN,75.0,0.0,8.0,50.0,,,,,15.0,81.0,61.0,0.0,0.0,1.0,146.11,142.0,0.0,0.0,0.0,0.0,48.4,0.406,93.5,0.0,3.95,0.0,4.15,0.0,0.0,807.0,1095.0,495.0,14.0,1.0,2.0,0.0,0.0,0.0,0.941,0.5269,0.0,0.0,0.0,2.7,0.77,-0.56,164.0,-0.1,236.0,0,4,606.4399999999999,20.0,0.0,0.0,0.0,0.0,0.0,0.0,0.0,262.0,,Sprint of large group,12.4,1.0,🟢  Plat/Sprint,0
2023-02-11,2023,vuelta-ciclista-a-la-region-de-murcia,result,,Team Arkéa Samsic,0,1.1,,,0.0,,,,,,,5.0,5.0,0.0,0.0,0.0,,187.21,162.0,13.0,0.0,0.522,0.0,94.9,7.37,71.3,0.962,12.0,0.0,12.6,0.871,0.258,1845.0,1871.0,464.0,1.0,0.0,2.0,2.0,0.0,0.0,0.8819,0.8819,0.8819,0.0,0.0,2.3,1.07,0.6,50.0,-0.04,609.0,0,4,606.4399999999999,125.0,0.0,0.0,0.0,0.0,0.0,0.0,0.0,297.0,10.0,Sprint of small group,33.2,2.0,⛰️  Moy. montagne,0
2023-02-12,2023,clasica-de-almeria,result,,Team Arkéa Samsic,0,1.Pro,,,0.0,,,,,,,5.0,5.0,0.0,0.0,0.0,,141.73,122.0,0.688,0.0,0.347,0.0,74.6,0.323,47.6,0.0,18.6,0.0,13.0,0.819,0.0,1675.0,1696.0,638.0,6.0,3.0,0.0,1.0,0.0,0.0,0.9563,0.4777,0.4777,0.0,0.0,2.4,-0.37,0.1,71.0,0.49,851.0,0,5,752.55,200.0,0.0,0.0,0.0,0.0,0.0,0.0,0.0,358.0,16.0,Sprint of large group,33.6,2.0,⛰️  Moy. montagne,0
2023-02-12,2023,tour-of-oman,stage,2.0,Team Arkéa Samsic,1,2.Pro,FIN,8.0,0.0,8.0,50.0,,,,,0.0,81.0,61.0,0.0,0.0,2.0,175.33,170.0,3.02,0.0,0.448,0.0,70.7,3.02,99.7,0.0,2.03,0.0,1.54,0.173,0.0,2014.0,1808.0,376.0,2.0,3.0,3.0,1.0,0.0,0.0,0.9996,0.9996,0.0885,0.0,0.0,5.7,6.63,4.2,259.0,0.44,636.0,0,5,752.55,20.0,0.0,0.0,0.0,0.0,0.0,0.0,0.0,262.0,26.0,Sprint of small group,34.6,2.0,⛰️  Moy. montagne,0
2023-02-13,2023,tour-of-oman,stage,3.0,Team Arkéa Samsic,1,2.Pro,FIN,4.0,5.0,8.0,50.0,,,,,5.0,81.0,61.0,0.0,0.0,3.0,153.84,150.0,1.78,0.0,0.0,0.0,76.1,2.72,72.5,0.7,2.0,0.0,2.0,0.0,0.0,1584.0,918.0,1000.0,333.0,2.0,1.0,0.0,1.0,0.0,0.9995,0.9995,0.9995,0.9995,0.0,12.7,9.0,6.98,425.0,0.79,557.0,0,6,927.88,20.0,0.0,0.0,0.0,0.0,0.0,0.0,0.25,262.0,,Sprint of small group,7.6,3.0,🏔️  Haute montagne,1
2023-02-13,2023,clasica-jaen-paraiso-interior,result,,Team Arkéa Samsic,0,1.1,,,0.0,,,,,,,28.0,28.0,0.0,0.0,0.0,,178.35,124.0,4.99,5.77,40.9,0.81,67.5,8.6,56.5,0.0,2.19,0.0,2.19,43.6,0.0,2851.0,2827.0,795.0,300.0,1.0,4.0,5.0,0.0,0.0,0.9755,0.9755,0.9755,0.0,0.0,-1.8,-1.23,-0.48,77.0,-0.8,651.0,0,6,927.88,125.0,4.648,0.875,2.389,0.583,0.489,0.292,0.0,266.0,16.0,36.5 km solo,27.0,2.0,⛰️  Moy. montagne,0
2023-02-14,2023,tour-of-oman,stage,4.0,Team Arkéa Samsic,1,2.Pro,FIN,27.0,0.0,8.0,50.0,,,,,0.0,81.0,61.0,0.0,0.0,4.0,204.56,162.0,6.31,0.0,0.0,0.0,75.9,3.5,89.4,0.0,36.8,0.0,37.3,0.0,0.0,1447.0,1880.0,738.0,4.0,3.0,2.0,0.0,0.0,0.0,0.9995,0.9081,0.0,0.0,0.0,1.2,3.6,1.6,246.0,0.08,305.0,0,7,1081.72,20.0,0.0,0.0,0.0,0.0,0.0,0.0,0.0,262.0,27.0,Sprint of small group,32.6,2.0,⛰️  Moy. montagne,0
2023-02-15,2023,volta-ao-algarve,stage,1.0,Team Arkéa Samsic,0,2.Pro,,,0.0,,,,,,,0.0,15.0,15.0,0.0,0.0,1.0,200.62,194.0,3.44,0.217,0.162,0.0,63.2,1.02,132.0,1.03,3.51,0.0,3.51,0.162,0.0,2293.0,2299.0,484.0,2.0,1.0,3.0,1.0,0.0,0.0,0.9159,0.9159,0.7806,0.0,0.0,-0.1,-0.43,-0.16,34.0,0.03,469.0,0,8,1286.28,20.0,0.0,0.0,0.0,0.0,0.0,0.0,0.0,546.0,14.0,Sprint of large group,7.6,2.0,⛰️  Moy. montagne,0
2023-02-15,2023,tour-of-oman,stage,5.0,Team Arkéa Samsic,1,2.Pro,FIN,7.0,0.0,8.0,50.0,,,,,0.0,81.0,61.0,0.0,0.0,5.0,152.9,152.0,0.0,0.0,0.0,0.0,104.0,0.0,46.4,0.7,1.58,0.0,0.0,0.0,0.0,1968.0,1169.0,1214.0,415.0,2.0,2.0,0.0,1.0,0.0,0.9996,0.9996,0.9996,0.9996,0.0,12.6,10.5,9.78,620.0,0.66,618.0,0,8,1286.28,20.0,0.0,0.0,0.0,0.0,0.0,0.0,0.0,262.0,29.0,Sprint of small group,8.6,3.0,🏔️  Haute montagne,1
2023-02-16,2023,volta-ao-algarve,stage,2.0,Team Arkéa Samsic,0,2.Pro,,,0.0,,,,,,,0.0,15.0,15.0,0.0,0.0,2.0,186.52,181.0,5.35,0.116,0.0,0.0,102.0,1.23,82.7,0.0,0.0,0.0,0.0,0.0,0.0,3395.0,2527.0,888.0,2.0,3.0,3.0,2.0,0.0,1.0,0.9999,0.9999,0.9999,0.9999,0.9999,6.7,6.13,6.0,362.0,0.05,546.0,0,9,1439.18,20.0,0.0,0.0,0.0,0.0,0.0,0.0,0.0,546.0,16.0,Sprint of small group,8.6,3.0,🏔️  Haute montagne,1
2023-02-17,2023,volta-ao-algarve,stage,3.0,Team Arkéa Samsic,0,2.Pro,,,0.0,,,,,,,0.0,15.0,15.0,0.0,0.0,3.0,203.37,189.0,12.6,1.4,0.0,0.0,121.0,1.56,77.9,2.3,0.218,0.0,0.0,0.0,0.0,2345.0,2359.0,474.0,1.0,2.0,2.0,1.0,0.0,0.0,0.8424,0.4148,0.3326,0.0,0.0,0.4,0.13,-0.4,29.0,0.27,569.0,0,9,1439.18,20.0,1.371,0.0,0.0,0.0,0.0,0.0,0.0,546.0,16.0,Sprint of small group,8.4,2.0,⛰️  Moy. montagne,0
2023-02-17,2023,tour-des-alpes-maritimes,stage,1.0,Team Arkéa Samsic,0,2.1,,,0.0,,,,,,,14.0,145.0,125.0,0.0,0.0,1.0,187.37,186.0,0.526,0.0,0.0,0.0,111.0,2.19,69.9,1.68,0.0,0.0,0.171,0.155,0.0,1915.0,1850.0,362.0,1.0,4.0,2.0,1.0,0.0,0.0,0.9738,0.7205,0.2114,0.0,0.0,4.6,0.97,-0.88,82.0,0.23,467.0,1,9,1439.18,14.0,0.0,0.0,0.0,0.0,0.0,0.0,0.0,284.0,14.0,1 km solo,6.6,2.0,⛰️  Moy. montagne,0
2023-02-18,2023,volta-ao-algarve,stage,4.0,Team Arkéa Samsic,0,2.Pro,,,0.0,,,,,,,0.0,15.0,15.0,0.0,0.0,4.0,178.01,172.0,6.43,0.0,0.0,0.0,98.1,0.121,79.9,0.0,0.0,0.0,0.0,0.0,0.0,3163.0,2689.0,575.0,12.0,5.0,3.0,2.0,0.0,0.0,0.9999,0.9999,0.9999,0.0,0.0,7.5,7.67,4.44,297.0,0.21,711.0,0,9,1439.18,20.0,0.0,0.0,0.0,0.0,0.0,0.0,0.0,546.0,16.0,Sprint à deux,7.6,3.0,🏔️  Haute montagne,1
2023-02-18,2023,tour-des-alpes-maritimes,stage,2.0,Team Arkéa Samsic,0,2.1,,,0.0,,,,,,,3.0,145.0,125.0,0.0,0.0,2.0,179.24,179.0,0.0,0.141,0.0,0.0,71.0,0.0,98.4,9.44,0.0,0.0,0.0,0.0,0.0,2465.0,2442.0,781.0,2.0,3.0,1.0,1.0,1.0,0.0,0.9532,0.8103,0.8103,0.8103,0.0,2.0,-1.27,-0.88,28.0,0.19,625.0,1,9,1439.18,14.0,0.0,0.0,0.0,0.0,0.0,0.0,0.0,284.0,12.0,Sprint of small group,8.4,2.0,⛰️  Moy. montagne,0
2023-02-19,2023,volta-ao-algarve,stage,5.0,Team Arkéa Samsic,0,2.Pro,,,0.0,,,,,,,0.0,15.0,15.0,0.0,0.0,5.0,24.51,21.2,2.63,0.278,0.0,0.0,23.0,0.376,0.688,0.0,0.6,0.0,0.6,0.0,0.0,271.0,272.0,89.0,7.0,2.0,0.0,0.0,0.0,0.0,0.8385,0.0,0.0,0.0,0.0,-0.6,-1.5,-0.74,29.0,-0.0,271.0,0,9,1439.18,20.0,0.0,0.0,0.0,0.0,0.0,0.0,0.0,546.0,,Time trial,4.0,1.0,🟢  Plat/Sprint,0
2023-02-19,2023,tour-des-alpes-maritimes,stage,3.0,Team Arkéa Samsic,0,2.1,,,0.0,,,,,,,3.0,145.0,125.0,0.0,0.0,3.0,131.94,131.0,0.478,0.0,0.0,0.0,110.0,2.48,1.89,17.0,0.0,0.0,0.0,0.0,0.0,2413.0,2194.0,692.0,32.0,2.0,2.0,3.0,0.0,0.0,0.9859,0.9859,0.7734,0.0,0.0,0.1,-0.17,1.6,228.0,1.03,1264.0,1,9,1439.18,14.0,0.0,0.0,0.0,0.0,0.0,0.0,0.0,284.0,13.0,5.5 km solo,3.4,2.0,⛰️  Moy. montagne,0
2023-02-25,2023,faun-ardeche-classic,result,,Team Arkéa Samsic,1,1.Pro,FIN,28.0,5.0,,,,,,,18.0,18.0,0.0,0.0,0.0,,171.48,160.0,10.1,0.0,0.0,0.0,125.0,0.0,32.4,13.0,0.433,0.0,0.0,0.0,0.0,3161.0,3198.0,685.0,105.0,3.0,4.0,3.0,0.0,0.0,0.9595,0.9595,0.8724,0.0,0.0,0.2,-0.6,-2.66,7.0,0.06,911.0,1,8,1289.62,200.0,0.0,0.0,0.0,0.0,0.0,0.0,0.025,415.0,8.0,Sprint à deux,4.0,2.0,⛰️  Moy. montagne,0
2023-02-25,2023,omloop-het-nieuwsblad,result,,Team Arkéa Samsic,0,1.UWT,,,0.0,,,,,,,49.0,49.0,0.0,0.0,0.0,,207.3,116.0,71.4,19.6,0.0,0.0,67.8,47.8,2.4,70.6,0.187,0.186,0.399,0.174,0.0,1603.0,1601.0,106.0,6.0,4.0,0.0,0.0,0.0,0.0,0.932,0.0,0.0,0.0,0.0,-0.1,-1.03,-0.5,83.0,0.13,347.0,0,8,1289.62,300.0,6.13,0.0,1.663,0.0,0.024,0.0,0.0,675.0,7.0,16.5 km solo,3.0,1.0,🟢  Plat/Sprint,0
2023-02-26,2023,la-drome-classic,result,,Team Arkéa Samsic,1,1.Pro,FIN,24.0,5.0,,,,,,,5.0,5.0,0.0,0.0,0.0,,192.92,167.0,23.6,0.0,0.0,0.0,150.0,9.57,25.6,5.78,2.3,0.0,2.46,0.0,0.0,2371.0,2377.0,516.0,111.0,4.0,2.0,1.0,0.0,0.0,0.8867,0.8365,0.7559,0.0,0.0,5.1,2.07,1.02,79.0,-0.01,462.0,1,9,1461.1,200.0,0.0,0.0,0.0,0.0,0.0,0.0,0.025,443.0,5.0,38.3 km solo,7.6,2.0,⛰️  Moy. montagne,0
2023-02-26,2023,kuurne-brussel-kuurne,result,,Team Arkéa Samsic,0,1.Pro,,,0.0,,,,,,,10.0,10.0,0.0,0.0,0.0,,191.73,126.0,59.9,5.86,0.0,0.0,82.7,23.0,14.3,61.8,0.423,0.0,0.567,0.0,0.0,1749.0,1750.0,162.0,8.0,7.0,0.0,0.0,0.0,0.0,0.6914,0.0,0.0,0.0,0.0,-0.2,0.07,0.12,29.0,0.13,329.0,0,9,1461.1,200.0,0.826,0.0,0.0,0.0,0.0,0.0,0.0,609.0,5.0,0.6 km solo,12.8,1.0,🟢  Plat/Sprint,0
2023-02-28,2023,gp-samyn,result,,Team Arkéa Samsic,0,1.1,,,0.0,,,,,,,140.0,140.0,0.0,0.0,0.0,,207.42,147.0,42.5,15.1,0.106,0.0,129.0,23.0,13.7,39.3,2.92,0.0,3.1,0.0,0.0,1492.0,1429.0,143.0,23.0,5.0,0.0,0.0,0.0,0.0,0.8964,0.0,0.0,0.0,0.0,2.2,1.5,0.58,117.0,0.07,343.0,0,8,1370.59,125.0,7.287,0.0,2.523,0.0,1.035,0.0,0.0,180.0,4.0,Sprint of large group,14.8,1.0,🟢  Plat/Sprint,0
2023-03-01,2023,trofeo-laigueglia,result,,Team Arkéa Samsic,0,1.Pro,,,0.0,,,,,,,100.0,100.0,0.0,0.0,0.0,,201.25,180.0,19.1,0.0,0.0,0.0,117.0,8.16,66.9,7.46,1.76,0.0,1.22,0.0,0.0,2988.0,2990.0,481.0,1.0,1.0,4.0,3.0,0.0,0.0,0.9895,0.9535,0.5827,0.0,0.0,-4.8,-1.03,-0.06,84.0,0.16,658.0,0,8,1370.59,200.0,0.0,0.0,0.0,0.0,0.0,0.0,0.0,301.0,8.0,30 km solo,5.8,2.0,⛰️  Moy. montagne,0
2023-03-04,2023,strade-bianche,result,,Team Arkéa Samsic,0,1.UWT,,,0.0,,,,,,,40.0,40.0,0.0,0.0,0.0,,183.9,120.0,2.9,0.841,12.1,47.6,110.0,45.7,26.7,0.0,0.537,0.0,0.585,0.408,0.0,3108.0,3031.0,460.0,139.0,8.0,3.0,1.0,0.0,0.0,0.9969,0.957,0.3082,0.0,0.0,5.0,0.8,-0.48,145.0,-0.16,674.0,0,8,1370.59,400.0,0.865,8.276,0.865,0.0,0.865,0.0,0.0,686.0,13.0,23.3 km solo,39.2,2.0,⛰️  Moy. montagne,0
2023-03-04,2023,grand-prix-criquielion,result,,Team Arkéa Samsic,0,1.1,,,0.0,,,,,,,70.0,70.0,0.0,0.0,0.0,,203.01,129.0,68.6,3.96,0.0,0.0,129.0,24.7,2.46,45.3,1.06,0.0,1.06,0.0,0.0,2217.0,2203.0,122.0,-10.0,7.0,0.0,0.0,0.0,0.0,0.9407,0.0,0.0,0.0,0.0,0.1,0.07,0.14,142.0,0.03,521.0,0,8,1370.59,125.0,1.235,0.0,0.617,0.0,0.617,0.0,0.0,125.0,7.0,Sprint of small group,25.8,2.0,⛰️  Moy. montagne,0
2023-03-05,2023,grote-prijs-jean-pierre-monsere,result,,Team Arkéa Samsic,0,1.1,,,0.0,,,,,,,60.0,60.0,0.0,0.0,0.0,,198.76,113.0,72.9,6.0,0.0,0.0,86.0,16.8,0.692,79.1,4.21,0.0,7.13,0.0,0.0,603.0,608.0,48.0,3.0,0.0,0.0,0.0,0.0,0.0,0.0,0.0,0.0,0.0,0.0,-0.1,-0.13,-0.12,33.0,-0.01,134.0,0,8,1370.59,125.0,1.797,0.0,0.468,0.0,0.468,0.0,0.0,143.0,5.0,Sprint of large group,42.8,1.0,🟢  Plat/Sprint,0
2023-03-05,2023,paris-nice,stage,1.0,Team Arkéa Samsic,0,2.UWT,,,0.0,,,,,,,0.0,73.0,53.0,0.0,0.0,1.0,169.92,157.0,12.7,0.0,0.0,0.0,152.0,2.13,13.6,1.9,0.0,0.0,0.177,0.0,0.0,1404.0,1345.0,176.0,73.0,5.0,0.0,0.0,0.0,0.0,0.9962,0.0,0.0,0.0,0.0,0.0,0.23,0.14,103.0,0.11,445.0,1,8,1370.59,60.0,0.0,0.0,0.0,0.0,0.0,0.0,0.0,981.0,6.0,Sprint of large group,51.8,1.0,🟢  Plat/Sprint,0
2023-03-06,2023,paris-nice,stage,2.0,Team Arkéa Samsic,0,2.UWT,,,0.0,,,,,,,25.0,73.0,53.0,0.0,0.0,2.0,163.83,164.0,0.0,0.0,0.0,0.0,106.0,0.0,53.3,4.8,0.0,0.0,0.0,0.0,0.0,815.0,869.0,180.0,74.0,1.0,0.0,0.0,0.0,0.0,0.1874,0.0,0.0,0.0,0.0,-0.3,-0.27,-1.28,53.0,0.01,293.0,1,8,1370.59,60.0,0.0,0.0,0.0,0.0,0.0,0.0,0.0,981.0,7.0,Sprint of large group,51.8,1.0,🟢  Plat/Sprint,0
2023-03-06,2023,tirreno-adriatico,stage,1.0,Team Arkéa Samsic,1,2.UWT,FIN,134.0,0.0,33.0,10.0,,,,,0.0,60.0,50.0,0.0,0.0,1.0,11.42,11.2,0.0,0.0,0.0,0.0,10.2,0.729,0.0,0.376,0.0,0.0,0.146,0.146,0.0,1.0,3.0,2.0,0.0,0.0,0.0,0.0,0.0,0.0,0.0,0.0,0.0,0.0,0.0,-0.1,-0.03,-0.02,1.0,-0.02,1.0,0,8,1370.59,60.0,0.0,0.0,0.0,0.0,0.0,0.0,0.0,1044.0,13.0,Time trial,47.0,1.0,🟢  Plat/Sprint,0
2023-03-07,2023,tirreno-adriatico,stage,2.0,Team Arkéa Samsic,1,2.UWT,FIN,168.0,0.0,33.0,10.0,,,,,2.0,60.0,50.0,0.0,0.0,2.0,210.04,206.0,3.32,0.0,0.0,0.0,142.0,0.18,65.7,1.5,0.607,0.0,0.688,0.0,0.0,1535.0,1588.0,401.0,-2.0,2.0,2.0,1.0,0.0,0.0,0.9701,0.7212,0.5405,0.0,0.0,0.0,0.07,0.02,115.0,-0.11,280.0,0,9,1382.0100000000002,60.0,0.0,0.0,0.0,0.0,0.0,0.0,0.0,1044.0,14.0,Sprint of large group,46.6,2.0,⛰️  Moy. montagne,0
2023-03-08,2023,paris-nice,stage,4.0,Team Arkéa Samsic,0,2.UWT,,,0.0,,,,,,,20.0,73.0,53.0,0.0,0.0,4.0,164.34,164.0,0.513,0.0,0.0,0.0,128.0,0.0,33.5,3.02,0.0,0.0,0.0,0.0,0.0,2470.0,1568.0,1077.0,169.0,2.0,3.0,0.0,0.0,1.0,0.9998,0.9998,0.9998,0.9998,0.9998,6.1,6.07,6.94,314.0,0.24,558.0,1,10,1592.0500000000002,60.0,0.0,0.0,0.0,0.0,0.0,0.0,0.0,981.0,13.0,0.1 km solo,1.0,3.0,🏔️  Haute montagne,1
2023-03-08,2023,tirreno-adriatico,stage,3.0,Team Arkéa Samsic,1,2.UWT,FIN,125.0,0.0,33.0,10.0,,,,,0.0,60.0,50.0,0.0,0.0,3.0,217.16,216.0,0.859,0.0,0.0,0.0,145.0,1.72,69.6,0.357,0.538,0.0,0.708,0.436,0.0,2588.0,2369.0,634.0,9.0,4.0,0.0,3.0,0.0,0.0,0.8523,0.5231,0.5231,0.0,0.0,-0.7,-0.03,0.14,51.0,0.1,566.0,0,10,1592.0500000000002,60.0,0.0,0.0,0.0,0.0,0.0,0.0,0.0,1044.0,15.0,Sprint of large group,43.4,2.0,⛰️  Moy. montagne,0
2023-03-09,2023,tirreno-adriatico,stage,4.0,Team Arkéa Samsic,1,2.UWT,FIN,41.0,0.0,33.0,10.0,,,,,0.0,60.0,50.0,0.0,0.0,4.0,218.33,214.0,0.0,0.207,0.0,0.0,102.0,0.798,111.0,0.121,3.82,0.0,3.93,0.18,0.0,2656.0,2819.0,1012.0,1.0,2.0,6.0,1.0,0.0,0.0,0.9998,0.9998,0.2906,0.0,0.0,6.2,7.17,4.52,227.0,0.38,549.0,0,11,1809.2100000000005,60.0,0.0,0.0,0.0,0.0,0.0,0.0,0.0,1044.0,17.0,Sprint of small group,22.4,2.0,⛰️  Moy. montagne,0
2023-03-09,2023,paris-nice,stage,5.0,Team Arkéa Samsic,0,2.UWT,,,0.0,,,,,,,0.0,73.0,53.0,0.0,0.0,5.0,212.79,207.0,5.34,0.0,0.0,0.0,119.0,1.12,89.8,2.74,0.252,0.0,0.41,0.0,0.0,1958.0,2339.0,816.0,91.0,1.0,2.0,2.0,0.0,0.0,0.8665,0.8665,0.8665,0.0,0.0,0.1,-0.2,-0.4,35.0,-0.66,795.0,1,11,1809.2100000000005,60.0,0.0,0.0,0.0,0.0,0.0,0.0,0.0,981.0,17.0,Sprint of large group,42.4,2.0,⛰️  Moy. montagne,0
2023-03-10,2023,tirreno-adriatico,stage,5.0,Team Arkéa Samsic,1,2.UWT,FIN,25.0,0.0,33.0,10.0,,,,,0.0,60.0,50.0,0.0,0.0,5.0,165.22,163.0,1.63,0.0,0.0,0.0,105.0,0.579,60.0,0.0,0.594,0.0,0.594,0.0,0.0,3628.0,2398.0,1283.0,50.0,3.0,8.0,0.0,0.0,1.0,0.9997,0.9997,0.9997,0.9997,0.9997,5.2,7.1,8.16,475.0,0.1,777.0,0,12,2027.54,60.0,0.0,0.0,0.0,0.0,0.0,0.0,0.0,1044.0,16.0,Sprint of small group,5.0,3.0,🏔️  Haute montagne,1
2023-03-11,2023,paris-nice,stage,7.0,Team Arkéa Samsic,0,2.UWT,,,0.0,,,,,,,-25.0,73.0,53.0,0.0,0.0,7.0,143.69,143.0,0.0,0.0,0.0,0.0,124.0,0.0,16.1,3.13,0.195,0.0,0.0,0.0,0.0,3537.0,1878.0,1676.0,17.0,0.0,2.0,0.0,0.0,2.0,0.9999,0.9999,0.9999,0.9999,0.9999,8.0,7.43,7.24,318.0,1.83,1224.0,1,13,2192.76,60.0,0.0,0.0,0.0,0.0,0.0,0.0,0.0,981.0,17.0,Sprint à deux,4.0,3.0,🏔️  Haute montagne,1
2023-03-11,2023,tirreno-adriatico,stage,6.0,Team Arkéa Samsic,1,2.UWT,FIN,42.0,0.0,33.0,10.0,,,,,0.0,60.0,50.0,0.0,0.0,6.0,192.9,178.0,10.4,3.04,0.0,0.0,145.0,16.8,29.3,0.575,2.03,0.0,2.25,0.0,0.0,3535.0,3367.0,315.0,16.0,10.0,7.0,0.0,0.0,0.0,0.9978,0.9978,0.0,0.0,0.0,4.3,2.8,0.82,304.0,0.24,832.0,0,13,2192.76,60.0,1.438,0.0,0.669,0.0,0.669,0.0,0.0,1044.0,18.0,Sprint of small group,8.4,2.0,⛰️  Moy. montagne,0
2023-03-12,2023,ronde-van-drenthe,result,,Team Arkéa Samsic,0,1.1,,,0.0,,,,,,,45.0,45.0,0.0,0.0,0.0,,142.95,76.8,50.8,11.9,0.656,0.0,85.6,6.77,0.0,35.7,1.21,0.0,3.44,1.07,0.395,234.0,249.0,37.0,5.0,0.0,0.0,0.0,0.0,0.0,0.0,0.0,0.0,0.0,0.0,0.1,0.07,0.04,39.0,-0.02,77.0,0,14,2385.6600000000003,125.0,1.482,0.0,0.905,0.0,0.884,0.0,0.0,137.0,6.0,1.9 km solo,45.0,1.0,🟢  Plat/Sprint,0
2023-03-12,2023,paris-nice,stage,8.0,Team Arkéa Samsic,0,2.UWT,,,0.0,,,,,,,0.0,73.0,53.0,0.0,0.0,8.0,117.64,117.0,0.114,0.0,0.0,0.0,73.9,1.3,31.2,10.6,0.197,0.0,0.0,0.202,0.0,2435.0,2460.0,694.0,5.0,0.0,1.0,3.0,1.0,0.0,0.8869,0.8869,0.8869,0.6337,0.0,-0.6,-1.37,-2.92,8.0,1.02,1137.0,0,14,2385.6600000000003,60.0,0.0,0.0,0.0,0.0,0.0,0.0,0.0,981.0,17.0,18.8 km solo,0.4,2.0,⛰️  Moy. montagne,0
2023-03-12,2023,tirreno-adriatico,stage,7.0,Team Arkéa Samsic,1,2.UWT,FIN,97.0,0.0,33.0,10.0,,,,,8.0,60.0,50.0,0.0,0.0,7.0,154.53,149.0,1.28,0.0,0.0,0.0,118.0,0.836,30.4,1.07,3.86,0.0,4.07,0.718,0.0,1655.0,1658.0,514.0,1.0,0.0,2.0,2.0,0.0,0.0,0.4871,0.4871,0.4871,0.0,0.0,0.1,-0.2,-0.12,29.0,0.61,1063.0,0,14,2385.6600000000003,60.0,0.0,0.0,0.0,0.0,0.0,0.0,0.0,1044.0,12.0,Sprint of large group,0.0,2.0,⛰️  Moy. montagne,0
2023-03-15,2023,milano-torino,result,,Team Arkéa Samsic,0,1.Pro,,,0.0,,,,,,,75.0,75.0,0.0,0.0,0.0,,194.92,180.0,1.6,0.313,3.2,0.0,79.4,1.97,100.0,0.907,9.46,0.0,9.46,3.21,0.0,865.0,733.0,426.0,114.0,1.0,1.0,0.0,0.0,0.0,0.9093,0.6464,0.0,0.0,0.0,-0.5,-0.6,-0.74,0.0,-0.02,73.0,0,12,2045.3,200.0,0.0,0.0,0.0,0.0,0.0,0.0,0.0,290.0,14.0,Sprint of large group,26.0,1.0,🟢  Plat/Sprint,0
2023-03-16,2023,gp-de-denain,result,,Team Arkéa Samsic,0,1.Pro,,,0.0,,,,,,,30.0,30.0,0.0,0.0,0.0,,196.38,166.0,6.25,22.8,0.221,1.36,165.0,7.45,7.23,13.0,0.0,0.0,0.0,3.88,0.0,1171.0,1168.0,121.0,20.0,1.0,0.0,0.0,0.0,0.0,0.7348,0.0,0.0,0.0,0.0,-0.6,-0.13,-0.18,32.0,0.08,240.0,0,11,1891.46,200.0,11.24,1.168,3.403,0.36,0.0,0.0,0.0,203.0,13.0,Sprint of small group,29.0,1.0,🟢  Plat/Sprint,0
2023-03-17,2023,bredene-koksijde-classic,result,,Team Arkéa Samsic,0,1.Pro,,,0.0,,,,,,,5.0,5.0,0.0,0.0,0.0,,190.75,125.0,62.6,2.37,0.297,0.0,98.6,14.2,1.74,54.4,0.0,0.0,1.19,0.281,0.0,626.0,622.0,153.0,-3.0,2.0,0.0,0.0,0.0,0.0,0.501,0.0,0.0,0.0,0.0,0.0,0.1,0.08,18.0,-0.0,31.0,0,10,1686.9,200.0,0.325,0.0,0.0,0.0,0.0,0.0,0.0,180.0,15.0,Sprint of large group,35.0,1.0,🟢  Plat/Sprint,0
2023-03-18,2023,milano-sanremo,result,,Team Arkéa Samsic,0,1.UWT,,,0.0,,,,,,,20.0,20.0,0.0,0.0,0.0,,293.02,286.0,4.42,1.02,0.358,0.0,59.3,1.79,221.0,9.56,0.931,0.201,0.969,0.757,0.0,2126.0,2227.0,548.0,2.0,2.0,1.0,1.0,0.0,0.0,0.9751,0.9128,0.3647,0.0,0.0,-0.5,-1.03,-2.52,51.0,-0.05,68.0,0,9,1533.9999999999998,800.0,0.0,0.0,0.0,0.0,0.0,0.0,0.0,1047.0,14.0,5.5 km solo,1.6,2.0,⛰️  Moy. montagne,0
2023-03-18,2023,classic-loire-atlantique,result,,Team Arkéa Samsic,0,1.1,,,0.0,,,,,,,45.0,45.0,0.0,0.0,0.0,,184.26,163.0,20.7,0.0,0.0,0.0,147.0,29.3,0.0,7.77,0.0,0.0,0.0,0.0,0.0,2419.0,2420.0,56.0,7.0,0.0,0.0,0.0,0.0,0.0,0.0,0.0,0.0,0.0,0.0,-1.2,-0.1,0.42,114.0,-0.02,644.0,0,9,1533.9999999999998,125.0,0.0,0.0,0.0,0.0,0.0,0.0,0.0,97.0,14.0,Sprint of large group,31.0,1.0,🟢  Plat/Sprint,0
2023-03-19,2023,cholet-pays-de-loire,result,,Team Arkéa Samsic,0,1.1,,,0.0,,,,,,,3.0,3.0,0.0,0.0,0.0,,205.72,163.0,40.2,0.0,0.408,0.0,156.0,23.8,1.69,21.2,2.0,0.902,2.77,0.321,0.294,1652.0,1702.0,190.0,52.0,2.0,0.0,0.0,0.0,0.0,0.5397,0.0,0.0,0.0,0.0,0.7,-0.23,0.12,82.0,0.06,376.0,0,9,1533.9999999999998,125.0,0.0,0.0,0.0,0.0,0.0,0.0,0.0,112.0,13.0,0.35 km solo,40.0,1.0,🟢  Plat/Sprint,0
2023-03-20,2023,volta-a-catalunya,stage,1.0,Team Arkéa Samsic,0,2.UWT,,,0.0,,,,,,,0.0,16.0,16.0,0.0,0.0,1.0,165.0,145.0,19.2,0.494,0.0,0.0,115.0,8.63,40.5,0.0,0.288,0.0,0.288,0.603,0.0,2057.0,2055.0,464.0,2.0,2.0,1.0,3.0,0.0,0.0,0.8477,0.8477,0.8477,0.0,0.0,3.3,-0.33,0.6,78.0,0.14,627.0,0,9,1533.9999999999998,50.0,0.0,0.0,0.0,0.0,0.0,0.0,0.0,694.0,14.0,Sprint of small group,5.6,2.0,⛰️  Moy. montagne,0
2023-03-21,2023,volta-a-catalunya,stage,2.0,Team Arkéa Samsic,0,2.UWT,,,0.0,,,,,,,0.0,16.0,16.0,0.0,0.0,2.0,164.28,164.0,0.0,0.0,0.0,0.0,78.3,0.0,85.9,0.0,0.0,0.0,0.0,0.0,0.0,3212.0,1123.0,2146.0,49.0,1.0,3.0,0.0,0.0,1.0,0.9998,0.9998,0.9998,0.9998,0.9998,5.9,7.13,6.74,277.0,0.08,415.0,0,9,1533.9999999999998,50.0,0.0,0.0,0.0,0.0,0.0,0.0,0.0,694.0,16.0,Sprint of small group,-1.0,3.0,🏔️  Haute montagne,1
2023-03-22,2023,classic-brugge-de-panne,result,,Team Arkéa Samsic,0,1.UWT,,,0.0,,,,,,,5.0,5.0,0.0,0.0,0.0,,212.73,164.0,43.4,3.4,0.784,0.159,92.9,19.9,9.76,64.9,0.0,0.0,0.772,0.263,0.731,256.0,260.0,35.0,-3.0,0.0,0.0,0.0,0.0,0.0,0.0,0.0,0.0,0.0,0.0,0.2,0.2,0.1,25.0,-0.02,53.0,0,9,1533.9999999999998,300.0,0.951,0.012,0.313,0.006,0.313,0.006,0.0,463.0,12.0,Sprint of small group,31.6,1.0,🟢  Plat/Sprint,0
2023-03-22,2023,volta-a-catalunya,stage,3.0,Team Arkéa Samsic,0,2.UWT,,,0.0,,,,,,,0.0,16.0,16.0,0.0,0.0,3.0,181.72,170.0,11.6,0.0,0.0,0.0,161.0,1.8,18.5,0.0,0.0,0.0,0.0,0.0,0.0,4017.0,2901.0,1921.0,400.0,2.0,1.0,3.0,0.0,1.0,0.9998,0.9806,0.9806,0.8421,0.8421,6.0,0.53,1.54,192.0,0.65,1013.0,0,9,1533.9999999999998,50.0,0.0,0.0,0.0,0.0,0.0,0.0,0.0,694.0,18.0,Sprint à deux,-1.0,3.0,🏔️  Haute montagne,1
2023-03-23,2023,volta-a-catalunya,stage,4.0,Team Arkéa Samsic,0,2.UWT,,,0.0,,,,,,,0.0,16.0,16.0,0.0,0.0,4.0,186.79,178.0,0.21,0.0,0.301,0.0,117.0,2.06,59.2,0.0,8.79,0.0,6.29,0.315,0.0,2430.0,3399.0,1806.0,181.0,1.0,3.0,1.0,1.0,0.0,0.8674,0.8674,0.696,0.1022,0.0,1.1,-0.37,-0.38,58.0,-0.3,743.0,0,9,1533.9999999999998,50.0,0.0,0.0,0.0,0.0,0.0,0.0,0.0,694.0,20.0,Sprint of large group,5.6,2.0,⛰️  Moy. montagne,0
2023-03-24,2023,e3-harelbeke,result,,Team Arkéa Samsic,0,1.UWT,,,0.0,,,,,,,48.0,48.0,0.0,0.0,0.0,,202.51,121.0,66.3,14.8,0.0,0.0,86.8,26.5,9.91,67.8,0.285,0.0,0.285,0.119,0.0,1985.0,1987.0,155.0,8.0,8.0,0.0,0.0,0.0,0.0,0.8611,0.0,0.0,0.0,0.0,0.1,-0.1,-0.02,14.0,0.11,323.0,0,9,1533.9999999999998,400.0,4.196,0.022,0.36,0.0,0.0,0.0,0.0,853.0,13.0,Sprint of small group,17.6,1.0,🟢  Plat/Sprint,0
2023-03-24,2023,volta-a-catalunya,stage,5.0,Team Arkéa Samsic,0,2.UWT,,,0.0,,,,,,,0.0,16.0,16.0,0.0,0.0,5.0,176.14,172.0,3.64,0.0,0.11,0.0,111.0,0.931,63.4,0.333,0.0,0.0,0.0,0.0,0.0,2602.0,1576.0,1033.0,2.0,1.0,2.0,1.0,0.0,1.0,0.9998,0.9998,0.9998,0.9998,0.9998,8.1,8.73,8.84,302.0,0.53,863.0,0,9,1533.9999999999998,50.0,0.0,0.0,0.0,0.0,0.0,0.0,0.0,694.0,22.0,Sprint à deux,-1.0,3.0,🏔️  Haute montagne,1
2023-03-25,2023,volta-a-catalunya,stage,6.0,Team Arkéa Samsic,0,2.UWT,,,0.0,,,,,,,0.0,16.0,16.0,0.0,0.0,6.0,175.81,149.0,25.0,0.0,0.0,0.0,146.0,5.41,21.5,1.12,1.33,0.0,1.83,0.115,0.0,2592.0,2708.0,803.0,19.0,4.0,2.0,1.0,1.0,0.0,0.8183,0.8183,0.8183,0.3869,0.0,0.2,0.07,0.02,34.0,0.74,825.0,0,9,1533.9999999999998,50.0,0.0,0.0,0.0,0.0,0.0,0.0,0.0,694.0,18.0,Sprint of large group,5.6,2.0,⛰️  Moy. montagne,0
2023-03-26,2023,gent-wevelgem,result,,Team Arkéa Samsic,0,1.UWT,,,0.0,,,,,,,105.0,105.0,0.0,0.0,0.0,,260.71,176.0,73.7,4.94,4.13,0.0,113.0,7.35,6.81,114.0,1.82,0.0,2.31,4.17,0.0,1309.0,1356.0,155.0,-3.0,4.0,0.0,0.0,0.0,0.0,0.8623,0.0,0.0,0.0,0.0,0.0,0.03,-0.02,13.0,-0.05,119.0,0,9,1533.9999999999998,500.0,1.903,0.0,0.169,0.0,0.169,0.0,0.0,897.0,8.0,Other,21.2,1.0,🟢  Plat/Sprint,0
2023-03-26,2023,la-roue-tourangelle,result,,Team Arkéa Samsic,0,1.1,,,0.0,,,,,,,20.0,20.0,0.0,0.0,0.0,,202.27,150.0,51.4,0.731,0.0,0.0,160.0,29.5,3.88,8.8,0.0,0.0,0.226,0.199,0.0,1405.0,1407.0,112.0,38.0,0.0,0.0,0.0,0.0,0.0,0.0,0.0,0.0,0.0,0.0,0.0,0.0,0.0,32.0,0.09,351.0,0,9,1533.9999999999998,125.0,0.515,0.0,0.0,0.0,0.0,0.0,0.0,113.0,10.0,Sprint of large group,41.2,1.0,🟢  Plat/Sprint,0
2023-03-26,2023,volta-a-catalunya,stage,7.0,Team Arkéa Samsic,0,2.UWT,,,0.0,,,,,,,0.0,16.0,16.0,0.0,0.0,7.0,136.36,112.0,14.5,0.246,0.161,0.0,87.3,13.9,16.3,3.53,9.86,0.274,9.9,5.22,0.646,1816.0,1813.0,427.0,0.0,1.0,6.0,1.0,0.0,0.0,0.957,0.957,0.2954,0.0,0.0,-3.6,-1.2,-2.22,41.0,-0.02,628.0,0,9,1533.9999999999998,50.0,0.0,0.0,0.0,0.0,0.0,0.0,0.0,694.0,20.0,Sprint à deux,5.6,2.0,⛰️  Moy. montagne,0
2023-03-29,2023,dwars-door-vlaanderen,result,,Team Arkéa Samsic,0,1.UWT,,,0.0,,,,,,,12.0,12.0,0.0,0.0,0.0,,184.06,117.0,53.3,12.0,0.0,0.0,72.9,19.9,7.15,72.3,1.83,0.0,2.05,0.0,0.0,1436.0,1447.0,165.0,8.0,4.0,0.0,0.0,0.0,0.0,0.7359,0.0,0.0,0.0,0.0,-0.4,0.03,-0.1,75.0,0.02,141.0,0,7,1169.6,300.0,7.286,0.0,2.455,0.0,1.18,0.0,0.0,851.0,15.0,4 km solo,36.2,1.0,🟢  Plat/Sprint,0
2023-03-31,2023,route-adelie-de-vitre,result,,Team Arkéa Samsic,0,1.1,,,0.0,,,,,,,195.0,195.0,0.0,0.0,0.0,,197.63,167.0,30.5,0.0,0.0,0.0,166.0,7.28,15.3,8.97,0.0,0.0,0.0,0.0,0.0,2489.0,2494.0,122.0,67.0,0.0,0.0,0.0,0.0,0.0,0.0,0.0,0.0,0.0,0.0,-0.4,-0.1,-0.52,100.0,-0.01,599.0,0,7,1169.6,125.0,0.0,0.0,0.0,0.0,0.0,0.0,0.0,132.0,13.0,5.5 km solo,38.0,1.0,🟢  Plat/Sprint,0
2023-04-01,2023,gran-premio-miguel-indurain,result,,Team Arkéa Samsic,1,1.Pro,FIN,51.0,0.0,,,,,,,60.0,60.0,0.0,0.0,0.0,,203.69,188.0,10.8,2.34,0.0,0.0,135.0,7.05,57.4,1.75,2.66,0.0,2.66,0.0,0.0,3445.0,3442.0,845.0,341.0,4.0,5.0,1.0,0.0,0.0,0.9528,0.9528,0.8068,0.0,0.0,-4.3,-2.17,-3.68,140.0,0.18,733.0,1,7,1169.6,200.0,0.728,0.0,0.284,0.0,0.284,0.0,0.0,297.0,12.0,1.9 km solo,4.0,2.0,⛰️  Moy. montagne,0
2023-04-02,2023,ronde-van-vlaanderen,result,,Team Arkéa Samsic,0,1.UWT,,,0.0,,,,,,,30.0,30.0,0.0,0.0,0.0,,273.47,161.0,87.8,19.8,0.746,0.0,96.8,30.0,14.1,104.0,3.92,0.0,4.73,0.766,0.0,2179.0,2173.0,164.0,6.0,5.0,0.0,0.0,0.0,0.0,0.941,0.0,0.0,0.0,0.0,0.0,-0.13,-0.02,25.0,0.05,126.0,0,8,1373.29,800.0,5.632,0.0,1.839,0.0,0.0,0.0,0.0,918.0,6.0,17 km solo,76.0,1.0,🟢  Plat/Sprint,0
2023-04-03,2023,itzulia-basque-country,stage,1.0,Team Arkéa Samsic,1,2.UWT,FIN,107.0,0.0,14.0,32.0,,,,,0.0,64.0,48.0,0.0,0.0,1.0,164.33,161.0,3.42,0.0,0.0,0.0,122.0,1.01,41.1,0.0,0.0,0.0,0.0,0.0,0.0,2514.0,2516.0,1020.0,417.0,4.0,2.0,1.0,0.0,0.0,0.9286,0.9286,0.1556,0.0,0.0,2.3,1.87,0.34,96.0,0.27,785.0,1,8,1373.29,50.0,0.0,0.0,0.0,0.0,0.0,0.0,0.0,755.0,11.0,Sprint of large group,12.0,2.0,⛰️  Moy. montagne,0
2023-04-04,2023,region-pays-de-la-loire,stage,1.0,Team Arkéa Samsic,0,2.1,,,0.0,,,,,,,0.0,43.0,43.0,0.0,0.0,1.0,145.66,127.0,17.5,0.0,0.407,0.145,129.0,8.0,1.79,5.91,0.0,0.0,0.0,0.145,0.399,279.0,307.0,61.0,-1.0,0.0,0.0,0.0,0.0,0.0,0.0,0.0,0.0,0.0,0.0,0.1,-0.3,0.02,21.0,-0.06,112.0,0,9,1537.62,14.0,0.0,0.0,0.0,0.0,0.0,0.0,0.0,163.0,13.0,Sprint of large group,72.4,1.0,🟢  Plat/Sprint,0
2023-04-04,2023,itzulia-basque-country,stage,2.0,Team Arkéa Samsic,1,2.UWT,FIN,64.0,0.0,14.0,32.0,,,,,3.0,64.0,48.0,0.0,0.0,2.0,194.67,194.0,0.201,0.0,0.0,0.0,101.0,0.0,93.3,0.0,0.381,0.0,0.0,0.174,0.0,3261.0,3238.0,841.0,122.0,4.0,2.0,3.0,0.0,0.0,0.9615,0.9615,0.9615,0.0,0.0,-1.6,-4.07,-4.48,5.0,0.0,580.0,1,9,1537.62,50.0,0.0,0.0,0.0,0.0,0.0,0.0,0.0,755.0,11.0,Sprint of small group,12.0,2.0,⛰️  Moy. montagne,0
2023-04-05,2023,region-pays-de-la-loire,stage,2.0,Team Arkéa Samsic,0,2.1,,,0.0,,,,,,,0.0,43.0,43.0,0.0,0.0,2.0,170.91,168.0,3.25,0.0,0.0,0.0,168.0,0.764,0.222,2.16,0.0,0.0,0.0,0.0,0.0,1127.0,1143.0,91.0,6.0,1.0,0.0,0.0,0.0,0.0,0.2438,0.0,0.0,0.0,0.0,-1.0,-0.7,-0.52,50.0,0.0,408.0,0,10,1732.29,14.0,0.0,0.0,0.0,0.0,0.0,0.0,0.0,163.0,14.0,Sprint of large group,51.4,1.0,🟢  Plat/Sprint,0
2023-04-05,2023,itzulia-basque-country,stage,3.0,Team Arkéa Samsic,1,2.UWT,FIN,24.0,0.0,14.0,32.0,,,,,0.0,64.0,48.0,0.0,0.0,3.0,163.04,155.0,7.04,0.17,0.0,0.0,114.0,6.17,40.4,1.56,0.0,0.0,1.13,1.07,0.0,2784.0,2620.0,440.0,0.0,8.0,1.0,2.0,0.0,0.0,0.9999,0.7651,0.7651,0.0,0.0,10.3,3.57,0.86,130.0,0.1,485.0,1,10,1732.29,50.0,0.0,0.0,0.0,0.0,0.0,0.0,0.0,755.0,13.0,0.2 km solo,12.6,2.0,⛰️  Moy. montagne,0
2023-04-05,2023,scheldeprijs,result,,Team Arkéa Samsic,0,1.Pro,,,0.0,,,,,,,15.0,15.0,0.0,0.0,0.0,,205.05,98.8,81.1,8.26,1.12,0.0,40.0,5.74,7.14,79.7,16.8,0.0,17.1,0.751,5.74,355.0,351.0,33.0,-5.0,0.0,0.0,0.0,0.0,0.0,0.0,0.0,0.0,0.0,0.0,0.1,0.07,-0.02,32.0,-0.0,62.0,0,10,1732.29,200.0,5.923,0.0,2.132,0.0,1.529,0.0,0.0,360.0,12.0,Sprint of large group,47.4,1.0,🟢  Plat/Sprint,0
2023-04-06,2023,region-pays-de-la-loire,stage,3.0,Team Arkéa Samsic,0,2.1,,,0.0,,,,,,,0.0,43.0,43.0,0.0,0.0,3.0,197.31,173.0,23.6,0.0,0.608,0.0,161.0,4.48,30.2,0.334,0.0,0.0,0.0,0.608,0.0,2314.0,2290.0,288.0,24.0,1.0,1.0,0.0,0.0,0.0,0.6088,0.6088,0.0,0.0,0.0,0.8,-0.23,0.04,78.0,-0.06,264.0,0,10,1883.91,14.0,0.0,0.0,0.0,0.0,0.0,0.0,0.0,163.0,12.0,Sprint of large group,48.0,1.0,🟢  Plat/Sprint,0
2023-04-06,2023,itzulia-basque-country,stage,4.0,Team Arkéa Samsic,1,2.UWT,FIN,20.0,0.0,14.0,32.0,,,,,3.0,64.0,48.0,0.0,0.0,4.0,175.99,170.0,4.75,0.0,0.0,0.0,110.0,4.69,56.1,4.55,0.527,0.0,0.673,0.153,0.0,3078.0,3072.0,493.0,2.0,6.0,3.0,2.0,0.0,0.0,0.8986,0.8986,0.8986,0.0,0.0,-1.6,-0.73,-1.8,63.0,0.48,678.0,1,10,1883.91,50.0,0.0,0.0,0.0,0.0,0.0,0.0,0.0,755.0,17.0,Sprint à deux,12.6,2.0,⛰️  Moy. montagne,0
2023-04-07,2023,itzulia-basque-country,stage,5.0,Team Arkéa Samsic,1,2.UWT,FIN,28.0,0.0,14.0,32.0,,,,,10.0,64.0,48.0,0.0,0.0,5.0,164.1,153.0,9.9,0.282,0.0,0.0,145.0,2.95,13.6,2.21,0.226,0.0,1.26,0.0,0.0,3106.0,3116.0,432.0,4.0,5.0,3.0,3.0,0.0,0.0,0.9746,0.8134,0.6166,0.0,0.0,-0.1,-2.33,-0.64,56.0,-0.06,781.0,1,10,1849.86,50.0,0.0,0.0,0.0,0.0,0.0,0.0,0.0,755.0,22.0,Sprint of 22 riders,13.2,2.0,⛰️  Moy. montagne,0
2023-04-07,2023,region-pays-de-la-loire,stage,4.0,Team Arkéa Samsic,0,2.1,,,0.0,,,,,,,0.0,43.0,43.0,0.0,0.0,4.0,179.53,152.0,21.1,0.649,0.0,0.0,124.0,24.9,10.2,12.8,7.26,0.896,7.87,0.807,0.102,1747.0,1719.0,186.0,28.0,1.0,0.0,0.0,0.0,0.0,0.386,0.0,0.0,0.0,0.0,0.0,-1.13,-0.3,130.0,0.04,337.0,0,10,1849.86,14.0,0.753,0.0,0.345,0.0,0.238,0.0,0.0,163.0,14.0,Sprint of 6 riders,9.0,1.0,🟢  Plat/Sprint,0
2023-04-08,2023,itzulia-basque-country,stage,6.0,Team Arkéa Samsic,1,2.UWT,FIN,14.0,0.0,14.0,32.0,,,,,0.0,64.0,48.0,0.0,0.0,6.0,138.04,135.0,2.42,0.324,0.0,0.0,93.9,5.74,37.2,1.08,0.0,0.0,0.0,0.215,0.0,3387.0,3348.0,679.0,12.0,2.0,2.0,3.0,1.0,0.0,0.9998,0.9195,0.7987,0.3185,0.0,1.7,0.97,1.02,78.0,0.42,1415.0,0,10,1796.8,50.0,0.0,0.0,0.0,0.0,0.0,0.0,0.0,755.0,20.0,28.4 km solo,3.2,2.0,⛰️  Moy. montagne,0
2023-04-09,2023,paris-roubaix,result,,Team Arkéa Samsic,0,1.UWT,,,0.0,,,,,,,55.0,55.0,0.0,0.0,0.0,,257.84,197.0,7.21,51.1,0.615,0.571,167.0,16.6,45.6,18.5,0.594,0.0,1.13,9.5,0.561,1329.0,1351.0,161.0,15.0,1.0,0.0,0.0,0.0,0.0,0.2639,0.0,0.0,0.0,0.0,-0.1,-0.53,-0.08,26.0,0.09,314.0,0,10,1716.5099999999998,800.0,14.531,0.0,6.23,0.0,1.499,0.0,0.0,775.0,16.0,15.1 km solo,3.0,1.0,🟢  Plat/Sprint,0
2023-04-11,2023,paris-camembert,result,,Team Arkéa Samsic,0,1.1,,,0.0,,,,,,,140.0,140.0,0.0,0.0,0.0,,211.88,164.0,48.2,0.0,0.0,0.0,167.0,2.87,38.5,3.9,0.0,0.0,0.0,0.0,0.0,1941.0,2006.0,275.0,50.0,10.0,1.0,0.0,0.0,0.0,0.9655,0.6505,0.0,0.0,0.0,0.3,-0.2,-0.16,100.0,-0.01,273.0,0,8,1358.39,125.0,0.0,0.0,0.0,0.0,0.0,0.0,0.0,140.0,11.0,Sprint of small group,3.2,2.0,⛰️  Moy. montagne,0
2023-04-12,2023,brabantse-pijl,result,,Team Arkéa Samsic,0,1.Pro,,,0.0,,,,,,,10.0,10.0,0.0,0.0,0.0,,205.31,137.0,62.4,5.48,0.0,0.0,76.5,19.8,11.5,86.0,0.681,0.126,0.84,0.795,0.0,1998.0,1926.0,146.0,24.0,2.0,0.0,0.0,0.0,0.0,0.4841,0.0,0.0,0.0,0.0,3.4,1.93,1.18,175.0,0.19,411.0,0,7,1203.86,200.0,0.802,0.0,0.385,0.0,0.059,0.0,0.0,350.0,9.0,Sprint à deux,14.0,1.0,🟢  Plat/Sprint,0
2023-04-14,2023,classic-grand-besancon-doubs,result,,Team Arkéa Samsic,1,1.1,DNF,,0.0,,,,,,,53.0,53.0,0.0,0.0,0.0,,170.13,162.0,7.43,0.0,0.0,0.0,164.0,2.03,0.0,3.55,0.541,0.0,0.576,0.0,0.0,2636.0,2357.0,594.0,209.0,5.0,3.0,1.0,0.0,0.0,0.9998,0.9998,0.9998,0.0,0.0,8.5,8.5,6.68,320.0,-0.16,534.0,0,7,1203.86,125.0,0.0,0.0,0.0,0.0,0.0,0.0,0.0,146.0,12.0,Sprint of small group,-5.0,3.0,🏔️  Haute montagne,1
2023-04-15,2023,tour-du-jura-cycliste,result,,Team Arkéa Samsic,0,1.1,,,0.0,,,,,,,131.0,131.0,0.0,0.0,0.0,,166.21,152.0,13.7,0.0,0.145,0.0,150.0,1.25,15.2,0.0,0.0,0.0,0.178,0.145,0.0,2839.0,2266.0,833.0,214.0,3.0,2.0,3.0,0.0,0.0,0.9998,0.9998,0.9998,0.0,0.0,9.5,7.77,6.56,390.0,0.11,379.0,0,8,1373.99,125.0,0.0,0.0,0.0,0.0,0.0,0.0,0.0,134.0,6.0,3 km solo,5.6,3.0,🏔️  Haute montagne,1
2023-04-16,2023,tour-du-doubs,result,,Team Arkéa Samsic,0,1.1,,,0.0,,,,,,,30.0,30.0,0.0,0.0,0.0,,200.2,200.0,0.388,0.0,0.0,0.0,185.0,1.12,7.95,5.05,0.0,0.0,0.145,0.905,0.0,2903.0,2482.0,1183.0,379.0,4.0,2.0,1.0,0.0,1.0,0.9997,0.9997,0.9997,0.9997,0.9997,2.2,4.97,5.28,347.0,0.03,796.0,0,8,1373.99,125.0,0.0,0.0,0.0,0.0,0.0,0.0,0.0,119.0,4.0,Sprint of small group,36.8,3.0,🏔️  Haute montagne,1
2023-04-16,2023,amstel-gold-race,result,,Team Arkéa Samsic,0,1.UWT,,,0.0,,,,,,,20.0,20.0,0.0,0.0,0.0,,252.56,224.0,15.1,6.71,1.74,0.0,119.0,7.18,0.831,75.4,5.36,0.0,5.75,2.23,0.849,3242.0,3162.0,326.0,42.0,13.0,2.0,0.0,0.0,0.0,0.9961,0.7978,0.0,0.0,0.0,-0.7,0.57,-0.24,99.0,0.28,334.0,1,8,1373.99,500.0,0.334,0.839,0.203,0.0,0.203,0.0,0.0,768.0,9.0,28.2 km solo,30.6,2.0,⛰️  Moy. montagne,0
2023-04-19,2023,la-fleche-wallonne,result,,Team Arkéa Samsic,0,1.UWT,,,0.0,,,,,,,76.0,76.0,0.0,0.0,0.0,,193.73,189.0,4.78,0.196,0.0,0.0,152.0,8.22,30.4,2.93,0.0,0.0,0.0,0.0,0.0,3092.0,3209.0,313.0,69.0,9.0,5.0,0.0,0.0,0.0,0.9998,0.8521,0.0,0.0,0.0,11.4,3.97,0.7,248.0,-0.42,721.0,1,8,1373.99,400.0,0.0,0.0,0.0,0.0,0.0,0.0,0.0,870.0,14.0,Sprint of small group,34.6,2.0,⛰️  Moy. montagne,0
2023-04-23,2023,liege-bastogne-liege,result,,Team Arkéa Samsic,0,1.UWT,,,0.0,,,,,,,0.0,0.0,0.0,0.0,0.0,,173.06,169.0,4.01,0.264,0.0,0.0,141.0,5.81,13.8,12.8,0.188,0.0,0.188,0.0,0.0,2738.0,3097.0,569.0,107.0,4.0,6.0,0.0,0.0,0.0,0.9531,0.9531,0.0,0.0,0.0,2.3,-1.33,-1.68,110.0,-0.07,524.0,1,8,1373.99,800.0,0.0,0.0,0.0,0.0,0.0,0.0,0.0,1034.0,12.0,29.9 km solo,49.2,2.0,⛰️  Moy. montagne,0
2023-04-25,2023,tour-de-romandie,stage,0.0,Team Arkéa Samsic,1,2.UWT,FIN,134.0,0.0,41.0,10.0,,,,,0.0,10.0,20.0,0.0,0.0,0.0,,,,,,,,,,,,,,,,,,,,0.0,0.0,0.0,0.0,0.0,,,,,,,,,,,,0,8,1373.99,,,,,,,,,,,,,,,0
2023-04-26,2023,tour-de-romandie,stage,1.0,Team Arkéa Samsic,1,2.UWT,FIN,89.0,0.0,41.0,10.0,,,,,-25.0,10.0,20.0,0.0,0.0,1.0,169.21,162.0,6.83,0.0,0.0,0.0,131.0,0.879,17.7,18.9,0.569,0.0,0.171,0.775,0.0,2323.0,1853.0,1203.0,435.0,0.0,1.0,1.0,1.0,0.0,0.8822,0.8822,0.8822,0.4921,0.0,-0.4,-0.17,0.08,66.0,-0.22,485.0,0,9,1373.99,60.0,0.0,0.0,0.0,0.0,0.0,0.0,0.0,539.0,13.0,Sprint of large group,47.2,2.0,⛰️  Moy. montagne,0
2023-04-27,2023,tour-de-romandie,stage,2.0,Team Arkéa Samsic,1,2.UWT,FIN,54.0,0.0,41.0,10.0,,,,,0.0,10.0,20.0,0.0,0.0,2.0,163.21,161.0,2.31,0.0,0.0,0.0,98.2,2.62,43.2,18.2,0.0,0.0,0.15,0.49,0.0,2677.0,2617.0,1278.0,614.0,5.0,3.0,1.0,1.0,0.0,0.9797,0.9268,0.856,0.7271,0.0,-0.5,-0.6,0.16,98.0,-0.12,561.0,0,10,1543.2,60.0,0.0,0.0,0.0,0.0,0.0,0.0,0.0,539.0,15.0,Sprint of large group,42.2,2.0,⛰️  Moy. montagne,0
2023-04-28,2023,tour-de-romandie,stage,3.0,Team Arkéa Samsic,1,2.UWT,FIN,64.0,0.0,41.0,10.0,,,,,0.0,10.0,20.0,0.0,0.0,3.0,18.75,15.9,0.977,0.0,0.0,0.0,12.5,1.92,3.43,0.0,0.0,0.0,0.0,0.977,0.0,377.0,388.0,1138.0,812.0,0.0,1.0,0.0,0.0,0.0,0.588,0.588,0.0,0.0,0.0,-2.4,-6.9,-5.84,14.0,-0.06,377.0,0,11,1706.41,60.0,0.0,0.0,0.0,0.0,0.0,0.0,0.0,539.0,17.0,Time trial,16.0,1.0,🟢  Plat/Sprint,0
2023-04-29,2023,tour-de-romandie,stage,4.0,Team Arkéa Samsic,1,2.UWT,FIN,45.0,0.0,41.0,10.0,,,,,0.0,10.0,20.0,0.0,0.0,4.0,161.84,155.0,5.53,0.0,0.145,0.0,138.0,5.65,2.23,15.2,0.0,0.147,0.737,0.878,0.0,4308.0,2708.0,2090.0,465.0,1.0,1.0,0.0,0.0,3.0,0.9998,0.9998,0.9998,0.9998,0.9998,7.7,7.87,8.6,538.0,1.3,1296.0,0,12,1725.16,60.0,0.0,0.0,0.0,0.0,0.0,0.0,0.0,539.0,14.0,4.3 km solo,42.8,3.0,🏔️  Haute montagne,1
2023-04-30,2023,tour-de-romandie,stage,5.0,Team Arkéa Samsic,1,2.UWT,FIN,57.0,0.0,41.0,10.0,,,,,15.0,10.0,20.0,0.0,0.0,5.0,169.55,159.0,7.9,0.0,0.0,0.0,131.0,3.73,10.0,22.2,2.27,0.155,2.38,0.215,0.0,2287.0,2377.0,1177.0,372.0,1.0,1.0,1.0,1.0,0.0,0.7601,0.7601,0.7601,0.5305,0.0,-0.7,-0.37,-0.14,51.0,0.26,691.0,0,13,1887.0,60.0,0.0,0.0,0.0,0.0,0.0,0.0,0.0,539.0,15.0,Sprint of large group,14.2,2.0,⛰️  Moy. montagne,0
2023-05-01,2023,eschborn-frankfurt,result,,Team Arkéa Samsic,0,1.UWT,,,0.0,,,,,,,52.0,52.0,0.0,0.0,0.0,,203.27,186.0,4.66,2.37,0.145,0.0,128.0,7.51,22.6,22.3,10.0,0.52,10.5,2.03,1.02,2939.0,2959.0,844.0,92.0,2.0,2.0,0.0,2.0,0.0,0.8128,0.8128,0.5838,0.5838,0.0,-0.2,0.13,0.14,28.0,0.88,856.0,0,14,2056.55,300.0,0.658,0.081,0.459,0.005,0.0,0.0,0.0,425.0,17.0,Sprint of 10 riders,13.2,2.0,⛰️  Moy. montagne,0
2023-05-06,2023,giro-d-italia,stage,1.0,Team Arkéa Samsic,0,2.UWT,,,0.0,,,,,,,0.0,417.0,70.0,0.0,0.0,1.0,19.94,18.9,0.0,0.434,0.0,0.0,1.36,1.85,0.0,14.7,0.326,0.0,0.268,0.517,0.0,169.0,102.0,71.0,1.0,0.0,0.0,0.0,0.0,0.0,0.0,0.0,0.0,0.0,0.0,1.4,2.23,1.18,100.0,0.34,169.0,0,10,1330.82,180.0,0.0,0.0,0.0,0.0,0.0,0.0,0.0,835.0,24.0,Time trial,13.0,1.0,🟢  Plat/Sprint,0
2023-05-06,2023,gp-de-plumelec,result,,Team Arkéa Samsic,0,1.Pro,,,0.0,,,,,,,25.0,25.0,0.0,0.0,0.0,,181.22,175.0,5.99,0.0,0.0,0.0,179.0,1.75,0.694,0.206,0.0,0.0,0.0,0.0,0.0,2578.0,2502.0,166.0,25.0,24.0,0.0,0.0,0.0,0.0,0.9998,0.0,0.0,0.0,0.0,6.0,3.47,1.3,122.0,0.1,543.0,0,10,1330.82,200.0,0.0,0.0,0.0,0.0,0.0,0.0,0.0,260.0,17.0,Sprint of large group,8.4,2.0,⛰️  Moy. montagne,0
2023-05-07,2023,tro-bro-leon,result,,Team Arkéa Samsic,0,1.Pro,,,0.0,,,,,,,70.0,70.0,0.0,0.0,0.0,,204.31,147.0,32.1,0.0,22.0,1.14,161.0,7.91,1.03,9.12,0.799,0.287,1.4,23.4,0.358,1636.0,1663.0,136.0,2.0,1.0,0.0,0.0,0.0,0.0,0.3571,0.0,0.0,0.0,0.0,0.7,0.03,-0.1,50.0,0.02,324.0,0,9,1154.83,200.0,0.0,1.727,0.0,0.915,0.0,0.0,0.0,281.0,15.0,Sprint of 7 riders,13.0,1.0,🟢  Plat/Sprint,0
2023-05-07,2023,giro-d-italia,stage,2.0,Team Arkéa Samsic,0,2.UWT,,,0.0,,,,,,,132.0,417.0,70.0,0.0,0.0,2.0,202.53,200.0,0.548,0.0,0.0,0.0,63.4,2.56,126.0,8.03,1.48,0.0,1.76,0.0,0.0,1844.0,2030.0,352.0,1.0,2.0,3.0,1.0,0.0,0.0,0.6307,0.5662,0.5662,0.0,0.0,0.0,-0.03,-0.18,21.0,-0.37,640.0,0,9,1154.83,180.0,0.0,0.0,0.0,0.0,0.0,0.0,0.0,835.0,23.0,Sprint of large group,13.4,2.0,⛰️  Moy. montagne,0
2023-05-08,2023,giro-d-italia,stage,3.0,Team Arkéa Samsic,0,2.UWT,,,0.0,,,,,,,0.0,417.0,70.0,0.0,0.0,3.0,213.56,171.0,1.24,0.0,1.96,0.0,71.0,2.03,98.2,0.772,39.7,0.0,39.6,2.24,0.0,1613.0,1084.0,855.0,1.0,3.0,0.0,0.0,0.0,1.0,0.9998,0.714,0.714,0.714,0.714,0.4,1.37,0.46,54.0,0.01,111.0,0,8,990.73,180.0,0.0,0.0,0.0,0.0,0.0,0.0,0.0,835.0,20.0,Sprint of large group,44.8,2.0,⛰️  Moy. montagne,0
2023-05-09,2023,giro-d-italia,stage,4.0,Team Arkéa Samsic,0,2.UWT,,,0.0,,,,,,,0.0,417.0,70.0,0.0,0.0,4.0,175.71,125.0,11.4,0.0,7.45,0.0,121.0,3.52,12.3,0.0,32.6,0.0,32.6,7.45,0.0,3651.0,3080.0,1132.0,335.0,2.0,1.0,1.0,3.0,0.0,0.9913,0.9913,0.9913,0.9913,0.0,0.7,-0.93,2.42,295.0,0.19,987.0,0,7,852.69,180.0,0.0,0.0,0.0,0.0,0.0,0.0,0.0,835.0,16.0,Sprint à deux,42.8,3.0,🏔️  Haute montagne,1
2023-05-10,2023,giro-d-italia,stage,5.0,Team Arkéa Samsic,0,2.UWT,,,0.0,,,,,,,20.0,417.0,70.0,0.0,0.0,5.0,171.29,148.0,1.94,0.0,0.14,0.0,123.0,1.78,25.4,0.0,22.1,0.0,22.4,0.174,0.0,2599.0,2862.0,978.0,1.0,1.0,3.0,1.0,1.0,0.0,0.7524,0.7524,0.4806,0.4806,0.0,-0.2,-0.03,0.0,9.0,0.48,1212.0,0,7,852.69,180.0,0.0,0.0,0.0,0.0,0.0,0.0,0.0,835.0,15.0,Sprint of large group,44.8,2.0,⛰️  Moy. montagne,0
2023-05-11,2023,giro-d-italia,stage,6.0,Team Arkéa Samsic,0,2.UWT,,,0.0,,,,,,,0.0,417.0,70.0,0.0,0.0,6.0,162.67,148.0,6.67,3.43,0.0,0.0,79.9,2.47,70.8,0.781,4.07,0.0,3.23,5.24,0.0,2563.0,2593.0,695.0,0.0,6.0,1.0,1.0,1.0,0.0,0.8762,0.6779,0.6779,0.2321,0.0,-0.1,-0.1,-0.06,6.0,1.18,915.0,0,7,852.69,180.0,3.118,0.0,3.008,0.0,0.796,0.0,0.0,835.0,19.0,Sprint of large group,45.8,2.0,⛰️  Moy. montagne,0
2023-05-12,2023,giro-d-italia,stage,7.0,Team Arkéa Samsic,0,2.UWT,,,0.0,,,,,,,0.0,417.0,70.0,0.0,0.0,7.0,218.93,204.0,0.467,0.0,0.781,0.0,67.7,1.08,136.0,0.0,14.1,0.0,13.6,0.805,0.0,4088.0,1988.0,2123.0,22.0,0.0,1.0,0.0,0.0,2.0,0.9998,0.9998,0.9998,0.9998,0.9998,8.6,8.13,7.6,465.0,0.34,336.0,0,7,852.69,180.0,0.0,0.0,0.0,0.0,0.0,0.0,0.0,835.0,14.0,0.17 km solo,42.8,3.0,🏔️  Haute montagne,1
2023-05-13,2023,tour-du-finistere,result,,Team Arkéa Samsic,0,1.1,,,0.0,,,,,,,30.0,30.0,0.0,0.0,0.0,,194.47,168.0,26.5,0.127,0.0,0.0,170.0,3.84,8.84,11.8,0.0,0.0,0.0,0.238,0.0,2790.0,2780.0,235.0,7.0,6.0,3.0,0.0,0.0,0.0,0.9772,0.6522,0.0,0.0,0.0,5.1,0.87,-0.36,111.0,0.28,659.0,0,7,852.69,125.0,0.0,0.0,0.0,0.0,0.0,0.0,0.0,125.0,16.0,Sprint of small group,46.4,2.0,⛰️  Moy. montagne,0
2023-05-13,2023,giro-d-italia,stage,8.0,Team Arkéa Samsic,0,2.UWT,,,0.0,,,,,,,80.0,417.0,70.0,0.0,0.0,8.0,206.45,183.0,6.72,0.0,0.701,0.0,117.0,3.31,69.3,0.0,16.6,0.0,15.7,0.592,0.463,2779.0,2912.0,661.0,77.0,2.0,2.0,3.0,0.0,0.0,0.9675,0.9675,0.7966,0.0,0.0,2.2,-2.3,-3.86,81.0,-0.02,523.0,0,7,852.69,180.0,0.0,0.0,0.0,0.0,0.0,0.0,0.0,835.0,16.0,50.2 km solo,35.4,2.0,⛰️  Moy. montagne,0
2023-05-14,2023,giro-d-italia,stage,9.0,Team Arkéa Samsic,0,2.UWT,,,0.0,,,,,,,0.0,417.0,70.0,0.0,0.0,9.0,35.14,29.7,4.57,0.184,0.0,0.0,31.3,0.971,0.0,1.76,0.668,0.0,0.692,0.335,0.0,57.0,66.0,42.0,1.0,0.0,0.0,0.0,0.0,0.0,0.0,0.0,0.0,0.0,0.0,-0.4,-0.27,-0.38,22.0,-0.03,57.0,0,7,852.69,180.0,0.0,0.0,0.0,0.0,0.0,0.0,0.0,835.0,14.0,Time trial,27.0,1.0,🟢  Plat/Sprint,0
2023-05-14,2023,boucles-de-l-aulne,result,,Team Arkéa Samsic,0,1.1,,,0.0,,,,,,,8.0,8.0,0.0,0.0,0.0,,181.76,168.0,13.0,0.616,0.0,0.0,170.0,2.63,8.91,0.0,0.0,0.0,0.0,0.0,0.0,2659.0,2661.0,212.0,4.0,16.0,3.0,0.0,0.0,0.0,0.976,0.6017,0.0,0.0,0.0,3.2,1.17,-0.9,83.0,-0.07,743.0,0,7,852.69,125.0,0.369,0.0,0.185,0.0,0.123,0.0,0.0,110.0,17.0,Sprint of large group,26.0,2.0,⛰️  Moy. montagne,0
2023-05-16,2023,giro-d-italia,stage,10.0,Team Arkéa Samsic,0,2.UWT,,,0.0,,,,,,,0.0,417.0,70.0,0.0,0.0,10.0,196.66,197.0,0.25,0.0,0.0,0.0,129.0,0.0,66.5,0.179,0.0,0.0,0.901,0.206,0.0,3020.0,3128.0,1522.0,0.0,3.0,3.0,0.0,0.0,1.0,0.9442,0.9442,0.5251,0.5251,0.5251,-0.1,-0.03,-0.02,0.0,1.09,1122.0,0,6,682.56,180.0,0.0,0.0,0.0,0.0,0.0,0.0,0.0,835.0,11.0,Sprint of 3 riders,27.6,2.0,⛰️  Moy. montagne,0
2023-05-16,2023,4-jours-de-dunkerque,stage,1.0,Team Arkéa Samsic,0,2.Pro,,,0.0,,,,,,,3.0,31.0,28.0,0.0,0.0,1.0,0.0,0.0,0.0,0.0,0.0,0.0,0.0,0.0,0.0,0.0,0.0,0.0,0.0,0.0,0.0,0.0,0.0,0.0,0.0,0.0,0.0,0.0,0.0,0.0,0.0,0.0,0.0,0.0,0.0,0.0,0.0,0.0,0.0,0.0,0.0,0,6,682.56,20.0,0.0,0.0,0.0,0.0,0.0,0.0,0.0,276.0,15.0,Sprint of large group,16.0,1.0,🟢  Plat/Sprint,0
2023-05-17,2023,4-jours-de-dunkerque,stage,2.0,Team Arkéa Samsic,0,2.Pro,,,0.0,,,,,,,0.0,31.0,28.0,0.0,0.0,2.0,0.0,156.0,7.42,0.0,0.0,0.0,160.0,1.67,0.0,1.42,0.195,0.0,0.195,0.0,0.0,0.0,0.0,0.0,0.0,0.0,0.0,0.0,0.0,0.0,0.0,0.0,0.0,0.0,0.0,0.0,0.0,0.0,0.0,0.0,0.0,0,6,682.56,20.0,0.0,0.0,0.0,0.0,0.0,0.0,0.0,276.0,15.0,Sprint of large group,14.6,1.0,🟢  Plat/Sprint,0
2023-05-17,2023,giro-d-italia,stage,11.0,Team Arkéa Samsic,0,2.UWT,,,0.0,,,,,,,0.0,417.0,70.0,0.0,0.0,11.0,219.52,213.0,1.32,0.0,0.759,0.0,93.8,1.06,85.2,34.8,4.03,0.0,4.03,0.31,0.181,2430.0,2309.0,651.0,0.0,2.0,1.0,1.0,1.0,0.0,0.8592,0.8592,0.6903,0.6903,0.0,-0.1,-0.43,-0.38,32.0,0.13,254.0,0,6,682.56,180.0,0.0,0.0,0.0,0.0,0.0,0.0,0.0,835.0,15.0,Sprint of large group,23.6,2.0,⛰️  Moy. montagne,0
2023-05-18,2023,giro-d-italia,stage,12.0,Team Arkéa Samsic,0,2.UWT,,,0.0,,,,,,,0.0,417.0,70.0,0.0,0.0,12.0,186.15,181.0,2.83,1.29,0.21,0.0,156.0,3.02,24.6,2.32,0.0,0.0,0.191,0.0,0.0,2348.0,2206.0,1005.0,166.0,1.0,2.0,1.0,0.0,1.0,0.8297,0.8297,0.8297,0.8297,0.8297,0.6,0.17,0.02,38.0,0.47,1012.0,0,6,682.56,180.0,0.143,0.0,0.015,0.0,0.015,0.0,0.0,835.0,15.0,Sprint of 3 riders,23.6,2.0,⛰️  Moy. montagne,0
2023-05-18,2023,4-jours-de-dunkerque,stage,3.0,Team Arkéa Samsic,0,2.Pro,,,0.0,,,,,,,0.0,31.0,28.0,0.0,0.0,3.0,0.0,14.6,1.35,0.0,0.0,0.0,14.1,1.62,0.0,0.172,0.0,0.0,0.0,0.0,0.0,0.0,0.0,0.0,0.0,0.0,0.0,0.0,0.0,0.0,0.0,0.0,0.0,0.0,0.0,0.0,0.0,0.0,0.0,0.0,0.0,0,6,682.56,20.0,0.0,0.0,0.0,0.0,0.0,0.0,0.0,276.0,16.0,Time trial,14.6,1.0,🟢  Plat/Sprint,0
2023-05-19,2023,4-jours-de-dunkerque,stage,4.0,Team Arkéa Samsic,0,2.Pro,,,0.0,,,,,,,0.0,31.0,28.0,0.0,0.0,4.0,0.0,166.0,1.87,4.48,0.528,0.0,157.0,8.89,5.1,2.73,0.0,0.0,2.75,1.53,0.0,0.0,0.0,0.0,0.0,0.0,0.0,0.0,0.0,0.0,0.0,0.0,0.0,0.0,0.0,0.0,0.0,0.0,0.0,0.0,0.0,0,6,682.56,20.0,0.0,0.0,0.0,0.0,0.0,0.0,0.0,276.0,19.0,Sprint of large group,14.6,1.0,🟢  Plat/Sprint,0
2023-05-19,2023,giro-d-italia,stage,13.0,Team Arkéa Samsic,0,2.UWT,,,0.0,,,,,,,0.0,417.0,70.0,0.0,0.0,13.0,74.89,69.1,5.76,0.0,0.237,0.0,70.0,3.97,0.0,0.979,0.0,0.0,0.0,0.0,0.0,2451.0,1818.0,2174.0,468.0,0.0,0.0,0.0,0.0,2.0,0.9996,0.9996,0.9996,0.9996,0.9996,3.2,5.47,6.42,607.0,-0.67,1450.0,0,6,682.56,180.0,0.0,0.0,0.0,0.0,0.0,0.0,0.0,835.0,12.0,0.2 km solo,32.2,3.0,🏔️  Haute montagne,1
2023-05-20,2023,veenendaal-veenendaal,result,,Team Arkéa Samsic,0,1.1,,,0.0,,,,,,,0.0,0.0,0.0,0.0,0.0,,136.47,100.0,29.2,6.77,0.0,0.0,80.4,0.54,2.43,38.9,0.0,0.0,0.474,0.148,0.0,460.0,458.0,51.0,3.0,0.0,0.0,0.0,0.0,0.0,0.0,0.0,0.0,0.0,0.0,0.2,0.13,0.02,48.0,0.0,132.0,0,6,682.56,125.0,2.485,0.0,1.212,0.0,0.01,0.0,0.0,144.0,20.0,Sprint of large group,0.6,1.0,🟢  Plat/Sprint,0
2023-05-20,2023,giro-d-italia,stage,14.0,Team Arkéa Samsic,0,2.UWT,,,0.0,,,,,,,20.0,417.0,70.0,0.0,0.0,14.0,196.51,189.0,1.43,0.3,1.12,0.0,89.9,3.64,96.4,0.387,5.08,0.0,5.18,1.34,0.0,2336.0,2624.0,2007.0,197.0,1.0,1.0,0.0,0.0,1.0,0.9547,0.9547,0.2724,0.2724,0.2724,2.5,0.4,-0.16,36.0,2.16,1293.0,0,6,682.56,180.0,0.0,0.0,0.0,0.0,0.0,0.0,0.0,835.0,13.0,Sprint of 6 riders,1.6,2.0,⛰️  Moy. montagne,0
2023-05-20,2023,4-jours-de-dunkerque,stage,5.0,Team Arkéa Samsic,0,2.Pro,,,0.0,,,,,,,0.0,31.0,28.0,0.0,0.0,5.0,0.0,168.0,2.09,18.5,0.0,0.0,119.0,5.53,53.1,10.8,0.0,0.501,0.416,0.0,0.0,0.0,0.0,0.0,0.0,0.0,0.0,0.0,0.0,0.0,0.0,0.0,0.0,0.0,0.0,0.0,0.0,0.0,0.0,0.0,0.0,0,6,682.56,20.0,0.0,0.0,0.0,0.0,0.0,0.0,0.0,276.0,18.0,Sprint à deux,7.6,2.0,⛰️  Moy. montagne,0
2023-05-21,2023,4-jours-de-dunkerque,stage,6.0,Team Arkéa Samsic,0,2.Pro,,,0.0,,,,,,,0.0,31.0,28.0,0.0,0.0,6.0,0.0,178.0,5.62,4.36,0.0,0.0,106.0,30.7,32.2,17.4,0.0,0.0,0.0,2.18,0.0,0.0,0.0,0.0,0.0,0.0,0.0,0.0,0.0,0.0,0.0,0.0,0.0,0.0,0.0,0.0,0.0,0.0,0.0,0.0,0.0,0,6,682.56,20.0,0.0,0.0,0.0,0.0,0.0,0.0,0.0,276.0,17.0,Sprint of large group,0.6,1.0,🟢  Plat/Sprint,0
2023-05-21,2023,rund-um-koln,result,,Team Arkéa Samsic,0,1.1,,,0.0,,,,,,,43.0,43.0,0.0,0.0,0.0,,200.97,170.0,27.2,1.14,0.62,0.0,140.0,8.62,5.34,32.6,1.81,0.0,2.11,0.0,0.845,2735.0,2741.0,380.0,39.0,9.0,1.0,2.0,0.0,0.0,0.9099,0.7475,0.3982,0.0,0.0,0.3,-0.17,-0.08,22.0,0.49,686.0,0,6,682.56,125.0,0.344,0.0,0.197,0.0,0.197,0.0,0.0,149.0,21.0,Sprint of 14 riders,4.0,2.0,⛰️  Moy. montagne,0
2023-05-21,2023,giro-d-italia,stage,15.0,Team Arkéa Samsic,0,2.UWT,,,0.0,,,,,,,0.0,417.0,70.0,0.0,0.0,15.0,195.62,186.0,2.72,0.409,0.88,0.226,143.0,3.4,31.1,9.22,6.53,0.0,6.62,2.76,0.875,4040.0,4032.0,1341.0,201.0,3.0,1.0,1.0,2.0,1.0,0.9883,0.8678,0.8678,0.8678,0.2702,-2.9,-3.8,-0.54,109.0,1.76,1555.0,0,6,682.56,180.0,0.0,0.0,0.0,0.0,0.0,0.0,0.0,835.0,20.0,Sprint of 3 riders,4.0,2.0,⛰️  Moy. montagne,0
2023-05-23,2023,giro-d-italia,stage,16.0,Team Arkéa Samsic,0,2.UWT,,,0.0,,,,,,,0.0,417.0,70.0,0.0,0.0,16.0,204.41,199.0,0.108,1.42,0.132,0.0,121.0,7.31,72.2,0.575,3.82,0.0,3.79,0.624,0.0,5825.0,4446.0,1642.0,33.0,2.0,1.0,1.0,0.0,3.0,0.9999,0.9999,0.9999,0.9999,0.9999,5.3,4.8,5.96,261.0,-0.37,384.0,0,6,682.56,180.0,0.623,0.0,0.0,0.0,0.0,0.0,0.0,835.0,23.0,Sprint à deux,6.0,3.0,🏔️  Haute montagne,1
2023-05-24,2023,giro-d-italia,stage,17.0,Team Arkéa Samsic,0,2.UWT,,,0.0,,,,,,,0.0,417.0,70.0,0.0,0.0,17.0,197.55,170.0,2.08,0.263,1.86,1.25,88.8,7.81,67.5,9.33,22.8,0.174,23.5,2.53,0.0,492.0,1023.0,568.0,-2.0,0.0,0.0,0.0,0.0,0.0,0.0,0.0,0.0,0.0,0.0,0.0,-0.07,0.0,11.0,-0.65,290.0,0,6,682.56,180.0,0.0,0.0,0.0,0.0,0.0,0.0,0.0,835.0,24.0,Sprint of large group,0.0,1.0,🟢  Plat/Sprint,0
2023-05-25,2023,boucles-de-la-mayenne,prologue,,Team Arkéa Samsic,0,2.Pro,,,0.0,,,,,,,0.0,30.0,30.0,0.0,0.0,,4.08,3.2,0.0,0.0,0.0,0.0,0.975,2.38,0.0,0.381,0.0,0.309,0.753,0.0,0.0,51.0,48.0,94.0,52.0,0.0,0.0,0.0,0.0,0.0,0.0,0.0,0.0,0.0,0.0,1.1,0.33,0.07,51.0,0.07,51.0,0,6,682.56,20.0,0.0,0.0,0.0,0.0,0.0,0.0,0.0,,,,12.0,0.0,⏱️  CLM,0
2023-05-25,2023,giro-d-italia,stage,18.0,Team Arkéa Samsic,0,2.UWT,,,0.0,,,,,,,95.0,417.0,70.0,0.0,0.0,18.0,161.36,159.0,2.91,0.0,0.0,0.0,138.0,0.634,21.0,0.3,0.0,0.0,1.06,0.232,0.0,4162.0,2661.0,1533.0,13.0,2.0,1.0,0.0,2.0,1.0,0.9995,0.9995,0.9995,0.9995,0.8042,5.9,5.7,0.42,177.0,2.08,1193.0,0,6,682.56,180.0,0.0,0.0,0.0,0.0,0.0,0.0,0.0,835.0,21.0,Sprint à deux,0.0,3.0,🏔️  Haute montagne,1
2023-05-26,2023,boucles-de-la-mayenne,stage,1.0,Team Arkéa Samsic,0,2.Pro,,,0.0,,,,,,,0.0,30.0,30.0,0.0,0.0,1.0,185.54,152.0,33.0,0.0,0.0,0.0,183.0,1.53,0.415,0.0,0.387,0.0,0.448,0.0,0.0,2257.0,2252.0,412.0,101.0,4.0,1.0,0.0,0.0,0.0,0.9289,0.4542,0.0,0.0,0.0,0.3,0.37,1.4,98.0,-0.15,546.0,0,5,682.56,20.0,0.0,0.0,0.0,0.0,0.0,0.0,0.0,194.0,20.0,11.1 km solo,12.6,2.0,⛰️  Moy. montagne,0
2023-05-26,2023,giro-d-italia,stage,19.0,Team Arkéa Samsic,0,2.UWT,,,0.0,,,,,,,0.0,417.0,70.0,0.0,0.0,19.0,183.06,182.0,0.0,0.763,0.0,0.0,64.4,0.387,118.0,0.12,0.0,0.0,0.176,0.531,0.143,5423.0,3557.0,2307.0,373.0,2.0,1.0,1.0,0.0,3.0,0.9999,0.9999,0.9999,0.9999,0.9999,13.9,13.27,8.76,474.0,0.62,786.0,0,5,682.56,180.0,0.581,0.0,0.0,0.0,0.0,0.0,0.0,835.0,18.0,1.5 km solo,19.0,3.0,🏔️  Haute montagne,1
2023-05-27,2023,boucles-de-la-mayenne,stage,2.0,Team Arkéa Samsic,0,2.Pro,,,0.0,,,,,,,0.0,30.0,30.0,0.0,0.0,2.0,181.86,160.0,22.0,0.0,0.0,0.0,164.0,8.79,9.0,0.608,0.0,0.0,0.0,0.0,0.0,1364.0,1365.0,115.0,32.0,2.0,0.0,0.0,0.0,0.0,0.9621,0.0,0.0,0.0,0.0,0.8,-0.07,-0.34,78.0,0.03,466.0,0,4,513.35,20.0,0.0,0.0,0.0,0.0,0.0,0.0,0.0,194.0,24.0,Sprint of large group,0.0,1.0,🟢  Plat/Sprint,0
2023-05-27,2023,giro-d-italia,stage,20.0,Team Arkéa Samsic,0,2.UWT,,,0.0,,,,,,,0.0,417.0,70.0,0.0,0.0,20.0,18.56,9.92,1.08,0.0,7.39,0.0,3.68,8.81,0.489,5.56,0.0,0.0,0.119,0.0,0.0,1070.0,76.0,1753.0,750.0,0.0,0.0,0.0,0.0,1.0,0.9748,0.9748,0.9748,0.9748,0.9748,6.2,7.27,10.7,535.0,5.36,1070.0,0,4,513.35,180.0,0.0,0.0,0.0,0.0,0.0,0.0,0.0,835.0,18.0,Time trial,19.0,3.0,🏔️  Haute montagne,1
2023-05-28,2023,giro-d-italia,stage,21.0,Team Arkéa Samsic,0,2.UWT,,,0.0,,,,,,,0.0,417.0,70.0,0.0,0.0,21.0,127.31,97.9,6.62,12.8,0.0,0.0,34.8,5.97,56.9,7.46,10.5,0.0,11.5,8.95,4.17,677.0,671.0,65.0,3.0,0.0,0.0,0.0,0.0,0.0,0.0,0.0,0.0,0.0,0.0,-0.7,-0.47,-0.14,29.0,0.0,304.0,0,3,350.14,180.0,8.344,0.0,3.244,0.0,1.694,0.0,0.0,835.0,26.0,Sprint of large group,0.0,1.0,🟢  Plat/Sprint,0
2023-05-28,2023,boucles-de-la-mayenne,stage,3.0,Team Arkéa Samsic,0,2.Pro,,,0.0,,,,,,,0.0,30.0,30.0,0.0,0.0,3.0,166.81,148.0,18.6,0.0,0.0,0.0,143.0,7.04,10.2,6.34,0.398,0.0,0.398,0.0,0.0,1744.0,1800.0,348.0,47.0,2.0,1.0,0.0,0.0,0.0,0.7052,0.2316,0.0,0.0,0.0,0.7,-0.57,-0.12,86.0,0.16,644.0,0,3,350.14,20.0,0.0,0.0,0.0,0.0,0.0,0.0,0.0,194.0,24.0,Sprint of large group,0.0,1.0,🟢  Plat/Sprint,0
2023-05-30,2023,mercan-tour-classic-alpes-maritimes,result,,Team Arkéa Samsic,1,1.1,FIN,5.0,50.0,,,,,,,56.0,56.0,0.0,0.0,0.0,,167.59,166.0,0.543,0.0,0.0,0.0,140.0,0.0,18.8,7.5,1.34,0.0,0.311,0.0,0.0,4733.0,3461.0,1679.0,147.0,0.0,2.0,0.0,0.0,3.0,0.9965,0.9965,0.9965,0.9965,0.9965,0.4,5.13,5.9,291.0,-0.42,678.0,0,1,169.55,125.0,0.0,0.0,0.0,0.0,0.0,0.0,0.4,191.0,21.0,6.9 km solo,19.0,3.0,🏔️  Haute montagne,1
2023-06-02,2023,giro-dell-appennino,result,,Team Arkéa Samsic,1,1.1,FIN,2.0,70.0,,,,,,,50.0,50.0,0.0,0.0,0.0,,198.44,193.0,3.22,0.0,0.246,0.0,97.3,1.39,70.6,27.8,1.5,0.324,2.74,0.0,0.0,2815.0,3010.0,740.0,3.0,0.0,1.0,3.0,1.0,0.0,0.8455,0.8455,0.8455,0.8455,0.0,1.5,0.3,0.32,35.0,0.27,444.0,0,1,167.59,125.0,0.0,0.0,0.0,0.0,0.0,0.0,0.56,120.0,22.0,Sprint à deux,12.6,2.0,⛰️  Moy. montagne,0
2023-06-03,2023,heist-op-den-berg,result,,Team Arkéa Samsic,0,1.1,,,0.0,,,,,,,3.0,3.0,0.0,0.0,0.0,,199.77,76.0,117.0,4.78,0.164,0.0,5.89,19.2,0.825,147.0,1.98,0.0,2.12,0.0,0.164,515.0,511.0,43.0,3.0,0.0,0.0,0.0,0.0,0.0,0.0,0.0,0.0,0.0,0.0,-1.9,0.33,0.22,50.0,-0.01,72.0,0,2,366.03,125.0,1.761,0.0,0.443,0.0,0.443,0.0,0.0,201.0,23.0,Sprint of small group,0.0,1.0,🟢  Plat/Sprint,0
2023-06-04,2023,brussels-cycling-classic,result,,Team Arkéa Samsic,0,1.Pro,,,0.0,,,,,,,63.0,63.0,0.0,0.0,0.0,,207.26,150.0,39.5,8.24,0.402,0.0,110.0,23.3,9.16,48.7,9.15,0.466,9.69,0.757,0.0,1786.0,1858.0,149.0,17.0,3.0,0.0,0.0,0.0,0.0,0.7436,0.0,0.0,0.0,0.0,1.2,-0.13,-0.06,78.0,-0.08,397.0,0,2,366.03,200.0,4.299,0.004,2.195,0.0,0.0,0.0,0.0,232.0,21.0,Sprint of 17 riders,0.6,1.0,🟢  Plat/Sprint,0
2023-06-04,2023,tour-auvergne-rhone-alpes,stage,1.0,Team Arkéa Samsic,0,2.UWT,,,0.0,,,,,,,0.0,102.0,50.0,0.0,0.0,1.0,158.36,158.0,0.0,0.0,0.0,0.0,158.0,0.32,0.0,0.0,0.0,0.421,0.0,0.0,0.0,2753.0,2869.0,1277.0,848.0,0.0,3.0,3.0,0.0,0.0,0.9339,0.9339,0.9339,0.0,0.0,0.1,0.8,-2.0,44.0,-0.07,817.0,0,2,366.03,60.0,0.0,0.0,0.0,0.0,0.0,0.0,0.0,781.0,20.0,Sprint of large group,22.6,2.0,⛰️  Moy. montagne,0
2023-06-05,2023,tour-auvergne-rhone-alpes,stage,2.0,Team Arkéa Samsic,0,2.UWT,,,0.0,,,,,,,2.0,102.0,50.0,0.0,0.0,2.0,168.32,168.0,0.189,0.0,0.0,0.0,140.0,0.0,27.7,0.0,0.0,0.0,0.0,0.0,0.0,2865.0,2186.0,1118.0,397.0,4.0,4.0,0.0,1.0,0.0,0.9998,0.9998,0.4524,0.4524,0.0,1.9,2.4,2.78,180.0,1.0,1009.0,0,2,366.03,60.0,0.0,0.0,0.0,0.0,0.0,0.0,0.0,781.0,20.0,Sprint of large group,18.6,2.0,⛰️  Moy. montagne,0
2023-06-06,2023,tour-auvergne-rhone-alpes,stage,3.0,Team Arkéa Samsic,0,2.UWT,,,0.0,,,,,,,25.0,102.0,50.0,0.0,0.0,3.0,194.53,189.0,4.27,0.0,0.0,0.754,156.0,0.606,28.8,8.88,0.0,0.0,0.0,0.0,0.0,2089.0,2253.0,975.0,275.0,1.0,3.0,1.0,0.0,0.0,0.8851,0.8851,0.2856,0.0,0.0,0.1,-0.07,-0.18,38.0,1.04,1008.0,0,2,366.03,60.0,0.0,0.0,0.0,0.0,0.0,0.0,0.0,781.0,24.0,Sprint of large group,19.0,2.0,⛰️  Moy. montagne,0
2023-06-07,2023,tour-auvergne-rhone-alpes,stage,4.0,Team Arkéa Samsic,0,2.UWT,,,0.0,,,,,,,0.0,102.0,50.0,0.0,0.0,4.0,31.12,31.0,0.0,0.0,0.0,0.0,31.0,0.0,0.0,0.0,0.0,0.0,0.0,0.0,0.0,408.0,446.0,615.0,275.0,1.0,1.0,0.0,0.0,0.0,0.9989,0.9989,0.0,0.0,0.0,3.6,2.77,2.38,186.0,-0.12,408.0,0,2,366.03,60.0,0.0,0.0,0.0,0.0,0.0,0.0,0.0,781.0,27.0,Time trial,13.2,1.0,🟢  Plat/Sprint,0
2023-06-08,2023,tour-auvergne-rhone-alpes,stage,5.0,Team Arkéa Samsic,0,2.UWT,,,0.0,,,,,,,25.0,102.0,50.0,0.0,0.0,5.0,190.48,189.0,1.48,0.0,0.0,0.0,158.0,0.259,29.2,1.57,0.0,0.0,0.0,0.892,0.0,2016.0,1863.0,711.0,177.0,1.0,2.0,1.0,0.0,0.0,0.9206,0.9206,0.9206,0.0,0.0,-1.1,-3.93,-4.9,30.0,-0.0,304.0,0,2,366.03,60.0,0.0,0.0,0.0,0.0,0.0,0.0,0.0,781.0,26.0,15.8 km solo,15.4,2.0,⛰️  Moy. montagne,0
2023-06-09,2023,gp-du-canton-d-argovie,result,,Team Arkéa Samsic,0,1.1,,,0.0,,,,,,,30.0,30.0,0.0,0.0,0.0,,175.48,131.0,41.6,0.0,3.85,0.0,130.0,0.61,8.61,10.6,0.0,0.0,13.2,12.2,0.709,2902.0,2904.0,601.0,317.0,0.0,7.0,0.0,0.0,0.0,0.9312,0.9312,0.0,0.0,0.0,2.2,0.6,-0.34,63.0,-0.04,657.0,0,2,366.03,125.0,0.0,0.0,0.0,0.0,0.0,0.0,0.0,298.0,27.0,Sprint of small group,20.4,2.0,⛰️  Moy. montagne,0
2023-06-09,2023,tour-auvergne-rhone-alpes,stage,6.0,Team Arkéa Samsic,0,2.UWT,,,0.0,,,,,,,0.0,102.0,50.0,0.0,0.0,6.0,171.12,167.0,3.31,0.0,0.0,0.0,146.0,0.204,23.1,1.27,0.242,0.0,0.242,0.0,0.0,3406.0,2729.0,1485.0,255.0,3.0,1.0,2.0,0.0,1.0,0.9987,0.9987,0.9987,0.8121,0.8121,4.6,5.5,3.96,291.0,-0.11,626.0,0,2,366.03,60.0,0.0,0.0,0.0,0.0,0.0,0.0,0.0,781.0,21.0,Sprint à deux,30.2,3.0,🏔️  Haute montagne,1
2023-06-10,2023,dwars-door-het-hageland,result,,Team Arkéa Samsic,0,1.Pro,,,0.0,,,,,,,60.0,60.0,0.0,0.0,0.0,,176.36,60.3,75.0,3.38,10.2,26.5,30.4,22.7,1.05,61.9,0.91,0.128,1.28,37.4,0.111,1044.0,1007.0,72.0,10.0,0.0,0.0,0.0,0.0,0.0,0.0,0.0,0.0,0.0,0.0,3.0,0.3,0.6,80.0,0.04,235.0,0,2,366.03,200.0,2.355,11.388,0.758,5.51,0.743,3.856,0.0,172.0,30.0,Sprint of small group,13.2,1.0,🟢  Plat/Sprint,0
2023-06-10,2023,tour-auvergne-rhone-alpes,stage,7.0,Team Arkéa Samsic,0,2.UWT,,,0.0,,,,,,,0.0,102.0,50.0,0.0,0.0,7.0,149.33,148.0,0.564,0.0,0.0,0.0,111.0,0.373,32.1,5.76,0.447,0.0,0.447,0.0,0.0,4015.0,2213.0,2066.0,263.0,0.0,0.0,1.0,0.0,2.0,0.9998,0.9998,0.9998,0.9998,0.9998,7.8,8.0,8.02,495.0,0.31,278.0,0,2,366.03,60.0,0.0,0.0,0.0,0.0,0.0,0.0,0.0,781.0,19.0,5.3 km solo,30.2,3.0,🏔️  Haute montagne,1
2023-06-11,2023,tour-auvergne-rhone-alpes,stage,8.0,Team Arkéa Samsic,0,2.UWT,,,0.0,,,,,,,0.0,102.0,50.0,0.0,0.0,8.0,153.03,153.0,0.0,0.0,0.0,0.0,135.0,0.772,3.23,13.3,0.0,0.116,0.0,0.0,0.0,4160.0,3952.0,1323.0,238.0,3.0,3.0,2.0,1.0,1.0,0.9999,0.9999,0.883,0.883,0.883,14.2,5.77,0.54,253.0,1.29,1402.0,0,2,366.03,60.0,0.0,0.0,0.0,0.0,0.0,0.0,0.0,781.0,22.0,20 km solo,11.2,3.0,🏔️  Haute montagne,1
2023-06-11,2023,circuit-des-xi-villes,result,,Team Arkéa Samsic,0,1.1,,,0.0,,,,,,,15.0,15.0,0.0,0.0,0.0,,189.73,114.0,60.9,14.4,0.322,0.0,83.6,21.1,2.94,67.6,0.0,0.184,0.887,0.709,0.0,258.0,259.0,45.0,0.0,0.0,0.0,0.0,0.0,0.0,0.0,0.0,0.0,0.0,0.0,0.0,-0.03,-0.02,14.0,0.02,137.0,0,2,366.03,125.0,7.698,0.0,2.692,0.0,1.983,0.0,0.0,224.0,30.0,Sprint of large group,25.2,1.0,🟢  Plat/Sprint,0
2023-06-11,2023,tour-de-suisse,stage,1.0,Team Arkéa Samsic,0,2.UWT,,,0.0,,,,,,,0.0,20.0,20.0,0.0,0.0,1.0,12.57,12.2,0.0,0.395,0.0,0.0,10.4,0.634,0.0,1.03,0.0,0.0,0.0,0.505,0.0,76.0,79.0,926.0,883.0,0.0,0.0,0.0,0.0,0.0,0.0,0.0,0.0,0.0,0.0,1.0,0.43,0.26,49.0,-0.02,76.0,1,2,366.03,60.0,0.0,0.0,0.0,0.0,0.0,0.0,0.0,855.0,23.0,Time trial,28.2,1.0,🟢  Plat/Sprint,0
2023-06-12,2023,tour-de-suisse,stage,2.0,Team Arkéa Samsic,0,2.UWT,,,0.0,,,,,,,0.0,20.0,20.0,0.0,0.0,2.0,174.61,167.0,7.33,0.0,0.0,0.0,113.0,1.74,35.1,22.6,0.0,0.0,0.286,1.06,0.0,1845.0,1979.0,779.0,450.0,0.0,3.0,1.0,0.0,0.0,0.8709,0.8709,0.3346,0.0,0.0,0.1,0.47,0.3,42.0,-0.07,676.0,1,2,366.03,60.0,0.0,0.0,0.0,0.0,0.0,0.0,0.0,855.0,25.0,Sprint of large group,16.4,2.0,⛰️  Moy. montagne,0
2023-06-13,2023,tour-de-suisse,stage,3.0,Team Arkéa Samsic,0,2.UWT,,,0.0,,,,,,,0.0,20.0,20.0,0.0,0.0,3.0,143.55,143.0,0.554,0.0,0.0,0.0,102.0,0.0,34.1,7.31,0.0,0.0,0.0,0.0,0.0,2612.0,2009.0,1446.0,393.0,0.0,1.0,0.0,0.0,2.0,0.9996,0.9996,0.9996,0.9996,0.9996,6.2,7.9,7.54,592.0,0.2,661.0,1,2,366.03,60.0,0.0,0.0,0.0,0.0,0.0,0.0,0.0,855.0,22.0,0.5 km solo,49.8,3.0,🏔️  Haute montagne,1
2023-06-13,2023,cic-mont-ventoux,result,,Team Arkéa Samsic,1,1.Pro,FIN,4.0,100.0,,,,,,,193.0,193.0,0.0,0.0,0.0,,98.34,96.4,1.86,0.0,0.0,0.0,76.3,0.0,2.85,19.1,0.0,0.0,0.0,0.0,0.0,2651.0,974.0,1894.0,217.0,2.0,0.0,1.0,0.0,1.0,0.9996,0.9996,0.9996,0.9996,0.9996,9.6,8.67,7.98,421.0,0.42,1070.0,0,2,366.03,200.0,0.0,0.0,0.0,0.0,0.0,0.0,0.5,135.0,18.0,Sprint of 5 riders,11.2,3.0,🏔️  Haute montagne,1
2023-06-14,2023,tour-de-suisse,stage,4.0,Team Arkéa Samsic,0,2.UWT,,,0.0,,,,,,,0.0,20.0,20.0,0.0,0.0,4.0,152.8,148.0,0.577,0.0,2.69,0.0,100.0,2.41,25.7,23.6,0.0,0.0,1.01,0.398,0.128,2789.0,1822.0,1510.0,380.0,1.0,1.0,0.0,0.0,2.0,0.9473,0.9473,0.9473,0.9473,0.9473,5.7,-2.7,-0.18,80.0,0.13,230.0,1,3,464.37,60.0,0.0,0.0,0.0,0.0,0.0,0.0,0.0,855.0,25.0,18 km solo,38.6,3.0,🏔️  Haute montagne,1
2023-06-15,2023,tour-de-suisse,stage,5.0,Team Arkéa Samsic,0,2.UWT,,,0.0,,,,,,,0.0,20.0,20.0,0.0,0.0,5.0,210.99,207.0,0.135,0.226,0.0,1.6,62.1,0.303,139.0,5.76,1.69,0.0,1.69,1.97,0.0,4654.0,4107.0,2433.0,627.0,1.0,1.0,1.0,0.0,2.0,0.9421,0.9421,0.9421,0.9421,0.9421,-3.6,-7.47,-8.18,7.0,1.04,1422.0,1,3,464.37,60.0,0.146,0.0,0.0,0.0,0.0,0.0,0.0,855.0,18.0,11.8 km solo,16.4,2.0,⛰️  Moy. montagne,0
2023-06-15,2023,la-route-d-occitanie,stage,1.0,Team Arkéa Samsic,1,2.1,FIN,18.0,0.0,2.0,85.0,,,,,0.0,96.0,91.0,0.0,0.0,1.0,185.94,165.0,8.18,0.0,11.9,0.0,168.0,0.202,15.6,0.425,1.27,0.0,1.27,0.0,0.0,1430.0,1464.0,313.0,-1.0,3.0,2.0,0.0,0.0,0.0,0.9211,0.4635,0.0,0.0,0.0,-0.2,0.0,-0.02,5.0,0.29,434.0,0,3,464.37,14.0,0.0,0.0,0.0,0.0,0.0,0.0,0.0,207.0,25.0,Sprint of small group,27.6,1.0,🟢  Plat/Sprint,0
2023-06-16,2023,tour-de-suisse,stage,6.0,Team Arkéa Samsic,0,2.UWT,,,0.0,,,,,,,0.0,20.0,20.0,0.0,0.0,6.0,,,,,,,,,,,,,,,,,,,,0.0,0.0,0.0,0.0,0.0,,,,,,,,,,,,1,4,650.31,,,,,,,,,855.0,24.0,-,,,,0
2023-06-16,2023,la-route-d-occitanie,stage,2.0,Team Arkéa Samsic,1,2.1,FIN,57.0,0.0,2.0,85.0,,,,,0.0,96.0,91.0,0.0,0.0,2.0,181.74,171.0,10.9,0.0,0.0,0.0,158.0,2.75,7.15,13.5,0.0,0.0,0.0,0.0,0.0,2700.0,2654.0,1204.0,48.0,2.0,3.0,0.0,0.0,1.0,0.9683,0.7087,0.4636,0.4636,0.4636,0.1,-0.2,-0.2,68.0,1.61,1187.0,0,4,650.31,14.0,0.0,0.0,0.0,0.0,0.0,0.0,0.0,207.0,25.0,Sprint of large group,16.0,2.0,⛰️  Moy. montagne,0
2023-06-17,2023,la-route-d-occitanie,stage,3.0,Team Arkéa Samsic,1,2.1,FIN,2.0,5.0,2.0,85.0,,,,,5.0,96.0,91.0,0.0,0.0,3.0,189.01,189.0,0.0,0.0,0.0,0.0,177.0,0.0,7.34,3.73,0.466,0.0,0.193,0.0,0.0,3780.0,2341.0,1590.0,151.0,2.0,1.0,0.0,0.0,2.0,0.9998,0.9998,0.9998,0.9998,0.9998,7.7,6.37,5.0,255.0,0.41,492.0,0,5,832.05,14.0,0.0,0.0,0.0,0.0,0.0,0.0,0.3571428571428571,207.0,28.0,0.15 km solo,38.6,3.0,🏔️  Haute montagne,1
2023-06-17,2023,tour-de-suisse,stage,7.0,Team Arkéa Samsic,0,2.UWT,,,0.0,,,,,,,0.0,20.0,20.0,0.0,0.0,7.0,180.66,162.0,17.1,0.174,0.146,0.0,126.0,3.35,17.2,29.4,0.767,0.0,0.971,1.75,0.0,2453.0,2429.0,971.0,396.0,2.0,3.0,2.0,0.0,0.0,0.9064,0.9064,0.5936,0.0,0.0,0.1,-0.47,-1.04,43.0,0.61,655.0,1,5,832.05,60.0,0.0,0.0,0.0,0.0,0.0,0.0,0.0,855.0,25.0,17.1 km solo,11.0,2.0,⛰️  Moy. montagne,0
2023-06-18,2023,la-route-d-occitanie,stage,4.0,Team Arkéa Samsic,1,2.1,FIN,23.0,0.0,2.0,85.0,,,,,0.0,96.0,91.0,0.0,0.0,4.0,164.91,147.0,17.1,0.0,0.0,0.0,161.0,0.0,3.28,0.0,0.293,0.0,0.293,0.0,0.0,2605.0,2559.0,1408.0,276.0,3.0,0.0,1.0,0.0,1.0,0.7475,0.7475,0.7475,0.5074,0.5074,-0.6,-0.53,-0.54,12.0,0.06,543.0,0,6,1021.06,14.0,0.0,0.0,0.0,0.0,0.0,0.0,0.0,207.0,26.0,Sprint à deux,6.0,2.0,⛰️  Moy. montagne,0
2023-06-18,2023,tour-de-suisse,stage,8.0,Team Arkéa Samsic,0,2.UWT,,,0.0,,,,,,,0.0,20.0,20.0,0.0,0.0,8.0,25.94,25.8,0.0,0.0,0.0,0.0,17.9,2.47,0.309,5.25,0.0,0.0,0.0,0.0,0.0,362.0,381.0,822.0,549.0,0.0,1.0,0.0,0.0,0.0,0.8321,0.8321,0.0,0.0,0.0,-2.2,-5.0,-3.2,210.0,-0.07,362.0,1,6,1021.06,60.0,0.0,0.0,0.0,0.0,0.0,0.0,0.0,855.0,27.0,Time trial,15.0,1.0,🟢  Plat/Sprint,0
2023-06-21,2023,nc-luxembourg-itt,result,,Team Arkéa Samsic,0,NC,,,0.0,,,,,,,10.0,10.0,0.0,0.0,0.0,,14.73,14.7,0.0,0.0,0.0,0.0,14.7,0.0,0.0,0.0,0.0,0.0,0.0,0.0,0.0,142.0,143.0,289.0,223.0,0.0,0.0,0.0,0.0,0.0,0.0,0.0,0.0,0.0,0.0,-0.5,0.57,0.54,75.0,-0.01,142.0,0,7,1185.97,50.0,0.0,0.0,0.0,0.0,0.0,0.0,0.0,4.0,26.0,Time trial,11.0,0.0,⏱️  CLM,0
2023-06-22,2023,nc-france-itt,result,,Team Arkéa Samsic,0,NC,,,0.0,,,,,,,8.0,8.0,0.0,0.0,0.0,,,,,,,,,,,,,,,,,,,,,0.0,0.0,0.0,0.0,0.0,,,,,,,,,,,,0,7,1185.97,,,,,,,,,44.0,21.0,Time trial,,,,0
2023-06-24,2023,nc-italy,result,,Team Arkéa Samsic,0,NC,,,0.0,,,,,,,0.0,0.0,0.0,0.0,0.0,,171.16,164.0,7.15,0.0,0.0,0.0,169.0,0.691,0.255,0.969,0.0,0.0,0.0,0.0,0.0,2274.0,2272.0,247.0,14.0,1.0,9.0,0.0,0.0,0.0,0.9058,0.9058,0.0,0.0,0.0,0.1,-0.03,-0.08,9.0,0.09,159.0,0,7,1185.97,100.0,0.0,0.0,0.0,0.0,0.0,0.0,0.0,235.0,,Sprint of small group,0.0,2.0,⛰️  Moy. montagne,0
2023-06-25,2023,nc-belgium,result,,Team Arkéa Samsic,0,NC,,,0.0,,,,,,,0.0,0.0,0.0,0.0,0.0,,230.79,163.0,63.5,3.39,0.354,0.0,90.7,17.6,2.57,108.0,2.04,0.0,2.17,0.194,0.238,1161.0,1165.0,151.0,13.0,3.0,0.0,0.0,0.0,0.0,0.3942,0.0,0.0,0.0,0.0,0.0,0.0,0.04,30.0,0.07,245.0,0,7,1185.97,100.0,0.83,0.0,0.412,0.0,0.03,0.0,0.0,453.0,,Sprint à deux,15.0,1.0,🟢  Plat/Sprint,0
2023-06-25,2023,nc-france,result,,Team Arkéa Samsic,0,NC,,,0.0,,,,,,,40.0,40.0,0.0,0.0,0.0,,,,,,,,,,,,,,,,,,,,,0.0,0.0,0.0,0.0,0.0,,,,,,,,,,,,0,7,1185.97,,,,,,,,,337.0,,20 km solo,,,,0
2023-06-25,2023,nc-luxembourg,result,,Team Arkéa Samsic,0,NC,,,0.0,,,,,,,75.0,75.0,0.0,0.0,0.0,,141.51,135.0,6.43,0.0,0.0,0.0,124.0,3.72,0.0,0.0,0.0,0.0,0.0,13.6,0.0,1583.0,1583.0,329.0,223.0,9.0,0.0,0.0,0.0,0.0,0.9899,0.0,0.0,0.0,0.0,-1.0,-1.17,-0.96,106.0,-0.09,528.0,0,7,1185.97,100.0,0.0,0.0,0.0,0.0,0.0,0.0,0.0,11.0,,? km solo,3.0,1.0,🟢  Plat/Sprint,0
2023-06-25,2023,nc-poland,result,,Team Arkéa Samsic,0,NC,,,0.0,,,,,,,0.0,0.0,0.0,0.0,0.0,,,,,,,,,,,,,,,,,,,,,0.0,0.0,0.0,0.0,0.0,,,,,,,,,,,,0,7,1185.97,,,,,,,,,17.0,,Sprint of small group,,,,0
2023-07-01,2023,tour-de-france,stage,1.0,Team Arkéa Samsic,0,2.UWT,,,0.0,,,,,,,0.0,510.0,70.0,0.0,0.0,1.0,182.92,173.0,8.92,0.396,0.0,0.0,154.0,6.05,15.6,4.9,0.177,0.0,0.837,2.02,0.0,3214.0,3156.0,371.0,1.0,2.0,5.0,2.0,0.0,0.0,0.9515,0.9515,0.8733,0.0,0.0,5.4,1.8,-0.14,64.0,0.13,742.0,1,6,1018.38,210.0,0.0,0.0,0.0,0.0,0.0,0.0,0.0,1584.0,23.0,0.35 km solo,0.0,2.0,⛰️  Moy. montagne,0
2023-07-02,2023,tour-de-france,stage,2.0,Team Arkéa Samsic,0,2.UWT,,,0.0,,,,,,,0.0,510.0,70.0,0.0,0.0,2.0,209.66,204.0,5.11,0.101,0.0,0.0,186.0,12.0,9.3,0.638,0.54,0.0,0.563,0.909,0.0,2952.0,3458.0,697.0,2.0,3.0,4.0,2.0,0.0,0.0,0.9185,0.9185,0.9185,0.0,0.0,-0.3,-0.97,-0.02,74.0,0.28,527.0,1,6,1018.38,210.0,0.0,0.0,0.0,0.0,0.0,0.0,0.0,1584.0,21.0,0.95 km solo,0.0,2.0,⛰️  Moy. montagne,0
2023-07-03,2023,tour-de-france,stage,3.0,Team Arkéa Samsic,0,2.UWT,,,0.0,,,,,,,20.0,510.0,70.0,0.0,0.0,3.0,194.05,187.0,2.28,0.871,4.24,0.0,58.4,14.8,115.0,7.08,0.0,0.0,0.39,0.118,0.0,2581.0,2656.0,428.0,0.0,6.0,1.0,2.0,0.0,0.0,0.91,0.5637,0.5637,0.0,0.0,-0.4,0.1,-0.28,52.0,-0.01,760.0,1,5,819.9399999999999,210.0,0.0,0.0,0.0,0.0,0.0,0.0,0.0,1584.0,23.0,Sprint of large group,0.0,2.0,⛰️  Moy. montagne,0
2023-07-04,2023,tour-de-france,stage,4.0,Team Arkéa Samsic,0,2.UWT,,,0.0,,,,,,,20.0,510.0,70.0,0.0,0.0,4.0,181.8,178.0,1.22,0.0,0.0,0.0,129.0,0.657,48.6,0.755,2.27,0.0,2.94,0.374,0.0,1419.0,1335.0,219.0,10.0,2.0,1.0,0.0,0.0,0.0,0.8507,0.8507,0.0,0.0,0.0,0.2,-0.13,0.04,25.0,0.07,387.0,1,5,819.9399999999999,210.0,0.0,0.0,0.0,0.0,0.0,0.0,0.0,1584.0,25.0,Sprint of large group,15.0,1.0,🟢  Plat/Sprint,0
2023-07-05,2023,tour-de-france,stage,5.0,Team Arkéa Samsic,0,2.UWT,,,0.0,,,,,,,0.0,510.0,70.0,0.0,0.0,5.0,163.49,163.0,0.111,0.0,0.0,0.277,155.0,0.362,6.88,0.729,0.175,0.0,0.175,0.277,0.0,3649.0,3329.0,1518.0,164.0,3.0,1.0,1.0,1.0,1.0,0.8919,0.8919,0.8919,0.8919,0.4664,0.9,0.87,0.78,58.0,0.3,616.0,1,5,819.9399999999999,210.0,0.0,0.0,0.0,0.0,0.0,0.0,0.0,1584.0,22.0,20.2 km solo,4.0,2.0,⛰️  Moy. montagne,0
2023-07-06,2023,tour-de-france,stage,6.0,Team Arkéa Samsic,0,2.UWT,,,0.0,,,,,,,0.0,510.0,70.0,0.0,0.0,6.0,145.26,145.0,0.0,0.0,0.0,0.0,98.4,0.41,46.2,0.0,0.199,0.0,0.208,0.117,0.0,3894.0,2891.0,2112.0,232.0,1.0,0.0,1.0,0.0,2.0,0.9998,0.9998,0.9998,0.9998,0.9998,6.4,6.17,7.58,287.0,0.58,702.0,1,5,819.9399999999999,210.0,0.0,0.0,0.0,0.0,0.0,0.0,0.0,1584.0,21.0,2.7 km solo,39.6,3.0,🏔️  Haute montagne,1
2023-07-07,2023,tour-de-france,stage,7.0,Team Arkéa Samsic,0,2.UWT,,,0.0,,,,,,,115.0,510.0,70.0,0.0,0.0,7.0,169.62,166.0,3.8,0.0,0.0,0.0,135.0,0.271,30.4,3.31,0.646,0.0,0.72,0.335,0.0,754.0,803.0,159.0,0.0,2.0,0.0,0.0,0.0,0.0,0.7163,0.0,0.0,0.0,0.0,-0.2,0.03,0.04,14.0,0.19,246.0,1,5,819.9399999999999,210.0,0.0,0.0,0.0,0.0,0.0,0.0,0.0,1584.0,32.0,Sprint of large group,19.0,1.0,🟢  Plat/Sprint,0
2023-07-08,2023,tour-de-france,stage,8.0,Team Arkéa Samsic,0,2.UWT,,,0.0,,,,,,,25.0,510.0,70.0,0.0,0.0,8.0,200.33,199.0,1.09,0.0,0.0,0.0,167.0,0.5,31.6,1.04,0.0,0.0,0.1,0.0,0.0,1976.0,1740.0,494.0,5.0,4.0,0.0,1.0,0.0,0.0,0.9503,0.7609,0.7609,0.0,0.0,3.4,0.97,0.18,85.0,0.06,283.0,1,5,819.9399999999999,210.0,0.0,0.0,0.0,0.0,0.0,0.0,0.0,1584.0,31.0,Sprint of large group,4.0,2.0,⛰️  Moy. montagne,0
2023-07-09,2023,tour-de-france,stage,9.0,Team Arkéa Samsic,0,2.UWT,,,0.0,,,,,,,0.0,510.0,70.0,0.0,0.0,9.0,182.44,179.0,0.156,0.0,0.0,0.0,118.0,2.69,56.5,1.67,3.53,0.0,3.53,0.0,0.0,3441.0,2449.0,1412.0,358.0,3.0,2.0,1.0,0.0,1.0,0.9998,0.9998,0.9998,0.9998,0.9998,12.5,12.17,11.18,589.0,0.7,867.0,1,5,819.9399999999999,210.0,0.0,0.0,0.0,0.0,0.0,0.0,0.0,1584.0,30.0,0.44 km solo,39.6,3.0,🏔️  Haute montagne,1
2023-07-11,2023,tour-de-france,stage,10.0,Team Arkéa Samsic,0,2.UWT,,,0.0,,,,,,,35.0,510.0,70.0,0.0,0.0,10.0,167.45,167.0,0.252,0.0,0.0,0.0,141.0,0.781,23.6,1.37,0.383,0.0,0.3,0.0,0.0,3151.0,3537.0,1448.0,388.0,3.0,3.0,3.0,1.0,0.0,0.8534,0.8534,0.8534,0.3642,0.0,-0.1,-0.23,-0.54,17.0,0.43,1156.0,1,5,819.9399999999999,210.0,0.0,0.0,0.0,0.0,0.0,0.0,0.0,1584.0,30.0,Sprint of small group,9.0,2.0,⛰️  Moy. montagne,0
2023-07-12,2023,tour-de-france,stage,11.0,Team Arkéa Samsic,0,2.UWT,,,0.0,,,,,,,45.0,510.0,70.0,0.0,0.0,11.0,179.54,177.0,2.0,0.0,0.0,0.0,116.0,0.598,56.6,6.21,0.492,0.0,0.229,0.0,0.0,1873.0,1985.0,720.0,179.0,2.0,2.0,1.0,0.0,0.0,0.8723,0.8723,0.3443,0.0,0.0,0.1,0.07,-0.76,58.0,0.26,492.0,1,5,819.9399999999999,210.0,0.0,0.0,0.0,0.0,0.0,0.0,0.0,1584.0,23.0,Sprint of large group,16.0,2.0,⛰️  Moy. montagne,0
2023-07-13,2023,tour-de-france,stage,12.0,Team Arkéa Samsic,0,2.UWT,,,0.0,,,,,,,0.0,510.0,70.0,0.0,0.0,12.0,169.15,168.0,1.72,0.0,0.0,0.0,164.0,0.498,2.98,1.41,0.0,0.0,0.0,0.0,0.0,3120.0,3210.0,825.0,173.0,5.0,1.0,4.0,0.0,0.0,0.9311,0.8358,0.8358,0.0,0.0,0.2,0.4,0.02,40.0,0.62,953.0,1,5,819.9399999999999,210.0,0.0,0.0,0.0,0.0,0.0,0.0,0.0,1584.0,25.0,30.8 km solo,25.0,2.0,⛰️  Moy. montagne,0
2023-07-14,2023,tour-de-france,stage,13.0,Team Arkéa Samsic,0,2.UWT,,,0.0,,,,,,,0.0,510.0,70.0,0.0,0.0,13.0,138.0,137.0,0.909,0.0,0.0,0.0,99.9,0.0,35.3,2.69,0.0,0.0,0.0,0.184,0.0,2424.0,1194.0,1496.0,222.0,0.0,0.0,0.0,1.0,1.0,0.9998,0.9998,0.9998,0.9998,0.9998,8.3,6.7,5.46,381.0,-0.08,279.0,1,4,721.6,210.0,0.0,0.0,0.0,0.0,0.0,0.0,0.0,1584.0,28.0,11.7 km solo,1.0,3.0,🏔️  Haute montagne,1
2023-07-15,2023,tour-de-france,stage,14.0,Team Arkéa Samsic,0,2.UWT,,,0.0,,,,,,,0.0,510.0,70.0,0.0,0.0,14.0,152.32,151.0,1.65,0.0,0.0,0.0,129.0,0.663,20.2,2.06,0.0,0.0,0.0,0.0,0.0,4282.0,3787.0,1693.0,470.0,0.0,1.0,3.0,0.0,2.0,0.9036,0.9036,0.9036,0.9036,0.9036,-1.8,-6.3,-6.78,2.0,0.89,1451.0,1,4,721.6,210.0,0.0,0.0,0.0,0.0,0.0,0.0,0.0,1584.0,28.0,8 km solo,21.0,2.0,⛰️  Moy. montagne,0
2023-07-16,2023,tour-de-france,stage,15.0,Team Arkéa Samsic,0,2.UWT,,,0.0,,,,,,,65.0,510.0,70.0,0.0,0.0,15.0,179.51,173.0,0.337,0.0,0.731,0.0,112.0,0.776,47.1,13.2,5.66,0.159,5.72,0.387,0.384,4460.0,3711.0,1485.0,445.0,2.0,3.0,1.0,1.0,2.0,0.9998,0.9998,0.9998,0.9998,0.9998,7.6,8.1,7.58,390.0,0.27,777.0,1,3,535.66,210.0,0.0,0.0,0.0,0.0,0.0,0.0,0.0,1584.0,25.0,10.8 km solo,1.0,3.0,🏔️  Haute montagne,1
2023-07-18,2023,tour-de-france,stage,16.0,Team Arkéa Samsic,0,2.UWT,,,0.0,,,,,,,0.0,510.0,70.0,0.0,0.0,16.0,22.48,22.5,0.0,0.0,0.0,0.0,16.3,0.0,4.75,1.45,0.0,0.0,0.0,0.0,0.0,640.0,244.0,975.0,537.0,0.0,1.0,1.0,0.0,0.0,0.9984,0.9984,0.9984,0.0,0.0,6.0,5.0,6.86,228.0,1.76,640.0,1,1,164.91,210.0,0.0,0.0,0.0,0.0,0.0,0.0,0.0,1584.0,31.0,Time trial,42.0,1.0,🟢  Plat/Sprint,0
2023-07-19,2023,tour-de-france,stage,17.0,Team Arkéa Samsic,0,2.UWT,,,0.0,,,,,,,0.0,510.0,70.0,0.0,0.0,17.0,166.23,165.0,0.96,0.0,0.0,0.0,123.0,3.02,34.6,5.12,0.655,0.0,0.746,0.0,0.0,5399.0,4407.0,2299.0,485.0,2.0,0.0,0.0,2.0,2.0,0.9569,0.9569,0.9569,0.9569,0.9569,4.4,-2.07,-3.94,86.0,0.01,1371.0,1,0,0.0,210.0,0.0,0.0,0.0,0.0,0.0,0.0,0.0,1584.0,24.0,13.1 km solo,14.0,3.0,🏔️  Haute montagne,1
2023-07-20,2023,tour-de-france,stage,18.0,Team Arkéa Samsic,0,2.UWT,,,0.0,,,,,,,30.0,510.0,70.0,0.0,0.0,18.0,184.91,182.0,2.55,0.122,0.0,0.0,53.6,0.533,105.0,25.3,0.452,0.0,0.527,0.385,0.0,1211.0,1361.0,399.0,226.0,3.0,1.0,0.0,0.0,0.0,0.914,0.4459,0.0,0.0,0.0,0.6,-0.4,-0.38,11.0,-0.17,153.0,1,0,0.0,210.0,0.0,0.0,0.0,0.0,0.0,0.0,0.0,1584.0,28.0,Sprint of small group,42.0,1.0,🟢  Plat/Sprint,0
2023-07-21,2023,tour-de-france,stage,19.0,Team Arkéa Samsic,0,2.UWT,,,0.0,,,,,,,0.0,510.0,70.0,0.0,0.0,19.0,173.26,173.0,0.599,0.0,0.0,0.0,143.0,0.982,28.2,0.895,0.0,0.16,0.182,0.652,0.0,1929.0,2222.0,739.0,237.0,3.0,3.0,0.0,0.0,0.0,0.8855,0.8855,0.0,0.0,0.0,1.3,0.9,0.48,103.0,-0.15,661.0,1,0,0.0,210.0,0.0,0.0,0.0,0.0,0.0,0.0,0.0,1584.0,21.0,Sprint of 3 riders,21.0,2.0,⛰️  Moy. montagne,0
2023-07-22,2023,tour-de-france,stage,20.0,Team Arkéa Samsic,0,2.UWT,,,0.0,,,,,,,55.0,510.0,70.0,0.0,0.0,20.0,133.35,125.0,7.07,0.0,0.571,0.146,98.9,4.44,29.5,0.0,0.0,0.0,0.191,0.571,0.0,3472.0,2679.0,1276.0,390.0,2.0,1.0,1.0,2.0,1.0,0.963,0.963,0.963,0.963,0.963,0.0,-0.47,-1.6,82.0,0.22,922.0,1,0,0.0,210.0,0.0,0.0,0.0,0.0,0.0,0.0,0.0,1584.0,22.0,Sprint of 5 riders,16.0,2.0,⛰️  Moy. montagne,0
2023-07-22,2023,tour-de-wallonie,stage,1.0,Team Arkéa Samsic,0,2.Pro,,,0.0,,,,,,,0.0,73.0,73.0,0.0,0.0,1.0,189.12,167.0,21.5,0.336,0.0,0.0,163.0,8.6,5.18,9.87,0.0,0.0,0.0,0.0,0.0,2560.0,2517.0,400.0,71.0,7.0,2.0,1.0,0.0,0.0,0.9334,0.9334,0.4836,0.0,0.0,0.1,-1.67,-2.04,120.0,0.37,758.0,0,0,0.0,20.0,0.0,0.0,0.0,0.0,0.0,0.0,0.0,251.0,21.0,Sprint of large group,20.0,2.0,⛰️  Moy. montagne,0
2023-07-23,2023,tour-de-wallonie,stage,2.0,Team Arkéa Samsic,0,2.Pro,,,0.0,,,,,,,0.0,73.0,73.0,0.0,0.0,2.0,179.92,164.0,15.7,0.237,0.0,0.0,101.0,1.25,63.1,14.5,0.0,0.0,0.543,0.0,0.0,2245.0,2171.0,336.0,50.0,3.0,2.0,0.0,0.0,0.0,0.9711,0.665,0.0,0.0,0.0,0.1,-0.97,-1.88,132.0,0.28,583.0,0,0,0.0,20.0,0.0,0.0,0.0,0.0,0.0,0.0,0.0,251.0,19.0,Sprint of large group,11.0,2.0,⛰️  Moy. montagne,0
2023-07-23,2023,tour-de-france,stage,21.0,Team Arkéa Samsic,0,2.UWT,,,0.0,,,,,,,30.0,510.0,70.0,0.0,0.0,21.0,114.66,74.0,3.09,37.9,0.0,0.0,32.0,1.2,30.3,48.2,1.12,0.509,1.16,0.812,2.03,577.0,669.0,175.0,29.0,1.0,0.0,0.0,0.0,0.0,0.3991,0.0,0.0,0.0,0.0,0.0,0.0,-0.48,27.0,-0.19,323.0,1,0,0.0,210.0,33.944,0.0,13.705,0.0,5.871,0.0,0.0,1584.0,23.0,Sprint of large group,48.0,1.0,🟢  Plat/Sprint,0
2023-07-24,2023,tour-de-wallonie,stage,3.0,Team Arkéa Samsic,0,2.Pro,,,0.0,,,,,,,0.0,73.0,73.0,0.0,0.0,3.0,187.45,166.0,13.8,1.22,0.0,0.0,124.0,1.46,25.4,29.6,6.37,0.0,6.37,0.0,0.0,2149.0,2195.0,291.0,53.0,7.0,3.0,0.0,0.0,0.0,0.9969,0.4911,0.0,0.0,0.0,-0.3,0.37,0.98,134.0,-0.09,508.0,0,0,0.0,20.0,0.326,0.0,0.0,0.0,0.0,0.0,0.0,251.0,18.0,Sprint of large group,11.0,2.0,⛰️  Moy. montagne,0
2023-07-25,2023,tour-de-wallonie,stage,4.0,Team Arkéa Samsic,0,2.Pro,,,0.0,,,,,,,0.0,73.0,73.0,0.0,0.0,4.0,32.76,23.8,6.63,1.47,0.0,0.0,21.6,2.33,0.0,7.66,0.882,0.0,0.894,0.393,0.0,229.0,228.0,135.0,32.0,1.0,0.0,0.0,0.0,0.0,0.4434,0.0,0.0,0.0,0.0,1.1,0.5,0.2,52.0,0.0,229.0,0,0,0.0,20.0,1.572,0.0,0.939,0.0,0.939,0.0,0.0,251.0,19.0,Time trial,39.0,1.0,🟢  Plat/Sprint,0
2023-07-26,2023,tour-de-wallonie,stage,5.0,Team Arkéa Samsic,0,2.Pro,,,0.0,,,,,,,0.0,73.0,73.0,0.0,0.0,5.0,213.86,209.0,4.65,0.71,0.0,0.0,154.0,0.892,54.5,4.62,0.0,0.0,0.0,0.0,0.0,3328.0,3372.0,413.0,74.0,6.0,8.0,0.0,0.0,0.0,0.9915,0.8801,0.0,0.0,0.0,-0.8,-1.6,0.9,237.0,-0.02,783.0,0,0,0.0,20.0,0.297,0.0,0.0,0.0,0.0,0.0,0.0,251.0,20.0,Sprint à deux,11.0,2.0,⛰️  Moy. montagne,0
2023-07-26,2023,vuelta-a-castilla-y-leon,stage,1.0,Team Arkéa Samsic,1,2.1,FIN,9.0,0.0,12.0,10.0,,,,,0.0,0.0,0.0,0.0,0.0,1.0,169.13,168.0,0.0,0.0,1.18,0.0,127.0,1.96,39.0,0.0,0.319,0.0,0.319,1.18,0.0,2429.0,2364.0,1750.0,984.0,3.0,1.0,0.0,2.0,0.0,0.9625,0.7066,0.5424,0.5424,0.0,4.0,-0.57,1.34,121.0,0.92,937.0,0,0,0.0,14.0,0.0,0.0,0.0,0.0,0.0,0.0,0.0,123.0,27.0,Sprint of small group,11.0,2.0,⛰️  Moy. montagne,0
2023-07-27,2023,vuelta-a-castilla-y-leon,stage,2.0,Team Arkéa Samsic,1,2.1,FIN,22.0,0.0,12.0,10.0,,,,,0.0,0.0,0.0,0.0,0.0,2.0,185.93,184.0,1.03,1.27,0.0,0.0,96.1,0.122,89.2,0.488,0.0,0.0,0.0,0.0,0.0,2374.0,2183.0,1851.0,753.0,1.0,0.0,0.0,1.0,1.0,0.79,0.79,0.79,0.79,0.4407,0.9,-1.6,-2.12,14.0,0.19,307.0,0,1,169.13,14.0,0.099,0.0,0.099,0.0,0.099,0.0,0.0,123.0,29.0,Sprint à deux,0.0,2.0,⛰️  Moy. montagne,0
2023-07-29,2023,san-sebastian,result,,Team Arkéa Samsic,0,1.UWT,,,0.0,,,,,,,40.0,40.0,0.0,0.0,0.0,,230.55,227.0,2.02,0.89,0.0,0.0,152.0,15.7,56.4,5.49,0.498,0.0,0.498,0.703,0.0,4051.0,4052.0,555.0,0.0,3.0,3.0,4.0,0.0,0.0,0.9724,0.9724,0.8483,0.0,0.0,-0.1,-0.03,-2.76,9.0,0.34,711.0,0,2,355.06,400.0,0.148,0.0,0.027,0.0,0.027,0.0,0.0,785.0,24.0,Sprint à deux,0.0,2.0,⛰️  Moy. montagne,0
2023-07-29,2023,tour-de-pologne,stage,1.0,Team Arkéa Samsic,0,2.UWT,,,0.0,,,,,,,0.0,42.0,34.0,0.0,0.0,1.0,181.19,172.0,1.66,1.58,0.0,0.0,167.0,2.57,0.0,5.59,4.59,0.0,5.5,0.712,0.0,620.0,620.0,144.0,51.0,0.0,0.0,0.0,0.0,0.0,0.0,0.0,0.0,0.0,0.0,0.1,0.07,-0.06,19.0,0.04,264.0,0,2,355.06,50.0,1.035,0.0,0.346,0.0,0.346,0.0,0.0,499.0,26.0,Sprint of large group,35.0,1.0,🟢  Plat/Sprint,0
2023-07-30,2023,tour-de-pologne,stage,2.0,Team Arkéa Samsic,0,2.UWT,,,0.0,,,,,,,0.0,42.0,34.0,0.0,0.0,2.0,202.95,199.0,2.45,0.84,0.0,0.0,189.0,5.49,6.51,0.0,0.215,0.0,0.353,1.48,0.0,2264.0,1545.0,813.0,81.0,3.0,2.0,0.0,1.0,0.0,0.9997,0.9997,0.9997,0.9997,0.0,8.3,6.3,6.08,365.0,0.05,215.0,0,2,355.06,50.0,0.171,0.0,0.086,0.0,0.086,0.0,0.0,499.0,23.0,Sprint à deux,13.0,3.0,🏔️  Haute montagne,1
2023-07-31,2023,tour-de-pologne,stage,3.0,Team Arkéa Samsic,0,2.UWT,,,0.0,,,,,,,0.0,42.0,34.0,0.0,0.0,3.0,162.32,145.0,14.3,2.38,0.0,0.0,147.0,1.78,12.7,0.234,0.288,0.0,0.288,0.487,0.0,3134.0,2905.0,919.0,299.0,5.0,2.0,3.0,0.0,0.0,0.9994,0.9034,0.9034,0.0,0.0,7.7,2.83,0.52,134.0,0.72,1346.0,0,2,355.06,50.0,0.0,0.0,0.0,0.0,0.0,0.0,0.0,499.0,19.0,Sprint of small group,8.0,2.0,⛰️  Moy. montagne,0
2023-07-31,2023,tour-de-l-ain,stage,1.0,Team Arkéa Samsic,1,2.1,FIN,77.0,0.0,,,,,,,3.0,38.0,35.0,0.0,0.0,1.0,153.96,151.0,2.47,0.0,0.0,0.0,152.0,0.368,1.18,0.111,0.214,0.0,0.24,0.0,0.0,1046.0,1045.0,308.0,180.0,1.0,0.0,0.0,0.0,0.0,0.2114,0.0,0.0,0.0,0.0,0.0,-0.77,-0.64,42.0,0.19,362.0,0,2,355.06,14.0,0.0,0.0,0.0,0.0,0.0,0.0,0.0,125.0,25.0,Sprint of large group,12.0,1.0,🟢  Plat/Sprint,0
2023-08-01,2023,tour-de-pologne,stage,4.0,Team Arkéa Samsic,0,2.UWT,,,0.0,,,,,,,0.0,42.0,34.0,0.0,0.0,4.0,199.5,187.0,3.37,4.56,0.0,0.0,189.0,2.17,2.39,0.949,4.8,0.0,5.04,0.384,0.0,848.0,847.0,287.0,155.0,2.0,0.0,0.0,0.0,0.0,0.2319,0.0,0.0,0.0,0.0,0.5,0.17,0.0,19.0,0.04,401.0,0,3,509.02,50.0,0.067,0.0,0.0,0.0,0.0,0.0,0.0,499.0,20.0,Sprint of large group,12.6,1.0,🟢  Plat/Sprint,0
2023-08-01,2023,tour-de-l-ain,stage,2.0,Team Arkéa Samsic,1,2.1,DNS,,0.0,,,,,,,0.0,38.0,35.0,0.0,0.0,2.0,123.96,123.0,0.403,0.0,0.0,0.0,123.0,0.403,0.0,0.0,0.259,0.0,0.0,0.0,0.0,2208.0,2203.0,1005.0,197.0,0.0,0.0,0.0,1.0,1.0,0.841,0.841,0.841,0.841,0.841,-0.8,-4.67,-4.54,25.0,0.77,725.0,0,3,509.02,14.0,0.0,0.0,0.0,0.0,0.0,0.0,0.0,125.0,24.0,Sprint à deux,8.0,2.0,⛰️  Moy. montagne,0
2023-08-02,2023,tour-de-l-ain,stage,3.0,Team Arkéa Samsic,0,2.1,,,0.0,,,,,,,0.0,38.0,35.0,0.0,0.0,3.0,135.85,132.0,3.62,0.0,0.0,0.0,113.0,0.149,22.7,0.511,0.0,0.0,0.0,0.0,0.0,3056.0,2721.0,1128.0,276.0,1.0,4.0,1.0,0.0,1.0,0.9909,0.9909,0.8314,0.8314,0.8314,1.1,0.23,1.58,136.0,-0.27,790.0,0,4,632.98,14.0,0.0,0.0,0.0,0.0,0.0,0.0,0.0,125.0,27.0,24 km solo,8.0,2.0,⛰️  Moy. montagne,0
2023-08-02,2023,tour-de-pologne,stage,5.0,Team Arkéa Samsic,0,2.UWT,,,0.0,,,,,,,0.0,42.0,34.0,0.0,0.0,5.0,198.61,198.0,0.0,0.833,0.0,0.0,195.0,2.92,0.0,0.0,0.0,0.0,0.18,0.131,0.0,3015.0,2843.0,926.0,255.0,5.0,2.0,2.0,1.0,0.0,0.9998,0.6754,0.6754,0.6754,0.0,3.6,2.33,0.86,116.0,0.19,336.0,0,4,632.98,50.0,0.376,0.0,0.0,0.0,0.0,0.0,0.0,499.0,21.0,Sprint of small group,8.0,2.0,⛰️  Moy. montagne,0
2023-08-03,2023,tour-de-pologne,stage,6.0,Team Arkéa Samsic,0,2.UWT,,,0.0,,,,,,,8.0,42.0,34.0,0.0,0.0,6.0,16.77,15.4,0.296,0.408,0.0,0.0,12.0,1.14,1.14,1.84,0.459,0.0,0.489,0.0,0.0,124.0,123.0,313.0,256.0,0.0,0.0,0.0,0.0,0.0,0.0,0.0,0.0,0.0,0.0,0.6,-0.57,0.08,38.0,0.01,124.0,0,4,632.98,50.0,0.0,0.0,0.0,0.0,0.0,0.0,0.0,499.0,20.0,Time trial,6.6,1.0,🟢  Plat/Sprint,0
2023-08-04,2023,tour-de-pologne,stage,7.0,Team Arkéa Samsic,0,2.UWT,,,0.0,,,,,,,0.0,42.0,34.0,0.0,0.0,7.0,165.91,164.0,1.34,0.0,0.143,0.0,131.0,5.64,20.5,7.72,0.182,0.0,0.444,0.16,0.143,977.0,997.0,347.0,202.0,2.0,0.0,0.0,0.0,0.0,0.6162,0.0,0.0,0.0,0.0,-0.4,-0.07,0.0,19.0,0.03,317.0,0,4,632.98,50.0,0.0,0.0,0.0,0.0,0.0,0.0,0.0,499.0,23.0,Sprint of large group,2.2,1.0,🟢  Plat/Sprint,0
2023-08-13,2023,la-poly-normande,result,,Team Arkéa Samsic,0,1.1,,,0.0,,,,,,,38.0,38.0,0.0,0.0,0.0,,168.81,115.0,54.2,0.0,0.0,0.0,169.0,0.0,0.0,0.0,0.0,0.0,0.0,0.0,0.0,2134.0,2064.0,189.0,35.0,11.0,0.0,0.0,0.0,0.0,0.9331,0.0,0.0,0.0,0.0,2.8,1.4,0.36,138.0,0.12,659.0,0,4,632.98,125.0,0.0,0.0,0.0,0.0,0.0,0.0,0.0,174.0,,Sprint of large group,8.0,2.0,⛰️  Moy. montagne,0
2023-08-15,2023,tour-du-limousin,stage,1.0,Team Arkéa Samsic,0,2.1,,,0.0,,,,,,,0.0,102.0,85.0,0.0,0.0,1.0,166.45,153.0,13.6,0.0,0.0,0.0,166.0,0.374,0.0,0.0,0.0,0.0,0.0,0.0,0.0,2427.0,2290.0,664.0,234.0,8.0,1.0,1.0,0.0,0.0,0.9994,0.9146,0.9146,0.0,0.0,1.9,2.97,2.04,121.0,0.22,881.0,0,4,632.98,14.0,0.0,0.0,0.0,0.0,0.0,0.0,0.0,168.0,,? km solo,7.6,2.0,⛰️  Moy. montagne,0
2023-08-15,2023,gp-jef-scherens,result,,Team Arkéa Samsic,0,1.1,,,0.0,,,,,,,3.0,3.0,0.0,0.0,0.0,,192.89,128.0,48.3,12.3,0.0,0.0,66.4,62.1,4.48,42.5,4.48,0.0,4.52,2.52,0.0,1932.0,1921.0,98.0,16.0,2.0,0.0,0.0,0.0,0.0,0.4049,0.0,0.0,0.0,0.0,-0.4,-0.33,-0.2,98.0,0.13,569.0,0,4,632.98,125.0,1.534,0.0,0.561,0.0,0.06,0.0,0.0,196.0,,Sprint of small group,2.2,1.0,🟢  Plat/Sprint,0
2023-08-16,2023,tour-du-limousin,stage,2.0,Team Arkéa Samsic,0,2.1,,,0.0,,,,,,,14.0,102.0,85.0,0.0,0.0,2.0,185.77,154.0,31.9,0.0,0.0,0.0,177.0,3.8,4.83,0.0,0.219,0.0,0.219,0.0,0.0,2337.0,2503.0,366.0,89.0,12.0,0.0,0.0,0.0,0.0,0.921,0.0,0.0,0.0,0.0,3.6,1.33,0.66,65.0,-0.31,710.0,0,4,632.98,14.0,0.0,0.0,0.0,0.0,0.0,0.0,0.0,168.0,,Sprint of large group,7.6,2.0,⛰️  Moy. montagne,0
2023-08-17,2023,arctic-race-of-norway,stage,1.0,Team Arkéa Samsic,0,2.Pro,,,0.0,,,,,,,10.0,60.0,15.0,0.0,0.0,1.0,172.81,168.0,3.56,0.0,0.169,0.0,17.1,0.935,144.0,10.4,0.0,0.0,0.539,0.259,0.0,1377.0,1654.0,424.0,0.0,4.0,0.0,0.0,0.0,0.0,0.9695,0.0,0.0,0.0,0.0,2.6,1.73,0.9,75.0,-0.05,326.0,0,4,632.98,20.0,0.0,0.0,0.0,0.0,0.0,0.0,0.0,112.0,11.0,Sprint of large group,2.8,1.0,🟢  Plat/Sprint,0
2023-08-17,2023,tour-du-limousin,stage,3.0,Team Arkéa Samsic,0,2.1,,,0.0,,,,,,,0.0,102.0,85.0,0.0,0.0,3.0,196.63,185.0,11.4,0.0,0.0,0.0,172.0,2.95,21.5,0.0,0.0,0.0,0.0,0.0,0.0,3163.0,3039.0,829.0,333.0,4.0,1.0,3.0,0.0,0.0,0.9994,0.9994,0.9994,0.0,0.0,4.7,5.53,6.54,341.0,-0.28,679.0,0,4,632.98,14.0,0.0,0.0,0.0,0.0,0.0,0.0,0.0,168.0,29.0,0.3 km solo,13.0,3.0,🏔️  Haute montagne,1
2023-08-18,2023,arctic-race-of-norway,stage,2.0,Team Arkéa Samsic,0,2.Pro,,,0.0,,,,,,,0.0,60.0,15.0,0.0,0.0,2.0,152.58,150.0,1.31,0.0,0.0,0.0,14.6,0.492,135.0,1.54,0.861,0.0,1.38,0.179,0.0,1578.0,1506.0,384.0,0.0,2.0,0.0,1.0,0.0,0.0,0.9131,0.3056,0.3056,0.0,0.0,2.6,2.13,0.62,76.0,0.64,760.0,0,4,632.98,20.0,0.0,0.0,0.0,0.0,0.0,0.0,0.0,112.0,,Sprint of large group,10.4,2.0,⛰️  Moy. montagne,0
2023-08-18,2023,tour-du-limousin,stage,4.0,Team Arkéa Samsic,0,2.1,,,0.0,,,,,,,3.0,102.0,85.0,0.0,0.0,4.0,171.16,150.0,20.8,0.0,0.0,0.0,151.0,12.3,6.0,1.51,0.0,0.0,0.127,0.127,0.0,2372.0,2448.0,467.0,179.0,7.0,2.0,0.0,0.0,0.0,0.9492,0.5315,0.0,0.0,0.0,2.5,1.8,-0.56,70.0,-0.19,513.0,0,4,632.98,14.0,0.0,0.0,0.0,0.0,0.0,0.0,0.0,168.0,,Sprint of large group,10.4,2.0,⛰️  Moy. montagne,0
2023-08-19,2023,arctic-race-of-norway,stage,3.0,Team Arkéa Samsic,0,2.Pro,,,0.0,,,,,,,15.0,60.0,15.0,0.0,0.0,3.0,165.86,164.0,0.825,0.0,0.0,0.0,2.74,1.32,160.0,0.519,0.786,0.0,1.48,0.0,0.0,2172.0,1939.0,244.0,0.0,1.0,4.0,0.0,0.0,0.0,0.9998,0.9998,0.0,0.0,0.0,10.6,7.97,4.36,245.0,0.09,444.0,0,4,632.98,20.0,0.0,0.0,0.0,0.0,0.0,0.0,0.0,112.0,,Sprint of small group,13.0,3.0,🏔️  Haute montagne,1
2023-08-19,2023,druivenkoers-overijse,result,,Team Arkéa Samsic,0,1.1,,,0.0,,,,,,,70.0,70.0,0.0,0.0,0.0,,185.86,73.8,105.0,7.27,0.0,0.0,75.3,19.8,3.28,77.1,0.0,0.0,0.207,0.0,0.0,1880.0,1901.0,109.0,30.0,0.0,0.0,0.0,0.0,0.0,0.0,0.0,0.0,0.0,0.0,0.3,-0.1,-0.84,127.0,-0.04,459.0,0,4,632.98,125.0,1.087,0.0,0.527,0.0,0.033,0.0,0.0,149.0,,Sprint à deux,4.2,1.0,🟢  Plat/Sprint,0
2023-08-20,2023,cyclassics-hamburg,result,,Team Arkéa Samsic,0,1.UWT,,,0.0,,,,,,,224.0,224.0,0.0,0.0,0.0,,205.16,161.0,37.3,2.1,0.49,0.193,93.4,9.02,6.74,66.4,4.2,0.254,4.76,1.28,0.53,996.0,993.0,78.0,1.0,0.0,0.0,0.0,0.0,0.0,0.0,0.0,0.0,0.0,0.0,0.7,-0.3,-0.42,389.0,0.01,147.0,0,4,632.98,400.0,0.632,0.186,0.276,0.0,0.216,0.0,0.0,526.0,,Sprint of small group,18.2,1.0,🟢  Plat/Sprint,0
2023-08-20,2023,gp-stad-zottegem,result,,Team Arkéa Samsic,0,1.1,,,0.0,,,,,,,5.0,5.0,0.0,0.0,0.0,,,,,,,,,,,,,,,,,,,,,0.0,0.0,0.0,0.0,0.0,,,,,,,,,,,,0,4,632.98,,,,,,,,,134.0,,Sprint of small group,,,,0
2023-08-20,2023,arctic-race-of-norway,stage,4.0,Team Arkéa Samsic,0,2.Pro,,,0.0,,,,,,,20.0,60.0,15.0,0.0,0.0,4.0,170.96,165.0,3.97,0.0,1.7,0.0,0.0,0.984,164.0,4.68,0.0,0.0,0.451,0.197,1.51,2046.0,1748.0,307.0,0.0,1.0,3.0,0.0,0.0,0.0,0.9997,0.952,0.0,0.0,0.0,4.2,2.87,0.14,114.0,0.02,504.0,0,4,632.98,20.0,0.0,0.0,0.0,0.0,0.0,0.0,0.0,112.0,,Sprint of small group,11.0,2.0,⛰️  Moy. montagne,0
2023-08-22,2023,tour-du-poitou-charentes-et-de-la-vienne,stage,1.0,Team Arkéa Samsic,0,2.1,,,0.0,,,,,,,0.0,85.0,85.0,0.0,0.0,1.0,196.56,191.0,5.43,0.134,0.0,0.0,193.0,1.2,0.781,1.75,0.0,0.0,0.0,0.0,0.0,1711.0,1814.0,250.0,17.0,5.0,0.0,0.0,0.0,0.0,0.7795,0.0,0.0,0.0,0.0,-0.6,-0.03,0.06,22.0,0.07,616.0,0,4,632.98,14.0,0.0,0.0,0.0,0.0,0.0,0.0,0.0,154.0,,Sprint of large group,7.4,2.0,⛰️  Moy. montagne,0
2023-08-23,2023,renewi-tour,stage,1.0,Team Arkéa Samsic,0,2.UWT,,,0.0,,,,,,,1.0,17.0,16.0,0.0,0.0,1.0,182.2,111.0,68.4,1.4,0.377,0.0,53.8,8.72,2.65,96.4,1.78,0.0,1.83,1.28,0.0,363.0,345.0,46.0,0.0,0.0,0.0,0.0,0.0,0.0,0.0,0.0,0.0,0.0,0.0,0.1,0.1,-0.14,46.0,0.01,32.0,0,4,632.98,50.0,0.0,0.0,0.0,0.0,0.0,0.0,0.0,584.0,26.0,Sprint of large group,61.4,1.0,🟢  Plat/Sprint,0
2023-08-23,2023,tour-du-poitou-charentes-et-de-la-vienne,stage,2.0,Team Arkéa Samsic,0,2.1,,,0.0,,,,,,,0.0,85.0,85.0,0.0,0.0,2.0,186.13,180.0,6.65,0.0,0.0,0.0,163.0,2.38,20.7,0.531,0.0,0.0,0.0,0.0,0.0,1575.0,1446.0,223.0,40.0,4.0,1.0,0.0,0.0,0.0,0.9388,0.9388,0.0,0.0,0.0,2.7,0.5,0.26,97.0,0.15,350.0,0,4,632.98,14.0,0.0,0.0,0.0,0.0,0.0,0.0,0.0,154.0,35.0,Sprint of large group,61.6,1.0,🟢  Plat/Sprint,0
2023-08-24,2023,renewi-tour,stage,2.0,Team Arkéa Samsic,0,2.UWT,,,0.0,,,,,,,0.0,17.0,16.0,0.0,0.0,2.0,13.58,8.43,4.73,0.407,0.0,0.0,12.0,1.24,0.0,0.0,0.0,0.0,0.277,0.0,0.0,8.0,8.0,4.0,0.0,0.0,0.0,0.0,0.0,0.0,0.0,0.0,0.0,0.0,0.0,0.3,0.1,0.08,8.0,0.0,8.0,0,4,632.98,50.0,0.0,0.0,0.0,0.0,0.0,0.0,0.0,584.0,23.0,Time trial,61.0,1.0,🟢  Plat/Sprint,0
2023-08-25,2023,renewi-tour,stage,3.0,Team Arkéa Samsic,0,2.UWT,,,0.0,,,,,,,0.0,17.0,16.0,0.0,0.0,3.0,171.41,101.0,60.7,9.26,0.0,0.0,47.1,33.6,0.356,82.2,0.0,0.468,0.481,0.347,0.0,1401.0,1363.0,105.0,4.0,3.0,0.0,0.0,0.0,0.0,0.8099,0.0,0.0,0.0,0.0,3.6,-0.47,-0.34,127.0,-0.01,107.0,0,4,632.98,50.0,4.031,0.0,1.381,0.0,1.381,0.0,0.0,584.0,21.0,1.3 km solo,59.0,1.0,🟢  Plat/Sprint,0
2023-08-26,2023,renewi-tour,stage,4.0,Team Arkéa Samsic,0,2.UWT,,,0.0,,,,,,,0.0,17.0,16.0,0.0,0.0,4.0,179.35,102.0,74.2,2.01,0.832,0.0,63.0,22.7,1.29,63.1,0.574,0.0,0.769,0.769,0.351,348.0,321.0,77.0,21.0,0.0,0.0,0.0,0.0,0.0,0.0,0.0,0.0,0.0,0.0,0.3,-0.17,-0.14,26.0,0.05,107.0,0,3,463.85,50.0,0.306,0.0,0.163,0.0,0.025,0.0,0.0,584.0,21.0,Sprint of large group,45.0,1.0,🟢  Plat/Sprint,0
2023-08-27,2023,vuelta-a-espana,stage,2.0,Team Arkéa Samsic,1,2.UWT,FIN,59.0,0.0,13.0,110.0,36.0,0.0,40.0,0.0,0.0,275.0,110.0,0.0,0.0,2.0,182.42,173.0,4.11,0.336,0.228,0.0,147.0,7.85,17.0,3.68,4.77,0.0,4.92,1.81,0.198,2668.0,2662.0,870.0,3.0,1.0,3.0,0.0,1.0,0.0,0.9806,0.693,0.3756,0.3756,0.0,4.0,-2.03,0.16,135.0,0.45,909.0,0,2,277.92,180.0,0.0,0.0,0.0,0.0,0.0,0.0,0.0,846.0,18.0,3.7 km solo,7.4,2.0,⛰️  Moy. montagne,0
2023-08-27,2023,renewi-tour,stage,5.0,Team Arkéa Samsic,0,2.UWT,,,0.0,,,,,,,0.0,17.0,16.0,0.0,0.0,5.0,187.2,121.0,61.0,5.73,0.0,0.0,88.1,20.4,0.0,60.2,0.0,0.0,18.0,0.0,0.0,1747.0,1765.0,139.0,59.0,2.0,0.0,0.0,0.0,0.0,0.6942,0.0,0.0,0.0,0.0,0.6,0.13,-0.02,112.0,-0.02,450.0,0,2,277.92,50.0,1.443,0.0,0.563,0.0,0.112,0.0,0.0,584.0,19.0,Sprint of 5 riders,0.2,1.0,🟢  Plat/Sprint,0
2023-08-28,2023,vuelta-a-espana,stage,3.0,Team Arkéa Samsic,1,2.UWT,FIN,35.0,0.0,13.0,110.0,36.0,0.0,40.0,0.0,0.0,275.0,110.0,0.0,0.0,3.0,158.96,155.0,0.506,0.0,0.0,0.0,23.3,0.527,129.0,3.1,3.12,0.0,2.74,0.0,0.0,3472.0,1899.0,1977.0,329.0,1.0,0.0,1.0,1.0,1.0,0.9998,0.9998,0.9998,0.9998,0.8255,7.2,8.53,8.46,366.0,0.22,777.0,0,3,460.34,180.0,0.0,0.0,0.0,0.0,0.0,0.0,0.0,846.0,20.0,Sprint of 11 riders,16.0,3.0,🏔️  Haute montagne,1
2023-08-29,2023,vuelta-a-espana,stage,4.0,Team Arkéa Samsic,1,2.UWT,FIN,46.0,0.0,13.0,110.0,36.0,0.0,40.0,0.0,5.0,275.0,110.0,0.0,0.0,4.0,184.89,182.0,0.275,0.0,0.0,0.0,11.3,0.721,170.0,0.0,3.03,0.0,1.51,0.0,0.0,1822.0,2554.0,807.0,23.0,0.0,3.0,1.0,0.0,0.0,0.8311,0.8311,0.6764,0.0,0.0,2.6,0.73,0.64,80.0,-0.72,184.0,0,4,619.3000000000001,180.0,0.0,0.0,0.0,0.0,0.0,0.0,0.0,846.0,26.0,Sprint of large group,4.6,2.0,⛰️  Moy. montagne,0
2023-08-30,2023,vuelta-a-espana,stage,5.0,Team Arkéa Samsic,1,2.UWT,FIN,50.0,0.0,13.0,110.0,36.0,0.0,40.0,0.0,0.0,275.0,110.0,0.0,0.0,5.0,186.73,186.0,0.38,0.0,0.0,0.0,145.0,0.355,37.8,3.13,0.0,0.0,0.0,0.0,0.0,2395.0,3308.0,1136.0,1.0,2.0,2.0,2.0,0.0,0.0,0.8548,0.8548,0.687,0.0,0.0,-0.1,-0.2,-0.2,0.0,-0.09,777.0,0,5,804.19,180.0,0.0,0.0,0.0,0.0,0.0,0.0,0.0,846.0,25.0,Sprint of large group,5.6,2.0,⛰️  Moy. montagne,0
2023-08-31,2023,vuelta-a-espana,stage,6.0,Team Arkéa Samsic,1,2.UWT,FIN,8.0,35.0,13.0,110.0,36.0,0.0,40.0,0.0,35.0,275.0,110.0,0.0,0.0,6.0,183.68,179.0,1.62,0.0,0.366,0.0,114.0,0.509,65.7,0.0,3.09,0.0,3.13,0.366,0.0,4025.0,2245.0,1947.0,165.0,2.0,4.0,1.0,0.0,1.0,0.9998,0.9998,0.9998,0.9998,0.9998,8.6,9.43,10.04,484.0,1.31,1121.0,0,5,836.96,180.0,0.0,0.0,0.0,0.0,0.0,0.0,0.1944444444444444,846.0,26.0,2.5 km solo,3.0,3.0,🏔️  Haute montagne,1
2023-09-01,2023,vuelta-a-espana,stage,7.0,Team Arkéa Samsic,1,2.UWT,FIN,57.0,0.0,13.0,110.0,36.0,0.0,40.0,0.0,0.0,275.0,110.0,0.0,0.0,7.0,204.01,189.0,14.5,0.0,0.0,0.0,161.0,0.0,41.1,1.22,0.195,0.0,0.21,0.0,0.0,1158.0,1868.0,810.0,-1.0,5.0,0.0,0.0,0.0,0.0,0.488,0.0,0.0,0.0,0.0,-0.6,-0.2,-0.38,22.0,-0.89,519.0,0,5,896.6800000000001,180.0,0.0,0.0,0.0,0.0,0.0,0.0,0.0,846.0,28.0,Sprint of large group,0.0,1.0,🟢  Plat/Sprint,0
2023-09-02,2023,vuelta-a-espana,stage,8.0,Team Arkéa Samsic,1,2.UWT,FIN,27.0,0.0,13.0,110.0,36.0,0.0,40.0,0.0,0.0,275.0,110.0,0.0,0.0,8.0,165.36,157.0,8.12,0.0,0.0,0.0,162.0,0.622,2.64,0.178,0.0,0.0,0.0,0.0,0.0,3618.0,2713.0,1088.0,0.0,1.0,2.0,3.0,0.0,1.0,0.9847,0.9847,0.9847,0.9847,0.9847,2.7,-5.7,1.08,376.0,1.59,1155.0,0,6,1100.69,180.0,0.0,0.0,0.0,0.0,0.0,0.0,0.0,846.0,22.0,Sprint of 8 riders,5.0,2.0,⛰️  Moy. montagne,0
2023-09-03,2023,vuelta-a-espana,stage,9.0,Team Arkéa Samsic,1,2.UWT,FIN,11.0,20.0,13.0,110.0,36.0,0.0,40.0,0.0,20.0,275.0,110.0,0.0,0.0,9.0,185.25,175.0,0.908,0.23,0.0,0.0,94.7,2.56,76.6,0.61,8.9,0.0,9.6,0.0,0.0,2981.0,1960.0,1081.0,60.0,4.0,1.0,0.0,1.0,1.0,0.9997,0.9997,0.9997,0.9997,0.9997,8.8,6.17,5.9,302.0,0.53,392.0,0,7,1266.0500000000002,180.0,0.0,0.0,0.0,0.0,0.0,0.0,0.1111111111111111,846.0,25.0,5.5 km solo,10.0,3.0,🏔️  Haute montagne,1
2023-09-03,2023,bretagne-classic,result,,Team Arkéa Samsic,0,1.UWT,,,0.0,,,,,,,46.0,46.0,0.0,0.0,0.0,,258.97,181.0,76.3,0.0,0.797,0.0,222.0,12.4,22.4,0.972,0.544,0.0,0.544,0.86,0.0,3687.0,3734.0,357.0,43.0,6.0,5.0,0.0,0.0,0.0,0.9674,0.6057,0.0,0.0,0.0,-2.0,-1.57,-0.34,68.0,0.0,548.0,0,7,1266.0500000000002,400.0,0.0,0.0,0.0,0.0,0.0,0.0,0.0,758.0,24.0,Sprint of 4 riders,1.0,2.0,⛰️  Moy. montagne,0
2023-09-05,2023,vuelta-a-espana,stage,10.0,Team Arkéa Samsic,1,2.UWT,FIN,42.0,0.0,13.0,110.0,36.0,0.0,40.0,0.0,0.0,275.0,110.0,0.0,0.0,10.0,25.77,25.1,0.356,0.0,0.0,0.0,9.44,1.09,14.3,0.511,0.227,0.0,0.227,0.0,0.0,115.0,106.0,764.0,687.0,0.0,0.0,0.0,0.0,0.0,0.0,0.0,0.0,0.0,0.0,0.7,0.3,0.16,25.0,0.03,115.0,0,8,1451.3,180.0,0.0,0.0,0.0,0.0,0.0,0.0,0.0,846.0,,Time trial,0.0,1.0,🟢  Plat/Sprint,0
2023-09-06,2023,vuelta-a-espana,stage,11.0,Team Arkéa Samsic,1,2.UWT,FIN,46.0,0.0,13.0,110.0,36.0,0.0,40.0,0.0,0.0,275.0,110.0,0.0,0.0,11.0,163.11,150.0,12.8,0.0,0.0,0.0,83.0,1.05,79.1,0.0,0.0,0.0,0.0,0.0,0.0,2203.0,1321.0,1721.0,839.0,2.0,1.0,0.0,0.0,1.0,0.9998,0.9998,0.9998,0.9998,0.9998,8.9,7.63,6.78,436.0,0.24,503.0,0,9,1477.07,180.0,0.0,0.0,0.0,0.0,0.0,0.0,0.0,846.0,25.0,0.15 km solo,14.0,3.0,🏔️  Haute montagne,1
2023-09-07,2023,vuelta-a-espana,stage,12.0,Team Arkéa Samsic,1,2.UWT,FIN,45.0,0.0,13.0,110.0,36.0,0.0,40.0,0.0,5.0,275.0,110.0,0.0,0.0,12.0,151.53,129.0,19.4,0.0,1.15,0.0,59.9,0.796,87.7,0.121,1.97,0.0,0.691,1.35,0.0,865.0,1644.0,989.0,193.0,0.0,1.0,1.0,0.0,0.0,0.7158,0.7158,0.7158,0.0,0.0,0.9,0.4,0.28,31.0,-1.11,317.0,0,10,1640.1799999999998,180.0,0.0,0.0,0.0,0.0,0.0,0.0,0.0,846.0,29.0,Sprint of large group,0.0,1.0,🟢  Plat/Sprint,0
2023-09-08,2023,gp-quebec,result,,Team Arkéa Samsic,0,1.UWT,,,0.0,,,,,,,90.0,90.0,0.0,0.0,0.0,,204.13,180.0,11.0,4.16,0.0,0.0,53.2,45.7,86.5,8.77,10.5,0.0,10.9,1.73,0.0,2416.0,2416.0,101.0,5.0,16.0,0.0,0.0,0.0,0.0,0.9998,0.0,0.0,0.0,0.0,4.3,2.33,1.74,121.0,-0.09,560.0,1,11,1791.7099999999998,500.0,1.087,0.0,0.578,0.0,0.323,0.0,0.0,951.0,,Sprint of large group,10.2,2.0,⛰️  Moy. montagne,0
2023-09-08,2023,vuelta-a-espana,stage,13.0,Team Arkéa Samsic,1,2.UWT,FIN,19.0,0.0,13.0,110.0,36.0,0.0,40.0,0.0,0.0,275.0,110.0,0.0,0.0,13.0,135.13,134.0,0.397,0.0,0.0,0.0,118.0,0.0,16.4,0.0,0.568,0.0,0.568,0.0,0.0,4266.0,3705.0,2115.0,428.0,1.0,1.0,0.0,0.0,3.0,0.9999,0.9999,0.9999,0.9999,0.9999,9.8,8.47,8.06,261.0,0.16,1464.0,0,11,1791.7099999999998,180.0,0.0,0.0,0.0,0.0,0.0,0.0,0.0,846.0,26.0,7.7 km solo,14.0,3.0,🏔️  Haute montagne,1
2023-09-09,2023,vuelta-a-espana,stage,14.0,Team Arkéa Samsic,1,2.UWT,FIN,19.0,0.0,13.0,110.0,36.0,0.0,40.0,0.0,0.0,275.0,110.0,0.0,0.0,14.0,156.88,156.0,0.212,0.0,0.0,0.0,91.2,0.0,65.3,0.0,0.0,0.0,0.0,0.0,0.0,4434.0,2943.0,1594.0,95.0,0.0,1.0,0.0,0.0,3.0,0.9998,0.9998,0.9998,0.9998,0.9998,2.0,3.83,5.46,324.0,0.49,369.0,0,12,1926.8399999999997,180.0,0.0,0.0,0.0,0.0,0.0,0.0,0.0,846.0,29.0,3.9 km solo,11.0,3.0,🏔️  Haute montagne,1
2023-09-10,2023,gp-de-fourmies,result,,Team Arkéa Samsic,0,1.Pro,,,0.0,,,,,,,60.0,60.0,0.0,0.0,0.0,,196.27,187.0,8.22,0.0,0.0,0.0,187.0,4.84,0.0,4.68,0.0,0.0,0.719,0.0,0.0,2146.6,2155.2,251.0,111.0,0.0,0.0,0.0,0.0,0.0,0.0,0.0,0.0,0.0,0.0,-8.27,-4.04,-2.04,36.6,0.16,557.8,0,13,2083.72,200.0,0.0,0.0,0.0,0.0,0.0,0.0,0.0,368.0,30.0,Sprint of large group,28.2,2.0,⛰️  Moy. montagne,0
2023-09-10,2023,vuelta-a-espana,stage,15.0,Team Arkéa Samsic,1,2.UWT,FIN,7.0,40.0,13.0,110.0,36.0,0.0,40.0,0.0,40.0,275.0,110.0,0.0,0.0,15.0,158.58,158.0,0.671,0.339,0.0,0.0,109.0,0.147,49.1,0.458,0.0,0.0,0.0,0.0,0.0,2494.0,2355.0,1052.0,342.0,3.0,0.0,2.0,1.0,0.0,0.9425,0.9425,0.9425,0.4419,0.0,0.8,-2.03,-2.34,16.0,0.03,611.0,0,13,2083.72,180.0,0.0,0.0,0.0,0.0,0.0,0.0,0.2222222222222222,846.0,28.0,Sprint of 3 riders,46.8,2.0,⛰️  Moy. montagne,0
2023-09-10,2023,gp-montreal,result,,Team Arkéa Samsic,0,1.UWT,,,0.0,,,,,,,38.0,38.0,0.0,0.0,0.0,,226.25,209.0,3.89,0.0,0.0,0.0,106.0,55.5,0.0,47.9,11.8,0.0,11.4,4.43,0.0,4046.0,4052.0,208.0,61.0,18.0,0.0,0.0,0.0,0.0,0.96,0.0,0.0,0.0,0.0,-0.3,-0.7,-0.72,462.0,-0.02,890.0,1,13,2083.72,500.0,0.0,0.0,0.0,0.0,0.0,0.0,0.0,949.0,,Sprint à deux,39.2,2.0,⛰️  Moy. montagne,0
2023-09-12,2023,vuelta-a-espana,stage,16.0,Team Arkéa Samsic,1,2.UWT,FIN,25.0,0.0,13.0,110.0,36.0,0.0,40.0,0.0,0.0,275.0,110.0,0.0,0.0,16.0,120.59,114.0,5.58,0.284,0.0,0.133,31.2,0.436,85.7,0.407,0.0,0.0,0.596,2.76,0.0,2033.0,1596.0,528.0,0.0,5.0,1.0,1.0,0.0,0.0,0.9998,0.9998,0.9998,0.0,0.0,8.6,8.1,8.48,310.0,-0.04,657.0,0,14,2242.2999999999997,180.0,0.0,0.0,0.0,0.0,0.0,0.0,0.0,846.0,20.0,3.9 km solo,11.0,3.0,🏔️  Haute montagne,1
2023-09-13,2023,gp-de-wallonie,result,,Team Arkéa Samsic,0,1.Pro,,,0.0,,,,,,,55.0,55.0,0.0,0.0,0.0,,201.91,187.0,12.9,2.18,0.0,0.15,150.0,9.67,32.1,9.56,0.0,0.0,0.0,0.0,0.15,2871.0,2921.0,531.0,80.0,5.0,6.0,0.0,0.0,0.0,0.9998,0.9192,0.0,0.0,0.0,2.0,3.87,2.3,136.0,0.18,814.0,0,15,2362.89,200.0,1.931,0.114,1.931,0.114,1.931,0.114,0.0,329.0,19.0,Sprint à deux,54.8,2.0,⛰️  Moy. montagne,0
2023-09-13,2023,vuelta-a-espana,stage,17.0,Team Arkéa Samsic,1,2.UWT,FIN,14.0,5.0,13.0,110.0,36.0,0.0,40.0,0.0,5.0,275.0,110.0,0.0,0.0,17.0,125.01,116.0,0.404,0.0,0.117,0.0,73.8,0.0,43.0,0.0,7.87,0.0,7.58,0.117,0.0,3263.0,1714.0,1571.0,6.0,0.0,1.0,2.0,0.0,1.0,0.995,0.995,0.995,0.995,0.995,1.7,10.77,11.58,496.0,0.63,559.0,0,15,2362.89,180.0,0.0,0.0,0.0,0.0,0.0,0.0,0.0277777777777777,846.0,19.0,Other,4.0,3.0,🏔️  Haute montagne,1
2023-09-14,2023,vuelta-a-espana,stage,18.0,Team Arkéa Samsic,1,2.UWT,FIN,23.0,0.0,13.0,110.0,36.0,0.0,40.0,0.0,0.0,275.0,110.0,0.0,0.0,18.0,179.12,178.0,0.504,0.0,0.0,0.0,141.0,0.0,37.7,0.0,0.492,0.0,0.492,0.0,0.0,4627.0,4269.0,1341.0,79.0,3.0,0.0,2.0,2.0,1.0,0.9999,0.9999,0.9999,0.9999,0.4491,8.6,6.8,7.5,291.0,0.23,993.0,0,16,2487.9,180.0,0.0,0.0,0.0,0.0,0.0,0.0,0.0,846.0,21.0,29 km solo,1.0,3.0,🏔️  Haute montagne,1
2023-09-15,2023,kampioenschap-van-vlaanderen1,result,,Team Arkéa Samsic,0,1.1,,,0.0,,,,,,,6.0,6.0,0.0,0.0,0.0,,165.12,85.0,81.4,0.0,0.0,0.0,60.0,15.8,4.75,85.9,0.0,0.0,0.0,0.0,0.0,586.0,594.0,46.0,23.0,0.0,0.0,0.0,0.0,0.0,0.0,0.0,0.0,0.0,0.0,0.4,0.3,0.12,50.0,-0.0,176.0,0,17,2667.02,125.0,0.0,0.0,0.0,0.0,0.0,0.0,0.0,273.0,23.0,Sprint of large group,1.0,1.0,🟢  Plat/Sprint,0
2023-09-15,2023,vuelta-a-espana,stage,19.0,Team Arkéa Samsic,1,2.UWT,FIN,40.0,0.0,13.0,110.0,36.0,0.0,40.0,0.0,35.0,275.0,110.0,0.0,0.0,19.0,177.35,177.0,0.19,0.0,0.0,0.0,172.0,0.19,5.54,0.0,0.0,0.0,0.0,0.0,0.0,919.0,933.0,842.0,668.0,5.0,0.0,0.0,0.0,0.0,0.9233,0.0,0.0,0.0,0.0,0.1,0.07,0.12,66.0,0.02,256.0,0,17,2667.02,180.0,0.0,0.0,0.0,0.0,0.0,0.0,0.0,846.0,24.0,Sprint of large group,2.2,1.0,🟢  Plat/Sprint,0
2023-09-16,2023,vuelta-a-espana,stage,20.0,Team Arkéa Samsic,1,2.UWT,FIN,37.0,0.0,13.0,110.0,36.0,0.0,40.0,0.0,0.0,275.0,110.0,0.0,0.0,20.0,207.67,203.0,1.59,0.137,0.661,0.0,112.0,1.61,72.3,0.0,2.03,0.0,2.52,19.6,0.499,4362.0,4304.0,1406.0,813.0,4.0,3.0,6.0,0.0,0.0,0.9426,0.9426,0.9426,0.0,0.0,1.1,-0.6,0.34,78.0,0.22,883.0,0,18,2844.37,180.0,0.0,0.0,0.0,0.0,0.0,0.0,0.0,846.0,18.0,Sprint of small group,56.6,2.0,⛰️  Moy. montagne,0
2023-09-16,2023,gp-impanis-van-petegem,result,,Team Arkéa Samsic,0,1.Pro,,,0.0,,,,,,,30.0,30.0,0.0,0.0,0.0,,203.32,140.0,58.8,4.03,0.113,0.0,124.0,17.7,2.63,53.1,0.0,0.0,0.0,0.0,0.113,1965.0,1995.0,162.0,10.0,3.0,0.0,0.0,0.0,0.0,0.4959,0.0,0.0,0.0,0.0,-0.3,-0.03,-0.06,16.0,0.08,372.0,0,18,2844.37,200.0,2.286,0.0,0.83,0.0,0.0,0.0,0.0,445.0,25.0,Sprint of 6 riders,9.2,1.0,🟢  Plat/Sprint,0
2023-09-17,2023,vuelta-a-espana,stage,21.0,Team Arkéa Samsic,1,2.UWT,FIN,33.0,0.0,13.0,110.0,36.0,0.0,40.0,0.0,20.0,275.0,110.0,0.0,0.0,21.0,100.58,95.2,0.73,0.354,0.0,0.0,34.8,2.08,50.6,5.77,0.997,0.0,1.29,2.99,0.0,878.0,869.0,706.0,567.0,2.0,0.0,0.0,0.0,0.0,0.4028,0.0,0.0,0.0,0.0,1.6,-0.67,-0.2,63.0,0.03,465.0,0,19,3052.04,180.0,0.0,0.0,0.0,0.0,0.0,0.0,0.0,846.0,19.0,Sprint of small group,29.2,1.0,🟢  Plat/Sprint,0
2023-09-17,2023,gp-d-isbergues,result,,Team Arkéa Samsic,0,1.1,,,0.0,,,,,,,70.0,70.0,0.0,0.0,0.0,,201.61,150.0,51.4,0.0,0.0,0.0,128.0,37.1,30.5,5.67,0.0,0.0,0.0,0.0,0.0,1368.0,1367.0,195.0,16.0,1.0,1.0,0.0,0.0,0.0,0.4264,0.2693,0.0,0.0,0.0,-0.9,-0.57,0.0,29.0,0.17,294.0,0,19,3052.04,125.0,0.0,0.0,0.0,0.0,0.0,0.0,0.0,196.0,23.0,Sprint of large group,15.2,1.0,🟢  Plat/Sprint,0
2023-09-20,2023,omloop-van-het-houtland-lichtervelde,result,,Team Arkéa Samsic,0,1.1,,,0.0,,,,,,,53.0,53.0,0.0,0.0,0.0,,195.81,79.6,107.0,7.85,0.0,0.0,111.0,26.8,0.0,51.6,0.0,0.0,0.826,0.0,0.0,392.0,377.0,46.0,2.0,0.0,0.0,0.0,0.0,0.0,0.0,0.0,0.0,0.0,0.0,-0.1,0.17,0.14,30.0,-0.01,59.0,0,20,3152.62,125.0,2.651,0.0,0.925,0.0,0.343,0.0,0.0,139.0,21.0,Sprint of small group,32.2,1.0,🟢  Plat/Sprint,0
2023-09-20,2023,tour-de-luxembourg,stage,1.0,Team Arkéa Samsic,0,2.Pro,,,0.0,,,,,,,0.0,30.0,10.0,0.0,0.0,1.0,156.22,156.0,0.564,0.0,0.0,0.0,112.0,0.228,43.0,0.48,0.0,0.0,0.0,0.589,0.0,2409.0,2339.0,519.0,182.0,6.0,3.0,1.0,0.0,0.0,0.9997,0.9366,0.5594,0.0,0.0,1.5,3.63,1.54,129.0,-0.14,497.0,0,20,3152.62,20.0,0.0,0.0,0.0,0.0,0.0,0.0,0.0,532.0,23.0,Sprint of large group,38.6,2.0,⛰️  Moy. montagne,0
2023-09-21,2023,tour-de-luxembourg,stage,2.0,Team Arkéa Samsic,0,2.Pro,,,0.0,,,,,,,20.0,30.0,10.0,0.0,0.0,2.0,183.69,184.0,0.0,0.121,0.0,0.0,141.0,2.4,34.7,3.24,0.0,0.0,0.0,1.94,0.0,2670.0,2580.0,418.0,143.0,7.0,4.0,0.0,0.0,0.0,0.9449,0.9449,0.0,0.0,0.0,1.8,0.93,0.68,128.0,0.11,610.0,0,20,3152.62,20.0,0.0,0.0,0.0,0.0,0.0,0.0,0.0,532.0,20.0,Sprint of large group,26.6,2.0,⛰️  Moy. montagne,0
2023-09-22,2023,tour-de-luxembourg,stage,3.0,Team Arkéa Samsic,0,2.Pro,,,0.0,,,,,,,0.0,30.0,10.0,0.0,0.0,3.0,170.71,167.0,0.166,2.51,0.0,0.0,111.0,1.18,56.9,0.128,1.34,0.0,0.604,0.0,0.0,3314.0,3183.0,530.0,148.0,2.0,6.0,1.0,0.0,0.0,0.9381,0.9381,0.4656,0.0,0.0,6.7,1.77,0.94,175.0,0.19,948.0,0,20,3152.62,20.0,1.863,0.0,1.295,0.0,0.728,0.0,0.0,532.0,15.0,18 km solo,23.0,2.0,⛰️  Moy. montagne,0
2023-09-23,2023,tour-de-luxembourg,stage,4.0,Team Arkéa Samsic,0,2.Pro,,,0.0,,,,,,,0.0,30.0,10.0,0.0,0.0,4.0,23.93,23.9,0.0,0.0,0.0,0.0,18.1,0.255,1.25,1.93,0.0,0.0,0.0,2.35,0.0,237.0,237.0,396.0,272.0,1.0,0.0,0.0,0.0,0.0,0.6667,0.0,0.0,0.0,0.0,0.4,-0.53,-1.0,94.0,0.0,237.0,0,20,3152.62,20.0,0.0,0.0,0.0,0.0,0.0,0.0,0.0,532.0,15.0,Time trial,41.6,1.0,🟢  Plat/Sprint,0
2023-09-24,2023,tour-de-luxembourg,stage,5.0,Team Arkéa Samsic,0,2.Pro,,,0.0,,,,,,,0.0,30.0,10.0,0.0,0.0,5.0,176.7,176.0,0.124,0.0,0.0,0.0,117.0,3.29,53.3,1.59,1.37,0.0,1.39,0.526,0.0,3030.0,2926.0,532.0,188.0,9.0,3.0,1.0,0.0,0.0,0.968,0.6836,0.2363,0.0,0.0,-0.6,1.3,-0.96,199.0,0.48,861.0,0,20,3152.62,20.0,0.0,0.0,0.0,0.0,0.0,0.0,0.0,532.0,15.0,1.6 km solo,16.0,2.0,⛰️  Moy. montagne,0
2023-09-24,2023,paris-chauny-classique,result,,Team Arkéa Samsic,0,1.1,,,0.0,,,,,,,60.0,60.0,0.0,0.0,0.0,,200.33,191.0,8.93,0.0,0.0,0.0,182.0,3.59,13.7,0.686,0.191,0.0,0.191,0.0,0.0,2189.0,2199.0,205.0,36.0,9.0,1.0,0.0,0.0,0.0,0.9095,0.4985,0.0,0.0,0.0,0.3,-0.37,-0.36,25.0,-0.03,348.0,0,20,3152.62,125.0,0.0,0.0,0.0,0.0,0.0,0.0,0.0,212.0,19.0,Sprint of large group,15.0,2.0,⛰️  Moy. montagne,0
2023-09-28,2023,coppa-agostoni,result,,Team Arkéa Samsic,0,1.1,,,0.0,,,,,,,80.0,80.0,0.0,0.0,0.0,,198.33,161.0,36.5,0.65,0.0,0.0,191.0,3.12,0.267,2.94,0.0,0.0,0.0,0.267,0.0,3231.0,3248.0,539.0,187.0,4.0,5.0,4.0,0.0,0.0,0.8473,0.8473,0.7884,0.0,0.0,-0.7,-0.5,-0.48,2.0,0.03,555.0,0,18,2811.24,125.0,0.255,0.0,0.213,0.0,0.0,0.0,0.0,311.0,24.0,11.3 km solo,18.0,2.0,⛰️  Moy. montagne,0
2023-09-28,2023,circuit-franco-belge,result,,Team Arkéa Samsic,0,1.Pro,,,0.0,,,,,,,10.0,10.0,0.0,0.0,0.0,,191.49,128.0,62.6,0.407,0.0,0.0,117.0,24.6,12.8,36.7,0.0,0.0,0.47,0.0,0.0,2150.0,2079.0,123.0,12.0,8.0,0.0,0.0,0.0,0.0,0.9456,0.0,0.0,0.0,0.0,6.2,2.43,1.48,98.0,0.01,477.0,0,18,2811.24,200.0,0.0,0.0,0.0,0.0,0.0,0.0,0.0,312.0,20.0,Sprint of small group,16.0,2.0,⛰️  Moy. montagne,0
2023-09-30,2023,giro-dell-emilia,result,,Team Arkéa Samsic,0,1.Pro,,,0.0,,,,,,,69.0,69.0,0.0,0.0,0.0,,205.37,189.0,11.4,4.57,0.0,0.0,164.0,3.12,32.8,4.87,0.184,0.0,0.704,0.0,0.0,3003.0,2760.0,802.0,20.0,1.0,5.0,1.0,1.0,0.0,0.9993,0.9993,0.6087,0.3383,0.0,7.9,6.0,1.8,201.0,0.12,94.0,0,16,2439.62,200.0,4.51,0.0,2.387,0.0,0.902,0.0,0.0,815.0,25.0,Sprint of small group,30.0,2.0,⛰️  Moy. montagne,0
2023-10-01,2023,famenne-ardenne-classic,result,,Team Arkéa Samsic,0,1.1,,,0.0,,,,,,,3.0,3.0,0.0,0.0,0.0,,188.35,178.0,9.16,0.957,0.0,0.0,135.0,9.66,31.1,6.7,0.339,0.0,0.474,0.0,0.0,2875.0,2847.0,565.0,192.0,1.0,5.0,2.0,0.0,0.0,0.9268,0.9268,0.3706,0.0,0.0,2.3,-0.9,-0.52,111.0,0.39,783.0,0,15,2255.9399999999996,125.0,0.703,0.0,0.234,0.0,0.234,0.0,0.0,313.0,21.0,Sprint of large group,43.8,2.0,⛰️  Moy. montagne,0
2023-10-01,2023,tour-de-vendee,result,,Team Arkéa Samsic,0,1.1,,,0.0,,,,,,,131.0,131.0,0.0,0.0,0.0,,206.03,132.0,73.9,0.0,0.0,0.0,166.0,20.1,12.4,7.04,0.216,0.0,0.35,0.0,0.0,2176.0,2172.0,253.0,6.0,0.0,1.0,0.0,0.0,0.0,0.3286,0.3286,0.0,0.0,0.0,1.9,0.17,-0.06,85.0,0.08,544.0,0,15,2255.9399999999996,125.0,0.0,0.0,0.0,0.0,0.0,0.0,0.0,102.0,,Sprint of small group,34.6,1.0,🟢  Plat/Sprint,0
2023-10-03,2023,tre-valli-varesine,result,,Team Arkéa Samsic,0,1.Pro,,,0.0,,,,,,,11.0,11.0,0.0,0.0,0.0,,194.92,184.0,5.7,0.851,0.0,0.0,110.0,31.4,31.8,15.9,0.0,0.851,0.243,0.277,0.1,3464.0,3313.0,481.0,224.0,2.0,12.0,0.0,0.0,0.0,0.9955,0.9509,0.0,0.0,0.0,-0.6,2.7,0.54,128.0,0.2,503.0,0,13,1886.57,200.0,0.08,0.0,0.0,0.0,0.0,0.0,0.0,935.0,24.0,9.5 km solo,64.0,2.0,⛰️  Moy. montagne,0
2023-10-03,2023,memorial-frank-vandenbroucke,result,,Team Arkéa Samsic,0,1.1,,,0.0,,,,,,,158.0,158.0,0.0,0.0,0.0,,201.76,183.0,13.2,4.93,0.0,0.0,89.4,7.09,93.6,11.4,0.0,0.0,0.643,0.0,0.0,1992.6,2024.0,289.8,54.4,0.0,0.0,0.0,0.0,0.0,0.0,0.0,0.0,0.0,0.0,-2.16,-1.07,-1.42,27.4,0.3,652.4,0,13,1886.57,125.0,0.0,0.0,0.0,0.0,0.0,0.0,0.0,334.0,16.0,Sprint of large group,32.4,2.0,⛰️  Moy. montagne,0
2023-10-05,2023,paris-bourges,result,,Team Arkéa Samsic,0,1.1,,,0.0,,,,,,,125.0,125.0,0.0,0.0,0.0,,193.78,190.0,2.85,0.107,0.0,0.0,172.0,1.3,15.7,3.96,0.469,0.0,0.627,0.34,0.0,2002.0,2001.0,391.0,125.0,5.0,1.0,0.0,0.0,0.0,0.7949,0.7949,0.0,0.0,0.0,-0.4,-0.7,-0.14,39.0,0.2,317.0,0,12,1701.3199999999997,125.0,0.0,0.0,0.0,0.0,0.0,0.0,0.0,286.0,20.0,Sprint of large group,64.2,2.0,⛰️  Moy. montagne,0
2023-10-07,2023,il-lombardia,result,,Team Arkéa Samsic,0,1.UWT,,,0.0,,,,,,,60.0,60.0,0.0,0.0,0.0,,238.52,230.0,0.68,0.289,0.845,0.414,203.0,2.67,16.3,9.6,6.79,0.0,6.94,0.526,0.814,4639.0,4683.0,1261.0,200.0,3.0,0.0,2.0,2.0,1.0,0.9905,0.8624,0.8624,0.8624,0.7415,-3.0,-3.8,-0.5,120.0,-0.15,857.0,0,10,1512.44,800.0,0.0,0.0,0.0,0.0,0.0,0.0,0.0,1099.0,,31 km solo,73.2,2.0,⛰️  Moy. montagne,0
2023-10-08,2023,paris-tours,result,,Team Arkéa Samsic,0,1.Pro,,,0.0,,,,,,,53.0,53.0,0.0,0.0,0.0,,215.06,181.0,24.0,0.105,8.32,0.92,181.0,11.5,8.68,4.95,0.619,0.0,0.619,8.33,0.0,1245.0,1327.0,213.0,40.0,1.0,0.0,0.0,0.0,0.0,0.3115,0.0,0.0,0.0,0.0,0.2,0.07,0.02,19.0,0.05,177.0,0,9,1360.91,200.0,0.069,1.217,0.069,0.822,0.069,0.0,0.0,463.0,,Sprint of small group,54.8,1.0,🟢  Plat/Sprint,0
2023-10-11,2023,giro-del-veneto,result,,Team Arkéa Samsic,0,1.Pro,,,0.0,,,,,,,160.0,160.0,0.0,0.0,0.0,,169.97,166.0,1.75,0.0,0.186,0.0,156.0,0.642,2.84,7.61,2.25,0.0,2.25,0.186,0.0,1516.0,1459.0,250.0,11.0,7.0,1.0,0.0,0.0,0.0,0.9315,0.4687,0.0,0.0,0.0,6.1,2.2,1.34,70.0,-0.05,41.0,0,6,910.32,200.0,0.0,0.0,0.0,0.0,0.0,0.0,0.0,307.0,,Sprint of small group,51.4,1.0,🟢  Plat/Sprint,0
2023-10-12,2023,tour-of-guangxi,stage,1.0,Team Arkéa Samsic,1,2.UWT,FIN,62.0,0.0,16.0,20.0,,,,,0.0,152.0,150.0,0.0,0.0,1.0,135.76,14.6,4.94,0.0,0.0,0.0,8.42,3.92,7.63,0.0,118.0,0.0,118.0,0.494,0.0,423.0,426.0,83.0,0.0,3.0,0.0,0.0,0.0,0.0,0.8628,0.0,0.0,0.0,0.0,0.0,0.1,0.06,20.0,0.01,146.0,0,6,910.32,40.0,0.0,0.0,0.0,0.0,0.0,0.0,0.0,271.0,,Sprint of large group,79.4,1.0,🟢  Plat/Sprint,0
2023-10-13,2023,tour-of-guangxi,stage,2.0,Team Arkéa Samsic,1,2.UWT,FIN,73.0,0.0,16.0,20.0,,,,,0.0,152.0,150.0,0.0,0.0,2.0,149.95,5.24,3.12,0.0,0.0,0.0,1.6,1.45,5.11,0.0,143.0,0.0,143.0,0.392,0.0,628.0,633.0,48.0,2.0,0.0,0.0,0.0,0.0,0.0,0.0,0.0,0.0,0.0,0.0,-0.3,-0.1,-0.24,83.0,0.06,190.0,0,6,925.49,40.0,0.0,0.0,0.0,0.0,0.0,0.0,0.0,271.0,,Sprint of large group,68.8,1.0,🟢  Plat/Sprint,0
2023-10-14,2023,tour-of-guangxi,stage,3.0,Team Arkéa Samsic,1,2.UWT,FIN,57.0,0.0,16.0,20.0,,,,,0.0,152.0,150.0,0.0,0.0,3.0,134.66,9.58,3.61,0.0,1.31,0.0,4.86,4.06,3.21,3.0,114.0,0.0,125.0,9.32,1.31,1568.0,1569.0,238.0,61.0,0.0,5.0,0.0,0.0,0.0,0.8619,0.8619,0.0,0.0,0.0,-0.1,-0.13,0.02,62.0,0.0,614.0,0,6,950.43,40.0,0.0,0.0,0.0,0.0,0.0,0.0,0.0,271.0,,Sprint of large group,68.8,1.0,🟢  Plat/Sprint,0
2023-10-15,2023,tour-of-guangxi,stage,4.0,Team Arkéa Samsic,1,2.UWT,FIN,16.0,0.0,16.0,20.0,,,,,2.0,152.0,150.0,0.0,0.0,4.0,161.42,5.26,2.01,0.0,0.0,0.0,2.88,2.59,2.98,0.0,156.0,0.0,157.0,0.0,0.117,1564.0,988.0,644.0,61.0,0.0,1.0,1.0,0.0,0.0,0.9996,0.9996,0.9996,0.0,0.0,16.3,8.57,7.88,449.0,0.09,431.0,0,6,905.97,40.0,0.0,0.0,0.0,0.0,0.0,0.0,0.0,271.0,,0.4 km solo,1.0,3.0,🏔️  Haute montagne,1
2023-10-15,2023,veneto-classic,result,,Team Arkéa Samsic,0,1.Pro,,,0.0,,,,,,,8.0,8.0,0.0,0.0,0.0,,195.9,182.0,9.26,1.43,1.36,0.0,150.0,8.51,26.8,5.22,1.42,0.0,1.75,2.9,0.888,2502.0,2733.0,355.0,85.0,3.0,8.0,0.0,0.0,0.0,0.9753,0.8744,0.0,0.0,0.0,1.4,-0.67,-0.14,99.0,-0.17,432.0,0,6,905.97,200.0,0.827,0.0,0.332,0.0,0.085,0.0,0.0,296.0,,4.2 km solo,71.4,2.0,⛰️  Moy. montagne,0
2023-10-15,2023,chrono-des-nations,result,,Team Arkéa Samsic,0,1.1,,,0.0,,,,,,,25.0,25.0,0.0,0.0,0.0,,45.47,45.4,0.0,0.0,0.0,0.0,44.6,0.0,0.131,0.62,0.0,0.0,0.0,0.0,0.0,322.0,311.0,150.0,69.0,0.0,0.0,0.0,0.0,0.0,0.0,0.0,0.0,0.0,0.0,0.6,-0.17,-0.06,37.0,0.02,322.0,0,6,905.97,125.0,0.0,0.0,0.0,0.0,0.0,0.0,0.0,95.0,,Time trial,13.0,0.0,⏱️  CLM,0
2023-10-16,2023,tour-of-guangxi,stage,5.0,Team Arkéa Samsic,1,2.UWT,FIN,59.0,0.0,16.0,20.0,,,,,0.0,152.0,150.0,0.0,0.0,5.0,208.78,4.61,3.55,0.0,0.0,0.0,3.65,2.12,3.04,0.0,203.0,0.0,203.0,0.0,0.0,1890.0,1814.0,476.0,74.0,4.0,0.0,1.0,0.0,0.0,0.8515,0.8515,0.8515,0.0,0.0,0.0,0.03,0.02,76.0,0.03,251.0,0,6,890.04,40.0,0.0,0.0,0.0,0.0,0.0,0.0,0.0,271.0,,Sprint of large group,42.6,1.0,🟢  Plat/Sprint,0
2023-10-17,2023,tour-of-guangxi,stage,6.0,Team Arkéa Samsic,1,2.UWT,FIN,60.0,0.0,16.0,20.0,,,,,0.0,152.0,150.0,0.0,0.0,6.0,168.17,4.08,4.39,0.0,0.823,0.0,1.92,6.02,3.33,0.947,158.0,0.0,163.0,1.67,0.333,1060.0,1062.0,435.0,109.0,0.0,0.0,1.0,0.0,0.0,0.7216,0.7216,0.7216,0.0,0.0,0.0,-0.07,-0.14,42.0,0.0,141.0,0,6,891.1499999999999,40.0,0.0,0.0,0.0,0.0,0.0,0.0,0.0,271.0,,Sprint of large group,32.0,1.0,🟢  Plat/Sprint,0
2024-01-07,2024,nc-australia,result,,Arkéa - B&B Hotels,0,NC,,,0.0,,,,,,,0.0,0.0,0.0,0.0,0.0,,139.88,17.5,123.0,0.0,0.0,0.0,87.7,23.6,14.3,14.8,0.0,0.0,0.0,0.0,0.0,2676.0,2676.0,599.0,442.0,12.0,0.0,0.0,0.0,0.0,0.936,0.0,0.0,0.0,0.0,-4.3,-1.9,-2.12,694.0,0.3,1048.0,0,0,0.0,100.0,0.0,0.0,0.0,0.0,0.0,0.0,0.0,,,Other,,2.0,⛰️  Moy. montagne,0
2024-01-16,2024,tour-down-under,stage,1.0,Arkéa - B&B Hotels,0,2.UWT,,,0.0,,,,,,,0.0,65.0,35.0,0.0,0.0,1.0,94.07,59.6,34.5,0.0,0.0,0.0,36.9,0.0,55.3,1.83,0.0,0.0,0.0,0.0,0.0,999.0,1193.0,492.0,100.0,2.0,1.0,0.0,0.0,0.0,0.556,0.556,0.0,0.0,0.0,1.5,0.53,0.16,60.0,0.1,565.0,0,0,0.0,60.0,0.0,0.0,0.0,0.0,0.0,0.0,0.0,374.0,,Sprint of large group,,1.0,🟢  Plat/Sprint,0
2024-01-17,2024,tour-down-under,stage,2.0,Arkéa - B&B Hotels,0,2.UWT,,,0.0,,,,,,,0.0,65.0,35.0,0.0,0.0,2.0,104.28,62.5,41.8,0.0,0.0,0.0,57.9,0.0,40.7,5.75,0.0,0.0,0.0,0.0,0.0,1710.0,1338.0,516.0,117.0,0.0,2.0,2.0,0.0,0.0,0.9996,0.9996,0.7929,0.0,0.0,4.1,1.2,2.06,230.0,0.39,669.0,0,0,0.0,60.0,0.0,0.0,0.0,0.0,0.0,0.0,0.0,374.0,19.0,0.8 km solo,0.0,2.0,⛰️  Moy. montagne,0
2024-01-18,2024,tour-down-under,stage,3.0,Arkéa - B&B Hotels,0,2.UWT,,,0.0,,,,,,,30.0,65.0,35.0,0.0,0.0,3.0,93.66,78.1,15.5,0.0,0.0,0.0,90.6,1.46,0.11,1.22,0.0,0.0,0.0,0.0,0.0,1195.0,922.0,375.0,6.0,2.0,1.0,1.0,0.0,0.0,0.9995,0.9995,0.9995,0.0,0.0,5.5,7.4,5.72,381.0,0.02,645.0,0,0,0.0,60.0,0.0,0.0,0.0,0.0,0.0,0.0,0.0,374.0,20.0,Sprint of large group,,3.0,🏔️  Haute montagne,1
2024-01-19,2024,tour-down-under,stage,4.0,Arkéa - B&B Hotels,0,2.UWT,,,0.0,,,,,,,0.0,65.0,35.0,0.0,0.0,4.0,136.09,107.0,29.2,0.0,0.0,0.0,59.5,0.885,75.7,0.0,0.0,0.0,0.0,0.0,0.0,537.0,547.0,239.0,1.0,0.0,1.0,0.0,0.0,0.0,0.5336,0.5336,0.0,0.0,0.0,1.5,0.03,0.18,81.0,-0.07,64.0,0,0,0.0,60.0,0.0,0.0,0.0,0.0,0.0,0.0,0.0,374.0,23.0,Sprint of large group,0.0,1.0,🟢  Plat/Sprint,0
2024-01-20,2024,gp-de-valence,result,,Arkéa - B&B Hotels,0,1.1,,,0.0,,,,,,,50.0,50.0,0.0,0.0,0.0,,201.59,196.0,1.25,0.0,1.46,0.0,145.0,0.401,52.6,0.446,2.42,0.0,2.48,0.0,0.0,2036.0,2261.0,625.0,-1.0,3.0,2.0,2.0,0.0,0.0,0.6909,0.6224,0.4354,0.0,0.0,0.3,0.13,0.02,17.0,-0.42,773.0,1,0,0.0,125.0,0.0,0.0,0.0,0.0,0.0,0.0,0.0,178.0,12.0,Sprint of large group,0.0,2.0,⛰️  Moy. montagne,0
2024-01-20,2024,tour-down-under,stage,5.0,Arkéa - B&B Hotels,0,2.UWT,,,0.0,,,,,,,0.0,65.0,35.0,0.0,0.0,5.0,129.28,117.0,11.5,0.0,0.0,0.0,109.0,8.89,7.88,3.27,0.264,0.0,0.0,0.281,0.0,1435.0,1065.0,380.0,0.0,2.0,1.0,1.0,0.0,0.0,0.9994,0.9994,0.7772,0.0,0.0,5.5,7.13,5.74,314.0,0.08,393.0,0,0,0.0,60.0,0.0,0.0,0.0,0.0,0.0,0.0,0.0,374.0,32.0,Sprint of 3 riders,30.0,3.0,🏔️  Haute montagne,1
2024-01-21,2024,tour-down-under,stage,6.0,Arkéa - B&B Hotels,0,2.UWT,,,0.0,,,,,,,0.0,65.0,35.0,0.0,0.0,6.0,128.77,102.0,26.2,0.0,0.0,0.0,96.2,3.12,28.2,0.794,0.0,0.0,0.0,0.0,0.0,2244.0,1660.0,685.0,100.0,1.0,1.0,3.0,0.0,0.0,0.9985,0.9985,0.9985,0.0,0.0,2.4,4.23,3.34,221.0,0.52,787.0,0,0,0.0,60.0,0.0,0.0,0.0,0.0,0.0,0.0,0.0,374.0,22.0,Sprint of 4 riders,23.25,2.0,⛰️  Moy. montagne,0
2024-01-21,2024,ruta-de-la-ceramica-gran-premio-castellon,result,,Arkéa - B&B Hotels,0,1.1,,,0.0,,,,,,,43.0,43.0,0.0,0.0,0.0,,174.48,152.0,18.3,0.227,0.0,0.0,116.0,3.72,34.7,15.0,4.21,0.0,4.23,0.506,0.0,2325.0,2147.0,786.0,25.0,2.0,1.0,1.0,1.0,0.0,0.9091,0.9091,0.9091,0.2463,0.0,-0.3,-0.17,-0.62,36.0,1.42,1041.0,1,0,0.0,125.0,0.0,0.0,0.0,0.0,0.0,0.0,0.0,167.0,14.0,Sprint of large group,16.666666666666668,2.0,⛰️  Moy. montagne,0
2024-01-24,2024,trofeo-calvia,result,,Arkéa - B&B Hotels,0,1.1,,,0.0,,,,,,,25.0,25.0,0.0,0.0,0.0,,149.49,149.0,0.271,0.0,0.0,0.0,138.0,0.588,5.06,5.09,0.392,0.0,0.0,0.0,0.0,3127.0,3135.0,502.0,8.0,4.0,2.0,3.0,0.0,0.0,0.9225,0.8431,0.6034,0.0,0.0,0.7,-2.23,-1.62,69.0,0.17,1002.0,0,0,0.0,125.0,0.0,0.0,0.0,0.0,0.0,0.0,0.0,292.0,18.0,Sprint à deux,18.6,2.0,⛰️  Moy. montagne,0
2024-01-25,2024,trofeo-ses-salines-felanitx,result,,Arkéa - B&B Hotels,0,1.1,,,0.0,,,,,,,0.0,0.0,0.0,0.0,0.0,,181.33,169.0,11.6,0.0,0.0,0.0,118.0,0.29,50.3,12.1,0.0,0.0,0.0,0.0,0.0,1086.0,1022.0,177.0,0.0,1.0,2.0,0.0,0.0,0.0,0.9921,0.6632,0.0,0.0,0.0,-0.2,0.7,0.82,126.0,0.03,194.0,0,0,0.0,125.0,0.0,0.0,0.0,0.0,0.0,0.0,0.0,198.0,20.0,Sprint of large group,0.0,1.0,🟢  Plat/Sprint,0
2024-01-25,2024,race-torquay,result,,Arkéa - B&B Hotels,0,1.1,,,0.0,,,,,,,23.0,23.0,0.0,0.0,0.0,,155.51,143.0,12.9,0.0,0.0,0.0,150.0,1.43,4.09,0.321,0.0,0.0,0.0,0.0,0.0,1629.0,1638.0,437.0,5.0,3.0,0.0,1.0,0.0,0.0,0.6843,0.1338,0.1338,0.0,0.0,0.5,-1.9,-0.58,178.0,0.29,750.0,0,0,0.0,125.0,0.0,0.0,0.0,0.0,0.0,0.0,0.0,215.0,22.0,Sprint of large group,23.6,2.0,⛰️  Moy. montagne,0
2024-01-26,2024,deia-trophy,result,,Arkéa - B&B Hotels,0,1.1,,,0.0,,,,,,,5.0,5.0,0.0,0.0,0.0,,152.66,151.0,0.923,0.0,0.0,0.0,114.0,1.28,16.2,20.4,0.392,0.0,0.496,0.461,0.0,2430.0,2099.0,885.0,0.0,1.0,0.0,2.0,0.0,1.0,0.963,0.8436,0.8436,0.8436,0.8436,-4.4,-4.73,-3.74,26.0,-0.3,621.0,0,0,0.0,125.0,0.0,0.0,0.0,0.0,0.0,0.0,0.0,259.0,20.0,Sprint of small group,28.2,2.0,⛰️  Moy. montagne,0
2024-01-27,2024,trofeo-pollenca-port-d-andratx,result,,Arkéa - B&B Hotels,0,1.1,,,0.0,,,,,,,20.0,20.0,0.0,0.0,0.0,,157.51,156.0,0.756,0.0,0.0,0.0,122.0,0.792,17.9,16.1,0.292,0.0,0.402,0.0,0.0,2860.0,2903.0,890.0,0.0,3.0,1.0,1.0,0.0,1.0,0.9344,0.9344,0.6837,0.4101,0.4101,-0.2,-0.97,-1.36,9.0,0.31,397.0,0,0,0.0,125.0,0.0,0.0,0.0,0.0,0.0,0.0,0.0,315.0,20.0,Sprint of small group,19.2,2.0,⛰️  Moy. montagne,0
2024-01-28,2024,great-ocean-road-race,result,,Arkéa - B&B Hotels,0,1.UWT,,,0.0,,,,,,,55.0,55.0,0.0,0.0,0.0,,174.86,120.0,53.1,0.0,0.0,0.0,117.0,5.49,5.47,45.1,1.05,0.0,1.05,0.0,0.409,1699.0,1714.0,164.0,1.0,5.0,1.0,0.0,0.0,0.0,0.9279,0.0616,0.0,0.0,0.0,-1.0,-0.87,-0.92,54.0,0.04,566.0,0,0,0.0,300.0,0.0,0.0,0.0,0.0,0.0,0.0,0.0,213.0,23.0,Sprint of small group,0.0,1.0,🟢  Plat/Sprint,0
2024-01-28,2024,gp-d-ouverture,result,,Arkéa - B&B Hotels,0,1.1,,,0.0,,,,,,,73.0,73.0,0.0,0.0,0.0,,165.94,164.0,1.55,0.0,0.0,0.0,119.0,0.706,42.6,2.74,0.208,0.0,0.208,0.0,0.0,2753.0,2953.0,730.0,10.0,2.0,3.0,3.0,0.0,0.0,0.9443,0.9443,0.8165,0.0,0.0,-0.3,-1.3,-1.56,1.0,0.13,806.0,1,0,0.0,125.0,0.0,0.0,0.0,0.0,0.0,0.0,0.0,167.0,14.0,Sprint à deux,14.6,2.0,⛰️  Moy. montagne,0
2024-01-28,2024,trofeo-palma,result,,Arkéa - B&B Hotels,0,1.1,,,0.0,,,,,,,55.0,55.0,0.0,0.0,0.0,,149.8,140.0,5.26,3.71,0.0,0.0,49.0,2.57,88.4,5.77,1.61,0.0,1.55,3.36,0.0,989.0,997.0,250.0,0.0,2.0,1.0,0.0,0.0,0.0,0.6785,0.0891,0.0,0.0,0.0,-0.4,-0.07,0.0,43.0,0.13,443.0,0,0,0.0,125.0,3.414,0.0,2.276,0.0,1.138,0.0,0.0,194.0,17.0,Sprint of large group,13.75,1.0,🟢  Plat/Sprint,0
2024-02-01,2024,etoile-de-besseges,stage,2.0,Arkéa - B&B Hotels,0,2.1,,,0.0,,,,,,,3.0,102.0,85.0,0.0,0.0,2.0,163.86,163.0,0.746,0.194,0.0,0.0,132.0,0.33,28.7,2.62,0.0,0.0,0.0,0.0,0.0,1986.0,1755.0,636.0,33.0,2.0,2.0,1.0,0.0,0.0,0.9998,0.9998,0.6025,0.0,0.0,8.5,3.1,1.32,148.0,0.06,388.0,1,0,0.0,14.0,0.0,0.0,0.0,0.0,0.0,0.0,0.0,245.0,14.0,Sprint of small group,29.2,2.0,⛰️  Moy. montagne,0
2024-02-02,2024,etoile-de-besseges,stage,3.0,Arkéa - B&B Hotels,0,2.1,,,0.0,,,,,,,0.0,102.0,85.0,0.0,0.0,3.0,161.24,135.0,22.9,0.0,0.0,0.0,146.0,2.77,8.92,0.0,3.52,0.0,3.27,0.0,0.0,2326.0,2324.0,622.0,123.0,3.0,4.0,1.0,0.0,0.0,0.9304,0.8343,0.7145,0.0,0.0,0.5,0.13,0.02,56.0,-0.06,721.0,1,0,0.0,14.0,0.0,0.0,0.0,0.0,0.0,0.0,0.0,245.0,15.0,Sprint of large group,24.8,2.0,⛰️  Moy. montagne,0
2024-02-03,2024,etoile-de-besseges,stage,4.0,Arkéa - B&B Hotels,0,2.1,,,0.0,,,,,,,0.0,102.0,85.0,0.0,0.0,4.0,158.61,159.0,0.0,0.0,0.0,0.0,155.0,0.0,3.87,0.0,0.0,0.0,0.0,0.0,0.0,1801.0,1805.0,344.0,73.0,3.0,4.0,0.0,0.0,0.0,0.9937,0.9937,0.0,0.0,0.0,-0.4,3.33,3.64,219.0,-0.49,478.0,1,0,0.0,14.0,0.0,0.0,0.0,0.0,0.0,0.0,0.0,245.0,16.0,Sprint of small group,20.2,2.0,⛰️  Moy. montagne,0
2024-02-04,2024,etoile-de-besseges,stage,5.0,Arkéa - B&B Hotels,0,2.1,,,0.0,,,,,,,14.0,102.0,85.0,0.0,0.0,5.0,10.62,10.7,0.0,0.0,0.0,0.0,9.87,0.335,0.108,0.379,0.0,0.0,0.0,0.0,0.0,171.0,10.0,290.0,121.0,0.0,1.0,0.0,0.0,0.0,0.9965,0.9965,0.0,0.0,0.0,6.9,5.33,3.34,169.0,1.52,171.0,1,0,0.0,14.0,0.0,0.0,0.0,0.0,0.0,0.0,0.0,245.0,20.0,Time trial,22.0,1.0,🟢  Plat/Sprint,0
2024-02-09,2024,muscat-classic,result,,Arkéa - B&B Hotels,1,1.1,FIN,29.0,0.0,,,,,,,73.0,73.0,0.0,0.0,0.0,,174.05,133.0,27.3,0.0,0.0,0.0,83.0,0.328,77.5,0.0,13.7,0.0,4.29,0.0,0.0,1965.0,1951.0,376.0,2.0,2.0,4.0,1.0,0.0,0.0,0.9764,0.9764,0.4578,0.0,0.0,-0.1,-4.17,-2.48,267.0,0.29,269.0,0,0,0.0,125.0,0.0,0.0,0.0,0.0,0.0,0.0,0.0,224.0,22.0,4.5 km solo,19.2,2.0,⛰️  Moy. montagne,0
2024-02-09,2024,tour-cycliste-international-la-provence,stage,1.0,Arkéa - B&B Hotels,0,2.1,,,0.0,,,,,,,0.0,91.0,88.0,0.0,0.0,1.0,157.94,156.0,0.929,0.127,0.165,0.113,138.0,0.707,9.86,8.42,0.464,0.0,0.595,0.113,0.138,1440.0,1553.0,436.0,-3.0,0.0,2.0,1.0,0.0,0.0,0.613,0.613,0.3072,0.0,0.0,-0.2,-0.57,-1.32,50.0,0.56,693.0,0,0,0.0,14.0,0.0,0.0,0.0,0.0,0.0,0.0,0.0,144.0,12.0,Sprint of large group,29.8,2.0,⛰️  Moy. montagne,0
2024-02-10,2024,tour-cycliste-international-la-provence,stage,2.0,Arkéa - B&B Hotels,0,2.1,,,0.0,,,,,,,3.0,91.0,88.0,0.0,0.0,2.0,166.35,165.0,0.0,0.0,0.652,0.0,148.0,1.14,15.3,1.04,0.0,0.0,0.169,0.842,0.0,2411.0,2447.0,863.0,329.0,5.0,1.0,2.0,0.0,0.0,0.9146,0.8364,0.8364,0.0,0.0,3.9,0.23,0.16,93.0,0.65,845.0,0,1,174.05,14.0,0.0,0.0,0.0,0.0,0.0,0.0,0.0,144.0,8.0,Sprint of small group,15.6,2.0,⛰️  Moy. montagne,0
2024-02-10,2024,figueira-champions-classic,result,,Arkéa - B&B Hotels,0,1.Pro,,,0.0,,,,,,,5.0,5.0,0.0,0.0,0.0,,190.12,164.0,25.1,0.0,0.0,0.0,153.0,24.8,8.72,3.27,0.798,0.0,0.798,0.0,0.0,2246.0,2237.0,215.0,0.0,7.0,3.0,0.0,0.0,0.0,0.9639,0.8946,0.0,0.0,0.0,0.5,0.17,-0.96,15.0,-0.0,482.0,0,1,174.05,200.0,0.0,0.0,0.0,0.0,0.0,0.0,0.0,287.0,13.0,51 km solo,15.2,2.0,⛰️  Moy. montagne,0
2024-02-10,2024,tour-of-oman,stage,1.0,Arkéa - B&B Hotels,1,2.Pro,FIN,62.0,0.0,5.0,85.0,,,,,0.0,135.0,110.0,0.0,0.0,1.0,180.67,155.0,3.92,0.0,0.0,0.0,73.4,0.879,85.5,0.0,21.6,0.0,22.0,0.0,0.0,907.0,1276.0,738.0,14.0,0.0,1.0,1.0,0.0,0.0,0.4926,0.4926,0.4926,0.0,0.0,3.0,0.93,0.26,48.0,0.25,338.0,0,1,174.05,20.0,0.0,0.0,0.0,0.0,0.0,0.0,0.0,224.0,24.0,Sprint of large group,24.8,1.0,🟢  Plat/Sprint,0
2024-02-11,2024,clasica-de-almeria,result,,Arkéa - B&B Hotels,0,1.Pro,,,0.0,,,,,,,30.0,30.0,0.0,0.0,0.0,,190.01,158.0,8.48,0.0,2.42,0.0,153.0,2.53,12.8,0.0,20.8,0.0,20.8,0.67,0.0,1687.0,1729.0,528.0,-1.0,1.0,0.0,2.0,0.0,0.0,0.7554,0.542,0.542,0.0,0.0,0.3,-0.1,0.0,12.0,0.77,635.0,0,2,354.72,200.0,0.0,0.0,0.0,0.0,0.0,0.0,0.0,376.0,16.0,Sprint of large group,16.2,2.0,⛰️  Moy. montagne,0
2024-02-11,2024,tour-of-oman,stage,2.0,Arkéa - B&B Hotels,1,2.Pro,FIN,26.0,0.0,5.0,85.0,,,,,0.0,135.0,110.0,0.0,0.0,2.0,169.58,168.0,0.484,0.0,0.0,0.0,80.4,0.484,87.3,0.0,1.44,0.0,0.951,0.0,0.0,2098.0,1896.0,321.0,2.0,4.0,4.0,0.0,0.0,0.0,0.9996,0.9996,0.0,0.0,0.0,6.4,6.33,4.3,264.0,-0.03,935.0,0,2,354.72,20.0,0.0,0.0,0.0,0.0,0.0,0.0,0.0,224.0,26.0,Sprint of large group,22.2,2.0,⛰️  Moy. montagne,0
2024-02-11,2024,tour-cycliste-international-la-provence,stage,3.0,Arkéa - B&B Hotels,0,2.1,,,0.0,,,,,,,0.0,91.0,88.0,0.0,0.0,3.0,182.85,182.0,0.37,0.0,0.862,0.0,152.0,2.73,24.0,3.25,0.0,0.0,0.0,0.862,0.0,570.0,591.0,188.0,-1.0,0.0,1.0,0.0,0.0,0.0,0.3335,0.3335,0.0,0.0,0.0,0.9,-0.1,0.02,34.0,0.27,338.0,0,2,354.72,14.0,0.0,0.0,0.0,0.0,0.0,0.0,0.0,144.0,15.0,Sprint of small group,24.8,1.0,🟢  Plat/Sprint,0
2024-02-12,2024,tour-of-oman,stage,3.0,Arkéa - B&B Hotels,1,2.Pro,FIN,52.0,0.0,5.0,85.0,,,,,0.0,135.0,110.0,0.0,0.0,3.0,76.28,23.6,0.0,0.0,0.427,0.0,1.65,0.0,22.0,0.0,52.4,0.0,42.4,0.427,0.0,557.0,458.0,149.0,4.0,2.0,0.0,0.0,0.0,0.0,0.9984,0.0,0.0,0.0,0.0,3.4,1.87,1.34,204.0,0.04,292.0,0,3,524.3000000000001,20.0,0.0,0.0,0.0,0.0,0.0,0.0,0.0,224.0,22.0,Sprint of large group,24.8,1.0,🟢  Plat/Sprint,0
2024-02-13,2024,tour-of-oman,stage,4.0,Arkéa - B&B Hotels,1,2.Pro,FIN,8.0,0.0,5.0,85.0,,,,,20.0,135.0,110.0,0.0,0.0,4.0,0.0,0.0,0.0,0.0,0.0,0.0,0.0,0.0,0.0,0.0,0.0,0.0,0.0,0.0,0.0,0.0,0.0,0.0,0.0,0.0,0.0,0.0,0.0,0.0,0.0,0.0,0.0,0.0,0.0,0.0,0.0,0.0,0.0,0.0,0.0,0,4,600.58,,,,,,,,,224.0,23.0,Sprint of small group,,,,0
2024-02-14,2024,volta-ao-algarve,stage,1.0,Arkéa - B&B Hotels,0,2.Pro,,,0.0,,,,,,,3.0,3.0,0.0,0.0,0.0,1.0,200.97,198.0,2.59,0.676,0.0,0.0,81.9,1.83,117.0,0.0,0.0,0.0,0.0,0.0,0.0,2174.0,2181.0,484.0,2.0,4.0,1.0,1.0,0.0,0.0,0.7835,0.5844,0.5844,0.0,0.0,0.0,-0.4,-0.14,33.0,0.26,605.0,0,5,600.58,20.0,0.632,0.0,0.0,0.0,0.0,0.0,0.0,661.0,18.0,Sprint of large group,7.6,2.0,⛰️  Moy. montagne,0
2024-02-14,2024,tour-of-oman,stage,5.0,Arkéa - B&B Hotels,1,2.Pro,FIN,4.0,5.0,5.0,85.0,,,,,5.0,135.0,110.0,0.0,0.0,5.0,0.0,0.0,0.0,0.0,0.0,0.0,0.0,0.0,0.0,0.0,0.0,0.0,0.0,0.0,0.0,0.0,0.0,0.0,0.0,0.0,0.0,0.0,0.0,0.0,0.0,0.0,0.0,0.0,0.0,0.0,0.0,0.0,0.0,0.0,0.0,0,5,600.58,,,,,,,,,224.0,22.0,0.1 km solo,,,,0
2024-02-15,2024,volta-ao-algarve,stage,2.0,Arkéa - B&B Hotels,0,2.Pro,,,0.0,,,,,,,0.0,3.0,0.0,0.0,0.0,2.0,172.0,170.0,1.22,0.0,0.0,0.0,77.6,0.139,93.8,0.0,0.432,0.0,0.205,0.0,0.0,3137.0,2274.0,888.0,15.0,3.0,2.0,1.0,0.0,1.0,0.9999,0.9999,0.9999,0.9999,0.9999,6.7,6.13,6.0,362.0,0.18,488.0,0,6,600.58,20.0,0.0,0.0,0.0,0.0,0.0,0.0,0.0,661.0,18.0,Sprint of small group,15.0,3.0,🏔️  Haute montagne,1
2024-02-16,2024,volta-ao-algarve,stage,3.0,Arkéa - B&B Hotels,0,2.Pro,,,0.0,,,,,,,0.0,3.0,0.0,0.0,0.0,3.0,192.22,174.0,16.5,1.4,0.0,0.0,137.0,1.18,51.0,2.83,0.0,0.0,0.0,0.0,0.0,2569.0,2562.0,416.0,1.0,1.0,3.0,1.0,0.0,0.0,0.8158,0.8158,0.6148,0.0,0.0,0.4,0.13,-0.4,30.0,0.38,705.0,0,6,600.58,20.0,1.345,0.0,0.0,0.0,0.0,0.0,0.0,661.0,18.0,Sprint of large group,8.2,2.0,⛰️  Moy. montagne,0
2024-02-16,2024,classic-var,result,,Arkéa - B&B Hotels,0,1.1,,,0.0,,,,,,,8.0,8.0,0.0,0.0,0.0,,183.46,181.0,1.94,0.0,0.0,0.0,100.0,1.04,75.4,6.21,0.0,0.0,0.0,0.0,0.0,1990.0,1501.0,499.0,0.0,1.0,2.0,2.0,0.0,0.0,0.9998,0.9998,0.9998,0.0,0.0,9.3,8.8,8.68,400.0,0.05,282.0,0,6,600.58,125.0,0.0,0.0,0.0,0.0,0.0,0.0,0.0,195.0,15.0,Sprint of small group,10.0,3.0,🏔️  Haute montagne,1
2024-02-17,2024,tour-des-alpes-maritimes,stage,1.0,Arkéa - B&B Hotels,0,2.1,,,0.0,,,,,,,3.0,104.0,98.0,0.0,0.0,1.0,165.57,164.0,1.39,0.0,0.0,0.0,143.0,1.74,1.78,18.0,0.0,0.0,0.0,0.0,0.0,2652.0,3001.0,529.0,58.0,7.0,5.0,1.0,0.0,0.0,0.9423,0.9423,0.3674,0.0,0.0,2.0,-1.43,-0.9,38.0,-0.32,779.0,0,6,600.58,14.0,0.0,0.0,0.0,0.0,0.0,0.0,0.0,178.0,17.0,Sprint of large group,7.2,2.0,⛰️  Moy. montagne,0
2024-02-17,2024,volta-ao-algarve,stage,4.0,Arkéa - B&B Hotels,0,2.Pro,,,0.0,,,,,,,0.0,3.0,0.0,0.0,0.0,4.0,22.28,18.6,2.69,0.0,0.0,0.0,19.5,1.68,0.0,0.0,0.631,0.0,1.02,0.457,0.0,313.0,280.0,108.0,2.0,1.0,0.0,0.0,0.0,0.0,0.2461,0.0,0.0,0.0,0.0,1.0,1.33,-0.12,78.0,0.15,313.0,0,6,600.58,20.0,0.0,0.0,0.0,0.0,0.0,0.0,0.0,661.0,19.0,Time trial,13.8,1.0,🟢  Plat/Sprint,0
2024-02-18,2024,volta-ao-algarve,stage,5.0,Arkéa - B&B Hotels,0,2.Pro,,,0.0,,,,,,,0.0,3.0,0.0,0.0,0.0,5.0,165.62,162.0,3.32,0.0,0.0,0.0,83.4,0.246,81.0,0.001,0.165,0.0,0.165,0.0,0.0,2962.0,2474.0,575.0,14.0,5.0,3.0,2.0,0.0,0.0,0.9998,0.9998,0.9998,0.0,0.0,7.6,7.8,4.48,297.0,0.19,637.0,0,6,600.58,20.0,0.0,0.0,0.0,0.0,0.0,0.0,0.0,661.0,17.0,Sprint of small group,9.5,3.0,🏔️  Haute montagne,1
2024-02-18,2024,tour-des-alpes-maritimes,stage,2.0,Arkéa - B&B Hotels,0,2.1,,,0.0,,,,,,,3.0,104.0,98.0,0.0,0.0,2.0,131.57,131.0,0.478,0.0,0.0,0.0,110.0,2.48,1.89,17.0,0.186,0.0,0.186,0.0,0.0,2436.0,2217.0,692.0,32.0,2.0,2.0,3.0,0.0,0.0,0.9858,0.9858,0.7727,0.0,0.0,0.2,-0.17,1.6,235.0,1.03,1264.0,0,6,600.58,14.0,0.0,0.0,0.0,0.0,0.0,0.0,0.0,178.0,16.0,Sprint of small group,7.2,2.0,⛰️  Moy. montagne,0
2024-02-22,2024,gran-camino,stage,1.0,Arkéa - B&B Hotels,0,2.1,,,0.0,,,,,,,0.0,25.0,25.0,0.0,0.0,1.0,14.98,11.1,1.53,2.43,0.0,0.0,8.62,2.01,0.0,3.77,0.0,0.0,0.0,0.721,0.0,151.0,132.0,89.0,6.0,1.0,0.0,0.0,0.0,0.0,0.4522,0.0,0.0,0.0,0.0,2.3,1.23,0.58,40.0,0.13,151.0,0,6,600.58,14.0,0.0,0.0,0.0,0.0,0.0,0.0,0.0,234.0,11.0,Time trial,2.8,1.0,🟢  Plat/Sprint,0
2024-02-23,2024,gran-camino,stage,2.0,Arkéa - B&B Hotels,0,2.1,,,0.0,,,,,,,0.0,25.0,25.0,0.0,0.0,2.0,151.33,149.0,1.57,0.286,0.0,0.0,101.0,1.22,49.1,0.0,0.322,0.0,0.322,0.0,0.0,2759.0,2855.0,781.0,209.0,3.0,2.0,3.0,0.0,0.0,0.9799,0.9799,0.9799,0.0,0.0,-0.6,-1.37,1.7,181.0,-0.4,708.0,0,6,600.58,14.0,0.0,0.0,0.0,0.0,0.0,0.0,0.0,234.0,6.0,3.4 km solo,1.8,2.0,⛰️  Moy. montagne,0
2024-02-24,2024,omloop-het-nieuwsblad,result,,Arkéa - B&B Hotels,0,1.UWT,,,0.0,,,,,,,25.0,25.0,0.0,0.0,0.0,,202.0,108.0,74.8,19.4,0.0,0.0,59.1,45.2,2.4,75.8,0.187,0.186,0.399,0.174,0.0,1598.0,1596.0,106.0,6.0,4.0,0.0,0.0,0.0,0.0,0.9299,0.0,0.0,0.0,0.0,-0.1,-1.03,-0.5,83.0,0.13,343.0,1,6,600.58,300.0,6.13,0.0,1.663,0.0,0.024,0.0,0.0,676.0,6.0,Sprint à deux,0.0,1.0,🟢  Plat/Sprint,0
2024-02-24,2024,gran-camino,stage,3.0,Arkéa - B&B Hotels,0,2.1,,,0.0,,,,,,,0.0,25.0,25.0,0.0,0.0,3.0,173.42,173.0,0.225,0.0,0.0,0.0,125.0,0.873,48.0,0.0,0.0,0.0,0.0,0.0,0.0,2318.0,2834.0,955.0,75.0,0.0,3.0,2.0,0.0,0.0,0.8574,0.8574,0.6134,0.0,0.0,1.5,-1.23,-0.22,65.0,-0.27,420.0,0,6,600.58,14.0,0.0,0.0,0.0,0.0,0.0,0.0,0.0,234.0,9.0,12.5 km solo,2.2,2.0,⛰️  Moy. montagne,0
2024-02-24,2024,faun-ardeche-classic,result,,Arkéa - B&B Hotels,0,1.Pro,,,0.0,,,,,,,5.0,5.0,0.0,0.0,0.0,,170.68,162.0,7.41,0.0,0.0,0.0,122.0,0.0,33.7,13.3,0.433,0.0,0.0,0.0,0.0,3080.0,3116.0,685.0,106.0,1.0,4.0,3.0,0.0,0.0,0.9582,0.9582,0.8693,0.0,0.0,-0.1,0.07,-3.06,7.0,0.06,917.0,0,6,600.58,200.0,0.0,0.0,0.0,0.0,0.0,0.0,0.0,403.0,10.0,Sprint of small group,1.8,2.0,⛰️  Moy. montagne,0
2024-02-25,2024,la-drome-classic,result,,Arkéa - B&B Hotels,0,1.Pro,,,0.0,,,,,,,15.0,15.0,0.0,0.0,0.0,,190.08,165.0,24.0,0.0,0.0,0.0,148.0,9.3,25.3,5.76,2.06,0.0,2.06,0.0,0.0,2309.0,2313.0,513.0,112.0,4.0,2.0,1.0,0.0,0.0,0.8897,0.8377,0.7572,0.0,0.0,5.8,2.13,1.06,78.0,-0.02,458.0,0,6,600.58,200.0,0.0,0.0,0.0,0.0,0.0,0.0,0.0,356.0,11.0,5 km solo,2.2,2.0,⛰️  Moy. montagne,0
2024-02-25,2024,kuurne-brussel-kuurne,result,,Arkéa - B&B Hotels,0,1.Pro,,,0.0,,,,,,,0.0,0.0,0.0,0.0,0.0,,196.34,131.0,61.1,3.77,0.0,0.0,81.3,35.5,14.9,55.8,0.423,0.0,0.583,0.0,0.0,1793.0,1792.0,162.0,8.0,7.0,0.0,0.0,0.0,0.0,0.6658,0.0,0.0,0.0,0.0,-0.2,0.07,0.12,29.0,0.11,325.0,1,6,600.58,200.0,0.826,0.0,0.0,0.0,0.0,0.0,0.0,619.0,9.0,Sprint of 3 riders,5.0,1.0,🟢  Plat/Sprint,0
2024-02-25,2024,gran-camino,stage,4.0,Arkéa - B&B Hotels,0,2.1,,,0.0,,,,,,,0.0,25.0,25.0,0.0,0.0,4.0,130.53,120.0,9.27,0.0,0.0,0.0,85.9,1.68,41.7,0.0,1.09,0.0,0.812,0.0,0.0,2565.0,2005.0,609.0,1.0,3.0,0.0,3.0,0.0,0.0,0.9998,0.9998,0.9998,0.0,0.0,8.4,9.03,8.62,335.0,0.78,1055.0,0,6,600.58,14.0,0.0,0.0,0.0,0.0,0.0,0.0,0.0,234.0,13.0,3 km solo,7.6,3.0,🏔️  Haute montagne,1
2024-02-27,2024,gp-samyn,result,,Arkéa - B&B Hotels,0,1.1,,,0.0,,,,,,,95.0,95.0,0.0,0.0,0.0,,203.24,145.0,42.1,15.5,0.0,0.0,118.0,23.0,15.9,45.3,1.59,0.0,1.77,0.0,0.0,1399.0,1342.0,143.0,24.0,5.0,0.0,0.0,0.0,0.0,0.8934,0.0,0.0,0.0,0.0,2.2,1.5,0.58,116.0,0.05,337.0,1,6,600.58,125.0,7.287,0.0,2.527,0.0,1.035,0.0,0.0,193.0,9.0,Sprint of 25 riders,5.0,1.0,🟢  Plat/Sprint,0
2024-02-28,2024,trofeo-laigueglia,result,,Arkéa - B&B Hotels,0,1.Pro,,,0.0,,,,,,,65.0,65.0,0.0,0.0,0.0,,202.03,181.0,19.1,0.0,0.0,0.0,117.0,8.16,67.7,7.46,1.76,0.0,1.22,0.0,0.0,2991.0,2991.0,481.0,1.0,1.0,4.0,3.0,0.0,0.0,0.9862,0.9503,0.5808,0.0,0.0,-0.5,-2.03,-0.04,84.0,0.16,658.0,0,6,600.58,200.0,0.0,0.0,0.0,0.0,0.0,0.0,0.0,311.0,13.0,9.3 km solo,4.6,2.0,⛰️  Moy. montagne,0
2024-03-02,2024,grand-prix-criquielion,result,,Arkéa - B&B Hotels,0,1.1,,,0.0,,,,,,,105.0,105.0,0.0,0.0,0.0,,201.94,127.0,69.3,3.96,0.0,0.0,129.0,23.5,2.46,45.5,1.06,0.0,1.06,0.0,0.0,2225.0,2209.0,122.0,-10.0,7.0,0.0,0.0,0.0,0.0,0.9378,0.0,0.0,0.0,0.0,1.0,0.0,0.14,144.0,0.03,521.0,1,6,600.58,125.0,1.235,0.0,0.617,0.0,0.617,0.0,0.0,103.0,10.0,0.5 km solo,17.0,2.0,⛰️  Moy. montagne,0
2024-03-02,2024,strade-bianche,result,,Arkéa - B&B Hotels,1,1.UWT,DNF,,0.0,,,,,,,24.0,24.0,0.0,0.0,0.0,,215.08,141.0,6.3,0.841,19.0,47.5,119.0,55.9,38.9,0.0,0.569,0.0,0.616,0.408,0.0,3673.0,3622.0,460.0,140.0,10.0,4.0,1.0,0.0,0.0,0.9984,0.9639,0.273,0.0,0.0,5.1,0.77,-0.48,138.0,-0.25,616.0,0,6,600.58,400.0,0.865,0.669,0.865,0.0,0.865,0.0,0.0,775.0,14.0,81.1 km solo,38.0,2.0,⛰️  Moy. montagne,0
2024-03-03,2024,grote-prijs-jean-pierre-monsere,result,,Arkéa - B&B Hotels,0,1.1,,,0.0,,,,,,,106.0,106.0,0.0,0.0,0.0,,201.25,115.0,77.2,4.95,0.0,0.0,90.7,16.5,0.692,77.9,3.22,0.0,4.26,0.0,0.0,606.0,611.0,48.0,4.0,0.0,0.0,0.0,0.0,0.0,0.0,0.0,0.0,0.0,0.0,-0.1,-0.13,-0.12,39.0,0.03,135.0,1,7,815.6600000000001,125.0,1.507,0.0,0.468,0.0,0.468,0.0,0.0,103.0,6.0,Sprint of large group,24.0,1.0,🟢  Plat/Sprint,0
2024-03-03,2024,paris-nice,stage,1.0,Arkéa - B&B Hotels,0,2.UWT,,,0.0,,,,,,,0.0,40.0,40.0,0.0,0.0,1.0,158.16,151.0,7.04,0.0,0.0,0.0,91.3,5.1,53.3,8.43,0.0,0.0,0.0,0.0,0.0,1580.0,1619.0,184.0,21.0,7.0,2.0,0.0,0.0,0.0,0.9331,0.9331,0.0,0.0,0.0,2.4,0.4,-0.5,26.0,0.06,487.0,0,7,815.6600000000001,60.0,0.0,0.0,0.0,0.0,0.0,0.0,0.0,957.0,8.0,Sprint of large group,41.8,2.0,⛰️  Moy. montagne,0
2024-03-04,2024,tirreno-adriatico,stage,1.0,Arkéa - B&B Hotels,1,2.UWT,FIN,127.0,0.0,17.0,30.0,,,,,8.0,203.0,115.0,0.0,0.0,1.0,10.07,9.45,0.0,0.0,0.0,0.0,3.0,1.42,0.0,2.32,0.242,0.0,0.53,0.839,0.0,3.0,5.0,2.0,0.0,0.0,0.0,0.0,0.0,0.0,0.0,0.0,0.0,0.0,0.0,0.0,-0.03,0.0,3.0,-0.02,3.0,0,7,815.6600000000001,60.0,0.0,0.0,0.0,0.0,0.0,0.0,0.0,912.0,13.0,Time trial,45.2,1.0,🟢  Plat/Sprint,0
2024-03-04,2024,paris-nice,stage,2.0,Arkéa - B&B Hotels,0,2.UWT,,,0.0,,,,,,,0.0,40.0,40.0,0.0,0.0,2.0,179.59,178.0,0.899,0.244,0.0,0.0,127.0,1.93,48.7,1.98,0.0,0.0,0.0,0.0,0.0,1081.0,1114.0,181.0,61.0,2.0,0.0,0.0,0.0,0.0,0.4877,0.0,0.0,0.0,0.0,0.0,-0.1,0.14,25.0,0.09,371.0,0,7,815.6600000000001,60.0,0.0,0.0,0.0,0.0,0.0,0.0,0.0,957.0,11.0,Sprint of large group,45.2,1.0,🟢  Plat/Sprint,0
2024-03-05,2024,tirreno-adriatico,stage,2.0,Arkéa - B&B Hotels,1,2.UWT,FIN,116.0,0.0,17.0,30.0,,,,,25.0,203.0,115.0,0.0,0.0,2.0,199.68,191.0,1.22,0.0,0.0,0.0,122.0,2.4,67.4,1.3,6.9,0.0,0.699,0.0,0.0,1315.0,1369.0,399.0,-2.0,0.0,2.0,1.0,0.0,0.0,0.7314,0.7314,0.5292,0.0,0.0,-0.4,-0.13,-0.18,35.0,-0.11,266.0,0,8,825.73,60.0,0.0,0.0,0.0,0.0,0.0,0.0,0.0,912.0,15.0,Sprint of large group,41.8,2.0,⛰️  Moy. montagne,0
2024-03-06,2024,paris-nice,stage,4.0,Arkéa - B&B Hotels,0,2.UWT,,,0.0,,,,,,,0.0,40.0,40.0,0.0,0.0,4.0,183.89,174.0,10.2,0.0,0.189,0.0,149.0,1.42,33.7,0.0,0.0,0.0,0.0,0.0,0.189,3320.0,3030.0,745.0,176.0,2.0,4.0,4.0,0.0,0.0,0.9999,0.9999,0.8897,0.0,0.0,9.2,7.7,5.06,267.0,0.07,629.0,0,9,1025.41,60.0,0.0,0.0,0.0,0.0,0.0,0.0,0.0,957.0,8.0,1.3 km solo,1.6,3.0,🏔️  Haute montagne,1
2024-03-06,2024,tirreno-adriatico,stage,3.0,Arkéa - B&B Hotels,1,2.UWT,FIN,57.0,0.0,17.0,30.0,,,,,30.0,203.0,115.0,0.0,0.0,3.0,224.63,223.0,1.16,0.102,0.0,0.0,157.0,1.18,64.7,0.506,0.289,0.0,0.0,0.192,0.0,2592.0,2396.0,527.0,137.0,4.0,2.0,2.0,0.0,0.0,0.9999,0.9999,0.9999,0.0,0.0,0.8,2.03,1.54,115.0,-0.13,735.0,0,9,1025.41,60.0,0.0,0.0,0.0,0.0,0.0,0.0,0.0,912.0,9.0,Sprint of large group,43.8,2.0,⛰️  Moy. montagne,0
2024-03-07,2024,tirreno-adriatico,stage,4.0,Arkéa - B&B Hotels,1,2.UWT,FIN,79.0,0.0,17.0,30.0,,,,,0.0,203.0,115.0,0.0,0.0,4.0,207.39,204.0,0.422,0.0,0.0,0.0,103.0,2.37,98.2,0.0,3.27,0.0,2.71,0.0,0.172,2922.0,3097.0,1535.0,1.0,1.0,3.0,0.0,0.0,1.0,0.953,0.953,0.3967,0.3967,0.3967,2.7,1.8,-1.06,68.0,0.71,611.0,0,10,1250.04,60.0,0.0,0.0,0.0,0.0,0.0,0.0,0.0,912.0,8.0,Sprint of large group,15.8,2.0,⛰️  Moy. montagne,0
2024-03-07,2024,paris-nice,stage,5.0,Arkéa - B&B Hotels,0,2.UWT,,,0.0,,,,,,,0.0,40.0,40.0,0.0,0.0,5.0,194.44,194.0,0.678,0.0,0.0,0.0,144.0,0.367,44.3,5.58,0.0,0.0,0.0,0.0,0.0,2274.0,1951.0,968.0,91.0,3.0,1.0,1.0,0.0,1.0,0.9516,0.7027,0.7027,0.7027,0.7027,-0.1,0.73,0.2,40.0,0.24,354.0,0,10,1250.04,60.0,0.0,0.0,0.0,0.0,0.0,0.0,0.0,957.0,11.0,Sprint of large group,36.8,2.0,⛰️  Moy. montagne,0
2024-03-08,2024,paris-nice,stage,6.0,Arkéa - B&B Hotels,0,2.UWT,,,0.0,,,,,,,0.0,40.0,40.0,0.0,0.0,6.0,198.86,199.0,0.0,0.0,0.0,0.0,101.0,6.98,89.4,1.52,0.0,0.0,0.0,0.0,0.0,2866.0,3322.0,1187.0,32.0,2.0,1.0,3.0,1.0,0.0,0.8781,0.8781,0.8781,0.4919,0.0,3.8,0.27,-0.1,49.0,0.33,471.0,0,11,1457.4299999999998,60.0,0.0,0.0,0.0,0.0,0.0,0.0,0.0,957.0,9.0,Sprint of 3 riders,11.0,2.0,⛰️  Moy. montagne,0
2024-03-08,2024,tirreno-adriatico,stage,5.0,Arkéa - B&B Hotels,1,2.UWT,FIN,21.0,0.0,17.0,30.0,,,,,5.0,203.0,115.0,0.0,0.0,5.0,144.12,139.0,4.94,0.0,0.0,0.0,93.4,0.0,50.6,0.0,0.224,0.0,0.224,0.0,0.0,3022.0,2691.0,1156.0,87.0,1.0,3.0,2.0,0.0,1.0,0.9997,0.9997,0.8272,0.8272,0.8272,4.5,2.9,2.0,111.0,-0.08,827.0,0,11,1457.4299999999998,60.0,0.0,0.0,0.0,0.0,0.0,0.0,0.0,912.0,11.0,28.9 km solo,1.6,3.0,🏔️  Haute montagne,1
2024-03-09,2024,tirreno-adriatico,stage,6.0,Arkéa - B&B Hotels,1,2.UWT,FIN,13.0,0.0,17.0,30.0,,,,,0.0,203.0,115.0,0.0,0.0,6.0,180.32,180.0,0.739,0.0,0.0,0.0,134.0,0.626,45.5,0.0,0.0,0.0,0.0,0.0,0.0,3591.0,2781.0,1091.0,153.0,2.0,4.0,2.0,0.0,1.0,0.9997,0.9997,0.9997,0.9997,0.9997,6.6,7.4,7.28,333.0,0.04,725.0,0,12,1601.5499999999995,60.0,0.0,0.0,0.0,0.0,0.0,0.0,0.0,912.0,12.0,6.1 km solo,1.0,3.0,🏔️  Haute montagne,1
2024-03-09,2024,paris-nice,stage,7.0,Arkéa - B&B Hotels,0,2.UWT,,,0.0,,,,,,,0.0,40.0,40.0,0.0,0.0,7.0,103.84,97.8,6.02,0.0,0.0,0.0,99.5,0.0,3.07,1.18,0.0,0.0,0.0,0.0,0.0,2333.0,1176.0,1176.0,19.0,0.0,1.0,1.0,0.0,1.0,0.9997,0.9997,0.9997,0.9997,0.9997,5.6,5.47,5.26,177.0,0.67,874.0,0,12,1601.5499999999995,60.0,0.0,0.0,0.0,0.0,0.0,0.0,0.0,957.0,9.0,3.9 km solo,2.6,3.0,🏔️  Haute montagne,1
2024-03-10,2024,paris-nice,stage,8.0,Arkéa - B&B Hotels,0,2.UWT,,,0.0,,,,,,,0.0,40.0,40.0,0.0,0.0,8.0,110.28,109.0,0.0,0.0,0.0,0.0,77.8,1.26,23.2,7.21,0.479,0.0,0.359,0.0,0.0,2268.0,2291.0,694.0,5.0,1.0,1.0,3.0,1.0,0.0,0.9181,0.9181,0.9181,0.6677,0.0,-0.6,-1.33,-2.82,10.0,0.97,1104.0,0,13,1781.8699999999997,60.0,0.0,0.0,0.0,0.0,0.0,0.0,0.0,957.0,10.0,Sprint à deux,11.0,2.0,⛰️  Moy. montagne,0
2024-03-10,2024,tirreno-adriatico,stage,7.0,Arkéa - B&B Hotels,1,2.UWT,FIN,64.0,0.0,17.0,30.0,,,,,20.0,203.0,115.0,0.0,0.0,7.0,153.79,149.0,1.83,0.0,0.0,0.0,120.0,1.26,27.2,1.29,3.08,0.0,3.7,1.54,0.0,1505.0,1509.0,533.0,1.0,0.0,2.0,1.0,0.0,0.0,0.5404,0.5404,0.362,0.0,0.0,0.1,-0.2,-0.12,28.0,0.61,985.0,0,13,1781.8699999999997,60.0,0.0,0.0,0.0,0.0,0.0,0.0,0.0,912.0,17.0,Sprint of large group,6.0,2.0,⛰️  Moy. montagne,0
2024-03-13,2024,milano-torino,result,,Arkéa - B&B Hotels,0,1.Pro,,,0.0,,,,,,,5.0,5.0,0.0,0.0,0.0,,179.95,167.0,3.6,0.135,2.84,0.0,87.5,1.04,81.0,1.24,6.65,0.0,6.65,2.73,0.0,1261.0,1056.0,595.0,112.0,1.0,2.0,1.0,0.0,0.0,0.8875,0.8875,0.7805,0.0,0.0,1.4,1.13,1.08,62.0,-0.02,79.0,0,11,1411.36,200.0,0.0,0.0,0.0,0.0,0.0,0.0,0.0,304.0,17.0,30.5 km solo,41.8,1.0,🟢  Plat/Sprint,0
2024-03-13,2024,nokere-koerse,result,,Arkéa - B&B Hotels,0,1.Pro,,,0.0,,,,,,,13.0,13.0,0.0,0.0,0.0,,188.23,101.0,63.1,24.0,0.0,0.0,103.0,11.8,4.56,51.4,0.187,0.0,0.187,0.0,0.0,1138.0,1096.0,96.0,6.0,1.0,0.0,0.0,0.0,0.0,0.2262,0.0,0.0,0.0,0.0,-0.6,0.03,0.08,82.0,0.1,251.0,0,11,1411.36,200.0,8.49,0.0,3.645,0.0,3.302,0.0,0.0,289.0,13.0,Sprint of 8 riders,42.8,1.0,🟢  Plat/Sprint,0
2024-03-14,2024,gp-de-denain,result,,Arkéa - B&B Hotels,0,1.Pro,,,0.0,,,,,,,40.0,40.0,0.0,0.0,0.0,,199.23,168.0,7.2,22.7,0.221,1.27,166.0,8.91,7.23,13.5,0.0,0.0,0.0,3.88,0.0,1209.0,1210.0,122.0,20.0,1.0,0.0,0.0,0.0,0.0,0.6261,0.0,0.0,0.0,0.0,-0.6,-0.13,-0.18,32.0,0.05,236.0,1,10,1335.08,200.0,11.24,1.168,3.403,0.36,0.0,0.0,0.0,215.0,17.0,Sprint à deux,26.4,1.0,🟢  Plat/Sprint,0
2024-03-15,2024,bredene-koksijde-classic,result,,Arkéa - B&B Hotels,0,1.Pro,,,0.0,,,,,,,200.0,200.0,0.0,0.0,0.0,,201.38,136.0,62.0,3.17,0.297,0.0,103.0,10.1,2.77,53.3,0.0,0.0,0.495,0.281,0.0,848.0,844.0,157.0,-3.0,3.0,0.0,0.0,0.0,0.0,0.4972,0.0,0.0,0.0,0.0,0.1,0.1,0.06,14.0,0.0,27.0,1,9,1335.08,200.0,0.325,0.0,0.0,0.0,0.0,0.0,0.0,221.0,14.0,Sprint of 29 riders,13.2,1.0,🟢  Plat/Sprint,0
2024-03-16,2024,milano-sanremo,result,,Arkéa - B&B Hotels,0,1.UWT,,,0.0,,,,,,,45.0,45.0,0.0,0.0,0.0,,288.19,281.0,3.95,2.09,0.358,0.0,57.3,3.34,217.0,9.06,0.424,0.201,0.424,0.757,0.0,1994.0,2060.0,548.0,2.0,2.0,1.0,1.0,0.0,0.0,0.9759,0.9159,0.377,0.0,0.0,-0.6,-1.1,-2.56,50.0,0.03,112.0,0,8,1335.08,800.0,0.0,0.0,0.0,0.0,0.0,0.0,0.0,941.0,16.0,Sprint of 12 riders,4.0,2.0,⛰️  Moy. montagne,0
2024-03-16,2024,classic-loire-atlantique,result,,Arkéa - B&B Hotels,0,1.1,,,0.0,,,,,,,6.0,6.0,0.0,0.0,0.0,,184.26,163.0,20.7,0.0,0.0,0.0,147.0,29.3,0.0,7.77,0.0,0.0,0.0,0.0,0.0,2419.0,2420.0,56.0,7.0,0.0,0.0,0.0,0.0,0.0,0.0,0.0,0.0,0.0,0.0,-1.2,-0.1,0.42,114.0,-0.02,644.0,0,8,1335.08,125.0,0.0,0.0,0.0,0.0,0.0,0.0,0.0,65.0,16.0,20 km solo,53.2,1.0,🟢  Plat/Sprint,0
2024-03-17,2024,cholet-pays-de-loire,result,,Arkéa - B&B Hotels,0,1.1,,,0.0,,,,,,,5.0,5.0,0.0,0.0,0.0,,208.66,164.0,42.5,0.0,0.585,0.0,159.0,23.3,4.01,19.9,2.0,0.887,2.75,0.321,0.471,1754.0,1804.0,191.0,51.0,2.0,0.0,0.0,0.0,0.0,0.5571,0.0,0.0,0.0,0.0,0.7,-0.23,0.12,82.0,0.05,463.0,1,8,1335.08,125.0,0.0,0.0,0.0,0.0,0.0,0.0,0.0,83.0,16.0,1.4 km solo,52.8,1.0,🟢  Plat/Sprint,0
2024-03-18,2024,volta-a-catalunya,stage,1.0,Arkéa - B&B Hotels,1,2.UWT,FIN,47.0,0.0,12.0,48.0,,,,,0.0,58.0,50.0,0.0,0.0,1.0,173.49,158.0,15.1,0.494,0.0,0.0,157.0,2.34,13.0,0.0,0.0,0.0,0.0,0.606,0.0,2661.0,2636.0,470.0,2.0,3.0,3.0,2.0,0.0,0.0,0.9548,0.8588,0.8588,0.0,0.0,3.8,-1.17,-1.28,54.0,0.32,708.0,0,8,1335.08,50.0,0.0,0.0,0.0,0.0,0.0,0.0,0.0,724.0,19.0,1.1 km solo,13.0,2.0,⛰️  Moy. montagne,0
2024-03-19,2024,volta-a-catalunya,stage,2.0,Arkéa - B&B Hotels,1,2.UWT,FIN,14.0,0.0,12.0,48.0,,,,,0.0,58.0,50.0,0.0,0.0,2.0,186.41,184.0,0.373,0.0,0.151,0.0,102.0,0.285,80.6,0.712,2.1,0.0,1.98,0.334,0.0,3464.0,1324.0,2146.0,3.0,1.0,2.0,0.0,0.0,1.0,0.9997,0.9997,0.9997,0.9997,0.9997,6.0,7.1,6.68,262.0,0.18,434.0,0,9,1508.57,50.0,0.0,0.0,0.0,0.0,0.0,0.0,0.0,724.0,18.0,6.5 km solo,1.0,3.0,🏔️  Haute montagne,1
2024-03-20,2024,volta-a-catalunya,stage,3.0,Arkéa - B&B Hotels,1,2.UWT,FIN,7.0,8.0,12.0,48.0,,,,,8.0,58.0,50.0,0.0,0.0,3.0,176.42,158.0,18.4,0.0,0.0,0.0,58.0,0.0,118.0,0.0,0.0,0.0,0.0,0.0,0.0,3909.0,2698.0,1967.0,635.0,0.0,0.0,0.0,0.0,3.0,0.9998,0.9998,0.9998,0.9998,0.9998,7.9,7.5,6.68,382.0,1.54,1211.0,0,10,1694.98,50.0,0.0,0.0,0.0,0.0,0.0,0.0,0.16,724.0,17.0,7.3 km solo,1.0,3.0,🏔️  Haute montagne,1
2024-03-20,2024,classic-brugge-de-panne,result,,Arkéa - B&B Hotels,0,1.UWT,,,0.0,,,,,,,55.0,55.0,0.0,0.0,0.0,,200.47,148.0,45.7,4.12,0.784,0.159,75.1,26.1,15.9,61.5,1.14,0.0,1.91,0.263,0.731,266.0,270.0,35.0,-3.0,0.0,0.0,0.0,0.0,0.0,0.0,0.0,0.0,0.0,0.0,0.2,0.2,0.1,25.0,-0.02,54.0,1,10,1694.98,300.0,1.292,0.012,0.572,0.006,0.313,0.006,0.0,375.0,16.0,Sprint of large group,52.8,1.0,🟢  Plat/Sprint,0
2024-03-21,2024,volta-a-catalunya,stage,4.0,Arkéa - B&B Hotels,1,2.UWT,FIN,79.0,0.0,12.0,48.0,,,,,0.0,58.0,50.0,0.0,0.0,4.0,168.95,161.0,4.2,0.0,0.438,0.0,30.6,0.914,134.0,0.214,3.17,0.0,2.31,0.143,0.401,1381.0,1916.0,900.0,146.0,1.0,0.0,1.0,0.0,0.0,0.835,0.5124,0.5124,0.0,0.0,0.6,-0.43,-0.66,25.0,-0.62,288.0,0,11,1871.4,50.0,0.0,0.0,0.0,0.0,0.0,0.0,0.0,724.0,23.0,Sprint of large group,61.2,1.0,🟢  Plat/Sprint,0
2024-03-22,2024,e3-harelbeke,result,,Arkéa - B&B Hotels,0,1.UWT,,,0.0,,,,,,,104.0,104.0,0.0,0.0,0.0,,207.79,118.0,74.8,13.4,0.0,0.0,84.5,23.8,9.98,76.3,1.99,0.0,2.22,0.119,0.0,2014.0,2016.0,155.0,9.0,8.0,0.0,0.0,0.0,0.0,0.866,0.0,0.0,0.0,0.0,0.1,-0.1,-0.02,17.0,0.07,304.0,1,12,2040.35,400.0,4.196,0.022,0.36,0.0,0.0,0.0,0.0,734.0,11.0,43.7 km solo,53.2,1.0,🟢  Plat/Sprint,0
2024-03-22,2024,volta-a-catalunya,stage,5.0,Arkéa - B&B Hotels,1,2.UWT,FIN,57.0,0.0,12.0,48.0,,,,,0.0,58.0,50.0,0.0,0.0,5.0,167.23,162.0,4.19,0.195,0.0,0.0,135.0,2.92,26.9,0.87,0.806,0.137,0.818,0.0,0.0,2192.0,2224.0,679.0,2.0,1.0,2.0,1.0,1.0,0.0,0.7988,0.7988,0.7988,0.4544,0.0,0.7,0.23,0.06,15.0,0.25,608.0,0,12,2040.35,50.0,0.0,0.0,0.0,0.0,0.0,0.0,0.0,724.0,22.0,Sprint of large group,13.0,2.0,⛰️  Moy. montagne,0
2024-03-23,2024,volta-a-catalunya,stage,6.0,Arkéa - B&B Hotels,1,2.UWT,FIN,17.0,0.0,12.0,48.0,,,,,0.0,58.0,50.0,0.0,0.0,6.0,153.99,153.0,0.647,0.0,0.0,0.0,118.0,2.65,33.1,0.0,0.0,0.0,0.0,0.0,0.0,4230.0,3813.0,1731.0,626.0,3.0,2.0,2.0,1.0,1.0,0.9999,0.9999,0.9999,0.6432,0.6432,7.6,7.87,7.5,295.0,1.01,1335.0,0,13,2207.58,50.0,0.0,0.0,0.0,0.0,0.0,0.0,0.0,724.0,18.0,29.2 km solo,2.6,3.0,🏔️  Haute montagne,1
2024-03-24,2024,gent-wevelgem,result,,Arkéa - B&B Hotels,0,1.UWT,,,0.0,,,,,,,38.0,38.0,0.0,0.0,0.0,,251.41,170.0,72.8,5.06,2.83,0.0,104.0,5.95,3.32,112.0,0.852,0.0,1.73,4.21,0.0,1277.0,1292.0,156.0,-3.0,4.0,0.0,0.0,0.0,0.0,0.856,0.0,0.0,0.0,0.0,0.0,0.0,-0.02,10.0,0.0,155.0,1,14,2361.5699999999997,500.0,1.903,0.0,0.169,0.0,0.169,0.0,0.0,754.0,10.0,Sprint à deux,34.0,1.0,🟢  Plat/Sprint,0
2024-03-24,2024,volta-a-catalunya,stage,7.0,Arkéa - B&B Hotels,1,2.UWT,FIN,22.0,0.0,12.0,48.0,,,,,0.0,58.0,50.0,0.0,0.0,7.0,145.72,123.0,9.66,0.568,0.436,0.0,74.7,14.1,35.4,3.57,12.7,0.0,13.6,5.63,0.802,2051.0,2030.0,489.0,0.0,0.0,7.0,1.0,0.0,0.0,0.9567,0.9567,0.2056,0.0,0.0,-3.6,-1.1,-2.18,41.0,0.46,622.0,0,14,2361.5699999999997,50.0,0.0,0.0,0.0,0.0,0.0,0.0,0.0,724.0,13.0,Sprint of 23 riders,13.0,2.0,⛰️  Moy. montagne,0
2024-03-24,2024,la-roue-tourangelle,result,,Arkéa - B&B Hotels,0,1.1,,,0.0,,,,,,,123.0,123.0,0.0,0.0,0.0,,200.65,165.0,34.9,0.731,0.0,0.0,176.0,13.8,2.59,8.5,0.0,0.0,0.109,0.0,0.0,1782.0,1845.0,143.0,38.0,2.0,0.0,0.0,0.0,0.0,0.2709,0.0,0.0,0.0,0.0,0.0,0.07,0.02,44.0,-0.09,443.0,0,14,2361.5699999999997,125.0,0.515,0.0,0.0,0.0,0.0,0.0,0.0,102.0,12.0,Sprint of large group,40.4,1.0,🟢  Plat/Sprint,0
2024-03-27,2024,paris-camembert,result,,Arkéa - B&B Hotels,0,1.1,,,0.0,,,,,,,135.0,135.0,0.0,0.0,0.0,,207.45,155.0,52.8,0.0,0.0,0.0,171.0,2.26,30.7,3.37,0.0,0.0,0.0,0.0,0.0,1779.0,1846.0,249.0,46.0,10.0,1.0,0.0,0.0,0.0,0.9654,0.8039,0.0,0.0,0.0,0.1,-0.23,-0.2,54.0,-0.01,271.0,0,15,2507.2899999999995,125.0,0.0,0.0,0.0,0.0,0.0,0.0,0.0,118.0,9.0,Sprint of small group,13.0,2.0,⛰️  Moy. montagne,0
2024-03-27,2024,dwars-door-vlaanderen,result,,Arkéa - B&B Hotels,0,1.UWT,,,0.0,,,,,,,20.0,20.0,0.0,0.0,0.0,,188.39,121.0,53.4,11.7,0.0,0.0,72.6,20.6,9.79,71.3,1.73,0.0,2.03,0.173,0.0,1474.0,1487.0,165.0,8.0,4.0,0.0,0.0,0.0,0.0,0.723,0.0,0.0,0.0,0.0,-0.4,0.03,-0.1,74.0,0.02,119.0,1,15,2507.2899999999995,300.0,7.041,0.0,2.523,0.0,1.18,0.0,0.0,719.0,11.0,7 km solo,64.0,1.0,🟢  Plat/Sprint,0
2024-03-29,2024,route-adelie-de-vitre,result,,Arkéa - B&B Hotels,0,1.1,,,0.0,,,,,,,143.0,143.0,0.0,0.0,0.0,,176.66,149.0,27.4,0.0,0.0,0.0,147.0,6.46,15.3,8.25,0.0,0.0,0.0,0.0,0.0,2233.0,2241.0,122.0,67.0,0.0,0.0,0.0,0.0,0.0,0.0,0.0,0.0,0.0,0.0,-0.9,-0.3,-0.56,97.0,-0.01,599.0,0,15,2507.2899999999995,125.0,0.0,0.0,0.0,0.0,0.0,0.0,0.0,124.0,13.0,Sprint of small group,57.0,1.0,🟢  Plat/Sprint,0
2024-03-30,2024,gran-premio-miguel-indurain,result,,Arkéa - B&B Hotels,1,1.Pro,DNF,,0.0,,,,,,,66.0,66.0,0.0,0.0,0.0,,198.13,184.0,10.9,2.09,0.0,0.0,102.0,6.81,86.5,1.75,1.79,0.0,1.79,0.0,0.0,3157.0,3164.0,845.0,385.0,9.0,5.0,1.0,0.0,0.0,0.9648,0.9446,0.7863,0.0,0.0,-4.5,-1.93,-3.52,101.0,-0.01,546.0,0,15,2507.2899999999995,200.0,0.73,0.0,0.286,0.0,0.286,0.0,0.0,381.0,11.0,Sprint à deux,36.0,2.0,⛰️  Moy. montagne,0
2024-03-31,2024,ronde-van-vlaanderen,result,,Arkéa - B&B Hotels,0,1.UWT,,,0.0,,,,,,,670.0,670.0,0.0,0.0,0.0,,270.91,154.0,98.8,17.1,0.0,0.133,94.8,37.9,17.7,98.0,0.508,0.0,1.04,0.438,0.0,2168.0,2161.0,162.0,-3.0,4.0,1.0,0.0,0.0,0.0,0.9458,0.4927,0.0,0.0,0.0,0.0,-0.17,-0.02,19.0,-0.0,113.0,1,16,2705.42,800.0,5.685,0.0,1.839,0.0,0.0,0.0,0.0,752.0,13.0,44.8 km solo,85.6,1.0,🟢  Plat/Sprint,0
2024-04-01,2024,itzulia-basque-country,stage,1.0,Arkéa - B&B Hotels,0,2.UWT,,,0.0,,,,,,,10.0,118.0,102.0,0.0,0.0,1.0,10.05,9.78,0.0,0.251,0.0,0.0,7.62,1.57,0.0,0.344,0.0,0.0,0.0,0.565,0.0,158.0,159.0,124.0,3.0,1.0,0.0,0.0,0.0,0.0,0.4898,0.0,0.0,0.0,0.0,0.8,-1.53,-1.86,23.0,-0.01,158.0,0,16,2705.42,50.0,0.0,0.0,0.0,0.0,0.0,0.0,0.0,766.0,17.0,Time trial,198.8,1.0,🟢  Plat/Sprint,0
2024-04-02,2024,region-pays-de-la-loire,stage,1.0,Arkéa - B&B Hotels,0,2.1,,,0.0,,,,,,,3.0,155.0,135.0,0.0,0.0,1.0,209.99,194.0,15.1,0.287,0.0,0.0,150.0,5.17,39.4,14.6,0.0,0.0,0.0,0.0,0.0,658.0,667.0,77.0,-1.0,0.0,0.0,0.0,0.0,0.0,0.0,0.0,0.0,0.0,0.0,0.4,0.13,0.12,11.0,-0.03,193.0,0,15,2490.34,14.0,0.0,0.0,0.0,0.0,0.0,0.0,0.0,139.0,14.0,Sprint of large group,193.2,1.0,🟢  Plat/Sprint,0
2024-04-02,2024,itzulia-basque-country,stage,2.0,Arkéa - B&B Hotels,0,2.UWT,,,0.0,,,,,,,0.0,118.0,102.0,0.0,0.0,2.0,159.49,158.0,0.2,0.0,0.0,0.0,111.0,0.0,47.3,0.332,1.13,0.0,1.13,0.0,0.0,2267.0,2232.0,278.0,3.0,7.0,1.0,0.0,0.0,0.0,0.9268,0.5032,0.0,0.0,0.0,1.4,0.87,-0.58,93.0,0.1,757.0,0,15,2490.34,50.0,0.0,0.0,0.0,0.0,0.0,0.0,0.0,766.0,17.0,Sprint of large group,40.2,2.0,⛰️  Moy. montagne,0
2024-04-03,2024,scheldeprijs,result,,Arkéa - B&B Hotels,0,1.Pro,,,0.0,,,,,,,16.0,16.0,0.0,0.0,0.0,,205.05,98.8,81.1,8.26,1.12,0.0,40.0,5.74,7.14,79.7,16.8,0.0,17.1,0.751,5.74,355.0,351.0,33.0,-5.0,0.0,0.0,0.0,0.0,0.0,0.0,0.0,0.0,0.0,0.0,0.1,0.07,-0.02,32.0,-0.0,62.0,1,15,2490.34,200.0,5.923,0.0,2.132,0.0,1.529,0.0,0.0,368.0,14.0,Sprint of large group,168.0,1.0,🟢  Plat/Sprint,0
2024-04-03,2024,region-pays-de-la-loire,stage,2.0,Arkéa - B&B Hotels,0,2.1,,,0.0,,,,,,,14.0,155.0,135.0,0.0,0.0,2.0,162.57,161.0,1.68,0.0,0.0,0.0,126.0,3.62,20.6,11.8,0.0,0.0,0.0,0.0,0.0,1079.0,1127.0,91.0,14.0,0.0,0.0,0.0,0.0,0.0,0.0,0.0,0.0,0.0,0.0,-0.3,-1.73,-0.08,66.0,-0.07,284.0,0,15,2490.34,14.0,0.0,0.0,0.0,0.0,0.0,0.0,0.0,139.0,15.0,1.1 km solo,169.2,1.0,🟢  Plat/Sprint,0
2024-04-03,2024,itzulia-basque-country,stage,3.0,Arkéa - B&B Hotels,0,2.UWT,,,0.0,,,,,,,6.0,118.0,102.0,0.0,0.0,3.0,191.24,190.0,0.461,0.103,0.0,0.0,128.0,1.18,61.4,0.0,0.359,0.0,0.773,0.0,0.0,3057.0,2633.0,810.0,102.0,2.0,3.0,2.0,1.0,0.0,0.9215,0.9215,0.9215,0.3701,0.0,1.0,0.0,0.3,55.0,0.59,916.0,0,15,2490.34,50.0,0.0,0.0,0.0,0.0,0.0,0.0,0.0,766.0,18.0,Sprint of large group,40.2,2.0,⛰️  Moy. montagne,0
2024-04-04,2024,region-pays-de-la-loire,stage,3.0,Arkéa - B&B Hotels,0,2.1,,,0.0,,,,,,,0.0,155.0,135.0,0.0,0.0,3.0,160.39,124.0,36.8,0.0,0.0,0.0,150.0,3.01,1.25,5.77,0.0,0.0,0.0,0.0,0.0,1521.0,1534.0,99.0,26.0,0.0,0.0,0.0,0.0,0.0,0.0,0.0,0.0,0.0,0.0,-0.6,-0.07,-0.86,69.0,0.08,502.0,0,14,2480.27,14.0,0.0,0.0,0.0,0.0,0.0,0.0,0.0,139.0,16.0,Sprint of large group,142.6,1.0,🟢  Plat/Sprint,0
2024-04-04,2024,itzulia-basque-country,stage,4.0,Arkéa - B&B Hotels,0,2.UWT,,,0.0,,,,,,,0.0,118.0,102.0,0.0,0.0,4.0,159.56,157.0,2.85,0.0,0.0,0.0,107.0,1.45,47.7,0.63,0.0,0.0,0.0,2.69,0.0,2159.0,2101.0,1020.0,231.0,0.0,3.0,2.0,0.0,0.0,0.9454,0.9454,0.9454,0.0,0.0,1.8,0.77,0.42,60.0,0.93,757.0,0,14,2480.27,0.0,0.0,0.0,0.0,0.0,0.0,0.0,,766.0,20.0,10.1 km solo,41.4,2.0,⛰️  Moy. montagne,0
2024-04-05,2024,region-pays-de-la-loire,stage,4.0,Arkéa - B&B Hotels,0,2.1,,,0.0,,,,,,,3.0,155.0,135.0,0.0,0.0,4.0,174.89,148.0,10.5,0.912,0.0,0.0,129.0,15.3,7.39,6.29,11.6,0.0,11.7,0.97,0.0,1191.0,1224.0,138.0,47.0,1.0,0.0,0.0,0.0,0.0,0.2841,0.0,0.0,0.0,0.0,-0.4,-1.4,-0.46,440.0,0.07,302.0,0,13,2280.59,14.0,0.54,0.0,0.25,0.0,0.167,0.0,0.0,139.0,18.0,Sprint of small group,8.6,1.0,🟢  Plat/Sprint,0
2024-04-05,2024,itzulia-basque-country,stage,5.0,Arkéa - B&B Hotels,0,2.UWT,,,0.0,,,,,,,0.0,118.0,102.0,0.0,0.0,5.0,176.73,170.0,4.5,0.745,0.417,0.0,77.1,1.98,92.4,3.95,0.47,0.0,0.717,0.417,0.0,2199.0,2643.0,708.0,62.0,1.0,0.0,2.0,1.0,0.0,0.9087,0.9087,0.9087,0.4304,0.0,0.0,-2.37,-1.79,66.0,-0.72,406.0,0,13,2280.59,50.0,0.0,0.0,0.0,0.0,0.0,0.0,0.0,766.0,20.0,Sprint of 34 riders,41.4,2.0,⛰️  Moy. montagne,0
2024-04-06,2024,itzulia-basque-country,stage,6.0,Arkéa - B&B Hotels,0,2.UWT,,,0.0,,,,,,,0.0,118.0,102.0,0.0,0.0,6.0,137.35,135.0,2.42,0.261,0.0,0.0,93.9,5.2,37.2,0.947,0.0,0.0,0.0,0.215,0.0,3377.0,3338.0,678.0,12.0,2.0,2.0,3.0,1.0,0.0,0.9998,0.9188,0.797,0.3218,0.0,1.7,0.97,1.02,78.0,0.42,1414.0,0,12,2055.96,50.0,0.0,0.0,0.0,0.0,0.0,0.0,0.0,766.0,24.0,Other,14.4,2.0,⛰️  Moy. montagne,0
2024-04-07,2024,paris-roubaix,result,,Arkéa - B&B Hotels,0,1.UWT,,,0.0,,,,,,,35.0,35.0,0.0,0.0,0.0,,259.88,202.0,2.94,52.1,0.728,1.51,169.0,13.4,45.9,17.9,1.02,0.0,1.33,12.2,0.673,1363.0,1385.0,161.0,15.0,1.0,0.0,0.0,0.0,0.0,0.2579,0.0,0.0,0.0,0.0,-0.2,-0.53,-0.08,26.0,0.09,315.0,1,11,1848.57,800.0,14.531,0.0,6.232,0.0,1.499,0.0,0.0,658.0,18.0,59.6 km solo,7.2,1.0,🟢  Plat/Sprint,0
2024-04-10,2024,brabantse-pijl,result,,Arkéa - B&B Hotels,0,1.Pro,,,0.0,,,,,,,13.0,13.0,0.0,0.0,0.0,,195.09,129.0,60.8,5.65,0.0,0.0,76.6,10.4,11.5,87.0,0.0,0.109,0.159,0.205,0.0,1878.0,1815.0,146.0,28.0,2.0,0.0,0.0,0.0,0.0,0.4767,0.0,0.0,0.0,0.0,3.4,1.93,1.18,175.0,0.19,404.0,0,8,1370.34,200.0,1.011,0.0,0.385,0.0,0.059,0.0,0.0,389.0,14.0,Sprint of 6 riders,13.6,1.0,🟢  Plat/Sprint,0
2024-04-12,2024,classic-grand-besancon-doubs,result,,Arkéa - B&B Hotels,1,1.1,FIN,17.0,3.0,,,,,,,43.0,43.0,0.0,0.0,0.0,,171.83,164.0,7.43,0.0,0.0,0.0,165.0,2.22,0.0,3.55,0.541,0.0,0.576,0.0,0.0,2644.0,2364.0,595.0,209.0,5.0,3.0,1.0,0.0,0.0,0.9998,0.9998,0.9998,0.0,0.0,8.3,8.37,6.7,318.0,-0.16,534.0,0,8,1370.34,125.0,0.0,0.0,0.0,0.0,0.0,0.0,0.024,183.0,19.0,0.1 km solo,1.6,3.0,🏔️  Haute montagne,1
2024-04-13,2024,tour-du-jura-cycliste,result,,Arkéa - B&B Hotels,1,1.1,FIN,9.0,25.0,,,,,,,25.0,25.0,0.0,0.0,0.0,,175.97,165.0,10.3,0.0,0.0,0.0,157.0,4.15,14.0,0.835,0.0,0.0,0.198,0.0,0.0,3027.0,2410.0,833.0,198.0,4.0,1.0,3.0,0.0,0.0,0.9998,0.9998,0.9998,0.0,0.0,9.2,7.67,6.56,378.0,0.13,494.0,0,9,1542.17,125.0,0.0,0.0,0.0,0.0,0.0,0.0,0.2,164.0,20.0,0.9 km solo,10.2,3.0,🏔️  Haute montagne,1
2024-04-14,2024,amstel-gold-race,result,,Arkéa - B&B Hotels,0,1.UWT,,,0.0,,,,,,,10.0,10.0,0.0,0.0,0.0,,252.47,223.0,15.3,6.97,1.74,0.0,118.0,7.88,0.831,76.9,5.36,0.0,5.75,2.23,0.849,3239.0,3159.0,326.0,42.0,13.0,2.0,0.0,0.0,0.0,0.9961,0.7982,0.0,0.0,0.0,-0.7,0.57,-0.24,99.0,0.29,336.0,0,10,1718.14,500.0,0.334,0.839,0.203,0.0,0.203,0.0,0.0,884.0,15.0,Sprint of 4 riders,1.2,2.0,⛰️  Moy. montagne,0
2024-04-14,2024,tour-du-doubs,result,,Arkéa - B&B Hotels,0,1.1,,,0.0,,,,,,,20.0,20.0,0.0,0.0,0.0,,200.2,200.0,0.388,0.0,0.0,0.0,185.0,1.12,7.95,5.05,0.0,0.0,0.145,0.905,0.0,2903.0,2482.0,1183.0,379.0,4.0,2.0,1.0,0.0,1.0,0.9997,0.9997,0.9997,0.9997,0.9997,2.2,4.97,5.28,347.0,0.03,796.0,0,10,1718.14,125.0,0.0,0.0,0.0,0.0,0.0,0.0,0.0,126.0,22.0,Sprint à deux,15.2,3.0,🏔️  Haute montagne,1
2024-04-17,2024,la-fleche-wallonne,result,,Arkéa - B&B Hotels,0,1.UWT,,,0.0,,,,,,,376.0,376.0,0.0,0.0,0.0,,198.09,196.0,2.04,0.367,0.0,0.0,167.0,6.83,17.8,6.76,0.16,0.144,0.238,0.0,0.0,2791.0,2771.0,305.0,74.0,6.0,5.0,0.0,0.0,0.0,0.9998,0.8731,0.0,0.0,0.0,11.7,3.87,1.82,150.0,0.01,597.0,0,10,1718.14,400.0,0.0,0.0,0.0,0.0,0.0,0.0,0.0,861.0,6.0,Sprint of small group,3.2,2.0,⛰️  Moy. montagne,0
2024-04-21,2024,liege-bastogne-liege,result,,Arkéa - B&B Hotels,0,1.UWT,,,0.0,,,,,,,0.0,0.0,0.0,0.0,0.0,,168.65,162.0,5.79,0.283,0.0,0.0,142.0,5.57,13.6,7.7,0.176,0.0,0.176,0.0,0.0,2827.0,3156.0,568.0,108.0,4.0,6.0,0.0,0.0,0.0,0.9511,0.9511,0.0,0.0,0.0,2.5,-1.4,-1.74,98.0,-0.04,718.0,0,6,1012.87,800.0,0.0,0.0,0.0,0.0,0.0,0.0,0.0,999.0,5.0,34.4 km solo,77.2,2.0,⛰️  Moy. montagne,0
2024-04-23,2024,tour-de-romandie,prologue,,Arkéa - B&B Hotels,1,2.UWT,FIN,145.0,0.0,12.0,60.0,,,,,0.0,95.0,75.0,0.0,0.0,,2.25,1.37,0.112,0.0,0.0,0.0,0.441,0.938,0.0,0.111,0.553,0.0,0.75,0.181,0.0,3.0,3.0,449.0,446.0,0.0,0.0,0.0,0.0,0.0,0.0,0.0,0.0,0.0,0.0,0.0,0.0,0.0,3.0,0.0,3.0,0,4,691.6500000000001,60.0,0.0,0.0,0.0,0.0,0.0,0.0,0.0,,,,,0.0,⏱️  CLM,0
2024-04-24,2024,tour-de-romandie,stage,1.0,Arkéa - B&B Hotels,1,2.UWT,FIN,75.0,0.0,12.0,60.0,,,,,8.0,95.0,75.0,0.0,0.0,1.0,165.37,162.0,0.949,1.74,0.0,0.0,137.0,4.07,5.98,17.1,0.549,0.161,0.989,0.119,0.0,2631.0,2918.0,1035.0,543.0,4.0,3.0,1.0,0.0,0.0,0.9364,0.8575,0.2886,0.0,0.0,0.9,-0.03,-0.82,54.0,0.23,785.0,0,4,548.1800000000001,60.0,0.886,0.0,0.0,0.0,0.0,0.0,0.0,688.0,6.0,Sprint of large group,77.2,2.0,⛰️  Moy. montagne,0
2024-04-25,2024,tour-de-romandie,stage,2.0,Arkéa - B&B Hotels,1,2.UWT,FIN,12.0,0.0,12.0,60.0,,,,,0.0,95.0,75.0,0.0,0.0,2.0,170.89,167.0,2.92,0.0,0.0,0.0,101.0,0.483,53.6,15.4,0.423,0.0,0.584,0.0,0.0,2716.0,2347.0,1446.0,394.0,3.0,0.0,0.0,1.0,1.0,0.9998,0.9998,0.9998,0.9998,0.6313,8.3,7.27,7.73,351.0,-0.05,656.0,0,5,713.5500000000001,60.0,0.0,0.0,0.0,0.0,0.0,0.0,0.0,688.0,8.0,Sprint à deux,19.2,3.0,🏔️  Haute montagne,1
2024-04-26,2024,tour-de-romandie,stage,3.0,Arkéa - B&B Hotels,1,2.UWT,FIN,43.0,0.0,12.0,60.0,,,,,0.0,95.0,75.0,0.0,0.0,3.0,15.48,13.7,1.5,0.0,0.0,0.0,13.9,0.213,0.0,0.753,0.0,0.0,0.222,0.526,0.0,282.0,278.0,853.0,635.0,0.0,1.0,0.0,0.0,0.0,0.5007,0.5007,0.0,0.0,0.0,-4.2,-5.03,-2.68,101.0,0.03,282.0,0,6,884.44,60.0,0.0,0.0,0.0,0.0,0.0,0.0,0.0,688.0,10.0,Time trial,13.4,1.0,🟢  Plat/Sprint,0
2024-04-27,2024,tour-de-romandie,stage,4.0,Arkéa - B&B Hotels,1,2.UWT,FIN,10.0,2.0,12.0,60.0,,,,,2.0,95.0,75.0,0.0,0.0,4.0,151.89,139.0,12.1,0.0,0.0,0.0,121.0,2.62,19.0,8.26,0.0,0.0,0.186,0.36,0.0,3534.0,2701.0,1364.0,391.0,2.0,2.0,0.0,1.0,2.0,0.9998,0.9998,0.9998,0.9998,0.9998,5.4,5.47,6.54,454.0,1.19,1180.0,0,7,899.9200000000001,60.0,0.0,0.0,0.0,0.0,0.0,0.0,0.0333333333333333,688.0,16.0,2.2 km solo,17.6,3.0,🏔️  Haute montagne,1
2024-04-28,2024,tour-de-romandie,stage,5.0,Arkéa - B&B Hotels,1,2.UWT,FIN,48.0,0.0,12.0,60.0,,,,,10.0,95.0,75.0,0.0,0.0,5.0,150.24,149.0,1.24,0.0,0.0,0.0,115.0,0.422,0.707,31.8,0.0,0.0,0.0,0.757,0.0,1607.0,1602.0,460.0,348.0,8.0,0.0,0.0,0.0,0.0,0.9278,0.0,0.0,0.0,0.0,-0.5,0.03,0.52,89.0,-0.1,499.0,0,8,1051.81,60.0,0.0,0.0,0.0,0.0,0.0,0.0,0.0,688.0,12.0,Sprint of large group,10.2,1.0,🟢  Plat/Sprint,0
2024-05-01,2024,eschborn-frankfurt,result,,Arkéa - B&B Hotels,0,1.UWT,,,0.0,,,,,,,1.0,1.0,0.0,0.0,0.0,,200.99,184.0,4.66,2.36,0.145,0.0,126.0,6.45,22.4,22.6,10.0,0.52,10.5,2.0,0.807,2905.0,2925.0,844.0,92.0,2.0,2.0,0.0,2.0,0.0,0.8161,0.8161,0.5853,0.5853,0.0,-0.2,0.13,0.14,28.0,0.88,856.0,0,8,1003.92,300.0,0.658,0.081,0.459,0.005,0.0,0.0,0.0,405.0,25.0,Sprint of 35 riders,78.8,2.0,⛰️  Moy. montagne,0
2024-05-04,2024,giro-d-italia,stage,1.0,Arkéa - B&B Hotels,0,2.UWT,,,0.0,,,,,,,0.0,187.0,50.0,0.0,0.0,1.0,139.11,137.0,0.726,0.657,0.69,0.0,110.0,8.82,18.2,1.9,0.202,0.0,0.0,0.0,0.0,1835.0,1863.0,692.0,170.0,3.0,0.0,2.0,0.0,0.0,0.9765,0.8404,0.8404,0.0,0.0,-1.5,-4.1,0.04,146.0,0.15,295.0,0,8,1003.92,180.0,0.607,0.0,0.232,0.0,0.232,0.0,0.0,721.0,19.0,Sprint of 3 riders,79.0,2.0,⛰️  Moy. montagne,0
2024-05-04,2024,gp-de-plumelec,result,,Arkéa - B&B Hotels,0,1.Pro,,,0.0,,,,,,,160.0,160.0,0.0,0.0,0.0,,196.09,190.0,6.12,0.0,0.0,0.0,194.0,1.88,0.694,0.0,0.0,0.0,0.0,0.0,0.0,2867.0,2791.0,166.0,25.0,28.0,0.0,0.0,0.0,0.0,0.9998,0.0,0.0,0.0,0.0,6.0,3.57,1.3,130.0,0.1,523.0,1,8,1003.92,200.0,0.0,0.0,0.0,0.0,0.0,0.0,0.0,233.0,12.0,Sprint of large group,77.0,2.0,⛰️  Moy. montagne,0
2024-05-05,2024,giro-d-italia,stage,2.0,Arkéa - B&B Hotels,0,2.UWT,,,0.0,,,,,,,0.0,187.0,50.0,0.0,0.0,2.0,161.81,152.0,4.61,2.11,0.696,0.0,140.0,3.86,14.1,0.738,2.19,0.0,2.19,0.62,0.0,2310.0,1504.0,1136.0,180.0,1.0,2.0,1.0,0.0,1.0,0.9998,0.9998,0.9998,0.9998,0.9998,6.3,6.3,7.48,376.0,-0.19,230.0,0,8,1003.92,180.0,1.511,0.0,1.511,0.0,0.237,0.0,0.0,721.0,20.0,4.3 km solo,18.0,3.0,🏔️  Haute montagne,1
2024-05-05,2024,tro-bro-leon,result,,Arkéa - B&B Hotels,0,1.Pro,,,0.0,,,,,,,250.0,250.0,0.0,0.0,0.0,,204.38,139.0,39.9,0.0,20.6,3.2,155.0,4.51,9.02,8.04,1.6,0.167,1.79,25.6,0.147,1675.0,1647.0,128.0,2.0,2.0,0.0,0.0,0.0,0.0,0.3369,0.0,0.0,0.0,0.0,0.9,0.07,-0.12,52.0,0.12,406.0,1,8,1003.92,200.0,0.0,2.641,0.0,0.915,0.0,0.0,0.0,278.0,15.0,Sprint of 8 riders,12.2,1.0,🟢  Plat/Sprint,0
2024-05-06,2024,giro-d-italia,stage,3.0,Arkéa - B&B Hotels,0,2.UWT,,,0.0,,,,,,,80.0,187.0,50.0,0.0,0.0,3.0,167.61,160.0,4.76,0.0,2.53,0.0,83.5,2.6,78.9,1.82,0.428,0.0,0.428,0.185,0.0,868.0,634.0,392.0,97.0,2.0,2.0,0.0,0.0,0.0,0.979,0.9279,0.0,0.0,0.0,0.3,0.0,1.4,112.0,-0.06,41.0,0,8,1003.92,180.0,0.0,0.0,0.0,0.0,0.0,0.0,0.0,721.0,17.0,Sprint of large group,61.6,1.0,🟢  Plat/Sprint,0
2024-05-07,2024,giro-d-italia,stage,4.0,Arkéa - B&B Hotels,0,2.UWT,,,0.0,,,,,,,0.0,187.0,50.0,0.0,0.0,4.0,190.16,183.0,5.5,0.507,0.147,0.0,49.6,0.102,111.0,27.5,1.13,0.0,1.14,0.467,0.0,2151.0,2305.0,1036.0,0.0,3.0,0.0,0.0,0.0,1.0,0.9837,0.4046,0.4046,0.4046,0.4046,-1.1,-2.2,-0.06,82.0,0.41,413.0,0,8,1003.92,180.0,0.0,0.0,0.0,0.0,0.0,0.0,0.0,721.0,14.0,Sprint of large group,33.8,2.0,⛰️  Moy. montagne,0
2024-05-08,2024,giro-d-italia,stage,5.0,Arkéa - B&B Hotels,0,2.UWT,,,0.0,,,,,,,0.0,187.0,50.0,0.0,0.0,5.0,179.09,178.0,0.508,0.209,0.0,0.0,47.8,0.721,109.0,19.6,0.197,0.0,0.269,0.0,0.907,2216.0,2213.0,624.0,1.0,1.0,3.0,1.0,0.0,0.0,0.9246,0.9246,0.4436,0.0,0.0,-0.4,-0.3,-0.24,8.0,0.36,983.0,0,8,1003.92,180.0,0.0,0.0,0.0,0.0,0.0,0.0,0.0,721.0,20.0,Sprint of 3 riders,33.8,2.0,⛰️  Moy. montagne,0
2024-05-09,2024,giro-d-italia,stage,6.0,Arkéa - B&B Hotels,0,2.UWT,,,0.0,,,,,,,0.0,187.0,50.0,0.0,0.0,6.0,181.29,167.0,2.41,0.59,0.904,9.51,109.0,5.7,63.0,0.0,0.639,0.0,0.639,2.37,0.0,2134.0,1813.0,534.0,-2.0,4.0,2.0,1.0,0.0,0.0,0.9683,0.9683,0.3944,0.0,0.0,0.7,0.43,0.68,158.0,0.09,146.0,0,8,1003.92,180.0,0.058,9.732,0.058,2.384,0.0,0.0,0.0,721.0,23.0,Sprint of 3 riders,42.0,2.0,⛰️  Moy. montagne,0
2024-05-09,2024,circuit-de-wallonie,result,,Arkéa - B&B Hotels,0,1.1,,,0.0,,,,,,,50.0,50.0,0.0,0.0,0.0,,190.32,165.0,19.5,3.32,0.0,0.0,98.5,6.46,55.1,27.6,2.82,0.0,2.94,0.0,0.0,1965.0,1906.0,266.0,54.0,5.0,1.0,0.0,0.0,0.0,0.9754,0.6093,0.0,0.0,0.0,1.0,1.13,-0.54,179.0,0.03,341.0,1,8,1003.92,125.0,2.997,0.0,1.498,0.0,0.749,0.0,0.0,157.0,18.0,Sprint of large group,32.2,2.0,⛰️  Moy. montagne,0
2024-05-10,2024,giro-d-italia,stage,7.0,Arkéa - B&B Hotels,0,2.UWT,,,0.0,,,,,,,0.0,187.0,50.0,0.0,0.0,7.0,40.93,33.8,5.66,0.115,0.0,0.0,37.5,1.17,0.0,0.123,1.38,0.0,1.41,0.759,0.0,408.0,165.0,472.0,185.0,0.0,1.0,0.0,0.0,0.0,0.9984,0.9984,0.0,0.0,0.0,3.1,3.17,2.44,291.0,0.59,408.0,0,8,1003.92,180.0,0.0,0.0,0.0,0.0,0.0,0.0,0.0,721.0,23.0,Time trial,70.6,1.0,🟢  Plat/Sprint,0
2024-05-11,2024,giro-d-italia,stage,8.0,Arkéa - B&B Hotels,0,2.UWT,,,0.0,,,,,,,0.0,187.0,50.0,0.0,0.0,8.0,151.66,151.0,0.118,0.0,0.0,0.0,62.5,0.169,88.9,0.0,0.0,0.0,0.0,0.0,0.0,3658.0,2640.0,1451.0,290.0,1.0,3.0,1.0,0.0,2.0,0.9996,0.9996,0.9996,0.9996,0.9996,6.5,7.0,7.06,318.0,0.74,1335.0,0,8,1003.92,180.0,0.0,0.0,0.0,0.0,0.0,0.0,0.0,721.0,20.0,Sprint of 7 riders,9.4,3.0,🏔️  Haute montagne,1
2024-05-11,2024,tour-du-finistere,result,,Arkéa - B&B Hotels,0,1.1,,,0.0,,,,,,,85.0,85.0,0.0,0.0,0.0,,201.2,181.0,19.9,0.15,0.0,0.0,163.0,5.11,15.5,16.6,0.0,0.0,0.0,0.288,0.0,3053.0,3005.0,226.0,6.0,8.0,2.0,0.0,0.0,0.0,0.9775,0.6545,0.0,0.0,0.0,4.9,1.17,-0.4,101.0,0.18,720.0,0,8,1003.92,125.0,0.0,0.0,0.0,0.0,0.0,0.0,0.0,166.0,25.0,Sprint of large group,42.0,2.0,⛰️  Moy. montagne,0
2024-05-12,2024,boucles-de-l-aulne,result,,Arkéa - B&B Hotels,0,1.1,,,0.0,,,,,,,31.0,31.0,0.0,0.0,0.0,,181.76,168.0,13.0,0.616,0.0,0.0,170.0,2.63,8.91,0.0,0.0,0.0,0.0,0.0,0.0,2659.0,2661.0,212.0,4.0,16.0,3.0,0.0,0.0,0.0,0.976,0.6017,0.0,0.0,0.0,3.2,1.17,-0.9,83.0,-0.07,743.0,0,8,1003.92,125.0,0.369,0.0,0.185,0.0,0.123,0.0,0.0,156.0,17.0,Sprint of small group,27.0,2.0,⛰️  Moy. montagne,0
2024-05-12,2024,giro-d-italia,stage,9.0,Arkéa - B&B Hotels,0,2.UWT,,,0.0,,,,,,,0.0,187.0,50.0,0.0,0.0,9.0,214.01,160.0,9.66,0.0,3.53,0.0,108.0,1.95,60.5,0.0,41.2,0.0,42.0,4.42,0.0,1539.0,2264.0,740.0,-1.0,5.0,1.0,0.0,0.0,0.0,0.9544,0.3798,0.0,0.0,0.0,-0.1,-0.07,-1.79,10.0,-0.82,270.0,0,8,1003.92,180.0,0.0,0.0,0.0,0.0,0.0,0.0,0.0,721.0,23.0,Sprint of large group,33.2,2.0,⛰️  Moy. montagne,0
2024-05-14,2024,giro-d-italia,stage,10.0,Arkéa - B&B Hotels,0,2.UWT,,,0.0,,,,,,,0.0,187.0,50.0,0.0,0.0,10.0,142.01,129.0,11.8,0.223,0.0,0.0,127.0,2.32,11.5,0.0,1.04,0.0,0.414,0.0,0.0,3018.0,1658.0,1389.0,20.0,1.0,1.0,0.0,1.0,1.0,0.9986,0.9986,0.9986,0.9986,0.9986,7.3,7.37,7.48,473.0,0.31,259.0,0,6,656.12,180.0,0.0,0.0,0.0,0.0,0.0,0.0,0.0,721.0,24.0,2.5 km solo,4.4,3.0,🏔️  Haute montagne,1
2024-05-14,2024,4-jours-de-dunkerque,stage,1.0,Arkéa - B&B Hotels,0,2.Pro,,,0.0,,,,,,,5.0,33.0,13.0,0.0,0.0,1.0,0.0,155.0,12.1,0.0,0.0,0.0,148.0,9.86,2.43,7.46,0.0,0.0,0.0,0.0,0.0,0.0,0.0,0.0,0.0,0.0,0.0,0.0,0.0,0.0,0.0,0.0,0.0,0.0,0.0,0.0,0.0,0.0,0.0,0.0,0.0,0,6,656.12,20.0,0.0,0.0,0.0,0.0,0.0,0.0,0.0,161.0,14.0,Sprint of large group,68.0,1.0,🟢  Plat/Sprint,0
2024-05-15,2024,4-jours-de-dunkerque,stage,2.0,Arkéa - B&B Hotels,0,2.Pro,,,0.0,,,,,,,0.0,33.0,13.0,0.0,0.0,2.0,0.0,170.0,12.4,0.458,0.0,0.0,135.0,7.3,40.8,2.45,0.629,0.0,2.68,0.0,0.0,0.0,0.0,0.0,0.0,0.0,0.0,0.0,0.0,0.0,0.0,0.0,0.0,0.0,0.0,0.0,0.0,0.0,0.0,0.0,0.0,0,6,656.12,20.0,0.0,0.0,0.0,0.0,0.0,0.0,0.0,161.0,19.0,Sprint of large group,69.0,1.0,🟢  Plat/Sprint,0
2024-05-15,2024,giro-d-italia,stage,11.0,Arkéa - B&B Hotels,0,2.UWT,,,0.0,,,,,,,2.0,187.0,50.0,0.0,0.0,11.0,207.75,199.0,0.835,0.124,0.0,0.0,98.2,6.21,94.0,1.11,7.81,0.0,8.05,0.133,0.103,1830.0,2236.0,686.0,1.0,2.0,2.0,1.0,0.0,0.0,0.9337,0.4138,0.4138,0.0,0.0,-0.2,-0.1,-0.08,14.0,0.55,800.0,0,6,656.12,180.0,0.0,0.0,0.0,0.0,0.0,0.0,0.0,721.0,24.0,Sprint of large group,33.2,2.0,⛰️  Moy. montagne,0
2024-05-16,2024,4-jours-de-dunkerque,stage,3.0,Arkéa - B&B Hotels,0,2.Pro,,,0.0,,,,,,,10.0,33.0,13.0,0.0,0.0,3.0,0.0,162.0,4.0,0.0,0.0,0.0,152.0,4.93,6.49,2.41,0.0,0.0,0.0,0.0,0.0,0.0,0.0,0.0,0.0,0.0,0.0,0.0,0.0,0.0,0.0,0.0,0.0,0.0,0.0,0.0,0.0,0.0,0.0,0.0,0.0,0,6,656.12,20.0,0.0,0.0,0.0,0.0,0.0,0.0,0.0,161.0,17.0,Sprint of large group,67.0,1.0,🟢  Plat/Sprint,0
2024-05-16,2024,giro-d-italia,stage,12.0,Arkéa - B&B Hotels,0,2.UWT,,,0.0,,,,,,,0.0,187.0,50.0,0.0,0.0,12.0,194.17,190.0,1.72,0.137,1.16,0.0,129.0,2.74,55.1,3.43,1.61,0.0,1.82,2.06,0.217,2158.0,2148.0,271.0,0.0,4.0,6.0,0.0,0.0,0.0,0.9243,0.9243,0.0,0.0,0.0,0.8,0.37,-0.02,26.0,0.0,104.0,0,6,656.12,180.0,0.0,0.0,0.0,0.0,0.0,0.0,0.0,721.0,21.0,11.5 km solo,23.6,2.0,⛰️  Moy. montagne,0
2024-05-17,2024,4-jours-de-dunkerque,stage,4.0,Arkéa - B&B Hotels,0,2.Pro,,,0.0,,,,,,,0.0,33.0,13.0,0.0,0.0,4.0,0.0,146.0,9.89,14.2,0.0,0.0,113.0,7.23,25.3,18.8,0.0,0.0,0.0,5.23,0.0,0.0,0.0,0.0,0.0,0.0,0.0,0.0,0.0,0.0,0.0,0.0,0.0,0.0,0.0,0.0,0.0,0.0,0.0,0.0,0.0,0,6,656.12,20.0,0.0,0.0,0.0,0.0,0.0,0.0,0.0,161.0,20.0,0.45 km solo,19.0,1.0,🟢  Plat/Sprint,0
2024-05-17,2024,giro-d-italia,stage,13.0,Arkéa - B&B Hotels,0,2.UWT,,,0.0,,,,,,,0.0,187.0,50.0,0.0,0.0,13.0,180.56,177.0,3.61,0.0,0.0,0.0,100.0,1.82,73.3,5.47,0.0,0.0,0.0,0.0,0.0,197.0,188.0,38.0,3.0,0.0,0.0,0.0,0.0,0.0,0.0,0.0,0.0,0.0,0.0,-0.2,-0.13,-0.02,18.0,0.04,90.0,0,6,656.12,180.0,0.0,0.0,0.0,0.0,0.0,0.0,0.0,721.0,24.0,Sprint of large group,3.0,1.0,🟢  Plat/Sprint,0
2024-05-18,2024,giro-d-italia,stage,14.0,Arkéa - B&B Hotels,0,2.UWT,,,0.0,,,,,,,0.0,187.0,50.0,0.0,0.0,14.0,31.35,27.6,3.14,0.165,0.0,0.0,29.3,1.61,0.0,0.0,0.563,0.0,0.563,0.0,0.0,250.0,288.0,156.0,67.0,0.0,0.0,0.0,0.0,0.0,0.0,0.0,0.0,0.0,0.0,-0.4,-0.13,-0.22,15.0,-0.12,250.0,0,6,656.12,180.0,0.0,0.0,0.0,0.0,0.0,0.0,0.0,721.0,23.0,Time trial,3.0,1.0,🟢  Plat/Sprint,0
2024-05-18,2024,veenendaal-veenendaal,result,,Arkéa - B&B Hotels,0,1.1,,,0.0,,,,,,,53.0,53.0,0.0,0.0,0.0,,171.35,125.0,37.6,8.47,0.0,0.0,101.0,1.49,2.76,47.0,0.0,0.114,0.869,0.425,0.0,572.0,572.0,50.0,3.0,0.0,0.0,0.0,0.0,0.0,0.0,0.0,0.0,0.0,0.0,0.0,0.0,0.0,48.0,0.0,132.0,1,6,656.12,125.0,2.485,0.0,1.212,0.0,0.016,0.0,0.0,134.0,22.0,Sprint of large group,2.0,1.0,🟢  Plat/Sprint,0
2024-05-18,2024,4-jours-de-dunkerque,stage,5.0,Arkéa - B&B Hotels,0,2.Pro,,,0.0,,,,,,,0.0,33.0,13.0,0.0,0.0,5.0,0.0,150.0,8.68,20.6,0.0,0.0,129.0,7.49,42.3,0.135,0.0,0.572,0.529,0.0,0.0,0.0,0.0,0.0,0.0,0.0,0.0,0.0,0.0,0.0,0.0,0.0,0.0,0.0,0.0,0.0,0.0,0.0,0.0,0.0,0.0,0,6,656.12,20.0,0.0,0.0,0.0,0.0,0.0,0.0,0.0,161.0,14.0,Sprint of 3 riders,23.6,2.0,⛰️  Moy. montagne,0
2024-05-19,2024,4-jours-de-dunkerque,stage,6.0,Arkéa - B&B Hotels,0,2.Pro,,,0.0,,,,,,,5.0,33.0,13.0,0.0,0.0,6.0,0.0,158.0,6.94,15.1,0.0,0.0,132.0,29.0,7.42,8.11,0.0,0.0,0.108,2.38,0.0,0.0,0.0,0.0,0.0,0.0,0.0,0.0,0.0,0.0,0.0,0.0,0.0,0.0,0.0,0.0,0.0,0.0,0.0,0.0,0.0,0,6,656.12,20.0,0.0,0.0,0.0,0.0,0.0,0.0,0.0,161.0,17.0,Sprint of large group,12.6,1.0,🟢  Plat/Sprint,0
2024-05-19,2024,antwerp-port-epic,result,,Arkéa - B&B Hotels,0,1.1,,,0.0,,,,,,,20.0,20.0,0.0,0.0,0.0,,179.9,83.3,34.2,22.8,25.2,2.09,55.9,10.6,2.42,30.5,12.0,0.0,12.9,23.1,4.13,330.4,331.5,14.9,-8.2,0.0,0.0,0.0,0.0,0.0,0.0,0.0,0.0,0.0,0.0,-0.39,-0.12,-0.07,11.2,0.01,138.1,1,6,656.12,125.0,0.0,0.0,0.0,0.0,0.0,0.0,0.0,182.0,20.0,Sprint of small group,11.6,1.0,🟢  Plat/Sprint,0
2024-05-19,2024,giro-d-italia,stage,15.0,Arkéa - B&B Hotels,0,2.UWT,,,0.0,,,,,,,0.0,187.0,50.0,0.0,0.0,15.0,222.16,206.0,13.1,0.164,0.337,1.67,193.0,0.953,25.2,0.0,0.604,0.0,0.666,2.52,0.278,5751.0,3506.0,2387.0,142.0,1.0,1.0,1.0,0.0,3.0,0.9999,0.9999,0.9999,0.9999,0.9999,10.7,9.17,6.92,366.0,0.7,773.0,0,6,656.12,180.0,0.0,1.661,0.0,1.661,0.0,1.661,0.0,721.0,18.0,1.9 km solo,0.4,3.0,🏔️  Haute montagne,1
2024-05-21,2024,giro-d-italia,stage,16.0,Arkéa - B&B Hotels,0,2.UWT,,,0.0,,,,,,,30.0,187.0,50.0,0.0,0.0,16.0,118.6,115.0,0.395,0.318,0.459,0.0,63.0,2.13,49.3,0.777,2.44,0.0,2.36,0.488,0.367,2151.0,1407.0,1629.0,242.0,0.0,1.0,0.0,0.0,1.0,0.9998,0.9998,0.9998,0.9998,0.9998,13.7,8.83,6.48,336.0,-1.21,210.0,0,6,656.12,180.0,0.0,0.0,0.0,0.0,0.0,0.0,0.0,721.0,11.0,0.65 km solo,0.4,3.0,🏔️  Haute montagne,1
2024-05-22,2024,giro-d-italia,stage,17.0,Arkéa - B&B Hotels,0,2.UWT,,,0.0,,,,,,,0.0,187.0,50.0,0.0,0.0,17.0,159.3,134.0,22.5,0.708,0.348,0.0,70.9,0.698,84.2,1.37,1.4,0.0,2.26,0.821,0.264,4087.0,4063.0,2240.0,648.0,0.0,1.0,0.0,1.0,3.0,0.9982,0.9982,0.9982,0.9982,0.9982,5.0,6.0,8.14,407.0,-0.86,855.0,0,6,656.12,180.0,0.177,0.0,0.0,0.0,0.0,0.0,0.0,721.0,10.0,34.3 km solo,6.0,3.0,🏔️  Haute montagne,1
2024-05-23,2024,boucles-de-la-mayenne,prologue,,Arkéa - B&B Hotels,0,2.Pro,,,0.0,,,,,,,0.0,35.0,35.0,0.0,0.0,,5.53,4.68,0.0,0.0,0.0,0.0,3.02,2.09,0.0,0.277,0.0,0.0,0.675,0.0,0.0,56.0,53.0,94.0,51.0,0.0,0.0,0.0,0.0,0.0,0.0,0.0,0.0,0.0,0.0,1.6,1.27,-0.02,56.0,0.05,56.0,0,6,656.12,20.0,0.0,0.0,0.0,0.0,0.0,0.0,0.0,,,,0.0,0.0,⏱️  CLM,0
2024-05-23,2024,giro-d-italia,stage,18.0,Arkéa - B&B Hotels,0,2.UWT,,,0.0,,,,,,,0.0,187.0,50.0,0.0,0.0,18.0,179.38,158.0,18.1,1.13,0.0,0.0,102.0,3.89,60.3,11.4,0.938,0.0,1.66,0.622,0.0,864.0,1534.0,681.0,4.0,1.0,2.0,0.0,0.0,0.0,0.4665,0.4665,0.0,0.0,0.0,0.1,-0.03,0.06,7.0,-0.88,436.0,0,6,656.12,180.0,0.006,0.0,0.006,0.0,0.006,0.0,0.0,721.0,21.0,Sprint of large group,15.6,1.0,🟢  Plat/Sprint,0
2024-05-24,2024,boucles-de-la-mayenne,stage,1.0,Arkéa - B&B Hotels,0,2.Pro,,,0.0,,,,,,,0.0,35.0,35.0,0.0,0.0,1.0,167.72,136.0,31.4,0.0,0.0,0.0,164.0,3.36,0.638,0.0,0.0,0.0,0.0,0.0,0.0,1678.0,1659.0,242.0,69.0,1.0,2.0,0.0,0.0,0.0,0.6032,0.6032,0.0,0.0,0.0,0.9,-0.73,-0.6,64.0,0.06,556.0,0,5,653.87,20.0,0.0,0.0,0.0,0.0,0.0,0.0,0.0,241.0,17.0,Sprint of large group,15.6,1.0,🟢  Plat/Sprint,0
2024-05-24,2024,giro-d-italia,stage,19.0,Arkéa - B&B Hotels,0,2.UWT,,,0.0,,,,,,,0.0,187.0,50.0,0.0,0.0,19.0,156.66,154.0,1.09,0.465,0.103,0.0,120.0,2.63,31.4,1.51,1.11,0.0,1.21,0.0,0.0,3223.0,2029.0,1291.0,40.0,3.0,0.0,2.0,0.0,1.0,0.9598,0.9598,0.9598,0.9598,0.9598,-0.6,0.63,-0.32,79.0,0.23,465.0,0,5,653.87,180.0,0.0,0.0,0.0,0.0,0.0,0.0,0.0,721.0,19.0,28 km solo,6.6,2.0,⛰️  Moy. montagne,0
2024-05-25,2024,boucles-de-la-mayenne,stage,2.0,Arkéa - B&B Hotels,0,2.Pro,,,0.0,,,,,,,0.0,35.0,35.0,0.0,0.0,2.0,209.81,128.0,81.5,0.0,0.0,0.0,203.0,7.2,0.0,0.0,0.0,0.0,0.413,0.0,0.0,3293.0,3321.0,412.0,144.0,4.0,7.0,0.0,0.0,0.0,0.9576,0.9576,0.0,0.0,0.0,0.2,-1.37,-1.08,73.0,-0.05,697.0,0,4,488.5,20.0,0.0,0.0,0.0,0.0,0.0,0.0,0.0,241.0,18.0,9.1 km solo,0.4,2.0,⛰️  Moy. montagne,0
2024-05-25,2024,giro-d-italia,stage,20.0,Arkéa - B&B Hotels,0,2.UWT,,,0.0,,,,,,,0.0,187.0,50.0,0.0,0.0,20.0,183.96,168.0,12.9,0.0,0.0,0.0,154.0,1.31,22.3,3.76,3.11,0.0,3.11,0.0,0.0,4581.0,4853.0,1676.0,110.0,5.0,1.0,0.0,0.0,2.0,0.8941,0.813,0.813,0.813,0.813,-0.5,-0.7,-1.4,1.0,-0.53,516.0,0,4,488.5,180.0,0.0,0.0,0.0,0.0,0.0,0.0,0.0,721.0,16.0,34.1 km solo,0.4,2.0,⛰️  Moy. montagne,0
2024-05-26,2024,boucles-de-la-mayenne,stage,3.0,Arkéa - B&B Hotels,0,2.Pro,,,0.0,,,,,,,0.0,35.0,35.0,0.0,0.0,3.0,169.18,154.0,15.6,0.0,0.0,0.0,150.0,3.8,9.11,6.5,0.0,0.0,0.0,0.0,0.0,1406.0,1450.0,114.0,24.0,1.0,0.0,0.0,0.0,0.0,0.8254,0.0,0.0,0.0,0.0,0.7,-0.57,-0.1,81.0,-0.04,321.0,0,3,317.61,20.0,0.0,0.0,0.0,0.0,0.0,0.0,0.0,241.0,17.0,Sprint à deux,15.6,1.0,🟢  Plat/Sprint,0
2024-05-26,2024,giro-d-italia,stage,21.0,Arkéa - B&B Hotels,0,2.UWT,,,0.0,,,,,,,25.0,187.0,50.0,0.0,0.0,21.0,125.16,99.5,6.03,15.9,0.0,0.0,57.2,10.4,40.0,3.8,3.04,0.0,6.6,10.0,3.54,660.0,656.0,66.0,2.0,0.0,0.0,0.0,0.0,0.0,0.0,0.0,0.0,0.0,0.0,-0.1,0.0,0.06,37.0,0.01,298.0,0,3,317.61,180.0,12.088,0.0,5.012,0.0,2.556,0.0,0.0,721.0,25.0,Sprint of large group,5.0,1.0,🟢  Plat/Sprint,0
2024-05-26,2024,rund-um-koln,result,,Arkéa - B&B Hotels,0,1.1,,,0.0,,,,,,,38.0,38.0,0.0,0.0,0.0,,194.73,165.0,26.2,1.45,0.237,0.0,129.0,9.2,9.18,33.6,1.81,0.0,2.32,0.118,0.33,2549.0,2555.0,381.0,39.0,5.0,2.0,1.0,0.0,0.0,0.9041,0.7481,0.2938,0.0,0.0,-0.3,-0.17,-0.06,27.0,0.47,709.0,0,3,317.61,125.0,0.48,0.0,0.333,0.0,0.333,0.0,0.0,110.0,22.0,Sprint of large group,0.0,2.0,⛰️  Moy. montagne,0
2024-05-29,2024,mercan-tour-classic-alpes-maritimes,result,,Arkéa - B&B Hotels,1,1.1,FIN,28.0,-15.0,,,,,,,-9.0,-9.0,0.0,0.0,0.0,,167.68,165.0,0.603,0.0,0.0,0.0,129.0,0.891,30.4,5.89,0.75,0.0,1.7,0.223,0.0,5006.0,3718.0,1675.0,145.0,1.0,1.0,0.0,0.0,3.0,0.9992,0.9992,0.9992,0.9992,0.9992,4.4,4.53,3.0,237.0,0.09,830.0,0,0,0.0,125.0,0.0,0.0,0.0,0.0,0.0,0.0,0.0,195.0,19.0,0.9 km solo,6.0,3.0,🏔️  Haute montagne,1
2024-05-29,2024,circuit-franco-belge,result,,Arkéa - B&B Hotels,0,1.Pro,,,0.0,,,,,,,76.0,76.0,0.0,0.0,0.0,,191.44,128.0,62.5,0.407,0.0,0.0,117.0,24.6,12.8,36.7,0.0,0.0,0.47,0.0,0.0,2150.0,2079.0,123.0,12.0,8.0,0.0,0.0,0.0,0.0,0.9457,0.0,0.0,0.0,0.0,6.4,2.4,1.46,98.0,0.01,477.0,0,0,0.0,200.0,0.0,0.0,0.0,0.0,0.0,0.0,0.0,264.0,19.0,Sprint of small group,7.6,2.0,⛰️  Moy. montagne,0
2024-06-01,2024,heist-op-den-berg,result,,Arkéa - B&B Hotels,0,1.1,,,0.0,,,,,,,73.0,73.0,0.0,0.0,0.0,,194.43,77.1,111.0,4.66,0.0,0.0,10.9,14.5,0.825,146.0,1.98,0.0,2.07,0.0,0.0,494.0,491.0,43.0,3.0,0.0,0.0,0.0,0.0,0.0,0.0,0.0,0.0,0.0,0.0,-1.9,0.33,0.22,48.0,-0.0,66.0,0,1,167.68,125.0,1.761,0.0,0.471,0.0,0.443,0.0,0.0,132.0,16.0,Sprint of small group,9.0,1.0,🟢  Plat/Sprint,0
2024-06-02,2024,tour-auvergne-rhone-alpes,stage,1.0,Arkéa - B&B Hotels,1,2.UWT,FIN,100.0,0.0,,,,,,,25.0,41.0,0.0,0.0,0.0,1.0,172.57,173.0,0.0,0.0,0.0,0.0,149.0,0.428,20.2,2.8,0.0,0.0,0.0,0.0,0.0,1728.0,1752.0,619.0,239.0,3.0,2.0,1.0,0.0,0.0,0.9725,0.6178,0.4335,0.0,0.0,-1.0,-0.93,-1.0,139.0,0.63,753.0,0,1,167.68,60.0,0.0,0.0,0.0,0.0,0.0,0.0,0.0,779.0,14.0,Sprint of large group,22.8,2.0,⛰️  Moy. montagne,0
2024-06-02,2024,brussels-cycling-classic,result,,Arkéa - B&B Hotels,0,1.Pro,,,0.0,,,,,,,30.0,30.0,0.0,0.0,0.0,,218.36,158.0,49.7,7.5,0.0,0.0,106.0,14.2,14.8,69.4,3.4,0.823,3.81,0.174,0.0,1925.0,1981.0,171.0,17.0,4.0,0.0,0.0,0.0,0.0,0.7415,0.0,0.0,0.0,0.0,1.4,0.0,0.04,60.0,0.07,432.0,0,1,167.68,200.0,2.948,0.004,2.195,0.0,0.0,0.0,0.0,330.0,15.0,4.4 km solo,19.6,1.0,🟢  Plat/Sprint,0
2024-06-03,2024,tour-auvergne-rhone-alpes,stage,2.0,Arkéa - B&B Hotels,1,2.UWT,FIN,44.0,0.0,,,,,,,8.0,41.0,0.0,0.0,0.0,2.0,142.2,142.0,0.0,0.0,0.0,0.0,99.0,0.0,43.2,0.0,0.0,0.0,0.0,0.0,0.0,2502.0,1578.0,1251.0,263.0,1.0,2.0,1.0,0.0,1.0,0.9997,0.9997,0.9997,0.9997,0.9997,3.7,3.7,3.02,239.0,0.81,805.0,0,2,340.25,60.0,0.0,0.0,0.0,0.0,0.0,0.0,0.0,779.0,15.0,Sprint of large group,4.2,3.0,🏔️  Haute montagne,1
2024-06-04,2024,tour-auvergne-rhone-alpes,stage,3.0,Arkéa - B&B Hotels,1,2.UWT,FIN,41.0,0.0,,,,,,,8.0,41.0,0.0,0.0,0.0,3.0,182.14,179.0,3.27,0.0,0.0,0.0,105.0,0.344,71.9,5.28,0.0,0.0,0.0,0.0,0.0,2849.0,2139.0,1337.0,390.0,4.0,1.0,1.0,0.0,1.0,0.9997,0.9997,0.9997,0.9997,0.9997,4.5,4.63,4.36,305.0,-0.21,551.0,0,3,482.45,60.0,0.0,0.0,0.0,0.0,0.0,0.0,0.0,779.0,18.0,Sprint à deux,5.8,3.0,🏔️  Haute montagne,1
2024-06-05,2024,tour-auvergne-rhone-alpes,stage,4.0,Arkéa - B&B Hotels,1,2.UWT,FIN,43.0,0.0,,,,,,,0.0,41.0,0.0,0.0,0.0,4.0,34.4,30.7,3.66,0.0,0.0,0.0,34.4,0.0,0.0,0.0,0.0,0.0,0.0,0.0,0.0,427.0,297.0,558.0,317.0,0.0,1.0,0.0,0.0,0.0,0.8856,0.8856,0.0,0.0,0.0,3.6,0.87,-0.04,159.0,0.38,427.0,0,4,664.5899999999999,60.0,0.0,0.0,0.0,0.0,0.0,0.0,0.0,779.0,25.0,Time trial,25.6,1.0,🟢  Plat/Sprint,0
2024-06-06,2024,tour-auvergne-rhone-alpes,stage,5.0,Arkéa - B&B Hotels,1,2.UWT,NR,,0.0,,,,,,,0.0,41.0,0.0,0.0,0.0,5.0,165.63,162.0,1.81,0.0,0.0,0.0,151.0,1.64,5.57,5.14,1.54,0.0,0.161,0.458,0.0,2306.0,2459.0,822.0,152.0,1.0,1.0,3.0,0.0,0.0,0.8856,0.8856,0.7396,0.0,0.0,0.4,0.17,0.1,26.0,0.84,919.0,0,5,698.9899999999999,0.0,0.0,0.0,0.0,0.0,0.0,0.0,,779.0,21.0,-,27.8,2.0,⛰️  Moy. montagne,0
2024-06-07,2024,tour-auvergne-rhone-alpes,stage,6.0,Arkéa - B&B Hotels,1,2.UWT,FIN,17.0,0.0,,,,,,,0.0,41.0,0.0,0.0,0.0,6.0,173.75,174.0,0.194,0.0,0.0,0.0,147.0,0.42,17.6,8.24,0.0,0.0,0.0,0.0,0.0,3439.0,2378.0,1415.0,250.0,1.0,2.0,0.0,0.0,2.0,0.9998,0.9998,0.9998,0.9998,0.9998,10.0,8.67,8.88,444.0,0.3,613.0,0,6,864.6199999999999,60.0,0.0,0.0,0.0,0.0,0.0,0.0,0.0,779.0,24.0,0.3 km solo,7.4,3.0,🏔️  Haute montagne,1
2024-06-07,2024,gp-du-canton-d-argovie,result,,Arkéa - B&B Hotels,0,1.1,,,0.0,,,,,,,63.0,63.0,0.0,0.0,0.0,,175.48,131.0,41.6,0.0,3.85,0.0,130.0,0.61,8.61,10.6,0.0,0.0,13.2,12.2,0.709,2902.0,2904.0,601.0,317.0,0.0,7.0,0.0,0.0,0.0,0.9312,0.9312,0.0,0.0,0.0,2.2,0.6,-0.34,63.0,-0.04,657.0,0,6,864.6199999999999,125.0,0.0,0.0,0.0,0.0,0.0,0.0,0.0,326.0,24.0,Sprint of small group,27.8,2.0,⛰️  Moy. montagne,0
2024-06-08,2024,tour-auvergne-rhone-alpes,stage,7.0,Arkéa - B&B Hotels,1,2.UWT,DNF,,0.0,,,,,,,0.0,41.0,0.0,0.0,0.0,7.0,156.25,157.0,0.0,0.0,0.0,0.0,107.0,0.0,48.4,1.24,0.0,0.0,0.0,0.0,0.0,4316.0,3124.0,1652.0,420.0,1.0,1.0,1.0,0.0,3.0,0.9996,0.9996,0.9996,0.9996,0.9996,7.3,8.67,8.98,449.0,1.16,1563.0,0,7,1038.37,60.0,0.0,0.0,0.0,0.0,0.0,0.0,0.0,779.0,17.0,Sprint of small group,1.4,3.0,🏔️  Haute montagne,1
2024-06-08,2024,dwars-door-het-hageland,result,,Arkéa - B&B Hotels,0,1.Pro,,,0.0,,,,,,,20.0,20.0,0.0,0.0,0.0,,177.32,54.8,76.8,3.36,12.1,29.4,24.0,21.9,0.83,63.9,0.91,0.128,1.28,42.2,0.111,1122.0,1085.0,72.0,10.0,0.0,0.0,0.0,0.0,0.0,0.0,0.0,0.0,0.0,0.0,3.0,0.3,0.6,80.0,0.02,269.0,1,7,1038.37,200.0,1.596,12.641,0.743,5.319,0.743,3.856,0.0,170.0,19.0,Sprint à deux,25.6,1.0,🟢  Plat/Sprint,0
2024-06-09,2024,tour-auvergne-rhone-alpes,stage,8.0,Arkéa - B&B Hotels,0,2.UWT,,,0.0,,,,,,,0.0,41.0,0.0,0.0,0.0,8.0,160.05,160.0,0.0,0.0,0.0,0.0,151.0,0.0,8.21,1.12,0.0,0.0,0.0,0.0,0.0,3751.0,2868.0,1444.0,424.0,1.0,2.0,2.0,1.0,1.0,0.9996,0.9996,0.9996,0.9996,0.9996,3.7,3.5,5.94,297.0,0.52,1271.0,0,8,1194.62,60.0,0.0,0.0,0.0,0.0,0.0,0.0,0.0,779.0,20.0,Other,1.4,3.0,🏔️  Haute montagne,1
2024-06-09,2024,tour-de-suisse,stage,1.0,Arkéa - B&B Hotels,0,2.UWT,,,0.0,,,,,,,0.0,20.0,20.0,0.0,0.0,1.0,4.81,4.76,0.0,0.0,0.0,0.0,0.772,0.868,1.53,1.16,0.0,0.0,0.0,0.438,0.0,14.0,19.0,462.0,454.0,0.0,0.0,0.0,0.0,0.0,0.0,0.0,0.0,0.0,0.0,-0.4,-0.17,-0.1,14.0,-0.1,14.0,0,8,1194.62,60.0,0.0,0.0,0.0,0.0,0.0,0.0,0.0,744.0,22.0,Time trial,29.6,1.0,🟢  Plat/Sprint,0
2024-06-10,2024,tour-de-suisse,stage,2.0,Arkéa - B&B Hotels,0,2.UWT,,,0.0,,,,,,,0.0,20.0,20.0,0.0,0.0,2.0,176.84,174.0,2.13,0.0,0.268,0.307,89.0,2.11,58.8,19.0,0.178,0.197,0.282,1.34,0.0,2147.0,2168.0,804.0,410.0,3.0,2.0,2.0,0.0,0.0,0.935,0.935,0.4467,0.0,0.0,0.2,0.4,-0.08,27.0,-0.04,553.0,0,8,1194.62,60.0,0.0,0.0,0.0,0.0,0.0,0.0,0.0,744.0,19.0,Sprint of large group,40.4,2.0,⛰️  Moy. montagne,0
2024-06-11,2024,tour-de-suisse,stage,3.0,Arkéa - B&B Hotels,0,2.UWT,,,0.0,,,,,,,0.0,20.0,20.0,0.0,0.0,3.0,162.85,160.0,2.22,0.0,0.168,0.0,103.0,1.78,32.9,16.1,0.645,0.0,0.775,0.844,0.0,1767.0,1713.0,787.0,324.0,3.0,1.0,1.0,0.0,0.0,0.9082,0.9082,0.9082,0.0,0.0,6.6,-0.1,0.7,130.0,-0.17,323.0,0,8,1194.62,60.0,0.0,0.0,0.0,0.0,0.0,0.0,0.0,744.0,13.0,Sprint of large group,32.8,2.0,⛰️  Moy. montagne,0
2024-06-12,2024,tour-de-suisse,stage,4.0,Arkéa - B&B Hotels,0,2.UWT,,,0.0,,,,,,,0.0,20.0,20.0,0.0,0.0,4.0,170.8,159.0,7.79,2.47,0.551,0.0,57.5,2.8,73.7,23.5,0.736,0.0,1.49,2.86,0.0,3233.0,1623.0,2105.0,380.0,1.0,3.0,0.0,0.0,1.0,0.9923,0.9923,0.9923,0.9923,0.9923,-0.8,4.47,5.16,383.0,-0.01,697.0,0,8,1194.62,60.0,2.598,0.0,2.598,0.0,2.598,0.0,0.0,744.0,16.0,11 km solo,3.2,3.0,🏔️  Haute montagne,1
2024-06-12,2024,tour-of-belgium,stage,1.0,Arkéa - B&B Hotels,0,2.Pro,,,0.0,,,,,,,0.0,0.0,0.0,0.0,0.0,1.0,12.03,7.33,4.64,0.0,0.0,0.0,1.98,8.48,0.0,1.51,0.0,0.0,0.0,0.0,0.0,91.0,92.0,70.0,39.0,0.0,0.0,0.0,0.0,0.0,0.0,0.0,0.0,0.0,0.0,0.2,-0.3,-0.4,91.0,-0.01,91.0,1,8,1194.62,20.0,0.0,0.0,0.0,0.0,0.0,0.0,0.0,441.0,15.0,Time trial,24.6,1.0,🟢  Plat/Sprint,0
2024-06-13,2024,tour-de-suisse,stage,5.0,Arkéa - B&B Hotels,0,2.UWT,,,0.0,,,,,,,0.0,20.0,20.0,0.0,0.0,5.0,146.73,134.0,8.55,0.0,0.944,0.0,72.7,0.539,48.8,20.5,3.26,0.0,3.5,0.766,0.397,3072.0,2441.0,1660.0,237.0,0.0,1.0,1.0,0.0,2.0,0.9998,0.9998,0.9998,0.9998,0.9998,9.1,8.37,7.42,441.0,-0.84,1293.0,0,8,1194.62,60.0,0.0,0.0,0.0,0.0,0.0,0.0,0.0,744.0,21.0,0.85 km solo,1.6,3.0,🏔️  Haute montagne,1
2024-06-13,2024,tour-of-belgium,stage,2.0,Arkéa - B&B Hotels,0,2.Pro,,,0.0,,,,,,,0.0,0.0,0.0,0.0,0.0,2.0,183.77,108.0,63.4,11.4,0.27,0.0,48.9,15.6,0.145,88.1,0.0,0.0,1.41,0.627,0.188,460.0,465.0,59.0,-1.0,0.0,0.0,0.0,0.0,0.0,0.0,0.0,0.0,0.0,0.0,0.7,0.3,0.24,19.0,0.03,215.0,1,8,1194.62,20.0,5.923,0.0,2.628,0.0,1.234,0.0,0.0,441.0,18.0,Sprint of large group,10.0,1.0,🟢  Plat/Sprint,0
2024-06-14,2024,tour-of-belgium,stage,3.0,Arkéa - B&B Hotels,0,2.Pro,,,0.0,,,,,,,0.0,0.0,0.0,0.0,0.0,3.0,188.27,73.5,111.0,3.37,0.0,0.155,33.9,7.81,0.89,115.0,0.219,0.0,0.322,0.0,0.0,724.0,712.0,81.0,10.0,0.0,0.0,0.0,0.0,0.0,0.0,0.0,0.0,0.0,0.0,0.3,-0.37,-0.04,84.0,-0.02,61.0,1,8,1194.62,20.0,0.746,0.0,0.706,0.0,0.0,0.0,0.0,441.0,17.0,Sprint of large group,4.0,1.0,🟢  Plat/Sprint,0
2024-06-14,2024,tour-de-suisse,stage,6.0,Arkéa - B&B Hotels,0,2.UWT,,,0.0,,,,,,,0.0,20.0,20.0,0.0,0.0,6.0,42.52,42.5,0.0,0.0,0.0,0.0,7.44,1.94,33.2,0.0,0.0,0.0,0.0,0.0,0.0,826.0,847.0,1397.0,671.0,0.0,0.0,0.0,1.0,0.0,0.9986,0.9986,0.9986,0.9986,0.0,9.3,9.83,9.22,486.0,-0.05,826.0,0,8,1194.62,60.0,0.0,0.0,0.0,0.0,0.0,0.0,0.0,744.0,14.0,0.2 km solo,0.0,3.0,🏔️  Haute montagne,1
2024-06-15,2024,tour-de-suisse,stage,7.0,Arkéa - B&B Hotels,0,2.UWT,,,0.0,,,,,,,0.0,20.0,20.0,0.0,0.0,7.0,118.53,114.0,4.61,0.0,0.0,0.0,79.6,3.44,29.1,6.44,0.0,0.0,0.102,0.0,0.0,2970.0,3024.0,1772.0,394.0,0.0,0.0,1.0,0.0,2.0,0.9997,0.9997,0.9997,0.9997,0.9997,6.7,7.93,7.48,587.0,-1.47,769.0,0,8,1194.62,60.0,0.0,0.0,0.0,0.0,0.0,0.0,0.0,744.0,15.0,Other,0.0,3.0,🏔️  Haute montagne,1
2024-06-15,2024,tour-of-belgium,stage,4.0,Arkéa - B&B Hotels,0,2.Pro,,,0.0,,,,,,,0.0,0.0,0.0,0.0,0.0,4.0,176.52,156.0,19.8,0.904,0.0,0.0,171.0,2.53,0.0,3.51,0.0,0.0,0.0,0.0,0.0,2749.0,2708.0,323.0,140.0,5.0,5.0,0.0,0.0,0.0,0.9593,0.8495,0.0,0.0,0.0,2.6,-1.03,-0.92,301.0,0.07,800.0,1,8,1194.62,20.0,0.381,0.0,0.19,0.0,0.19,0.0,0.0,441.0,17.0,Sprint of small group,17.6,2.0,⛰️  Moy. montagne,0
2024-06-16,2024,tour-de-suisse,stage,8.0,Arkéa - B&B Hotels,0,2.UWT,,,0.0,,,,,,,0.0,20.0,20.0,0.0,0.0,8.0,15.63,15.3,0.309,0.0,0.0,0.0,11.4,0.196,2.89,0.967,0.0,0.0,0.0,0.134,0.0,875.0,16.0,1249.0,384.0,0.0,0.0,0.0,0.0,1.0,0.997,0.997,0.997,0.997,0.997,7.5,8.17,7.66,590.0,5.5,875.0,0,8,1194.62,60.0,0.0,0.0,0.0,0.0,0.0,0.0,0.0,744.0,22.0,Time trial,0.0,3.0,🏔️  Haute montagne,1
2024-06-16,2024,tour-of-belgium,stage,5.0,Arkéa - B&B Hotels,0,2.Pro,,,0.0,,,,,,,0.0,0.0,0.0,0.0,0.0,5.0,185.07,69.0,116.0,0.141,0.0,0.0,38.1,8.16,0.0,121.0,0.0,0.0,18.5,0.0,0.0,1037.0,1048.0,77.0,13.0,0.0,0.0,0.0,0.0,0.0,0.0,0.0,0.0,0.0,0.0,1.2,1.17,0.44,87.0,-0.1,284.0,0,8,1194.62,20.0,0.0,0.0,0.0,0.0,0.0,0.0,0.0,441.0,16.0,Sprint of large group,4.0,1.0,🟢  Plat/Sprint,0
2024-06-20,2024,nc-france-itt,result,,Arkéa - B&B Hotels,0,NC,,,0.0,,,,,,,50.0,50.0,0.0,0.0,0.0,,,,,,,,,,,,,,,,,,,,,0.0,0.0,0.0,0.0,0.0,,,,,,,,,,,,0,8,1194.62,,,,,,,,,31.0,,Time trial,,,,0
2024-06-20,2024,nc-italy-itt,result,,Arkéa - B&B Hotels,0,NC,,,0.0,,,,,,,1.0,1.0,0.0,0.0,0.0,,,,,,,,,,,,,,,,,,,,,0.0,0.0,0.0,0.0,0.0,,,,,,,,,,,,0,8,1194.62,,,,,,,,,,,Time trial,,,,0
2024-06-21,2024,nc-luxembourg-itt,result,,Arkéa - B&B Hotels,0,NC,,,0.0,,,,,,,30.0,30.0,0.0,0.0,0.0,,20.01,20.1,0.0,0.0,0.0,0.0,12.0,0.0,8.08,0.0,0.0,0.0,0.0,0.0,0.0,403.0,404.0,480.0,324.0,2.0,0.0,0.0,0.0,0.0,0.9929,0.0,0.0,0.0,0.0,2.9,4.17,2.28,198.0,-0.0,403.0,0,8,1194.62,50.0,0.0,0.0,0.0,0.0,0.0,0.0,0.0,,,Time trial,0.0,0.0,⏱️  CLM,0
2024-06-21,2024,nc-spain-itt,result,,Arkéa - B&B Hotels,0,NC,,,0.0,,,,,,,20.0,20.0,0.0,0.0,0.0,,33.36,33.2,0.0,0.0,0.0,0.0,2.09,0.0,31.1,0.0,0.0,0.0,0.151,0.12,0.0,326.0,329.0,927.0,829.0,1.0,0.0,0.0,0.0,0.0,0.6449,0.0,0.0,0.0,0.0,-1.7,-0.1,0.92,115.0,-0.01,326.0,0,8,1194.62,50.0,0.0,0.0,0.0,0.0,0.0,0.0,0.0,,,Time trial,10.0,0.0,⏱️  CLM,0
2024-06-23,2024,nc-france,result,,Arkéa - B&B Hotels,0,NC,,,0.0,,,,,,,3.0,3.0,0.0,0.0,0.0,,,,,,,,,,,,,,,,,,,,,0.0,0.0,0.0,0.0,0.0,,,,,,,,,,,,0,8,1194.62,,,,,,,,,340.0,,Sprint à deux,,,,0
2024-06-23,2024,nc-spain,result,,Arkéa - B&B Hotels,0,NC,,,0.0,,,,,,,1.0,1.0,0.0,0.0,0.0,,115.97,107.0,6.64,1.76,0.0,0.0,59.5,5.68,50.6,0.0,0.403,0.0,0.403,0.0,0.0,1743.0,1613.0,1208.0,682.0,2.0,2.0,1.0,0.0,0.0,0.9998,0.876,0.876,0.0,0.0,7.8,3.47,1.58,118.0,-0.26,570.0,0,8,1194.62,100.0,1.227,0.0,0.964,0.0,0.273,0.0,0.0,106.0,,22.5 km solo,16.6,2.0,⛰️  Moy. montagne,0
2024-06-23,2024,nc-belgium,result,,Arkéa - B&B Hotels,0,NC,,,0.0,,,,,,,0.0,0.0,0.0,0.0,0.0,,218.04,128.0,76.0,13.9,0.0,0.0,122.0,21.6,0.0,64.5,0.0,0.155,0.373,0.218,0.0,1796.0,1780.0,94.0,21.0,0.0,0.0,0.0,0.0,0.0,0.0,0.0,0.0,0.0,0.0,1.5,0.8,0.26,86.0,0.04,389.0,0,8,1194.62,100.0,3.115,0.0,1.502,0.0,1.502,0.0,0.0,475.0,,Sprint of large group,0.0,1.0,🟢  Plat/Sprint,0
2024-06-23,2024,ncgreat-britain,result,,Arkéa - B&B Hotels,0,NC,,,0.0,,,,,,,3.0,3.0,0.0,0.0,0.0,,,,,,,,,,,,,,,,,,,,,0.0,0.0,0.0,0.0,0.0,,,,,,,,,,,,0,8,1194.62,,,,,,,,,40.0,,0.1 km solo,,,,0
2024-06-23,2024,nc-poland,result,,Arkéa - B&B Hotels,0,NC,,,0.0,,,,,,,0.0,0.0,0.0,0.0,0.0,,,,,,,,,,,,,,,,,,,,,0.0,0.0,0.0,0.0,0.0,,,,,,,,,,,,0,8,1194.62,,,,,,,,,,,Sprint of small group,,,,0
2024-06-23,2024,nc-netherlands,result,,Arkéa - B&B Hotels,0,NC,,,0.0,,,,,,,0.0,0.0,0.0,0.0,0.0,,,,,,,,,,,,,,,,,,,,,0.0,0.0,0.0,0.0,0.0,,,,,,,,,,,,0,8,1194.62,,,,,,,,,124.0,,Sprint of small group,,,,0
2024-06-23,2024,nc-italy,result,,Arkéa - B&B Hotels,0,NC,,,0.0,,,,,,,0.0,0.0,0.0,0.0,0.0,,,,,,,,,,,,,,,,,,,,,0.0,0.0,0.0,0.0,0.0,,,,,,,,,,,,1,8,1194.62,,,,,,,,,265.0,,9.2 km solo,,,,0
2024-06-23,2024,nc-luxembourg,result,,Arkéa - B&B Hotels,0,NC,,,0.0,,,,,,,20.0,20.0,0.0,0.0,0.0,,145.06,126.0,19.8,0.0,0.0,0.0,94.9,0.0,32.3,0.0,0.0,0.0,0.0,18.7,0.0,2677.0,2680.0,501.0,324.0,0.0,8.0,0.0,0.0,0.0,0.9642,0.9642,0.0,0.0,0.0,5.8,0.33,-0.24,211.0,0.01,939.0,0,8,1194.62,100.0,0.0,0.0,0.0,0.0,0.0,0.0,0.0,,,Sprint of small group,12.6,2.0,⛰️  Moy. montagne,0
2024-06-29,2024,tour-de-france,stage,1.0,Arkéa - B&B Hotels,1,2.UWT,FIN,69.0,0.0,36.0,35.0,13.0,0.0,37.0,0.0,0.0,450.0,35.0,0.0,0.0,1.0,206.1,205.0,0.177,0.69,0.0,0.0,143.0,0.0,61.9,0.641,0.476,0.0,0.376,0.264,0.0,3748.0,3819.0,981.0,1.0,0.0,2.0,4.0,0.0,1.0,0.9149,0.9149,0.9149,0.226,0.226,-0.1,-0.13,-0.2,2.0,1.76,1077.0,1,7,1026.94,210.0,0.776,0.0,0.638,0.0,0.638,0.0,0.0,1723.0,30.0,Other,4.2,2.0,⛰️  Moy. montagne,0
2024-06-30,2024,tour-de-france,stage,2.0,Arkéa - B&B Hotels,1,2.UWT,FIN,4.0,90.0,36.0,35.0,13.0,0.0,37.0,0.0,300.0,450.0,35.0,0.0,0.0,2.0,201.1,190.0,4.24,3.78,0.0,0.0,111.0,4.1,61.3,19.3,3.36,0.249,4.19,2.64,0.157,1857.0,1811.0,317.0,-1.0,0.0,6.0,0.0,0.0,0.0,0.9261,0.9261,0.0,0.0,0.0,-0.4,-0.77,-0.38,14.0,0.03,41.0,1,8,1233.04,210.0,2.912,0.0,1.456,0.0,0.021,0.0,0.4285714285714285,1723.0,31.0,14.3 km solo,4.2,2.0,⛰️  Moy. montagne,0
2024-07-01,2024,tour-de-france,stage,3.0,Arkéa - B&B Hotels,1,2.UWT,FIN,85.0,0.0,36.0,35.0,13.0,0.0,37.0,0.0,0.0,450.0,35.0,0.0,0.0,3.0,231.11,225.0,3.13,1.8,0.48,0.0,144.0,7.86,77.6,1.12,0.185,0.0,0.338,0.478,0.0,1128.0,946.0,371.0,60.0,3.0,1.0,0.0,0.0,0.0,0.8125,0.8125,0.0,0.0,0.0,0.2,-0.03,-0.04,23.0,0.06,155.0,1,9,1434.14,210.0,0.0,0.0,0.0,0.0,0.0,0.0,0.0,1723.0,26.0,Sprint of small group,0.0,1.0,🟢  Plat/Sprint,0
2024-07-02,2024,tour-de-france,stage,4.0,Arkéa - B&B Hotels,1,2.UWT,FIN,38.0,0.0,36.0,35.0,13.0,0.0,37.0,0.0,0.0,450.0,35.0,0.0,0.0,4.0,139.83,136.0,0.648,0.178,0.305,0.0,38.7,1.05,88.7,8.51,1.73,0.0,2.47,0.974,0.178,3904.0,2905.0,2636.0,411.0,0.0,0.0,1.0,0.0,2.0,0.8686,0.8686,0.8686,0.8686,0.8686,0.5,-4.6,-3.74,18.0,3.23,1764.0,1,10,1665.25,210.0,0.0,0.0,0.0,0.0,0.0,0.0,0.0,1723.0,18.0,19.3 km solo,64.2,2.0,⛰️  Moy. montagne,0
2024-07-03,2024,tour-de-france,stage,5.0,Arkéa - B&B Hotels,1,2.UWT,FIN,117.0,0.0,36.0,35.0,13.0,0.0,37.0,0.0,45.0,450.0,35.0,0.0,0.0,5.0,177.9,178.0,0.0,0.0,0.0,0.0,58.4,0.439,98.4,20.6,0.0,0.117,0.0,0.0,0.0,1126.0,1414.0,646.0,196.0,0.0,1.0,1.0,0.0,0.0,0.8161,0.8161,0.3928,0.0,0.0,0.1,0.23,0.04,20.0,-0.47,56.0,1,10,1632.5100000000002,210.0,0.0,0.0,0.0,0.0,0.0,0.0,0.0,1723.0,20.0,Sprint of large group,0.0,1.0,🟢  Plat/Sprint,0
2024-07-04,2024,tour-de-france,stage,6.0,Arkéa - B&B Hotels,1,2.UWT,FIN,101.0,0.0,36.0,35.0,13.0,0.0,37.0,0.0,45.0,450.0,35.0,0.0,0.0,6.0,163.85,159.0,5.05,0.0,0.0,0.0,56.4,2.16,100.0,4.84,0.191,0.0,0.191,0.0,0.0,881.0,871.0,391.0,178.0,0.0,1.0,0.0,0.0,0.0,0.0752,0.0752,0.0,0.0,0.0,0.3,0.2,-0.02,42.0,0.04,370.0,1,10,1668.21,210.0,0.0,0.0,0.0,0.0,0.0,0.0,0.0,1723.0,22.0,Sprint of large group,9.0,1.0,🟢  Plat/Sprint,0
2024-07-05,2024,tour-de-france,stage,7.0,Arkéa - B&B Hotels,1,2.UWT,FIN,47.0,0.0,36.0,35.0,13.0,0.0,37.0,0.0,0.0,450.0,35.0,0.0,0.0,7.0,25.24,25.1,0.0,0.0,0.0,0.0,22.7,1.15,1.38,0.0,0.0,0.0,0.0,0.0,0.0,283.0,262.0,461.0,240.0,0.0,1.0,0.0,0.0,0.0,0.5953,0.5953,0.0,0.0,0.0,-0.1,-0.33,-0.04,32.0,0.08,283.0,1,10,1649.92,210.0,0.0,0.0,0.0,0.0,0.0,0.0,0.0,1723.0,24.0,Time trial,18.0,1.0,🟢  Plat/Sprint,0
2024-07-06,2024,tour-de-france,stage,8.0,Arkéa - B&B Hotels,1,2.UWT,FIN,163.0,0.0,36.0,35.0,13.0,0.0,37.0,0.0,0.0,450.0,35.0,0.0,0.0,8.0,183.59,183.0,0.0,0.0,0.0,0.103,148.0,0.156,31.9,2.69,0.666,0.0,0.37,0.103,0.0,2334.0,2338.0,552.0,241.0,7.0,3.0,0.0,0.0,0.0,0.9596,0.377,0.0,0.0,0.0,3.4,0.53,-0.04,130.0,0.13,734.0,1,10,1640.76,210.0,0.0,0.0,0.0,0.0,0.0,0.0,0.0,1723.0,16.0,Sprint of large group,64.2,2.0,⛰️  Moy. montagne,0
2024-07-07,2024,tour-de-france,stage,9.0,Arkéa - B&B Hotels,1,2.UWT,FIN,31.0,0.0,36.0,35.0,13.0,0.0,37.0,0.0,0.0,450.0,35.0,0.0,0.0,9.0,198.71,158.0,8.64,0.0,16.2,12.2,156.0,3.56,5.52,2.92,0.988,0.0,3.26,29.5,0.0,2012.0,2017.0,362.0,105.0,3.0,3.0,0.0,0.0,0.0,0.6308,0.6308,0.0,0.0,0.0,0.1,0.03,0.0,23.0,0.28,523.0,1,10,1658.72,210.0,0.0,5.146,0.0,3.201,0.0,0.0,0.0,1723.0,22.0,Sprint of 6 riders,60.2,2.0,⛰️  Moy. montagne,0
2024-07-09,2024,tour-de-france,stage,10.0,Arkéa - B&B Hotels,1,2.UWT,FIN,90.0,0.0,36.0,35.0,13.0,0.0,37.0,0.0,0.0,450.0,35.0,0.0,0.0,10.0,187.25,185.0,1.82,0.0,0.0,0.0,85.4,1.5,96.1,4.31,0.0,0.0,0.0,0.0,0.0,888.0,831.0,217.0,86.0,1.0,0.0,0.0,0.0,0.0,0.9401,0.0,0.0,0.0,0.0,0.1,0.2,0.08,17.0,0.01,202.0,1,9,1527.4300000000003,210.0,0.0,0.0,0.0,0.0,0.0,0.0,0.0,1723.0,26.0,Sprint of large group,18.0,1.0,🟢  Plat/Sprint,0
2024-07-10,2024,tour-de-france,stage,11.0,Arkéa - B&B Hotels,1,2.UWT,FIN,80.0,0.0,36.0,35.0,13.0,0.0,37.0,0.0,0.0,450.0,35.0,0.0,0.0,11.0,211.14,210.0,0.7,0.0,0.0,0.0,171.0,0.0,39.7,0.262,0.0,0.0,0.0,0.0,0.0,4177.0,3447.0,1583.0,371.0,4.0,4.0,1.0,0.0,1.0,0.9833,0.9833,0.9169,0.8028,0.8028,4.0,-1.57,1.4,169.0,0.58,756.0,1,10,1714.6800000000003,210.0,0.0,0.0,0.0,0.0,0.0,0.0,0.0,1723.0,21.0,Sprint à deux,60.0,2.0,⛰️  Moy. montagne,0
2024-07-11,2024,tour-de-france,stage,12.0,Arkéa - B&B Hotels,1,2.UWT,FIN,91.0,0.0,36.0,35.0,13.0,0.0,37.0,0.0,0.0,450.0,35.0,0.0,0.0,12.0,203.91,204.0,0.545,0.0,0.0,0.0,136.0,0.42,67.2,0.58,0.0,0.0,0.0,0.0,0.0,2253.0,2793.0,737.0,49.0,5.0,3.0,0.0,0.0,0.0,0.8626,0.4962,0.0,0.0,0.0,1.1,0.47,-0.1,28.0,-0.85,485.0,1,11,1925.82,210.0,0.0,0.0,0.0,0.0,0.0,0.0,0.0,1723.0,26.0,Sprint of large group,60.0,2.0,⛰️  Moy. montagne,0
2024-07-12,2024,tour-de-france,stage,13.0,Arkéa - B&B Hotels,1,2.UWT,FIN,133.0,0.0,36.0,35.0,13.0,0.0,37.0,0.0,10.0,450.0,35.0,0.0,0.0,13.0,165.34,165.0,0.0,0.0,0.0,0.0,136.0,0.478,22.9,5.2,0.58,0.0,0.646,0.175,0.0,1812.0,1680.0,335.0,52.0,7.0,1.0,0.0,0.0,0.0,0.9127,0.9127,0.0,0.0,0.0,-0.2,-0.37,-0.4,5.0,0.11,652.0,1,12,2129.73,210.0,0.0,0.0,0.0,0.0,0.0,0.0,0.0,1723.0,22.0,Sprint of 15 riders,0.0,2.0,⛰️  Moy. montagne,0
2024-07-13,2024,tour-de-france,stage,14.0,Arkéa - B&B Hotels,1,2.UWT,FIN,28.0,0.0,36.0,35.0,13.0,0.0,37.0,0.0,0.0,450.0,35.0,0.0,0.0,14.0,152.22,132.0,20.2,0.0,0.0,0.0,131.0,0.75,17.8,2.42,0.0,0.0,0.148,0.0,0.0,4057.0,2586.0,2115.0,182.0,0.0,0.0,0.0,1.0,2.0,0.9997,0.9997,0.9997,0.9997,0.9997,4.9,5.5,6.2,310.0,0.49,482.0,1,13,2295.07,210.0,0.0,0.0,0.0,0.0,0.0,0.0,0.0,1723.0,16.0,4.6 km solo,0.0,3.0,🏔️  Haute montagne,1
2024-07-13,2024,tour-de-l-ain,stage,1.0,Arkéa - B&B Hotels,0,2.1,,,0.0,,,,,,,0.0,21.0,21.0,0.0,0.0,1.0,137.1,116.0,20.4,0.0,0.0,0.0,116.0,6.61,13.2,0.785,0.214,0.0,0.24,0.0,0.0,1004.0,947.0,286.0,173.0,2.0,0.0,0.0,0.0,0.0,0.7742,0.0,0.0,0.0,0.0,-0.1,0.13,-0.22,48.0,0.03,370.0,0,13,2295.07,14.0,0.0,0.0,0.0,0.0,0.0,0.0,0.0,82.0,21.0,5.5 km solo,18.0,1.0,🟢  Plat/Sprint,0
2024-07-14,2024,giro-dell-appennino,result,,Arkéa - B&B Hotels,0,1.1,,,0.0,,,,,,,70.0,70.0,0.0,0.0,0.0,,198.44,193.0,3.22,0.0,0.246,0.0,97.3,1.39,70.6,27.8,1.5,0.324,2.74,0.0,0.0,2815.0,3010.0,740.0,3.0,0.0,1.0,3.0,1.0,0.0,0.8455,0.8455,0.8455,0.8455,0.0,1.5,0.3,0.32,35.0,0.27,444.0,0,14,2447.29,125.0,0.0,0.0,0.0,0.0,0.0,0.0,0.0,74.0,26.0,29 km solo,2.0,2.0,⛰️  Moy. montagne,0
2024-07-14,2024,tour-de-france,stage,15.0,Arkéa - B&B Hotels,1,2.UWT,FIN,29.0,0.0,36.0,35.0,13.0,0.0,37.0,0.0,0.0,450.0,35.0,0.0,0.0,15.0,198.4,198.0,0.0,0.0,0.0,0.0,173.0,0.0,12.8,12.4,0.514,0.0,0.0,0.0,0.0,5071.0,4314.0,1782.0,390.0,0.0,1.0,2.0,0.0,3.0,0.9998,0.9998,0.9998,0.9998,0.9998,5.5,6.43,7.0,305.0,0.62,1615.0,1,14,2447.29,210.0,0.0,0.0,0.0,0.0,0.0,0.0,0.0,1723.0,27.0,5.4 km solo,0.0,3.0,🏔️  Haute montagne,1
2024-07-14,2024,tour-de-l-ain,stage,2.0,Arkéa - B&B Hotels,0,2.1,,,0.0,,,,,,,0.0,21.0,21.0,0.0,0.0,2.0,155.13,152.0,3.61,0.0,0.0,0.0,155.0,0.0,0.175,0.0,0.0,0.0,0.0,0.0,0.0,3055.0,2377.0,1128.0,216.0,2.0,1.0,2.0,0.0,1.0,0.9914,0.9914,0.8449,0.8449,0.8449,0.6,0.33,1.58,132.0,1.22,804.0,0,14,2447.29,14.0,0.0,0.0,0.0,0.0,0.0,0.0,0.0,82.0,23.0,-,16.0,2.0,⛰️  Moy. montagne,0
2024-07-15,2024,tour-de-l-ain,stage,3.0,Arkéa - B&B Hotels,0,2.1,,,0.0,,,,,,,0.0,21.0,21.0,0.0,0.0,3.0,152.53,147.0,5.34,0.0,0.706,0.0,127.0,0.0,24.9,0.0,0.0,0.0,0.0,0.706,0.0,2606.0,2583.0,780.0,249.0,1.0,3.0,2.0,0.0,0.0,0.9378,0.9378,0.9378,0.0,0.0,-1.4,-0.63,-3.74,41.0,0.37,789.0,0,15,2645.69,14.0,0.0,0.0,0.0,0.0,0.0,0.0,0.0,82.0,26.0,Sprint of small group,16.0,2.0,⛰️  Moy. montagne,0
2024-07-16,2024,tour-de-france,stage,16.0,Arkéa - B&B Hotels,1,2.UWT,FIN,58.0,0.0,36.0,35.0,13.0,0.0,37.0,0.0,0.0,450.0,35.0,0.0,0.0,16.0,188.56,187.0,0.781,0.0,0.184,0.0,167.0,0.329,17.3,2.93,0.174,0.0,0.174,0.105,0.184,1133.0,1143.0,295.0,3.0,1.0,1.0,0.0,0.0,0.0,0.5014,0.5014,0.0,0.0,0.0,-0.1,-0.07,-0.08,8.0,-0.02,389.0,1,15,2645.69,210.0,0.0,0.0,0.0,0.0,0.0,0.0,0.0,1723.0,31.0,Sprint of large group,18.0,1.0,🟢  Plat/Sprint,0
2024-07-17,2024,tour-de-france,stage,17.0,Arkéa - B&B Hotels,1,2.UWT,FIN,22.0,0.0,36.0,35.0,13.0,0.0,37.0,0.0,0.0,450.0,35.0,0.0,0.0,17.0,178.05,177.0,0.641,0.0,0.0,0.0,32.3,0.93,114.0,30.1,0.511,0.0,0.577,0.0,0.0,3007.0,1591.0,1663.0,81.0,0.0,4.0,0.0,0.0,1.0,0.9998,0.9998,0.9041,0.9041,0.9041,3.8,5.03,3.92,224.0,0.57,437.0,1,16,2834.25,210.0,0.0,0.0,0.0,0.0,0.0,0.0,0.0,1723.0,27.0,13.3 km solo,0.0,3.0,🏔️  Haute montagne,1
2024-07-18,2024,tour-de-france,stage,18.0,Arkéa - B&B Hotels,1,2.UWT,FIN,68.0,0.0,36.0,35.0,13.0,0.0,37.0,0.0,15.0,450.0,35.0,0.0,0.0,18.0,179.84,168.0,11.7,0.245,0.0,0.0,87.3,0.0,59.8,32.3,0.391,0.0,0.391,0.0,0.0,3123.0,2838.0,1443.0,766.0,2.0,2.0,4.0,0.0,0.0,0.9749,0.9749,0.9749,0.0,0.0,0.7,-0.2,-0.14,50.0,0.19,858.0,1,17,3012.3,210.0,0.0,0.0,0.0,0.0,0.0,0.0,0.0,1723.0,30.0,Sprint of 3 riders,16.0,2.0,⛰️  Moy. montagne,0
2024-07-19,2024,tour-de-france,stage,19.0,Arkéa - B&B Hotels,1,2.UWT,FIN,16.0,0.0,36.0,35.0,13.0,0.0,37.0,0.0,0.0,450.0,35.0,0.0,0.0,19.0,145.1,145.0,0.0,0.0,0.0,0.0,120.0,0.251,12.7,12.4,0.0,0.0,0.0,0.0,0.0,4512.0,3369.0,2801.0,865.0,2.0,0.0,0.0,0.0,3.0,0.9999,0.9999,0.9999,0.9999,0.9999,5.9,6.43,6.0,354.0,1.33,1570.0,1,18,3192.1400000000003,210.0,0.0,0.0,0.0,0.0,0.0,0.0,0.0,1723.0,23.0,1.9 km solo,0.0,3.0,🏔️  Haute montagne,1
2024-07-20,2024,tour-de-france,stage,20.0,Arkéa - B&B Hotels,1,2.UWT,FIN,55.0,0.0,36.0,35.0,13.0,0.0,37.0,0.0,0.0,450.0,35.0,0.0,0.0,20.0,133.65,130.0,0.0,0.0,0.0,0.0,119.0,0.862,9.95,1.35,2.62,0.0,2.91,0.0,0.0,4696.0,3072.0,1676.0,52.0,0.0,0.0,1.0,0.0,3.0,0.9999,0.9999,0.9999,0.9999,0.9999,8.0,7.43,7.24,314.0,1.66,1574.0,1,19,3337.24,210.0,0.0,0.0,0.0,0.0,0.0,0.0,0.0,1723.0,27.0,0.15 km solo,0.0,3.0,🏔️  Haute montagne,1
2024-07-21,2024,tour-de-france,stage,21.0,Arkéa - B&B Hotels,1,2.UWT,FIN,77.0,0.0,36.0,35.0,13.0,0.0,37.0,0.0,0.0,450.0,35.0,0.0,0.0,21.0,33.77,31.7,0.316,0.16,0.0,0.0,18.0,0.832,5.43,7.49,0.501,0.0,0.795,0.731,0.0,716.0,713.0,523.0,3.0,1.0,0.0,1.0,0.0,0.0,0.6206,0.4607,0.4607,0.0,0.0,0.2,0.07,0.02,8.0,0.01,716.0,1,20,3470.8900000000003,210.0,0.0,0.0,0.0,0.0,0.0,0.0,0.0,1723.0,28.0,Time trial,9.0,1.0,🟢  Plat/Sprint,0
2024-07-22,2024,tour-de-wallonie,stage,1.0,Arkéa - B&B Hotels,0,2.Pro,,,0.0,,,,,,,0.0,35.0,35.0,0.0,0.0,1.0,179.45,141.0,24.4,6.72,3.01,0.0,118.0,5.82,17.6,32.5,4.31,0.133,4.39,0.0,0.11,1604.0,1471.0,180.0,16.0,5.0,1.0,0.0,0.0,0.0,0.9514,0.9514,0.0,0.0,0.0,0.5,0.17,-0.16,119.0,0.01,445.0,0,21,3504.6600000000003,20.0,2.885,0.0,0.0,0.0,0.0,0.0,0.0,227.0,22.0,Sprint of small group,0.0,1.0,🟢  Plat/Sprint,0
2024-07-23,2024,vuelta-a-castilla-y-leon,result,,Arkéa - B&B Hotels,0,1.1,,,0.0,,,,,,,73.0,73.0,0.0,0.0,0.0,,199.92,187.0,8.51,0.304,1.99,0.0,159.0,11.5,24.5,1.12,2.17,0.0,2.34,2.04,0.0,1461.0,1457.0,895.0,675.0,6.0,1.0,0.0,0.0,0.0,0.9136,0.6692,0.0,0.0,0.0,2.1,1.07,0.78,49.0,-0.07,389.0,0,21,3504.6600000000003,125.0,0.0,0.0,0.0,0.0,0.0,0.0,0.0,147.0,34.0,Sprint of large group,17.0,2.0,⛰️  Moy. montagne,0
2024-07-23,2024,tour-de-wallonie,stage,2.0,Arkéa - B&B Hotels,0,2.Pro,,,0.0,,,,,,,0.0,35.0,35.0,0.0,0.0,2.0,187.91,180.0,5.79,0.535,0.0,0.0,86.7,3.67,83.1,12.3,1.26,0.0,1.45,0.0,0.0,2300.0,2123.0,324.0,50.0,3.0,4.0,0.0,0.0,0.0,0.9866,0.9866,0.0,0.0,0.0,0.7,1.73,2.52,204.0,0.26,541.0,0,21,3504.6600000000003,20.0,0.54,0.0,0.258,0.0,0.0,0.0,0.0,227.0,20.0,Sprint of large group,19.0,2.0,⛰️  Moy. montagne,0
2024-07-24,2024,tour-de-wallonie,stage,3.0,Arkéa - B&B Hotels,0,2.Pro,,,0.0,,,,,,,0.0,35.0,35.0,0.0,0.0,3.0,193.81,179.0,12.8,0.296,0.0,0.0,146.0,10.8,33.1,3.07,1.35,0.0,1.35,0.0,0.0,3453.0,3594.0,630.0,219.0,5.0,4.0,3.0,0.0,0.0,0.9589,0.9589,0.8935,0.0,0.0,-4.5,-5.43,-3.6,52.0,0.3,762.0,0,21,3504.6600000000003,20.0,0.0,0.0,0.0,0.0,0.0,0.0,0.0,227.0,19.0,Sprint à deux,17.6,2.0,⛰️  Moy. montagne,0
2024-07-25,2024,prueba-villafranca,result,,Arkéa - B&B Hotels,0,1.1,,,0.0,,,,,,,100.0,100.0,0.0,0.0,0.0,,166.68,164.0,2.15,1.39,0.0,0.0,155.0,5.41,0.0,4.39,0.0,0.0,0.287,2.85,0.0,2497.0,2487.0,404.0,93.0,1.0,6.0,0.0,0.0,0.0,0.9373,0.9373,0.0,0.0,0.0,1.3,-0.07,-0.72,31.0,0.04,602.0,0,21,3504.6600000000003,125.0,0.377,0.0,0.119,0.0,0.119,0.0,0.0,160.0,21.0,10 km solo,17.6,2.0,⛰️  Moy. montagne,0
2024-07-25,2024,tour-de-wallonie,stage,4.0,Arkéa - B&B Hotels,0,2.Pro,,,0.0,,,,,,,0.0,35.0,35.0,0.0,0.0,4.0,189.51,182.0,6.62,0.316,0.0,0.0,140.0,10.3,30.7,5.54,0.834,0.0,0.834,0.0,0.0,2684.0,2535.0,329.0,52.0,7.0,4.0,0.0,0.0,0.0,0.9998,0.9055,0.0,0.0,0.0,1.0,2.53,1.04,200.0,-0.01,531.0,0,21,3504.6600000000003,20.0,0.0,0.0,0.0,0.0,0.0,0.0,0.0,227.0,24.0,Sprint of large group,37.6,2.0,⛰️  Moy. montagne,0
2024-07-26,2024,tour-de-wallonie,stage,5.0,Arkéa - B&B Hotels,0,2.Pro,,,0.0,,,,,,,0.0,35.0,35.0,0.0,0.0,5.0,192.7,166.0,21.2,4.06,0.0,0.0,130.0,6.22,16.3,35.8,1.06,0.0,1.15,0.0,0.0,1785.0,1632.0,197.0,10.0,4.0,1.0,0.0,0.0,0.0,0.7761,0.7761,0.0,0.0,0.0,4.1,0.5,0.06,127.0,0.08,418.0,0,21,3504.6600000000003,20.0,1.266,0.0,0.633,0.0,0.316,0.0,0.0,227.0,22.0,0.9 km solo,0.0,1.0,🟢  Plat/Sprint,0
2024-08-04,2024,arctic-race-of-norway,stage,1.0,Arkéa - B&B Hotels,0,2.Pro,,,0.0,,,,,,,3.0,177.0,156.0,0.0,0.0,1.0,154.72,149.0,5.57,0.0,0.0,0.0,37.2,3.73,110.0,2.83,0.226,0.0,0.526,0.794,0.0,2517.0,2537.0,520.0,0.0,4.0,1.0,1.0,0.0,0.0,0.88,0.88,0.88,0.0,0.0,0.0,-0.1,-0.2,15.0,-0.03,613.0,0,15,2384.77,20.0,0.0,0.0,0.0,0.0,0.0,0.0,0.0,188.0,24.0,Sprint of large group,34.6,2.0,⛰️  Moy. montagne,0
2024-08-05,2024,arctic-race-of-norway,stage,2.0,Arkéa - B&B Hotels,0,2.Pro,,,0.0,,,,,,,0.0,177.0,156.0,0.0,0.0,2.0,177.7,173.0,4.64,0.0,0.0,0.0,38.8,0.536,137.0,1.13,0.0,0.0,0.102,0.323,0.0,2870.0,2866.0,637.0,0.0,6.0,1.0,1.0,0.0,0.0,0.9602,0.3805,0.1133,0.0,0.0,-1.9,-0.87,-1.84,39.0,0.03,1169.0,0,14,2359.5299999999997,20.0,0.0,0.0,0.0,0.0,0.0,0.0,0.0,188.0,22.0,Sprint of large group,35.2,2.0,⛰️  Moy. montagne,0
2024-08-06,2024,arctic-race-of-norway,stage,3.0,Arkéa - B&B Hotels,0,2.Pro,,,0.0,,,,,,,3.0,177.0,156.0,0.0,0.0,3.0,154.92,149.0,5.51,0.0,0.0,0.0,20.3,2.42,132.0,0.0,0.0,0.0,0.31,0.16,0.0,2701.0,2117.0,598.0,0.0,2.0,1.0,2.0,0.0,0.0,0.9998,0.9998,0.9998,0.0,0.0,8.1,6.27,5.14,330.0,0.19,818.0,0,13,2175.9399999999996,20.0,0.0,0.0,0.0,0.0,0.0,0.0,0.0,188.0,24.0,0.9 km solo,0.0,3.0,🏔️  Haute montagne,1
2024-08-07,2024,arctic-race-of-norway,stage,4.0,Arkéa - B&B Hotels,0,2.Pro,,,0.0,,,,,,,15.0,177.0,156.0,0.0,0.0,4.0,157.52,151.0,5.82,0.0,0.0,0.0,26.6,13.3,115.0,1.65,0.495,0.0,1.18,0.8,0.0,1871.0,1757.0,232.0,0.0,3.0,1.0,0.0,0.0,0.0,0.9997,0.4806,0.0,0.0,0.0,7.4,4.0,2.44,124.0,0.27,469.0,0,12,1977.23,20.0,0.0,0.0,0.0,0.0,0.0,0.0,0.0,188.0,25.0,Sprint of small group,0.0,1.0,🟢  Plat/Sprint,0
2024-08-10,2024,san-sebastian,result,,Arkéa - B&B Hotels,0,1.UWT,,,0.0,,,,,,,0.0,0.0,0.0,0.0,0.0,,236.62,224.0,4.16,1.59,4.19,0.0,163.0,10.9,49.1,6.6,1.31,0.0,2.02,1.2,4.14,4401.0,4404.0,677.0,0.0,0.0,4.0,3.0,1.0,0.0,0.9735,0.9735,0.842,0.4368,0.0,0.0,0.0,-2.54,18.0,0.02,790.0,0,10,1578.84,400.0,0.255,0.0,0.251,0.0,0.251,0.0,0.0,709.0,25.0,Sprint à deux,20.6,2.0,⛰️  Moy. montagne,0
2024-08-11,2024,circuito-de-getxo,result,,Arkéa - B&B Hotels,0,1.1,,,0.0,,,,,,,85.0,85.0,0.0,0.0,0.0,,175.56,158.0,16.6,0.367,0.0,0.0,54.4,31.3,74.6,7.63,0.0,0.0,0.166,7.02,0.0,2129.0,2073.0,217.0,1.0,6.0,2.0,0.0,0.0,0.0,0.924,0.924,0.0,0.0,0.0,5.4,1.8,1.12,65.0,-0.0,527.0,0,9,1374.9299999999998,125.0,0.0,0.0,0.0,0.0,0.0,0.0,0.0,159.0,39.0,Sprint of small group,20.6,2.0,⛰️  Moy. montagne,0
2024-08-11,2024,la-poly-normande,result,,Arkéa - B&B Hotels,0,1.1,,,0.0,,,,,,,103.0,103.0,0.0,0.0,0.0,,168.81,115.0,54.2,0.0,0.0,0.0,169.0,0.0,0.0,0.0,0.0,0.0,0.0,0.0,0.0,2134.0,2064.0,189.0,35.0,11.0,0.0,0.0,0.0,0.0,0.9331,0.0,0.0,0.0,0.0,2.8,1.4,0.36,138.0,0.12,659.0,0,9,1374.9299999999998,125.0,0.0,0.0,0.0,0.0,0.0,0.0,0.0,129.0,31.0,Sprint of 3 riders,17.6,2.0,⛰️  Moy. montagne,0
2024-08-12,2024,tour-de-pologne,stage,1.0,Arkéa - B&B Hotels,0,2.UWT,,,0.0,,,,,,,0.0,86.0,80.0,0.0,0.0,1.0,157.06,154.0,1.91,0.0,0.0,0.0,143.0,2.54,9.08,0.524,0.63,0.0,0.103,0.843,0.0,1838.0,1161.0,810.0,130.0,2.0,2.0,0.0,1.0,0.0,0.9997,0.9997,0.9997,0.9997,0.0,7.8,6.6,3.98,221.0,0.22,241.0,0,8,1209.59,50.0,0.0,0.0,0.0,0.0,0.0,0.0,0.0,580.0,26.0,Sprint of large group,0.6,3.0,🏔️  Haute montagne,1
2024-08-13,2024,tour-du-limousin,stage,1.0,Arkéa - B&B Hotels,0,2.1,,,0.0,,,,,,,0.0,73.0,70.0,0.0,0.0,1.0,173.13,167.0,6.04,0.0,0.0,0.0,172.0,0.0,1.17,0.0,0.0,0.0,0.0,0.0,0.0,2634.0,2417.0,763.0,266.0,5.0,2.0,1.0,0.0,0.0,0.9997,0.9997,0.3267,0.0,0.0,3.0,2.3,1.24,96.0,0.57,943.0,1,7,1057.37,14.0,0.0,0.0,0.0,0.0,0.0,0.0,0.0,229.0,23.0,Sprint of large group,38.2,2.0,⛰️  Moy. montagne,0
2024-08-13,2024,tour-de-pologne,stage,2.0,Arkéa - B&B Hotels,0,2.UWT,,,0.0,,,,,,,6.0,86.0,80.0,0.0,0.0,2.0,15.44,14.9,0.413,0.0,0.0,0.0,14.1,0.719,0.0,0.0,0.0,0.0,0.0,0.443,0.0,461.0,32.0,811.0,382.0,0.0,0.0,1.0,0.0,0.0,0.9982,0.9982,0.9982,0.0,0.0,7.9,6.67,4.0,222.0,2.78,461.0,0,7,1057.37,50.0,0.0,0.0,0.0,0.0,0.0,0.0,0.0,580.0,27.0,Time trial,3.0,1.0,🟢  Plat/Sprint,0
2024-08-14,2024,tour-de-pologne,stage,3.0,Arkéa - B&B Hotels,0,2.UWT,,,0.0,,,,,,,0.0,86.0,80.0,0.0,0.0,3.0,155.42,148.0,5.32,1.92,0.143,0.0,139.0,9.37,4.62,1.42,0.464,0.0,0.489,0.83,0.0,3159.0,2946.0,804.0,302.0,4.0,2.0,4.0,0.0,0.0,0.9996,0.9071,0.9071,0.0,0.0,7.8,4.2,2.28,174.0,0.65,1293.0,0,6,858.97,50.0,0.204,0.0,0.091,0.0,0.091,0.0,0.0,580.0,29.0,Sprint of 21 riders,37.6,2.0,⛰️  Moy. montagne,0
2024-08-14,2024,tour-du-limousin,stage,2.0,Arkéa - B&B Hotels,0,2.1,,,0.0,,,,,,,0.0,73.0,70.0,0.0,0.0,2.0,191.4,157.0,34.0,0.113,0.0,0.0,163.0,10.3,18.5,0.255,0.0,0.0,0.0,0.0,0.0,2332.0,2311.0,289.0,26.0,7.0,4.0,0.0,0.0,0.0,0.9455,0.9455,0.0,0.0,0.0,0.0,-0.33,-2.44,42.0,0.14,557.0,1,6,858.97,14.0,0.0,0.0,0.0,0.0,0.0,0.0,0.0,229.0,23.0,-,37.6,2.0,⛰️  Moy. montagne,0
2024-08-15,2024,gp-jef-scherens,result,,Arkéa - B&B Hotels,0,1.1,,,0.0,,,,,,,23.0,23.0,0.0,0.0,0.0,,192.26,127.0,51.8,13.1,0.376,0.0,67.9,62.0,3.84,51.5,1.33,0.269,1.64,1.31,0.0,1940.0,1928.0,99.0,16.0,2.0,0.0,0.0,0.0,0.0,0.6418,0.0,0.0,0.0,0.0,-0.1,0.1,-0.16,61.0,0.06,492.0,0,6,858.97,125.0,1.687,0.0,0.647,0.0,0.128,0.0,0.0,180.0,25.0,12 km solo,4.2,1.0,🟢  Plat/Sprint,0
2024-08-15,2024,tour-de-pologne,stage,4.0,Arkéa - B&B Hotels,0,2.UWT,,,0.0,,,,,,,0.0,86.0,80.0,0.0,0.0,4.0,194.54,191.0,0.438,2.13,0.434,0.0,164.0,2.13,26.6,0.0,0.654,0.0,1.01,0.98,0.284,1734.0,1885.0,781.0,196.0,4.0,0.0,2.0,0.0,0.0,0.9534,0.4772,0.4772,0.0,0.0,0.9,-0.07,-0.34,69.0,-0.05,715.0,0,6,858.97,50.0,0.0,0.0,0.0,0.0,0.0,0.0,0.0,580.0,28.0,Sprint of large group,37.6,2.0,⛰️  Moy. montagne,0
2024-08-15,2024,tour-du-limousin,stage,3.0,Arkéa - B&B Hotels,0,2.1,,,0.0,,,,,,,3.0,73.0,70.0,0.0,0.0,3.0,188.3,184.0,4.37,0.0,0.0,0.0,184.0,0.393,3.66,0.0,0.0,0.0,0.0,0.0,0.0,3667.0,3594.0,676.0,109.0,5.0,4.0,3.0,0.0,0.0,0.9411,0.9411,0.9411,0.0,0.0,0.3,-1.07,-2.76,10.0,0.22,908.0,1,6,858.97,14.0,0.0,0.0,0.0,0.0,0.0,0.0,0.0,229.0,25.0,9.7 km solo,20.6,2.0,⛰️  Moy. montagne,0
2024-08-16,2024,tour-de-pologne,stage,5.0,Arkéa - B&B Hotels,0,2.UWT,,,0.0,,,,,,,0.0,86.0,80.0,0.0,0.0,5.0,187.42,182.0,2.13,1.53,0.138,0.0,168.0,6.79,4.73,5.38,1.47,0.0,1.74,0.873,0.151,1650.0,1678.0,481.0,241.0,2.0,1.0,0.0,0.0,0.0,0.6712,0.5397,0.0,0.0,0.0,0.2,-0.73,-0.06,41.0,0.08,329.0,0,5,670.41,50.0,0.895,0.0,0.163,0.0,0.15,0.0,0.0,580.0,29.0,Sprint of large group,8.8,1.0,🟢  Plat/Sprint,0
2024-08-16,2024,tour-du-limousin,stage,4.0,Arkéa - B&B Hotels,0,2.1,,,0.0,,,,,,,0.0,73.0,70.0,0.0,0.0,4.0,160.62,133.0,27.0,0.0,0.0,0.0,116.0,16.6,25.9,1.8,0.214,0.0,0.214,0.0,0.0,2257.0,2229.0,423.0,162.0,6.0,1.0,0.0,0.0,0.0,0.9468,0.6584,0.0,0.0,0.0,2.4,1.9,-0.52,67.0,-0.06,591.0,1,5,670.41,14.0,0.0,0.0,0.0,0.0,0.0,0.0,0.0,229.0,26.0,1 km solo,0.6,2.0,⛰️  Moy. montagne,0
2024-08-17,2024,vuelta-a-espana,stage,1.0,Arkéa - B&B Hotels,1,2.UWT,FIN,113.0,0.0,13.0,110.0,,,41.0,0.0,0.0,334.0,130.0,0.0,0.0,1.0,11.85,11.6,0.0,0.0,0.0,0.0,0.0,0.0,11.6,0.0,0.197,0.0,0.197,0.0,0.0,50.0,41.0,25.0,3.0,0.0,0.0,0.0,0.0,0.0,0.0,0.0,0.0,0.0,0.0,0.5,0.23,0.18,47.0,0.08,50.0,0,4,492.36,180.0,0.0,0.0,0.0,0.0,0.0,0.0,0.0,916.0,28.0,Time trial,8.8,1.0,🟢  Plat/Sprint,0
2024-08-17,2024,tour-de-pologne,stage,6.0,Arkéa - B&B Hotels,0,2.UWT,,,0.0,,,,,,,0.0,86.0,80.0,0.0,0.0,6.0,183.49,179.0,1.17,1.58,0.23,0.0,158.0,6.61,15.8,0.702,0.731,0.0,1.27,1.84,0.0,3135.0,2452.0,1020.0,263.0,3.0,4.0,2.0,1.0,0.0,0.9997,0.9997,0.9142,0.3726,0.0,3.9,5.2,4.26,225.0,0.55,889.0,0,4,492.36,50.0,0.0,0.0,0.0,0.0,0.0,0.0,0.0,580.0,25.0,Sprint of small group,0.6,3.0,🏔️  Haute montagne,1
2024-08-18,2024,vuelta-a-espana,stage,2.0,Arkéa - B&B Hotels,1,2.UWT,FIN,95.0,0.0,13.0,110.0,,,41.0,0.0,0.0,334.0,130.0,0.0,0.0,2.0,194.78,184.0,8.29,1.51,0.0,0.0,44.0,0.954,148.0,0.435,0.669,0.0,0.918,0.191,0.0,2668.0,2501.0,380.0,7.0,5.0,3.0,1.0,0.0,0.0,0.9242,0.9242,0.9242,0.0,0.0,1.8,0.1,-0.42,51.0,0.23,925.0,0,4,324.37,180.0,0.0,0.0,0.0,0.0,0.0,0.0,0.0,916.0,26.0,Sprint of large group,0.6,2.0,⛰️  Moy. montagne,0
2024-08-18,2024,tour-de-pologne,stage,7.0,Arkéa - B&B Hotels,0,2.UWT,,,0.0,,,,,,,0.0,86.0,80.0,0.0,0.0,7.0,136.85,136.0,0.217,0.677,0.0,0.0,115.0,11.6,6.01,3.33,0.0,0.0,0.0,0.331,0.0,1533.0,1607.0,451.0,202.0,5.0,1.0,0.0,0.0,0.0,0.6333,0.4636,0.0,0.0,0.0,-0.4,-0.07,0.0,19.0,0.05,720.0,0,4,324.37,50.0,0.325,0.0,0.325,0.0,0.217,0.0,0.0,580.0,28.0,Sprint of large group,8.8,1.0,🟢  Plat/Sprint,0
2024-08-19,2024,vuelta-a-espana,stage,3.0,Arkéa - B&B Hotels,1,2.UWT,FIN,66.0,0.0,13.0,110.0,,,41.0,0.0,0.0,334.0,130.0,0.0,0.0,3.0,189.12,185.0,2.19,1.22,0.0,0.0,30.0,2.99,156.0,0.0,0.0,0.0,0.0,0.0,0.0,2620.0,2451.0,856.0,157.0,3.0,1.0,1.0,1.0,0.0,0.8671,0.8671,0.8671,0.4805,0.0,1.1,1.63,0.58,87.0,0.09,876.0,0,4,374.05,180.0,0.0,0.0,0.0,0.0,0.0,0.0,0.0,916.0,33.0,Sprint of large group,0.6,2.0,⛰️  Moy. montagne,0
2024-08-20,2024,tour-du-poitou-charentes-et-de-la-vienne,stage,1.0,Arkéa - B&B Hotels,0,2.1,,,0.0,,,,,,,0.0,24.0,5.0,0.0,0.0,1.0,178.27,165.0,12.7,0.0,0.0,0.0,175.0,2.35,0.0,0.724,0.224,0.0,0.224,0.0,0.0,1209.0,1204.0,94.0,0.0,2.0,0.0,0.0,0.0,0.0,0.8365,0.0,0.0,0.0,0.0,0.3,0.63,0.36,49.0,0.02,209.0,0,4,429.52,14.0,0.0,0.0,0.0,0.0,0.0,0.0,0.0,100.0,24.0,Sprint of small group,5.8,1.0,🟢  Plat/Sprint,0
2024-08-20,2024,vuelta-a-espana,stage,4.0,Arkéa - B&B Hotels,1,2.UWT,FIN,19.0,0.0,13.0,110.0,,,41.0,0.0,0.0,334.0,130.0,0.0,0.0,4.0,170.5,150.0,20.0,0.0,0.126,0.0,131.0,0.147,39.5,0.0,0.0,0.0,0.0,0.204,0.0,3519.0,2357.0,1544.0,239.0,2.0,0.0,1.0,0.0,2.0,0.9997,0.9997,0.9997,0.9997,0.9997,6.8,8.5,10.32,534.0,1.17,1291.0,0,4,429.52,180.0,0.0,0.0,0.0,0.0,0.0,0.0,0.0,916.0,36.0,Sprint of 7 riders,0.6,3.0,🏔️  Haute montagne,1
2024-08-21,2024,tour-du-poitou-charentes-et-de-la-vienne,stage,2.0,Arkéa - B&B Hotels,0,2.1,,,0.0,,,,,,,5.0,24.0,5.0,0.0,0.0,2.0,183.21,162.0,20.8,0.0,0.0,0.0,168.0,6.57,5.7,0.0,0.0,0.0,0.425,0.0,0.0,1506.0,1543.0,195.0,8.0,2.0,2.0,0.0,0.0,0.0,0.7521,0.7521,0.0,0.0,0.0,-0.4,0.07,-0.26,24.0,0.06,421.0,0,4,566.25,14.0,0.0,0.0,0.0,0.0,0.0,0.0,0.0,100.0,21.0,Sprint of large group,4.6,1.0,🟢  Plat/Sprint,0
2024-08-21,2024,vuelta-a-espana,stage,5.0,Arkéa - B&B Hotels,1,2.UWT,FIN,54.0,0.0,13.0,110.0,,,41.0,0.0,15.0,334.0,130.0,0.0,0.0,5.0,177.67,174.0,1.85,1.11,0.0,0.0,93.0,1.7,79.6,2.53,0.75,0.0,0.759,0.0,0.0,1691.0,2088.0,715.0,1.0,3.0,1.0,1.0,0.0,0.0,0.7232,0.7232,0.2656,0.0,0.0,0.1,0.07,0.04,10.0,0.45,664.0,0,4,566.25,180.0,0.0,0.025,0.0,0.025,0.0,0.0,0.0,916.0,36.0,Sprint of large group,0.6,2.0,⛰️  Moy. montagne,0
2024-08-22,2024,tour-du-poitou-charentes-et-de-la-vienne,stage,3.0,Arkéa - B&B Hotels,0,2.1,,,0.0,,,,,,,0.0,24.0,5.0,0.0,0.0,3.0,29.32,26.9,2.46,0.0,0.0,0.0,28.6,0.594,0.0,0.0,0.0,0.0,0.0,0.0,0.0,146.0,169.0,166.0,122.0,0.0,0.0,0.0,0.0,0.0,0.0,0.0,0.0,0.0,0.0,0.6,-0.1,0.06,39.0,-0.08,146.0,0,5,743.92,14.0,0.0,0.0,0.0,0.0,0.0,0.0,0.0,100.0,26.0,Time trial,1.0,1.0,🟢  Plat/Sprint,0
2024-08-22,2024,vuelta-a-espana,stage,6.0,Arkéa - B&B Hotels,1,2.UWT,FIN,5.0,60.0,13.0,110.0,,,41.0,0.0,35.0,334.0,130.0,0.0,0.0,6.0,186.08,186.0,0.166,0.0,0.0,0.0,180.0,0.0,6.03,0.0,0.0,0.0,0.0,0.132,0.0,3679.0,2977.0,1102.0,12.0,5.0,1.0,2.0,0.0,1.0,0.9999,0.9999,0.9999,0.2888,0.2888,4.5,4.5,3.5,190.0,0.33,608.0,0,5,743.92,180.0,0.0,0.0,0.0,0.0,0.0,0.0,0.3333333333333333,916.0,28.0,27.6 km solo,0.6,3.0,🏔️  Haute montagne,1
2024-08-23,2024,tour-du-poitou-charentes-et-de-la-vienne,stage,4.0,Arkéa - B&B Hotels,0,2.1,,,0.0,,,,,,,14.0,24.0,5.0,0.0,0.0,4.0,173.85,153.0,20.9,0.0,0.0,0.0,158.0,13.3,0.0,2.83,0.0,0.0,0.0,0.0,0.0,1355.0,1383.0,228.0,65.0,1.0,0.0,0.0,0.0,0.0,0.3705,0.0,0.0,0.0,0.0,1.3,1.23,0.06,94.0,0.04,391.0,0,6,930.0,14.0,0.0,0.0,0.0,0.0,0.0,0.0,0.0,100.0,23.0,Sprint of large group,32.0,1.0,🟢  Plat/Sprint,0
2024-08-23,2024,druivenkoers-overijse,result,,Arkéa - B&B Hotels,0,1.1,,,0.0,,,,,,,155.0,155.0,0.0,0.0,0.0,,206.39,92.4,108.0,5.42,0.0,0.0,87.9,18.0,2.81,97.4,0.0,0.0,0.0,0.0,0.0,2193.0,2231.0,107.0,30.0,0.0,0.0,0.0,0.0,0.0,0.0,0.0,0.0,0.0,0.0,0.2,-0.17,-0.86,125.0,-0.08,508.0,1,6,930.0,125.0,0.842,0.0,0.385,0.0,0.033,0.0,0.0,183.0,21.0,9 km solo,1.0,1.0,🟢  Plat/Sprint,0
2024-08-23,2024,vuelta-a-espana,stage,7.0,Arkéa - B&B Hotels,1,2.UWT,FIN,31.0,0.0,13.0,110.0,,,41.0,0.0,0.0,334.0,130.0,0.0,0.0,7.0,181.07,180.0,0.602,0.0,0.0,0.0,55.1,0.156,124.0,0.881,0.0,0.0,0.0,0.0,0.0,1943.0,2320.0,586.0,88.0,6.0,1.0,1.0,0.0,0.0,0.8503,0.7908,0.7908,0.0,0.0,1.0,0.37,-0.06,38.0,-0.24,368.0,0,6,930.0,180.0,0.0,0.0,0.0,0.0,0.0,0.0,0.0,916.0,34.0,Sprint of 33 riders,3.6,2.0,⛰️  Moy. montagne,0
2024-08-24,2024,vuelta-a-espana,stage,8.0,Arkéa - B&B Hotels,1,2.UWT,FIN,15.0,2.0,13.0,110.0,,,41.0,0.0,2.0,334.0,130.0,0.0,0.0,8.0,159.14,158.0,0.0,0.109,0.565,0.0,126.0,1.28,30.9,0.0,0.287,0.0,0.0,0.565,0.0,2641.0,2319.0,1241.0,504.0,3.0,1.0,1.0,1.0,0.0,0.9999,0.9999,0.9999,0.6852,0.0,9.5,7.23,6.96,241.0,-0.36,593.0,0,7,1111.07,180.0,0.0,0.0,0.0,0.0,0.0,0.0,0.0111111111111111,916.0,34.0,Sprint à deux,7.6,3.0,🏔️  Haute montagne,1
2024-08-25,2024,vuelta-a-espana,stage,9.0,Arkéa - B&B Hotels,1,2.UWT,FIN,16.0,0.0,13.0,110.0,,,41.0,0.0,0.0,334.0,130.0,0.0,0.0,9.0,179.18,179.0,0.0,0.181,0.0,0.0,143.0,0.0,36.2,0.0,0.0,0.0,0.0,0.0,0.0,4486.0,4045.0,1674.0,163.0,5.0,2.0,0.0,1.0,2.0,0.8823,0.8823,0.8823,0.8823,0.8823,1.0,-0.67,-1.1,21.0,1.15,1227.0,0,8,1270.21,180.0,0.0,0.0,0.0,0.0,0.0,0.0,0.0,916.0,33.0,58.3 km solo,7.4,3.0,🏔️  Haute montagne,1
2024-08-25,2024,bretagne-classic,result,,Arkéa - B&B Hotels,0,1.UWT,,,0.0,,,,,,,96.0,96.0,0.0,0.0,0.0,,260.89,199.0,61.5,0.0,0.0,0.0,224.0,11.3,22.2,3.2,0.0,0.0,0.0,0.0,0.0,3539.0,3590.0,357.0,47.0,5.0,5.0,0.0,0.0,0.0,0.9679,0.6448,0.0,0.0,0.0,-2.2,-1.6,-0.34,69.0,0.14,570.0,0,8,1270.21,400.0,0.0,0.0,0.0,0.0,0.0,0.0,0.0,709.0,18.0,3.5 km solo,3.0,2.0,⛰️  Moy. montagne,0
2024-08-27,2024,vuelta-a-espana,stage,10.0,Arkéa - B&B Hotels,1,2.UWT,FIN,21.0,0.0,13.0,110.0,,,41.0,0.0,20.0,334.0,130.0,0.0,0.0,10.0,160.01,143.0,16.4,0.0,0.0,0.0,128.0,1.86,29.4,0.0,0.456,0.0,0.517,0.0,0.0,3003.0,3071.0,797.0,3.0,2.0,1.0,2.0,1.0,0.0,0.8713,0.8713,0.8713,0.1968,0.0,-0.8,-0.27,-0.46,19.0,0.07,962.0,0,9,1449.39,180.0,0.0,0.0,0.0,0.0,0.0,0.0,0.0,916.0,21.0,Sprint à deux,22.2,2.0,⛰️  Moy. montagne,0
2024-08-28,2024,renewi-tour,stage,1.0,Arkéa - B&B Hotels,0,2.UWT,,,0.0,,,,,,,0.0,3.0,8.0,0.0,0.0,1.0,163.01,95.2,65.2,2.64,0.0,0.0,104.0,6.35,0.0,43.7,0.0,0.0,8.49,0.0,0.0,1526.0,1527.0,146.0,59.0,3.0,0.0,0.0,0.0,0.0,0.8587,0.0,0.0,0.0,0.0,1.5,0.63,0.24,100.0,-0.02,451.0,0,10,1609.4,50.0,0.851,0.0,0.193,0.0,0.102,0.0,0.0,732.0,28.0,Sprint of large group,39.8,1.0,🟢  Plat/Sprint,0
2024-08-28,2024,muur-classic-geraardsbergen,result,,Arkéa - B&B Hotels,0,1.1,,,0.0,,,,,,,25.0,25.0,0.0,0.0,0.0,,179.99,82.7,83.1,14.1,0.0,0.0,36.6,108.0,0.0,35.7,0.0,0.598,0.598,0.113,0.0,1825.0,1815.0,107.0,15.0,3.0,0.0,0.0,0.0,0.0,0.8339,0.0,0.0,0.0,0.0,3.3,-0.6,-0.4,111.0,-0.05,445.0,1,10,1609.4,125.0,4.132,0.0,1.656,0.0,1.396,0.0,0.0,117.0,29.0,Sprint of 3 riders,34.8,1.0,🟢  Plat/Sprint,0
2024-08-28,2024,vuelta-a-espana,stage,11.0,Arkéa - B&B Hotels,1,2.UWT,FIN,49.0,0.0,13.0,110.0,,,41.0,0.0,0.0,334.0,130.0,0.0,0.0,11.0,166.86,156.0,10.4,0.0,0.0,0.0,110.0,0.0,56.9,0.0,0.0,0.0,0.0,0.0,0.0,2870.0,2878.0,446.0,1.0,1.0,3.0,3.0,0.0,0.0,0.9501,0.9501,0.6891,0.0,0.0,0.3,-0.97,-3.34,10.0,0.43,962.0,0,10,1609.4,180.0,0.0,0.0,0.0,0.0,0.0,0.0,0.0,916.0,24.0,0.6 km solo,26.2,2.0,⛰️  Moy. montagne,0
2024-08-29,2024,vuelta-a-espana,stage,12.0,Arkéa - B&B Hotels,1,2.UWT,FIN,20.0,0.0,13.0,110.0,,,41.0,0.0,0.0,334.0,130.0,0.0,0.0,12.0,137.57,137.0,0.0,0.218,0.0,0.0,95.5,0.0,41.9,0.0,0.219,0.0,0.0,0.0,0.0,3088.0,1822.0,1491.0,225.0,4.0,4.0,0.0,0.0,1.0,0.9997,0.9997,0.9997,0.9997,0.9997,7.5,5.87,5.68,284.0,0.7,929.0,0,11,1776.2600000000002,180.0,0.0,0.0,0.0,0.0,0.0,0.0,0.0,916.0,27.0,10.1 km solo,7.4,3.0,🏔️  Haute montagne,1
2024-08-29,2024,renewi-tour,stage,2.0,Arkéa - B&B Hotels,0,2.UWT,,,0.0,,,,,,,0.0,3.0,8.0,0.0,0.0,2.0,15.38,10.9,4.14,0.295,0.0,0.0,0.0,7.87,0.0,6.59,0.0,0.0,0.868,0.0,0.0,81.0,84.0,42.0,18.0,0.0,0.0,0.0,0.0,0.0,0.0,0.0,0.0,0.0,0.0,0.2,0.07,0.06,68.0,-0.02,81.0,0,11,1776.2600000000002,50.0,0.0,0.0,0.0,0.0,0.0,0.0,0.0,732.0,25.0,Time trial,38.8,1.0,🟢  Plat/Sprint,0
2024-08-30,2024,renewi-tour,stage,3.0,Arkéa - B&B Hotels,0,2.UWT,,,0.0,,,,,,,20.0,3.0,8.0,0.0,0.0,3.0,185.24,114.0,68.0,1.41,0.842,0.0,59.3,6.83,5.02,94.9,1.78,0.0,2.05,1.81,0.0,375.0,354.0,46.0,0.0,0.0,0.0,0.0,0.0,0.0,0.0,0.0,0.0,0.0,0.0,0.2,0.1,-0.02,45.0,0.01,39.0,0,12,1913.83,50.0,0.0,0.0,0.0,0.0,0.0,0.0,0.0,732.0,22.0,Sprint of large group,38.8,1.0,🟢  Plat/Sprint,0
2024-08-30,2024,vuelta-a-espana,stage,13.0,Arkéa - B&B Hotels,1,2.UWT,FIN,28.0,0.0,13.0,110.0,,,41.0,0.0,45.0,334.0,130.0,0.0,0.0,13.0,176.09,175.0,0.566,0.0,0.0,0.0,103.0,0.0,72.6,0.0,0.209,0.0,0.0,0.0,0.0,3708.0,2417.0,1659.0,366.0,0.0,3.0,2.0,0.0,1.0,0.9994,0.9994,0.9994,0.9994,0.9994,10.4,11.13,11.48,419.0,0.13,973.0,0,12,1913.83,180.0,0.0,0.0,0.0,0.0,0.0,0.0,0.0,916.0,25.0,4.7 km solo,7.4,3.0,🏔️  Haute montagne,1
2024-08-31,2024,vuelta-a-espana,stage,14.0,Arkéa - B&B Hotels,1,2.UWT,FIN,44.0,0.0,13.0,110.0,,,41.0,0.0,40.0,334.0,130.0,0.0,0.0,14.0,200.52,200.0,0.652,0.0,0.0,0.0,34.8,1.56,164.0,0.0,0.0,0.0,0.0,0.0,0.0,2876.0,2347.0,1526.0,366.0,2.0,1.0,0.0,0.0,2.0,0.7813,0.7813,0.7813,0.7813,0.7813,2.2,0.57,-0.46,28.0,0.35,562.0,0,13,2089.92,180.0,0.0,0.0,0.0,0.0,0.0,0.0,0.0,916.0,21.0,Sprint of large group,26.2,2.0,⛰️  Moy. montagne,0
2024-08-31,2024,renewi-tour,stage,4.0,Arkéa - B&B Hotels,0,2.UWT,,,0.0,,,,,,,-25.0,3.0,8.0,0.0,0.0,4.0,178.46,98.7,71.7,7.15,0.559,0.135,26.7,17.5,0.0,90.1,0.0,0.108,0.539,0.302,0.257,336.0,319.0,35.0,0.0,0.0,0.0,0.0,0.0,0.0,0.0,0.0,0.0,0.0,0.0,0.4,0.1,-0.24,41.0,0.0,18.0,0,13,2089.92,50.0,0.971,0.012,0.2,0.006,0.191,0.006,0.0,732.0,22.0,Sprint of large group,11.8,1.0,🟢  Plat/Sprint,0
2024-09-01,2024,vuelta-a-espana,stage,15.0,Arkéa - B&B Hotels,1,2.UWT,FIN,16.0,0.0,13.0,110.0,,,41.0,0.0,0.0,334.0,130.0,0.0,0.0,15.0,143.22,135.0,0.415,0.0,0.128,0.0,99.0,5.32,31.4,0.0,7.7,0.0,7.53,0.128,0.0,3804.0,2173.0,1835.0,182.0,0.0,2.0,2.0,0.0,1.0,0.9998,0.9998,0.9998,0.9998,0.9998,13.4,12.73,9.06,657.0,0.16,1099.0,0,14,2290.44,180.0,0.0,0.0,0.0,0.0,0.0,0.0,0.0,916.0,21.0,0.35 km solo,16.4,3.0,🏔️  Haute montagne,1
2024-09-01,2024,renewi-tour,stage,5.0,Arkéa - B&B Hotels,0,2.UWT,,,0.0,,,,,,,0.0,3.0,8.0,0.0,0.0,5.0,201.85,133.0,56.4,12.2,0.154,0.0,91.1,36.9,1.74,67.5,0.205,0.654,0.949,0.115,0.0,2043.0,2002.0,162.0,10.0,7.0,0.0,0.0,0.0,0.0,0.8761,0.0,0.0,0.0,0.0,3.9,-0.27,-0.26,127.0,-0.01,186.0,0,14,2290.44,50.0,4.483,0.0,1.497,0.0,1.424,0.0,0.0,732.0,26.0,0.2 km solo,4.0,1.0,🟢  Plat/Sprint,0
2024-09-03,2024,vuelta-a-espana,stage,16.0,Arkéa - B&B Hotels,1,2.UWT,FIN,26.0,0.0,13.0,110.0,,,41.0,0.0,0.0,334.0,130.0,0.0,0.0,16.0,181.89,181.0,0.0,0.936,0.0,0.0,104.0,0.0,76.9,0.696,0.233,0.0,0.233,0.0,0.0,4043.0,3008.0,1109.0,1.0,2.0,3.0,1.0,0.0,2.0,0.9921,0.9921,0.9921,0.9921,0.9921,-1.8,3.13,3.58,240.0,-0.08,643.0,0,15,2433.66,180.0,0.0,0.0,0.0,0.0,0.0,0.0,0.0,916.0,19.0,4.5 km solo,9.4,3.0,🏔️  Haute montagne,1
2024-09-04,2024,vuelta-a-espana,stage,17.0,Arkéa - B&B Hotels,1,2.UWT,FIN,47.0,0.0,13.0,110.0,,,41.0,0.0,35.0,334.0,130.0,0.0,0.0,17.0,139.96,136.0,4.08,0.18,0.0,0.0,73.5,3.24,62.3,0.822,0.0,0.0,0.182,0.427,0.0,2470.0,2485.0,818.0,3.0,3.0,1.0,1.0,0.0,1.0,0.9026,0.4529,0.4529,0.4529,0.4529,-0.6,0.23,-0.52,213.0,0.37,733.0,0,16,2615.5499999999997,180.0,0.0,0.0,0.0,0.0,0.0,0.0,0.0,916.0,17.0,Sprint of large group,31.2,2.0,⛰️  Moy. montagne,0
2024-09-05,2024,vuelta-a-espana,stage,18.0,Arkéa - B&B Hotels,1,2.UWT,FIN,45.0,0.0,13.0,110.0,,,41.0,0.0,5.0,334.0,130.0,0.0,0.0,18.0,179.38,171.0,2.87,0.0,0.0,0.0,154.0,1.19,18.6,0.0,5.86,0.0,5.86,0.0,0.0,2699.0,2579.0,1100.0,427.0,5.0,1.0,1.0,1.0,0.0,0.9836,0.7686,0.7686,0.7686,0.0,0.3,-3.03,-1.76,334.0,-0.13,496.0,0,17,2755.51,180.0,0.0,0.0,0.0,0.0,0.0,0.0,0.0,916.0,16.0,5.6 km solo,38.2,2.0,⛰️  Moy. montagne,0
2024-09-06,2024,vuelta-a-espana,stage,19.0,Arkéa - B&B Hotels,1,2.UWT,FIN,15.0,2.0,13.0,110.0,,,41.0,0.0,2.0,334.0,130.0,0.0,0.0,19.0,173.74,165.0,3.76,0.165,0.962,0.0,99.7,2.52,67.6,0.0,3.06,0.0,2.74,0.227,0.735,2601.0,1537.0,1490.0,412.0,2.0,1.0,0.0,1.0,1.0,0.9998,0.9998,0.9998,0.9998,0.9998,7.1,9.63,9.94,418.0,0.21,510.0,0,18,2934.89,180.0,0.0,0.0,0.0,0.0,0.0,0.0,0.0111111111111111,916.0,18.0,5.1 km solo,9.0,3.0,🏔️  Haute montagne,1
2024-09-07,2024,vuelta-a-espana,stage,20.0,Arkéa - B&B Hotels,1,2.UWT,FIN,14.0,5.0,13.0,110.0,,,41.0,0.0,5.0,334.0,130.0,0.0,0.0,20.0,171.99,164.0,7.84,0.0,0.0,0.0,152.0,0.0,20.4,0.0,0.0,0.0,0.0,0.0,0.0,5077.0,4181.0,1495.0,183.0,1.0,1.0,4.0,0.0,2.0,0.9992,0.9992,0.9992,0.9992,0.9992,7.0,9.63,9.8,490.0,-0.32,968.0,0,19,3108.63,180.0,0.0,0.0,0.0,0.0,0.0,0.0,0.0277777777777777,916.0,16.0,2.8 km solo,9.4,3.0,🏔️  Haute montagne,1
2024-09-08,2024,cyclassics-hamburg,result,,Arkéa - B&B Hotels,0,1.UWT,,,0.0,,,,,,,60.0,60.0,0.0,0.0,0.0,,177.37,142.0,29.9,1.65,0.0,0.0,79.5,6.24,4.85,47.5,3.91,0.0,4.39,0.934,0.145,822.0,830.0,76.0,1.0,0.0,0.0,0.0,0.0,0.0,0.0,0.0,0.0,0.0,0.0,0.6,-0.3,-0.44,19.0,0.02,110.0,0,20,3280.62,400.0,0.89,0.022,0.433,0.0,0.373,0.0,0.0,701.0,27.0,Sprint of large group,-1.0,1.0,🟢  Plat/Sprint,0
2024-09-08,2024,vuelta-a-espana,stage,21.0,Arkéa - B&B Hotels,1,2.UWT,FIN,29.0,0.0,13.0,110.0,,,41.0,0.0,0.0,334.0,130.0,0.0,0.0,21.0,25.38,23.3,0.918,0.953,0.0,0.0,14.3,3.1,5.46,1.07,0.205,0.0,0.27,1.32,0.0,190.0,240.0,729.0,625.0,0.0,0.0,0.0,0.0,0.0,0.0,0.0,0.0,0.0,0.0,2.1,0.6,-0.16,39.0,-0.2,190.0,0,20,3280.62,180.0,0.835,0.0,0.835,0.0,0.835,0.0,0.0,916.0,26.0,Time trial,11.0,1.0,🟢  Plat/Sprint,0
2024-09-08,2024,gp-de-fourmies,result,,Arkéa - B&B Hotels,0,1.Pro,,,0.0,,,,,,,16.0,16.0,0.0,0.0,0.0,,194.98,189.0,5.23,0.0,0.0,0.0,189.0,6.24,0.0,0.0,0.0,0.0,0.978,0.0,0.0,2634.9,2655.7,252.0,110.8,0.0,0.0,0.0,0.0,0.0,0.0,0.0,0.0,0.0,0.0,-8.02,-4.03,-2.06,49.8,0.14,720.6,1,20,3280.62,200.0,0.0,0.0,0.0,0.0,0.0,0.0,0.0,169.0,19.0,Sprint of large group,20.0,2.0,⛰️  Moy. montagne,0
2024-09-11,2024,giro-di-toscana,result,,Arkéa - B&B Hotels,0,1.1,,,0.0,,,,,,,125.0,125.0,0.0,0.0,0.0,,184.3,177.0,7.11,0.0,0.0,0.0,175.0,1.7,7.62,0.0,0.0,0.0,0.0,0.0,0.0,2220.0,2215.0,634.0,7.0,3.0,1.0,2.0,0.0,0.0,0.8343,0.8343,0.8343,0.0,0.0,-0.2,-0.03,0.02,9.0,0.06,604.0,0,21,3306.0,125.0,0.0,0.0,0.0,0.0,0.0,0.0,0.0,220.0,27.0,Sprint à deux,19.2,2.0,⛰️  Moy. montagne,0
2024-09-12,2024,gp-citta-di-peccioli,result,,Arkéa - B&B Hotels,0,1.Pro,,,0.0,,,,,,,50.0,50.0,0.0,0.0,0.0,,198.25,162.0,35.3,0.661,0.0,0.0,166.0,5.68,26.7,0.0,1.09,0.0,1.09,0.0,0.0,2750.0,2775.0,229.0,34.0,20.0,1.0,0.0,0.0,0.0,0.9513,0.0488,0.0,0.0,0.0,5.2,2.33,1.56,101.0,-0.18,688.0,0,21,3306.0,200.0,0.135,0.0,0.0,0.0,0.0,0.0,0.0,286.0,21.0,36 km solo,44.2,2.0,⛰️  Moy. montagne,0
2024-09-13,2024,gp-quebec,result,,Arkéa - B&B Hotels,0,1.UWT,,,0.0,,,,,,,50.0,50.0,0.0,0.0,0.0,,204.13,180.0,11.0,4.16,0.0,0.0,53.2,45.7,86.5,8.77,10.5,0.0,10.9,1.73,0.0,2416.0,2416.0,101.0,5.0,16.0,0.0,0.0,0.0,0.0,0.9998,0.0,0.0,0.0,0.0,4.3,2.33,1.74,121.0,-0.09,560.0,0,21,3306.0,500.0,1.087,0.0,0.578,0.0,0.323,0.0,0.0,884.0,24.0,Sprint of large group,46.2,2.0,⛰️  Moy. montagne,0
2024-09-14,2024,memorial-marco-pantani,result,,Arkéa - B&B Hotels,0,1.1,,,0.0,,,,,,,70.0,70.0,0.0,0.0,0.0,,195.21,189.0,5.06,0.0,0.0,0.0,185.0,9.32,0.198,0.0,1.25,0.0,1.25,0.0,0.0,2536.0,2565.0,347.0,-1.0,0.0,1.0,5.0,0.0,0.0,0.7838,0.7838,0.7838,0.0,0.0,0.0,0.0,0.0,4.0,0.18,373.0,0,21,3306.0,125.0,0.0,0.0,0.0,0.0,0.0,0.0,0.0,269.0,20.0,Sprint of small group,49.2,2.0,⛰️  Moy. montagne,0
2024-09-15,2024,gp-d-isbergues,result,,Arkéa - B&B Hotels,0,1.1,,,0.0,,,,,,,3.0,3.0,0.0,0.0,0.0,,199.06,137.0,59.5,0.0,0.0,0.0,125.0,44.5,25.3,1.22,2.45,0.0,2.45,0.0,0.0,1332.0,1344.0,196.0,16.0,1.0,1.0,0.0,0.0,0.0,0.5576,0.3865,0.0,0.0,0.0,0.1,0.07,0.06,11.0,-0.0,160.0,1,21,3306.0,125.0,0.0,0.0,0.0,0.0,0.0,0.0,0.0,148.0,18.0,Sprint of large group,11.0,1.0,🟢  Plat/Sprint,0
2024-09-15,2024,gp-montreal,result,,Arkéa - B&B Hotels,0,1.UWT,,,0.0,,,,,,,3.0,3.0,0.0,0.0,0.0,,213.68,198.0,3.67,0.0,0.0,0.0,99.8,52.4,0.0,45.3,11.2,0.0,10.7,4.19,0.0,3821.0,3827.0,208.0,61.0,17.0,0.0,0.0,0.0,0.0,0.9576,0.0,0.0,0.0,0.0,-0.3,-0.7,-0.72,462.0,-0.02,890.0,0,21,3306.0,500.0,0.0,0.0,0.0,0.0,0.0,0.0,0.0,869.0,25.0,23.3 km solo,62.2,2.0,⛰️  Moy. montagne,0
2024-09-15,2024,trofeo-matteotti,result,,Arkéa - B&B Hotels,0,1.1,,,0.0,,,,,,,5.0,5.0,0.0,0.0,0.0,,193.63,192.0,1.15,0.111,0.0,0.0,167.0,8.62,0.0,16.8,0.0,0.0,0.0,1.6,0.0,2508.0,2510.0,142.0,1.0,13.0,0.0,0.0,0.0,0.0,0.9507,0.0,0.0,0.0,0.0,0.2,-1.97,-2.38,276.0,0.17,675.0,0,21,3306.0,125.0,0.0,0.0,0.0,0.0,0.0,0.0,0.0,181.0,23.0,Sprint of small group,59.6,2.0,⛰️  Moy. montagne,0
2024-09-18,2024,gp-de-wallonie,result,,Arkéa - B&B Hotels,0,1.Pro,,,0.0,,,,,,,150.0,150.0,0.0,0.0,0.0,,202.64,193.0,7.04,2.18,0.0,0.15,155.0,11.1,26.4,9.5,0.0,0.0,0.0,0.0,0.15,2851.0,2918.0,531.0,79.0,5.0,4.0,1.0,0.0,0.0,0.9998,0.9216,0.1531,0.0,0.0,2.0,3.97,2.34,136.0,0.08,766.0,0,19,3099.37,200.0,1.931,0.114,1.931,0.114,1.931,0.114,0.0,438.0,20.0,Sprint of 23 riders,35.6,2.0,⛰️  Moy. montagne,0
2024-09-20,2024,kampioenschap-van-vlaanderen1,result,,Arkéa - B&B Hotels,0,1.1,,,0.0,,,,,,,3.0,3.0,0.0,0.0,0.0,,180.22,92.9,88.8,0.0,0.0,0.0,65.4,17.2,5.2,93.8,0.0,0.0,0.0,0.0,0.0,640.0,648.0,46.0,23.0,0.0,0.0,0.0,0.0,0.0,0.0,0.0,0.0,0.0,0.0,0.4,0.3,0.08,42.0,-0.0,176.0,1,17,2739.75,125.0,0.0,0.0,0.0,0.0,0.0,0.0,0.0,379.0,22.0,Sprint of large group,7.6,1.0,🟢  Plat/Sprint,0
2024-09-21,2024,gp-impanis-van-petegem,result,,Arkéa - B&B Hotels,0,1.Pro,,,0.0,,,,,,,10.0,10.0,0.0,0.0,0.0,,197.29,142.0,53.2,1.35,0.0,0.0,122.0,8.35,3.24,62.1,0.0,0.0,1.83,0.0,0.0,1824.0,1863.0,159.0,9.0,3.0,0.0,0.0,0.0,0.0,0.469,0.0,0.0,0.0,0.0,-0.4,-0.07,-0.12,3.0,0.11,421.0,0,16,2562.08,200.0,0.433,0.0,0.049,0.0,0.0,0.0,0.0,447.0,24.0,13.9 km solo,13.2,1.0,🟢  Plat/Sprint,0
2024-09-22,2024,paris-chauny-classique,result,,Arkéa - B&B Hotels,0,1.1,,,0.0,,,,,,,145.0,145.0,0.0,0.0,0.0,,189.87,179.0,10.3,0.0,0.0,0.0,166.0,4.67,18.3,1.12,0.0,0.0,0.0,0.0,0.0,1970.0,1978.0,205.0,36.0,7.0,1.0,0.0,0.0,0.0,0.8908,0.4969,0.0,0.0,0.0,0.3,-0.3,-0.36,13.0,0.05,289.0,1,15,2376.0,125.0,0.0,0.0,0.0,0.0,0.0,0.0,0.0,147.0,20.0,Sprint of large group,55.6,2.0,⛰️  Moy. montagne,0
2024-09-25,2024,omloop-van-het-houtland-lichtervelde,result,,Arkéa - B&B Hotels,0,1.1,,,0.0,,,,,,,20.0,20.0,0.0,0.0,0.0,,195.61,81.2,106.0,7.85,0.0,0.0,113.0,24.4,0.0,52.1,0.0,0.0,0.826,0.0,0.0,392.0,377.0,46.0,2.0,0.0,0.0,0.0,0.0,0.0,0.0,0.0,0.0,0.0,0.0,-0.1,0.17,0.14,30.0,-0.01,60.0,1,12,1856.61,125.0,2.651,0.0,0.925,0.0,0.343,0.0,0.0,209.0,17.0,Sprint of large group,15.2,1.0,🟢  Plat/Sprint,0
2024-10-01,2024,memorial-frank-vandenbroucke,result,,Arkéa - B&B Hotels,0,1.1,,,0.0,,,,,,,53.0,53.0,0.0,0.0,0.0,,198.77,178.0,15.8,4.74,0.0,0.0,88.8,7.09,91.4,11.6,0.0,0.0,0.643,0.0,0.0,1947.2,1978.6,289.8,54.4,0.0,0.0,0.0,0.0,0.0,0.0,0.0,0.0,0.0,0.0,-2.16,-1.07,-1.42,27.4,0.31,644.6,1,7,1015.56,125.0,0.0,0.0,0.0,0.0,0.0,0.0,0.0,434.0,14.0,Sprint of large group,74.6,2.0,⛰️  Moy. montagne,0
2024-10-03,2024,munsterland-giro,result,,Arkéa - B&B Hotels,0,1.Pro,,,0.0,,,,,,,8.0,8.0,0.0,0.0,0.0,,203.05,181.0,9.14,9.87,2.94,0.0,115.0,8.43,1.72,35.0,0.206,0.0,1.01,3.53,2.58,1053.0,1047.0,162.0,47.0,3.0,0.0,0.0,0.0,0.0,0.6458,0.0,0.0,0.0,0.0,-0.5,-0.03,-0.08,37.0,0.08,256.0,0,6,872.34,200.0,8.323,0.0,8.304,0.0,5.416,0.0,0.0,334.0,13.0,Sprint of large group,7.2,1.0,🟢  Plat/Sprint,0
2024-10-06,2024,paris-tours,result,,Arkéa - B&B Hotels,0,1.Pro,,,0.0,,,,,,,6.0,6.0,0.0,0.0,0.0,,215.05,181.0,24.0,0.105,8.32,0.92,181.0,11.5,8.68,4.95,0.619,0.0,0.619,8.33,0.0,1279.0,1361.0,213.0,40.0,1.0,0.0,0.0,0.0,0.0,0.3169,0.0,0.0,0.0,0.0,0.2,0.07,0.02,19.0,0.05,177.0,1,3,371.11,200.0,0.069,1.217,0.069,0.822,0.069,0.0,0.0,425.0,16.0,Sprint à deux,8.8,1.0,🟢  Plat/Sprint,0
2024-10-06,2024,coppa-agostoni,result,,Arkéa - B&B Hotels,0,1.1,,,0.0,,,,,,,56.0,56.0,0.0,0.0,0.0,,169.01,138.0,30.7,0.325,0.0,0.0,164.0,3.05,0.267,1.29,0.0,0.0,0.0,0.0,0.0,2890.0,2905.0,539.0,187.0,4.0,4.0,4.0,0.0,0.0,0.8303,0.8303,0.742,0.0,0.0,-0.5,-0.5,-0.48,0.0,0.4,880.0,0,3,371.11,125.0,0.0,0.0,0.0,0.0,0.0,0.0,0.0,360.0,15.0,Sprint of 3 riders,71.2,2.0,⛰️  Moy. montagne,0
2024-10-07,2024,coppa-bernocchi,result,,Arkéa - B&B Hotels,0,1.Pro,,,0.0,,,,,,,5.0,5.0,0.0,0.0,0.0,,174.5,162.0,12.2,0.174,0.0,0.0,156.0,9.57,7.49,0.822,0.248,0.253,0.248,0.0,0.0,1969.0,1974.0,392.0,174.0,0.0,7.0,0.0,0.0,0.0,0.8393,0.8393,0.0,0.0,0.0,-0.4,-0.3,-0.5,11.0,0.22,415.0,0,2,197.37,200.0,0.0,0.0,0.0,0.0,0.0,0.0,0.0,601.0,12.0,Sprint of 7 riders,81.8,2.0,⛰️  Moy. montagne,0
2024-10-10,2024,gran-piemonte,result,,Arkéa - B&B Hotels,0,1.Pro,,,0.0,,,,,,,5.0,5.0,0.0,0.0,0.0,,180.71,179.0,0.962,0.832,0.0,0.0,152.0,0.0,27.6,0.962,0.0,0.0,0.0,0.0,0.0,1638.0,1664.0,941.0,169.0,3.0,1.0,0.0,1.0,0.0,0.9746,0.8436,0.7417,0.7417,0.0,0.6,0.23,-1.08,154.0,-0.32,191.0,0,0,0.0,200.0,0.0,0.0,0.0,0.0,0.0,0.0,0.0,432.0,19.0,42.5 km solo,81.8,2.0,⛰️  Moy. montagne,0
2024-10-12,2024,il-lombardia,result,,Arkéa - B&B Hotels,0,1.UWT,,,0.0,,,,,,,5.0,5.0,0.0,0.0,0.0,,254.83,254.0,0.141,0.0,0.0,0.0,225.0,0.116,26.3,2.98,0.786,0.0,0.825,0.0,0.0,4735.0,4789.0,1114.0,199.0,2.0,1.0,3.0,2.0,1.0,0.9737,0.9737,0.8337,0.8337,0.8337,0.0,-3.27,-3.94,75.0,0.71,807.0,0,0,0.0,800.0,0.0,0.0,0.0,0.0,0.0,0.0,0.0,869.0,16.0,48.4 km solo,52.8,2.0,⛰️  Moy. montagne,0
2024-10-13,2024,chrono-des-nations,result,,Arkéa - B&B Hotels,0,1.1,,,0.0,,,,,,,40.0,40.0,0.0,0.0,0.0,,45.47,45.4,0.0,0.0,0.0,0.0,44.6,0.0,0.131,0.62,0.0,0.0,0.0,0.0,0.0,322.0,311.0,150.0,69.0,0.0,0.0,0.0,0.0,0.0,0.0,0.0,0.0,0.0,0.0,0.6,-0.17,-0.06,37.0,0.02,322.0,0,0,0.0,125.0,0.0,0.0,0.0,0.0,0.0,0.0,0.0,49.0,19.0,Time trial,12.5,0.0,⏱️  CLM,0
2024-10-15,2024,tour-of-guangxi,stage,1.0,Arkéa - B&B Hotels,0,2.UWT,,,0.0,,,,,,,0.0,90.0,77.0,0.0,0.0,1.0,149.09,4.99,12.6,0.0,0.182,0.0,11.9,13.5,0.0,0.704,127.0,0.236,137.0,0.871,0.332,1604.0,1602.0,80.0,-2.0,4.0,0.0,0.0,0.0,0.0,0.8581,0.0,0.0,0.0,0.0,-1.3,-0.2,-0.08,200.0,0.12,567.0,0,0,0.0,40.0,0.0,0.0,0.0,0.0,0.0,0.0,0.0,302.0,30.0,Sprint of large group,9.4,1.0,🟢  Plat/Sprint,0
2024-10-16,2024,giro-del-veneto,result,,Arkéa - B&B Hotels,0,1.Pro,,,0.0,,,,,,,38.0,38.0,0.0,0.0,0.0,,166.66,162.0,3.82,0.0,0.0,0.0,148.0,3.56,2.68,11.7,0.0,0.0,0.167,0.0,0.0,1675.0,1639.0,253.0,19.0,7.0,1.0,0.0,0.0,0.0,0.9356,0.3191,0.0,0.0,0.0,5.4,1.83,1.12,61.0,-0.06,185.0,0,0,0.0,200.0,0.0,0.0,0.0,0.0,0.0,0.0,0.0,291.0,17.0,Sprint of small group,8.8,1.0,🟢  Plat/Sprint,0
2024-10-16,2024,tour-of-guangxi,stage,2.0,Arkéa - B&B Hotels,0,2.UWT,,,0.0,,,,,,,0.0,90.0,77.0,0.0,0.0,2.0,181.1,164.0,2.89,0.0,0.0,0.0,37.0,0.0,130.0,0.0,14.2,0.0,11.0,0.218,0.0,1764.0,1193.0,741.0,93.0,1.0,1.0,0.0,1.0,0.0,0.9985,0.9985,0.9985,0.9985,0.0,0.3,0.3,0.48,670.0,-0.04,462.0,0,0,0.0,40.0,0.0,0.0,0.0,0.0,0.0,0.0,0.0,302.0,28.0,Sprint of large group,24.8,2.0,⛰️  Moy. montagne,0
2024-10-17,2024,tour-of-guangxi,stage,3.0,Arkéa - B&B Hotels,0,2.UWT,,,0.0,,,,,,,0.0,90.0,77.0,0.0,0.0,3.0,215.5,6.77,1.67,0.0,0.0,0.0,2.0,0.654,5.78,0.0,211.0,0.0,211.0,0.0,0.0,2563.0,3051.0,798.0,107.0,4.0,1.0,1.0,0.0,0.0,0.9427,0.9427,0.8424,0.0,0.0,0.1,-0.13,-0.36,68.0,-0.29,565.0,0,0,0.0,40.0,0.0,0.0,0.0,0.0,0.0,0.0,0.0,302.0,26.0,Sprint of large group,14.2,2.0,⛰️  Moy. montagne,0
2024-10-18,2024,tour-of-guangxi,stage,4.0,Arkéa - B&B Hotels,0,2.UWT,,,0.0,,,,,,,0.0,90.0,77.0,0.0,0.0,4.0,176.59,2.68,0.204,0.0,0.0,0.0,0.482,0.0,2.4,0.0,177.0,0.0,177.0,0.0,0.0,2835.0,2879.0,706.0,193.0,1.0,2.0,2.0,0.0,0.0,0.9494,0.8462,0.5501,0.0,0.0,0.0,-0.5,-0.52,138.0,0.32,1018.0,0,0,0.0,40.0,0.0,0.0,0.0,0.0,0.0,0.0,0.0,302.0,25.0,Sprint of large group,3.0,2.0,⛰️  Moy. montagne,0
2024-10-19,2024,tour-of-guangxi,stage,5.0,Arkéa - B&B Hotels,0,2.UWT,,,0.0,,,,,,,3.0,90.0,77.0,0.0,0.0,5.0,166.18,1.83,0.4,0.0,0.0,0.0,0.203,0.197,1.83,0.0,165.0,0.0,165.0,0.0,0.0,1881.0,1378.0,643.0,102.0,5.0,0.0,1.0,0.0,0.0,0.9991,0.9991,0.9991,0.0,0.0,15.9,8.47,7.82,444.0,0.01,317.0,0,0,0.0,40.0,0.0,0.0,0.0,0.0,0.0,0.0,0.0,302.0,28.0,Sprint à deux,10.4,3.0,🏔️  Haute montagne,1
2024-10-20,2024,veneto-classic,result,,Arkéa - B&B Hotels,0,1.Pro,,,0.0,,,,,,,5.0,5.0,0.0,0.0,0.0,,191.49,179.0,7.4,1.17,1.53,0.0,156.0,9.0,16.7,3.8,2.03,0.0,2.19,2.84,1.01,1984.0,1890.0,285.0,21.0,3.0,6.0,0.0,0.0,0.0,0.9729,0.8822,0.0,0.0,0.0,1.1,-0.7,-0.16,96.0,0.05,242.0,0,0,0.0,200.0,0.807,0.0,0.312,0.0,0.065,0.0,0.0,286.0,20.0,9.8 km solo,2.0,2.0,⛰️  Moy. montagne,0
2024-10-20,2024,tour-of-guangxi,stage,6.0,Arkéa - B&B Hotels,0,2.UWT,,,0.0,,,,,,,10.0,90.0,77.0,0.0,0.0,6.0,133.3,9.06,3.61,0.0,1.31,0.0,4.86,4.44,3.16,2.53,112.0,0.0,124.0,9.75,1.31,1592.0,1594.0,238.0,61.0,0.0,5.0,0.0,0.0,0.0,0.8605,0.8605,0.0,0.0,0.0,0.0,-0.07,0.02,75.0,-0.0,625.0,0,0,0.0,40.0,0.0,0.0,0.0,0.0,0.0,0.0,0.0,302.0,30.0,Sprint of large group,14.4,1.0,🟢  Plat/Sprint,0
2025-01-21,2025,tour-down-under,stage,1.0,Arkéa - B&B Hotels,1,2.UWT,FIN,65.0,0.0,29.0,20.0,,,,,0.0,40.0,40.0,0.0,0.0,1.0,101.84,86.7,14.3,0.0,0.48,0.0,52.3,0.367,40.6,7.47,0.904,0.0,0.734,0.806,0.0,1160.0,1255.0,338.0,3.0,0.0,1.0,1.0,0.0,0.0,0.8057,0.8057,0.4835,0.0,0.0,0.2,0.37,0.28,36.0,0.37,659.0,0,0,0.0,60.0,0.0,0.0,0.0,0.0,0.0,0.0,0.0,358.0,28.0,Sprint of large group,12.4,1.0,🟢  Plat/Sprint,0
2025-01-22,2025,tour-down-under,stage,2.0,Arkéa - B&B Hotels,1,2.UWT,FIN,69.0,0.0,29.0,20.0,,,,,0.0,40.0,40.0,0.0,0.0,2.0,115.22,101.0,14.1,0.0,0.0,0.0,109.0,3.64,0.422,1.58,0.0,0.0,0.0,0.0,0.0,1637.0,1367.0,379.0,45.0,2.0,3.0,1.0,0.0,0.0,0.9996,0.9996,0.8477,0.0,0.0,5.6,7.4,5.74,315.0,-0.03,673.0,0,1,101.84,60.0,0.0,0.0,0.0,0.0,0.0,0.0,0.0,358.0,26.0,Sprint of large group,2.0,3.0,🏔️  Haute montagne,1
2025-01-23,2025,tour-down-under,stage,3.0,Arkéa - B&B Hotels,1,2.UWT,FIN,51.0,0.0,29.0,20.0,,,,,0.0,40.0,40.0,0.0,0.0,3.0,105.88,50.8,55.2,0.0,0.0,0.0,64.1,0.0,40.8,1.06,0.0,0.0,0.0,0.0,0.0,1964.0,1980.0,519.0,306.0,0.0,5.0,0.0,0.0,0.0,0.9997,0.9997,0.0,0.0,0.0,4.6,1.37,2.0,233.0,-0.13,886.0,0,2,217.06,60.0,0.0,0.0,0.0,0.0,0.0,0.0,0.0,358.0,19.0,4.8 km solo,2.0,2.0,⛰️  Moy. montagne,0
2025-01-24,2025,tour-down-under,stage,4.0,Arkéa - B&B Hotels,1,2.UWT,FIN,71.0,0.0,29.0,20.0,,,,,0.0,40.0,40.0,0.0,0.0,4.0,157.82,154.0,3.15,0.0,0.48,0.0,110.0,1.03,37.3,7.83,0.903,0.0,0.747,0.819,0.0,1969.0,2022.0,363.0,4.0,3.0,1.0,2.0,0.0,0.0,0.9215,0.8628,0.5661,0.0,0.0,-0.2,-0.1,-1.0,47.0,0.53,732.0,0,3,322.94,60.0,0.0,0.0,0.0,0.0,0.0,0.0,0.0,358.0,21.0,Sprint of large group,1.0,2.0,⛰️  Moy. montagne,0
2025-01-25,2025,tour-down-under,stage,5.0,Arkéa - B&B Hotels,1,2.UWT,FIN,32.0,0.0,29.0,20.0,,,,,0.0,40.0,40.0,0.0,0.0,5.0,145.88,131.0,14.7,0.0,0.0,0.0,131.0,6.55,5.33,2.76,0.353,0.0,0.353,0.0,0.0,1674.0,1393.0,408.0,6.0,1.0,1.0,2.0,0.0,0.0,0.9994,0.9994,0.8362,0.0,0.0,5.7,7.43,5.74,314.0,-0.15,506.0,0,4,480.76,60.0,0.0,0.0,0.0,0.0,0.0,0.0,0.0,358.0,27.0,Sprint of 3 riders,2.0,3.0,🏔️  Haute montagne,1
2025-01-25,2025,ruta-de-la-ceramica-gran-premio-castellon,result,,Arkéa - B&B Hotels,0,1.1,,,0.0,,,,,,,35.0,35.0,0.0,0.0,0.0,,171.23,150.0,18.1,0.0,0.0,0.0,113.0,3.82,41.7,8.89,3.33,0.0,3.35,0.634,0.0,2346.0,2170.0,839.0,28.0,3.0,1.0,0.0,0.0,1.0,0.906,0.906,0.3093,0.3093,0.3093,-0.1,-0.13,-0.62,33.0,0.76,790.0,0,4,480.76,125.0,0.0,0.0,0.0,0.0,0.0,0.0,0.0,246.0,17.0,Sprint of small group,1.0,2.0,⛰️  Moy. montagne,0
2025-01-26,2025,tour-down-under,stage,6.0,Arkéa - B&B Hotels,1,2.UWT,FIN,66.0,0.0,29.0,20.0,,,,,0.0,40.0,40.0,0.0,0.0,6.0,90.3,62.6,14.5,0.0,5.33,0.0,46.2,14.8,0.0,11.8,0.0,0.0,5.37,9.64,5.33,600.0,601.0,40.0,22.0,0.0,0.0,0.0,0.0,0.0,0.0,0.0,0.0,0.0,0.0,0.0,0.1,0.06,41.0,0.02,339.0,0,5,626.64,60.0,0.0,0.0,0.0,0.0,0.0,0.0,0.0,358.0,34.0,Sprint of large group,10.8,1.0,🟢  Plat/Sprint,0
2025-01-26,2025,gp-de-valence,result,,Arkéa - B&B Hotels,0,1.1,,,0.0,,,,,,,5.0,5.0,0.0,0.0,0.0,,185.28,179.0,5.36,0.0,0.0,0.0,120.0,5.54,59.0,0.0,0.0,0.0,0.0,0.0,0.0,2153.0,1922.0,622.0,0.0,2.0,1.0,3.0,0.0,0.0,0.9455,0.9455,0.9455,0.0,0.0,0.0,-1.23,-1.2,32.0,0.04,50.0,0,5,626.64,125.0,0.0,0.0,0.0,0.0,0.0,0.0,0.0,308.0,17.0,Sprint à deux,8.0,2.0,⛰️  Moy. montagne,0
2025-01-29,2025,trofeo-calvia,result,,Arkéa - B&B Hotels,0,1.1,,,0.0,,,,,,,0.0,0.0,0.0,0.0,0.0,,149.09,148.0,0.319,0.0,0.0,0.0,138.0,0.588,4.64,5.15,0.32,0.0,0.32,0.0,0.0,3093.0,3101.0,502.0,8.0,4.0,2.0,3.0,0.0,0.0,0.9249,0.848,0.6147,0.0,0.0,0.7,-2.23,-1.62,69.0,0.29,1072.0,0,6,716.9399999999999,125.0,0.0,0.0,0.0,0.0,0.0,0.0,0.0,291.0,14.0,0.8 km solo,9.0,2.0,⛰️  Moy. montagne,0
2025-01-30,2025,trofeo-ses-salines-felanitx,result,,Arkéa - B&B Hotels,0,1.1,,,0.0,,,,,,,3.0,3.0,0.0,0.0,0.0,,185.65,174.0,11.6,0.0,0.0,0.0,125.0,0.883,47.0,12.7,0.0,0.0,0.0,0.0,0.0,1036.0,1070.0,177.0,0.0,0.0,2.0,0.0,0.0,0.0,0.7658,0.7658,0.0,0.0,0.0,0.5,-0.23,-0.3,28.0,0.03,199.0,0,6,716.9399999999999,125.0,0.0,0.0,0.0,0.0,0.0,0.0,0.0,265.0,15.0,Sprint of large group,9.6,1.0,🟢  Plat/Sprint,0
2025-01-31,2025,deia-trophy,result,,Arkéa - B&B Hotels,0,1.1,,,0.0,,,,,,,50.0,50.0,0.0,0.0,0.0,,149.88,148.0,1.02,0.0,0.0,0.0,110.0,1.61,17.1,20.6,0.32,0.0,0.424,0.0,0.0,2097.0,2408.0,882.0,0.0,1.0,0.0,1.0,0.0,1.0,0.7948,0.7948,0.7948,0.5401,0.5401,2.5,0.83,0.42,106.0,-0.96,192.0,0,6,716.9399999999999,125.0,0.0,0.0,0.0,0.0,0.0,0.0,0.0,367.0,11.0,3.4 km solo,8.0,2.0,⛰️  Moy. montagne,0
2025-02-01,2025,trofeo-pollenca-port-d-andratx,result,,Arkéa - B&B Hotels,0,1.1,,,0.0,,,,,,,0.0,0.0,0.0,0.0,0.0,,,,,,,,,,,,,,,,,,,,,0.0,0.0,0.0,0.0,0.0,,,,,,,,,,,,0,6,716.9399999999999,,,,,,,,,288.0,12.0,-,,,,0
2025-02-02,2025,trofeo-palma,result,,Arkéa - B&B Hotels,0,1.1,,,0.0,,,,,,,15.0,15.0,0.0,0.0,0.0,,149.8,140.0,5.26,3.71,0.0,0.0,49.0,2.57,88.4,5.77,1.61,0.0,1.55,3.36,0.0,989.0,997.0,250.0,0.0,2.0,1.0,0.0,0.0,0.0,0.6785,0.0891,0.0,0.0,0.0,-0.4,-0.07,0.0,43.0,0.13,443.0,0,6,716.9399999999999,125.0,3.414,0.0,2.276,0.0,1.138,0.0,0.0,228.0,12.0,0.4 km solo,10.2,1.0,🟢  Plat/Sprint,0
2025-02-02,2025,gp-d-ouverture,result,,Arkéa - B&B Hotels,0,1.1,,,0.0,,,,,,,3.0,3.0,0.0,0.0,0.0,,164.42,162.0,2.12,0.0,0.0,0.0,122.0,1.31,37.7,3.25,0.0,0.0,0.0,0.0,0.0,2830.0,2886.0,730.0,32.0,2.0,3.0,3.0,0.0,0.0,0.9477,0.9477,0.8198,0.0,0.0,2.2,0.3,-1.72,44.0,0.28,839.0,1,6,716.9399999999999,125.0,0.0,0.0,0.0,0.0,0.0,0.0,0.0,132.0,12.0,Sprint of 33 riders,18.0,2.0,⛰️  Moy. montagne,0
2025-02-05,2025,etoile-de-besseges,stage,1.0,Arkéa - B&B Hotels,0,2.1,,,0.0,,,,,,,0.0,213.0,175.0,0.0,0.0,1.0,158.97,158.0,0.566,0.0,0.0,0.0,114.0,4.15,40.6,0.0,0.395,0.0,0.708,0.313,0.0,520.0,463.0,71.0,-1.0,0.0,0.0,0.0,0.0,0.0,0.0,0.0,0.0,0.0,0.0,5.6,1.93,1.12,70.0,0.0,169.0,1,6,716.9399999999999,14.0,0.0,0.0,0.0,0.0,0.0,0.0,0.0,358.0,11.0,Sprint of large group,5.6,1.0,🟢  Plat/Sprint,0
2025-02-06,2025,etoile-de-besseges,stage,2.0,Arkéa - B&B Hotels,0,2.1,,,0.0,,,,,,,5.0,213.0,175.0,0.0,0.0,2.0,166.11,164.0,1.85,0.0,0.0,0.0,161.0,0.65,4.55,0.229,0.0,0.0,0.0,0.0,0.0,1424.0,1497.0,204.0,25.0,2.0,3.0,0.0,0.0,0.0,0.9483,0.9483,0.0,0.0,0.0,-0.6,-0.5,-0.98,0.0,-0.04,384.0,1,6,716.9399999999999,14.0,0.0,0.0,0.0,0.0,0.0,0.0,0.0,358.0,11.0,Sprint of large group,3.6,1.0,🟢  Plat/Sprint,0
2025-02-07,2025,muscat-classic,result,,Arkéa - B&B Hotels,0,1.1,,,0.0,,,,,,,85.0,85.0,0.0,0.0,0.0,,169.14,127.0,27.8,0.0,0.0,0.0,85.9,0.839,69.2,0.0,13.7,0.0,4.82,0.0,0.0,2043.0,2029.0,376.0,2.0,2.0,4.0,1.0,0.0,0.0,0.9764,0.9764,0.4601,0.0,0.0,-0.1,-4.17,-0.88,396.0,0.28,246.0,0,6,716.9399999999999,125.0,0.0,0.0,0.0,0.0,0.0,0.0,0.0,283.0,24.0,Sprint of 28 riders,12.6,2.0,⛰️  Moy. montagne,0
2025-02-07,2025,etoile-de-besseges,stage,3.0,Arkéa - B&B Hotels,0,2.1,,,0.0,,,,,,,5.0,213.0,175.0,0.0,0.0,3.0,136.32,135.0,0.993,0.0,0.0,0.0,125.0,1.8,8.85,0.0,0.878,0.0,0.878,0.0,0.0,1629.0,1626.0,412.0,84.0,3.0,3.0,0.0,0.0,0.0,0.8806,0.7296,0.0,0.0,0.0,0.6,0.13,0.06,58.0,0.08,637.0,1,6,716.9399999999999,14.0,0.0,0.0,0.0,0.0,0.0,0.0,0.0,358.0,9.0,Sprint of small group,18.6,2.0,⛰️  Moy. montagne,0
2025-02-08,2025,tour-of-oman,stage,1.0,Arkéa - B&B Hotels,0,2.Pro,,,0.0,,,,,,,0.0,60.0,55.0,0.0,0.0,1.0,179.84,172.0,1.45,0.0,0.513,0.0,57.9,1.45,115.0,0.0,5.87,0.0,0.989,0.0,0.0,1761.0,1769.0,376.0,3.0,2.0,2.0,1.0,0.0,0.0,0.7662,0.7662,0.138,0.0,0.0,0.4,0.03,-0.04,66.0,0.38,640.0,0,6,716.9399999999999,20.0,0.0,0.0,0.0,0.0,0.0,0.0,0.0,281.0,25.0,Sprint of large group,28.6,2.0,⛰️  Moy. montagne,0
2025-02-08,2025,etoile-de-besseges,stage,4.0,Arkéa - B&B Hotels,0,2.1,,,0.0,,,,,,,14.0,213.0,175.0,0.0,0.0,4.0,122.78,118.0,4.09,0.0,0.0,0.0,113.0,0.0,9.67,0.0,0.0,0.0,0.0,0.263,0.0,1410.0,798.0,620.0,4.0,1.0,1.0,1.0,0.0,0.0,0.9996,0.9996,0.9996,0.0,0.0,8.7,9.57,8.46,439.0,0.12,281.0,1,6,716.9399999999999,14.0,0.0,0.0,0.0,0.0,0.0,0.0,0.0,358.0,5.0,3.2 km solo,2.0,3.0,🏔️  Haute montagne,1
2025-02-09,2025,etoile-de-besseges,stage,5.0,Arkéa - B&B Hotels,0,2.1,,,0.0,,,,,,,14.0,213.0,175.0,0.0,0.0,5.0,10.64,10.6,0.0,0.0,0.0,0.0,9.85,0.313,0.125,0.356,0.0,0.0,0.0,0.0,0.0,174.0,14.0,290.0,121.0,0.0,1.0,0.0,0.0,0.0,0.9978,0.9978,0.0,0.0,0.0,7.0,5.33,3.34,169.0,1.5,174.0,1,6,716.9399999999999,14.0,0.0,0.0,0.0,0.0,0.0,0.0,0.0,358.0,9.0,Time trial,4.6,1.0,🟢  Plat/Sprint,0
2025-02-09,2025,tour-of-oman,stage,2.0,Arkéa - B&B Hotels,0,2.Pro,,,0.0,,,,,,,0.0,60.0,55.0,0.0,0.0,2.0,202.68,194.0,2.54,0.0,0.0,0.0,48.3,2.85,146.0,0.0,6.31,0.0,6.4,0.0,0.0,1801.0,1986.0,495.0,8.0,2.0,3.0,1.0,0.0,0.0,0.9996,0.9091,0.7072,0.0,0.0,0.9,3.57,1.54,244.0,-0.11,235.0,0,6,716.9399999999999,20.0,0.0,0.0,0.0,0.0,0.0,0.0,0.0,281.0,25.0,10.5 km solo,28.6,2.0,⛰️  Moy. montagne,0
2025-02-10,2025,tour-of-oman,stage,3.0,Arkéa - B&B Hotels,0,2.Pro,,,0.0,,,,,,,0.0,60.0,55.0,0.0,0.0,3.0,181.34,171.0,0.0,0.0,0.0,0.0,82.3,0.0,87.9,0.7,10.7,0.0,10.4,0.0,0.0,1838.0,1028.0,1003.0,193.0,2.0,1.0,0.0,0.0,1.0,0.9996,0.9996,0.9996,0.9996,0.9996,12.6,9.07,7.02,432.0,0.58,418.0,0,6,716.9399999999999,20.0,0.0,0.0,0.0,0.0,0.0,0.0,0.0,281.0,25.0,Sprint à deux,4.4,3.0,🏔️  Haute montagne,1
2025-02-11,2025,tour-of-oman,stage,4.0,Arkéa - B&B Hotels,0,2.Pro,,,0.0,,,,,,,0.0,60.0,55.0,0.0,0.0,4.0,180.67,155.0,3.92,0.0,0.0,0.0,73.4,0.879,85.5,0.0,21.6,0.0,22.0,0.0,0.0,907.0,1276.0,738.0,14.0,0.0,1.0,1.0,0.0,0.0,0.4926,0.4926,0.4926,0.0,0.0,3.0,0.93,0.26,48.0,0.25,338.0,0,6,716.9399999999999,20.0,0.0,0.0,0.0,0.0,0.0,0.0,0.0,281.0,27.0,Sprint of large group,7.4,1.0,🟢  Plat/Sprint,0
2025-02-12,2025,tour-of-oman,stage,5.0,Arkéa - B&B Hotels,0,2.Pro,,,0.0,,,,,,,5.0,60.0,55.0,0.0,0.0,5.0,138.73,137.0,0.204,0.0,0.0,0.0,104.0,0.296,32.3,0.7,1.62,0.0,1.62,0.0,0.0,1706.0,1097.0,1212.0,515.0,2.0,2.0,0.0,1.0,0.0,0.9995,0.9995,0.9995,0.9995,0.0,12.8,10.53,9.74,618.0,0.39,567.0,0,6,716.9399999999999,20.0,0.0,0.0,0.0,0.0,0.0,0.0,0.0,281.0,27.0,Sprint à deux,3.4,3.0,🏔️  Haute montagne,1
2025-02-14,2025,tour-cycliste-international-la-provence,stage,1.0,Arkéa - B&B Hotels,0,2.1,,,0.0,,,,,,,0.0,43.0,43.0,0.0,0.0,1.0,169.95,166.0,2.68,0.184,0.0,0.0,137.0,0.718,30.3,0.869,0.417,0.0,0.417,0.0,0.0,2615.0,2683.0,744.0,34.0,3.0,3.0,1.0,1.0,0.0,0.8522,0.8522,0.5614,0.5614,0.0,-0.7,-1.13,-1.14,9.0,1.02,1256.0,0,6,716.9399999999999,14.0,0.0,0.0,0.0,0.0,0.0,0.0,0.0,194.0,9.0,Sprint of small group,18.6,2.0,⛰️  Moy. montagne,0
2025-02-15,2025,tour-cycliste-international-la-provence,stage,2.0,Arkéa - B&B Hotels,0,2.1,,,0.0,,,,,,,0.0,43.0,43.0,0.0,0.0,2.0,167.59,167.0,0.0,0.0,0.0,0.0,149.0,1.1,15.7,1.55,0.32,0.0,0.406,0.0,0.0,2430.0,2472.0,866.0,328.0,5.0,1.0,2.0,0.0,0.0,0.9069,0.8299,0.8299,0.0,0.0,4.0,1.93,0.12,98.0,0.64,852.0,0,6,716.9399999999999,14.0,0.0,0.0,0.0,0.0,0.0,0.0,0.0,194.0,10.0,Sprint à deux,18.0,2.0,⛰️  Moy. montagne,0
2025-02-16,2025,tour-cycliste-international-la-provence,stage,3.0,Arkéa - B&B Hotels,0,2.1,,,0.0,,,,,,,0.0,43.0,43.0,0.0,0.0,3.0,189.52,188.0,0.37,0.0,0.862,0.0,155.0,2.46,27.7,3.14,0.0,0.0,0.0,0.862,0.0,537.0,558.0,188.0,-1.0,0.0,1.0,0.0,0.0,0.0,0.3159,0.3159,0.0,0.0,0.0,1.0,-0.2,-0.26,29.0,0.3,353.0,0,6,716.9399999999999,14.0,0.0,0.0,0.0,0.0,0.0,0.0,0.0,194.0,13.0,Sprint of large group,6.8,1.0,🟢  Plat/Sprint,0
2025-02-16,2025,clasica-de-almeria,result,,Arkéa - B&B Hotels,0,1.Pro,,,0.0,,,,,,,0.0,0.0,0.0,0.0,0.0,,189.41,158.0,9.68,0.0,2.32,0.0,149.0,2.58,16.4,1.13,19.3,0.0,19.6,1.06,0.0,1684.0,1727.0,528.0,-1.0,1.0,0.0,2.0,0.0,0.0,0.7597,0.546,0.546,0.0,0.0,0.1,-0.03,0.0,5.0,0.77,634.0,0,6,716.9399999999999,200.0,0.0,0.0,0.0,0.0,0.0,0.0,0.0,177.0,18.0,Sprint of large group,17.0,2.0,⛰️  Moy. montagne,0
2025-02-21,2025,classic-var,result,,Arkéa - B&B Hotels,0,1.1,,,0.0,,,,,,,60.0,60.0,0.0,0.0,0.0,,163.38,158.0,5.86,0.0,0.0,0.0,132.0,0.247,27.6,3.89,0.0,0.0,0.0,0.0,0.0,2272.0,2094.0,628.0,38.0,5.0,2.0,1.0,0.0,0.0,0.9995,0.9995,0.6126,0.0,0.0,10.5,4.2,2.9,226.0,0.02,493.0,1,5,615.0999999999999,125.0,0.0,0.0,0.0,0.0,0.0,0.0,0.0,261.0,13.0,Sprint of 5 riders,0.0,2.0,⛰️  Moy. montagne,0
2025-02-22,2025,tour-des-alpes-maritimes,stage,1.0,Arkéa - B&B Hotels,0,2.1,,,0.0,,,,,,,0.0,6.0,6.0,0.0,0.0,1.0,163.38,163.0,0.0,0.0,0.0,0.0,150.0,0.283,6.01,7.0,0.178,0.0,0.0,0.0,0.0,3542.0,2941.0,998.0,47.0,0.0,1.0,3.0,1.0,1.0,0.9998,0.9998,0.9998,0.8581,0.1467,4.8,2.27,2.66,466.0,0.21,1170.0,0,4,499.88,14.0,0.0,0.0,0.0,0.0,0.0,0.0,0.0,261.0,11.0,Sprint of 3 riders,3.8,3.0,🏔️  Haute montagne,1
2025-02-23,2025,tour-des-alpes-maritimes,stage,2.0,Arkéa - B&B Hotels,0,2.1,,,0.0,,,,,,,0.0,6.0,6.0,0.0,0.0,2.0,131.94,131.0,0.478,0.0,0.0,0.0,110.0,2.48,1.89,17.0,0.0,0.0,0.0,0.0,0.0,2413.0,2194.0,692.0,32.0,2.0,2.0,3.0,0.0,0.0,0.9859,0.9859,0.7734,0.0,0.0,0.1,-0.17,1.6,228.0,1.03,1264.0,0,3,394.0,14.0,0.0,0.0,0.0,0.0,0.0,0.0,0.0,261.0,14.0,Sprint of 26 riders,12.0,2.0,⛰️  Moy. montagne,0
2025-03-01,2025,faun-ardeche-classic,result,,Arkéa - B&B Hotels,0,1.Pro,,,0.0,,,,,,,13.0,13.0,0.0,0.0,0.0,,170.68,162.0,7.41,0.0,0.0,0.0,122.0,0.0,33.7,13.3,0.433,0.0,0.0,0.0,0.0,3187.0,3224.0,688.0,106.0,3.0,2.0,3.0,0.0,0.0,0.9583,0.8684,0.8684,0.0,0.0,0.0,0.03,-3.1,9.0,0.06,946.0,0,0,0.0,200.0,0.0,0.0,0.0,0.0,0.0,0.0,0.0,512.0,8.0,Other,12.0,2.0,⛰️  Moy. montagne,0
2025-03-01,2025,omloop-het-nieuwsblad,result,,Arkéa - B&B Hotels,0,1.UWT,,,0.0,,,,,,,24.0,24.0,0.0,0.0,0.0,,197.12,100.0,77.5,18.0,0.923,0.0,63.6,44.9,2.35,74.2,0.408,0.21,0.688,0.869,0.278,1631.0,1632.0,105.0,6.0,3.0,0.0,0.0,0.0,0.0,0.9244,0.0,0.0,0.0,0.0,-0.3,-1.0,-0.52,94.0,0.1,364.0,0,0,0.0,300.0,5.332,0.0,1.663,0.0,0.024,0.0,0.0,718.0,6.0,Sprint of large group,3.8,1.0,🟢  Plat/Sprint,0
2025-03-02,2025,la-drome-classic,result,,Arkéa - B&B Hotels,0,1.Pro,,,0.0,,,,,,,5.0,5.0,0.0,0.0,0.0,,190.08,165.0,24.0,0.0,0.0,0.0,148.0,9.3,25.3,5.76,2.06,0.0,2.06,0.0,0.0,2309.0,2313.0,513.0,112.0,4.0,2.0,1.0,0.0,0.0,0.8897,0.8377,0.7572,0.0,0.0,5.8,2.13,1.06,78.0,-0.02,458.0,0,0,0.0,200.0,0.0,0.0,0.0,0.0,0.0,0.0,0.0,522.0,11.0,40 km solo,14.6,2.0,⛰️  Moy. montagne,0
2025-03-02,2025,kuurne-brussel-kuurne,result,,Arkéa - B&B Hotels,0,1.Pro,,,0.0,,,,,,,38.0,38.0,0.0,0.0,0.0,,195.71,129.0,59.7,4.01,0.0,0.0,86.1,31.5,11.9,57.2,2.93,0.0,3.11,0.0,0.0,1779.0,1777.0,158.0,7.0,7.0,0.0,0.0,0.0,0.0,0.6462,0.0,0.0,0.0,0.0,-0.1,0.03,0.04,70.0,0.16,357.0,0,0,0.0,200.0,0.826,0.0,0.0,0.0,0.0,0.0,0.0,689.0,9.0,Sprint of large group,8.6,1.0,🟢  Plat/Sprint,0
2025-03-04,2025,gp-samyn,result,,Arkéa - B&B Hotels,0,1.1,,,0.0,,,,,,,85.0,85.0,0.0,0.0,0.0,,198.32,136.0,43.8,14.6,0.409,0.0,131.0,18.3,7.61,35.7,2.15,0.0,3.25,0.0,0.585,1080.0,1023.0,136.0,17.0,3.0,0.0,0.0,0.0,0.0,0.8567,0.0,0.0,0.0,0.0,3.1,1.5,0.5,187.0,0.03,200.0,0,0,0.0,125.0,5.65,0.0,2.012,0.0,1.035,0.0,0.0,256.0,12.0,Sprint of small group,15.2,1.0,🟢  Plat/Sprint,0
2025-03-05,2025,trofeo-laigueglia,result,,Arkéa - B&B Hotels,0,1.Pro,,,0.0,,,,,,,25.0,25.0,0.0,0.0,0.0,,198.22,178.0,18.7,0.0,0.0,0.0,117.0,8.16,64.0,7.47,1.95,0.0,1.41,0.0,0.0,3280.0,3286.0,483.0,1.0,5.0,4.0,3.0,0.0,0.0,0.9873,0.9613,0.6793,0.0,0.0,-0.5,-1.93,-0.02,199.0,0.07,724.0,0,0,0.0,200.0,0.0,0.0,0.0,0.0,0.0,0.0,0.0,267.0,16.0,Sprint of 4 riders,15.6,2.0,⛰️  Moy. montagne,0
2025-03-08,2025,grand-prix-criquielion,result,,Arkéa - B&B Hotels,0,1.1,,,0.0,,,,,,,30.0,30.0,0.0,0.0,0.0,,201.94,127.0,69.3,3.96,0.0,0.0,129.0,23.5,2.46,45.5,1.06,0.0,1.06,0.0,0.0,2225.0,2209.0,122.0,-10.0,7.0,0.0,0.0,0.0,0.0,0.9378,0.0,0.0,0.0,0.0,1.0,0.0,0.14,144.0,0.03,521.0,0,0,0.0,125.0,1.235,0.0,0.617,0.0,0.617,0.0,0.0,149.0,18.0,Sprint of large group,20.6,2.0,⛰️  Moy. montagne,0
2025-03-08,2025,strade-bianche,result,,Arkéa - B&B Hotels,0,1.UWT,,,0.0,,,,,,,28.0,28.0,0.0,0.0,0.0,,212.99,129.0,7.48,0.841,26.1,49.2,120.0,55.7,31.4,0.0,0.569,0.0,0.569,5.35,0.0,3716.0,3665.0,460.0,139.0,11.0,4.0,1.0,0.0,0.0,0.9984,0.9638,0.2702,0.0,0.0,5.1,0.77,-0.48,138.0,-0.25,585.0,1,0,0.0,400.0,0.865,0.669,0.865,0.0,0.865,0.0,0.0,699.0,17.0,18.6 km solo,14.6,2.0,⛰️  Moy. montagne,0
2025-03-09,2025,grote-prijs-jean-pierre-monsere,result,,Arkéa - B&B Hotels,0,1.1,,,0.0,,,,,,,0.0,0.0,0.0,0.0,0.0,,201.74,113.0,83.0,3.95,0.0,0.0,69.5,23.1,3.85,86.7,1.44,0.0,2.53,0.0,0.0,686.0,713.0,48.0,3.0,0.0,0.0,0.0,0.0,0.0,0.0,0.0,0.0,0.0,0.0,-0.4,-0.07,-0.12,45.0,-0.05,163.0,0,0,0.0,125.0,1.101,0.0,0.0,0.0,0.0,0.0,0.0,152.0,18.0,6.4 km solo,29.4,1.0,🟢  Plat/Sprint,0
2025-03-09,2025,paris-nice,stage,1.0,Arkéa - B&B Hotels,0,2.UWT,,,0.0,,,,,,,40.0,95.0,45.0,0.0,0.0,1.0,156.07,148.0,7.51,0.507,0.0,0.0,118.0,4.28,31.9,1.67,0.0,0.0,0.0,0.0,0.0,1289.0,1290.0,194.0,64.0,5.0,0.0,0.0,0.0,0.0,0.9644,0.0,0.0,0.0,0.0,-0.2,-0.1,-0.04,279.0,-0.0,469.0,0,0,0.0,60.0,0.284,0.0,0.284,0.0,0.0,0.0,0.0,868.0,14.0,Sprint of large group,29.4,1.0,🟢  Plat/Sprint,0
2025-03-10,2025,paris-nice,stage,2.0,Arkéa - B&B Hotels,0,2.UWT,,,0.0,,,,,,,10.0,95.0,45.0,0.0,0.0,2.0,183.49,179.0,3.5,0.244,1.04,0.0,112.0,2.19,63.8,4.12,0.19,0.0,0.19,0.001,0.0,879.0,904.0,187.0,53.0,1.0,0.0,0.0,0.0,0.0,0.2433,0.0,0.0,0.0,0.0,0.8,0.6,0.32,167.0,0.03,356.0,0,0,0.0,60.0,0.0,0.0,0.0,0.0,0.0,0.0,0.0,868.0,12.0,Sprint of large group,37.4,1.0,🟢  Plat/Sprint,0
2025-03-10,2025,tirreno-adriatico,stage,1.0,Arkéa - B&B Hotels,1,2.UWT,FIN,57.0,0.0,47.0,10.0,,,,,2.0,74.0,70.0,0.0,0.0,1.0,11.48,11.2,0.0,0.0,0.0,0.0,10.1,0.729,0.0,0.455,0.0,0.0,0.223,0.223,0.0,8.0,8.0,4.0,2.0,0.0,0.0,0.0,0.0,0.0,0.0,0.0,0.0,0.0,0.0,-0.1,0.0,0.0,8.0,0.0,8.0,1,0,0.0,60.0,0.0,0.0,0.0,0.0,0.0,0.0,0.0,919.0,15.0,Time trial,34.6,1.0,🟢  Plat/Sprint,0
2025-03-11,2025,tirreno-adriatico,stage,2.0,Arkéa - B&B Hotels,1,2.UWT,FIN,106.0,0.0,47.0,10.0,,,,,0.0,74.0,70.0,0.0,0.0,2.0,189.59,184.0,4.53,0.0,0.0,0.0,106.0,2.41,78.2,2.33,0.584,0.0,0.746,0.0,0.0,1187.0,1239.0,281.0,-4.0,1.0,2.0,0.0,0.0,0.0,0.7188,0.7188,0.0,0.0,0.0,-0.1,-0.03,-0.12,42.0,-0.11,317.0,1,1,11.48,60.0,0.0,0.0,0.0,0.0,0.0,0.0,0.0,919.0,16.0,Sprint of large group,27.4,1.0,🟢  Plat/Sprint,0
2025-03-12,2025,tirreno-adriatico,stage,3.0,Arkéa - B&B Hotels,1,2.UWT,FIN,63.0,0.0,47.0,10.0,,,,,0.0,74.0,70.0,0.0,0.0,3.0,239.56,240.0,0.0,0.0,0.0,0.0,167.0,3.32,69.5,0.0,0.0,0.0,0.0,0.0,0.0,3223.0,2474.0,818.0,9.0,4.0,2.0,1.0,0.0,1.0,0.9927,0.9927,0.9927,0.9927,0.9927,0.0,-0.73,-0.84,254.0,0.11,530.0,1,2,201.07,60.0,0.0,0.0,0.0,0.0,0.0,0.0,0.0,919.0,15.0,Sprint of large group,20.2,2.0,⛰️  Moy. montagne,0
2025-03-12,2025,paris-nice,stage,4.0,Arkéa - B&B Hotels,0,2.UWT,,,0.0,,,,,,,0.0,95.0,45.0,0.0,0.0,4.0,163.63,164.0,0.0,0.0,0.0,0.0,164.0,0.0,0.0,0.0,0.0,0.0,0.0,0.0,0.0,2737.0,1954.0,1078.0,284.0,2.0,2.0,1.0,1.0,0.0,0.9995,0.9995,0.9995,0.9995,0.0,6.6,6.43,7.16,669.0,0.53,779.0,0,2,201.07,60.0,0.0,0.0,0.0,0.0,0.0,0.0,0.0,868.0,10.0,Sprint of small group,3.8,3.0,🏔️  Haute montagne,1
2025-03-13,2025,paris-nice,stage,5.0,Arkéa - B&B Hotels,0,2.UWT,,,0.0,,,,,,,0.0,95.0,45.0,0.0,0.0,5.0,196.89,180.0,16.4,0.0,0.0,0.0,180.0,2.62,12.1,2.21,0.0,0.0,0.0,0.0,0.0,2604.0,2583.0,702.0,140.0,6.0,2.0,2.0,0.0,0.0,0.9998,0.9998,0.9998,0.0,0.0,13.3,6.83,3.78,257.0,-0.32,490.0,0,3,440.63,60.0,0.0,0.0,0.0,0.0,0.0,0.0,0.0,868.0,4.0,Sprint of 4 riders,3.8,3.0,🏔️  Haute montagne,1
2025-03-13,2025,tirreno-adriatico,stage,4.0,Arkéa - B&B Hotels,1,2.UWT,FIN,89.0,0.0,47.0,10.0,,,,,0.0,74.0,70.0,0.0,0.0,4.0,189.55,182.0,7.48,0.0,0.0,0.0,96.0,2.91,90.6,0.0,0.611,0.0,0.498,0.0,0.0,2610.0,2561.0,1550.0,491.0,2.0,1.0,1.0,0.0,1.0,0.8529,0.8128,0.8128,0.8128,0.8128,1.3,-0.1,0.02,134.0,-0.01,796.0,1,3,440.63,60.0,0.0,0.0,0.0,0.0,0.0,0.0,0.0,919.0,7.0,Sprint of large group,17.6,2.0,⛰️  Moy. montagne,0
2025-03-14,2025,tirreno-adriatico,stage,5.0,Arkéa - B&B Hotels,1,2.UWT,FIN,34.0,0.0,47.0,10.0,,,,,0.0,74.0,70.0,0.0,0.0,5.0,204.7,201.0,3.64,0.214,0.0,0.0,133.0,1.29,70.6,0.0,0.0,0.0,0.0,0.0,0.0,3503.0,3415.0,727.0,104.0,3.0,3.0,4.0,0.0,0.0,0.9788,0.9788,0.9788,0.0,0.0,2.2,1.27,-0.7,428.0,0.67,1068.0,1,4,630.1800000000001,60.0,0.0,0.0,0.0,0.0,0.0,0.0,0.0,919.0,18.0,9.6 km solo,11.6,2.0,⛰️  Moy. montagne,0
2025-03-14,2025,paris-nice,stage,6.0,Arkéa - B&B Hotels,0,2.UWT,,,0.0,,,,,,,0.0,95.0,45.0,0.0,0.0,6.0,209.85,208.0,1.27,0.0,0.0,0.0,95.5,2.43,110.0,0.894,0.295,0.0,0.295,0.0,0.0,1555.0,1655.0,253.0,0.0,4.0,2.0,0.0,0.0,0.0,0.9188,0.7083,0.0,0.0,0.0,-0.1,-0.2,-0.14,18.0,-0.1,320.0,0,4,630.1800000000001,60.0,0.0,0.0,0.0,0.0,0.0,0.0,0.0,868.0,5.0,Sprint of 12 riders,16.6,2.0,⛰️  Moy. montagne,0
2025-03-15,2025,tirreno-adriatico,stage,6.0,Arkéa - B&B Hotels,1,2.UWT,FIN,23.0,0.0,47.0,10.0,,,,,0.0,74.0,70.0,0.0,0.0,6.0,162.43,159.0,1.7,0.0,0.0,0.0,121.0,0.614,39.0,0.0,1.82,0.0,1.82,0.0,0.0,3429.0,2184.0,1324.0,44.0,6.0,4.0,0.0,0.0,1.0,0.9998,0.9998,0.9998,0.9998,0.9998,6.4,6.47,8.04,622.0,0.47,899.0,1,5,834.8800000000001,60.0,0.0,0.0,0.0,0.0,0.0,0.0,0.0,919.0,16.0,3.5 km solo,1.0,3.0,🏔️  Haute montagne,1
2025-03-15,2025,paris-nice,stage,7.0,Arkéa - B&B Hotels,0,2.UWT,,,0.0,,,,,,,0.0,95.0,45.0,0.0,0.0,7.0,109.71,109.0,0.154,0.0,0.0,0.0,87.3,0.459,21.4,0.356,0.175,0.0,0.213,0.0,0.0,2591.0,1016.0,1603.0,28.0,0.0,1.0,1.0,0.0,1.0,0.9997,0.9997,0.9997,0.9997,0.9997,7.3,7.5,7.4,372.0,0.28,809.0,0,5,834.8800000000001,60.0,0.0,0.0,0.0,0.0,0.0,0.0,0.0,868.0,13.0,2.7 km solo,1.0,3.0,🏔️  Haute montagne,1
2025-03-16,2025,tirreno-adriatico,stage,7.0,Arkéa - B&B Hotels,1,2.UWT,FIN,82.0,0.0,47.0,10.0,,,,,2.0,74.0,70.0,0.0,0.0,7.0,147.01,142.0,1.73,0.0,0.0,0.0,79.3,0.291,58.3,3.8,3.75,0.0,3.93,1.95,0.0,1005.0,1004.0,480.0,0.0,0.0,1.0,1.0,0.0,0.0,0.3927,0.3927,0.3927,0.0,0.0,0.1,-0.1,-0.14,39.0,0.37,433.0,1,6,997.3100000000002,60.0,0.0,0.0,0.0,0.0,0.0,0.0,0.0,919.0,16.0,Sprint of large group,10.4,1.0,🟢  Plat/Sprint,0
2025-03-16,2025,paris-nice,stage,8.0,Arkéa - B&B Hotels,0,2.UWT,,,0.0,,,,,,,0.0,95.0,45.0,0.0,0.0,8.0,120.57,120.0,0.186,0.0,0.0,0.0,83.8,1.45,26.2,8.49,0.291,0.0,0.0,0.0,0.0,2686.0,2706.0,1063.0,6.0,2.0,0.0,2.0,0.0,1.0,0.9442,0.9442,0.9442,0.4121,0.4121,-0.9,-1.63,-2.92,36.0,1.95,1411.0,0,6,997.3100000000002,60.0,0.0,0.0,0.0,0.0,0.0,0.0,0.0,868.0,15.0,12.5 km solo,5.6,2.0,⛰️  Moy. montagne,0
2025-03-20,2025,gp-de-denain,result,,Arkéa - B&B Hotels,0,1.Pro,,,0.0,,,,,,,11.0,11.0,0.0,0.0,0.0,,195.87,162.0,10.0,22.2,0.221,1.27,160.0,12.5,8.78,9.44,0.0,0.0,0.0,4.95,0.0,1038.0,1038.0,115.0,20.0,1.0,0.0,0.0,0.0,0.0,0.6182,0.0,0.0,0.0,0.0,-0.1,-0.1,-0.08,72.0,0.0,217.0,0,7,1144.3200000000002,200.0,11.237,0.36,2.151,0.0,1.344,0.0,0.0,240.0,17.0,Sprint of 8 riders,10.8,1.0,🟢  Plat/Sprint,0
2025-03-21,2025,bredene-koksijde-classic,result,,Arkéa - B&B Hotels,0,1.Pro,,,0.0,,,,,,,8.0,8.0,0.0,0.0,0.0,,200.29,141.0,56.6,2.14,0.0,0.0,111.0,9.08,2.85,50.0,0.224,0.0,1.12,0.0,0.0,866.0,854.0,158.0,-3.0,2.0,1.0,0.0,0.0,0.0,0.4769,0.3604,0.0,0.0,0.0,0.1,0.17,0.1,38.0,0.01,69.0,0,7,1144.3200000000002,200.0,0.325,0.0,0.0,0.0,0.0,0.0,0.0,213.0,18.0,Sprint of 26 riders,5.0,1.0,🟢  Plat/Sprint,0
2025-03-22,2025,milano-sanremo,result,,Arkéa - B&B Hotels,0,1.UWT,,,0.0,,,,,,,15.0,15.0,0.0,0.0,0.0,,290.41,283.0,4.58,0.951,0.358,0.0,68.6,3.73,206.0,9.75,1.59,0.201,1.65,0.814,0.0,2135.0,2206.0,547.0,3.0,2.0,1.0,1.0,0.0,0.0,0.9723,0.903,0.2973,0.0,0.0,-0.5,-1.03,-2.52,51.0,0.02,71.0,1,7,1144.3200000000002,800.0,0.0,0.0,0.0,0.0,0.0,0.0,0.0,969.0,10.0,Sprint of 3 riders,0.0,2.0,⛰️  Moy. montagne,0
2025-03-23,2025,cholet-pays-de-loire,result,,Arkéa - B&B Hotels,0,1.1,,,0.0,,,,,,,3.0,3.0,0.0,0.0,0.0,,208.76,164.0,42.5,0.0,0.585,0.0,159.0,23.3,4.01,19.9,2.0,0.887,2.75,0.321,0.471,1760.0,1810.0,191.0,51.0,2.0,0.0,0.0,0.0,0.0,0.5598,0.0,0.0,0.0,0.0,0.7,-0.23,0.12,82.0,0.05,463.0,0,7,1144.3200000000002,125.0,0.0,0.0,0.0,0.0,0.0,0.0,0.0,119.0,10.0,Sprint of 3 riders,4.6,1.0,🟢  Plat/Sprint,0
2025-03-24,2025,volta-a-catalunya,stage,1.0,Arkéa - B&B Hotels,1,2.UWT,FIN,75.0,0.0,24.0,16.0,,,,,0.0,32.0,32.0,0.0,0.0,1.0,176.57,170.0,2.28,0.625,0.177,0.545,151.0,4.65,16.0,0.315,3.43,0.0,2.99,1.17,0.177,2626.0,2588.0,360.0,4.0,6.0,2.0,1.0,0.0,0.0,0.9383,0.7219,0.2872,0.0,0.0,3.0,-1.67,-1.42,75.0,0.17,676.0,0,7,1144.3200000000002,50.0,0.265,0.0,0.265,0.0,0.265,0.0,0.0,645.0,12.0,Sprint of small group,3.0,2.0,⛰️  Moy. montagne,0
2025-03-25,2025,volta-a-catalunya,stage,2.0,Arkéa - B&B Hotels,1,2.UWT,FIN,74.0,0.0,24.0,16.0,,,,,0.0,32.0,32.0,0.0,0.0,2.0,180.3,173.0,7.25,0.0,0.412,0.0,128.0,2.25,49.9,0.366,0.0,0.0,0.0,0.0,0.0,1808.0,1868.0,493.0,4.0,0.0,2.0,1.0,0.0,0.0,0.8574,0.8574,0.5178,0.0,0.0,2.3,0.6,0.18,116.0,-0.21,223.0,0,8,1320.89,50.0,0.0,0.0,0.0,0.0,0.0,0.0,0.0,645.0,17.0,Sprint of large group,3.0,2.0,⛰️  Moy. montagne,0
2025-03-26,2025,volta-a-catalunya,stage,3.0,Arkéa - B&B Hotels,1,2.UWT,FIN,13.0,0.0,24.0,16.0,,,,,0.0,32.0,32.0,0.0,0.0,3.0,218.42,213.0,5.16,0.0,0.213,0.0,192.0,4.1,22.0,0.0,0.552,0.0,0.0,0.213,0.0,4783.0,3104.0,1923.0,12.0,3.0,1.0,2.0,1.0,1.0,0.9991,0.9805,0.9805,0.8625,0.8625,5.2,0.37,1.4,383.0,1.17,905.0,0,9,1501.19,50.0,0.0,0.0,0.0,0.0,0.0,0.0,0.0,645.0,17.0,Sprint à deux,0.0,3.0,🏔️  Haute montagne,1
2025-03-26,2025,classic-brugge-de-panne,result,,Arkéa - B&B Hotels,0,1.UWT,,,0.0,,,,,,,57.0,57.0,0.0,0.0,0.0,,196.78,142.0,47.6,5.24,0.731,0.321,70.1,31.8,9.75,66.7,0.0,0.0,0.757,0.357,0.731,970.0,962.0,30.0,2.0,0.0,0.0,0.0,0.0,0.0,0.0,0.0,0.0,0.0,0.0,0.6,0.23,0.24,84.0,-0.01,108.0,0,9,1501.19,300.0,1.541,0.012,0.822,0.006,0.105,0.006,0.0,509.0,12.0,Sprint of small group,4.8,1.0,🟢  Plat/Sprint,0
2025-03-27,2025,volta-a-catalunya,stage,4.0,Arkéa - B&B Hotels,1,2.UWT,FIN,17.0,0.0,24.0,16.0,,,,,0.0,32.0,32.0,0.0,0.0,4.0,187.52,181.0,6.66,0.106,0.304,0.0,165.0,2.66,19.9,0.112,0.0,0.0,0.0,0.304,0.0,2988.0,2479.0,757.0,131.0,2.0,3.0,3.0,0.0,0.0,0.9998,0.9998,0.9998,0.0,0.0,5.3,6.3,6.54,461.0,0.72,911.0,0,10,1719.61,50.0,0.0,0.0,0.0,0.0,0.0,0.0,0.0,645.0,16.0,Sprint à deux,0.0,3.0,🏔️  Haute montagne,1
2025-03-28,2025,volta-a-catalunya,stage,5.0,Arkéa - B&B Hotels,1,2.UWT,FIN,39.0,0.0,24.0,16.0,,,,,0.0,32.0,32.0,0.0,0.0,5.0,161.68,157.0,3.97,0.0,0.0,0.0,68.5,0.325,92.6,0.0,0.227,0.0,0.227,0.0,0.0,1071.0,1102.0,423.0,0.0,0.0,1.0,1.0,0.0,0.0,0.4815,0.4815,0.1306,0.0,0.0,0.1,0.03,0.02,6.0,0.01,548.0,0,11,1907.13,50.0,0.0,0.0,0.0,0.0,0.0,0.0,0.0,645.0,18.0,Sprint of small group,15.8,1.0,🟢  Plat/Sprint,0
2025-03-28,2025,e3-harelbeke,result,,Arkéa - B&B Hotels,0,1.UWT,,,0.0,,,,,,,0.0,0.0,0.0,0.0,0.0,,208.89,113.0,79.6,15.8,0.0,0.0,87.8,27.1,9.33,76.0,0.89,0.0,0.905,0.201,0.0,1937.0,1940.0,156.0,8.0,7.0,0.0,0.0,0.0,0.0,0.8515,0.0,0.0,0.0,0.0,-0.3,-0.17,-0.08,132.0,0.06,275.0,0,11,1907.13,400.0,3.664,0.267,0.069,0.0,0.0,0.0,0.0,691.0,12.0,39 km solo,16.2,1.0,🟢  Plat/Sprint,0
2025-03-29,2025,volta-a-catalunya,stage,6.0,Arkéa - B&B Hotels,1,2.UWT,FIN,29.0,0.0,24.0,16.0,,,,,0.0,32.0,32.0,0.0,0.0,6.0,72.33,72.1,0.0,0.0,0.0,0.0,50.8,0.18,21.2,0.0,0.193,0.0,0.0,0.0,0.0,1143.0,990.0,892.0,407.0,2.0,0.0,1.0,0.0,0.0,0.9323,0.6037,0.6037,0.0,0.0,4.9,-0.27,0.62,239.0,0.64,802.0,0,12,2068.81,50.0,0.0,0.0,0.0,0.0,0.0,0.0,0.0,645.0,13.0,0.9 km solo,13.6,1.0,🟢  Plat/Sprint,0
2025-03-30,2025,la-roue-tourangelle,result,,Arkéa - B&B Hotels,0,1.1,,,0.0,,,,,,,110.0,110.0,0.0,0.0,0.0,,195.81,162.0,32.7,0.782,0.0,0.0,147.0,19.5,19.4,9.59,0.688,0.11,0.865,0.0,0.0,1596.0,1583.0,123.0,29.0,2.0,0.0,0.0,0.0,0.0,0.4253,0.0,0.0,0.0,0.0,0.0,0.23,0.0,85.0,0.17,404.0,0,13,2141.14,125.0,0.515,0.0,0.0,0.0,0.0,0.0,0.0,97.0,15.0,Sprint of small group,7.0,1.0,🟢  Plat/Sprint,0
2025-03-30,2025,gent-wevelgem,result,,Arkéa - B&B Hotels,0,1.UWT,,,0.0,,,,,,,-22.0,-22.0,0.0,0.0,0.0,,250.7,170.0,71.9,4.62,3.01,0.0,103.0,4.48,3.43,116.0,1.04,0.0,1.67,4.41,0.0,1320.0,1331.0,158.0,-3.0,4.0,0.0,0.0,0.0,0.0,0.9019,0.0,0.0,0.0,0.0,0.0,0.0,0.02,77.0,0.02,190.0,0,13,2141.14,500.0,1.41,0.0,0.169,0.0,0.169,0.0,0.0,805.0,13.0,56 km solo,12.0,1.0,🟢  Plat/Sprint,0
2025-03-30,2025,volta-a-catalunya,stage,7.0,Arkéa - B&B Hotels,1,2.UWT,FIN,33.0,0.0,24.0,16.0,,,,,0.0,32.0,32.0,0.0,0.0,7.0,88.84,69.6,7.33,0.846,0.252,0.0,43.4,17.0,6.61,4.44,10.1,0.0,11.9,6.99,0.824,1516.0,1528.0,159.0,5.0,6.0,0.0,0.0,0.0,0.0,0.9357,0.0,0.0,0.0,0.0,-3.3,-0.93,-1.72,228.0,-0.0,395.0,0,13,2141.14,50.0,0.567,0.0,0.283,0.0,0.051,0.0,0.0,645.0,15.0,20.6 km solo,17.6,1.0,🟢  Plat/Sprint,0
2025-04-02,2025,dwars-door-vlaanderen,result,,Arkéa - B&B Hotels,0,1.UWT,,,0.0,,,,,,,0.0,0.0,0.0,0.0,0.0,,183.79,113.0,57.4,11.6,0.347,0.0,60.5,22.5,6.45,86.4,1.67,0.0,1.84,0.315,0.362,1183.0,1194.0,154.0,6.0,4.0,0.0,0.0,0.0,0.0,0.7165,0.0,0.0,0.0,0.0,-0.5,0.0,-0.06,107.0,0.06,143.0,0,14,2229.98,300.0,8.659,0.0,2.522,0.0,1.18,0.0,0.0,802.0,17.0,Sprint of small group,17.6,1.0,🟢  Plat/Sprint,0
2025-04-02,2025,paris-camembert,result,,Arkéa - B&B Hotels,0,1.1,,,0.0,,,,,,,78.0,78.0,0.0,0.0,0.0,,199.63,173.0,26.8,0.159,0.0,0.0,149.0,1.23,49.9,0.0,0.0,0.0,0.0,0.0,0.0,1716.0,1769.0,249.0,45.0,8.0,1.0,0.0,0.0,0.0,0.9416,0.6676,0.0,0.0,0.0,0.2,-0.23,-0.18,83.0,0.09,279.0,0,14,2229.98,125.0,0.0,0.0,0.0,0.0,0.0,0.0,0.0,94.0,13.0,Sprint of small group,3.0,2.0,⛰️  Moy. montagne,0
2025-04-04,2025,route-adelie-de-vitre,result,,Arkéa - B&B Hotels,0,1.1,,,0.0,,,,,,,100.0,100.0,0.0,0.0,0.0,,174.47,147.0,27.1,0.0,0.0,0.0,145.0,6.17,15.3,8.32,0.0,0.0,0.0,0.0,0.0,1892.0,1871.0,121.0,65.0,0.0,0.0,0.0,0.0,0.0,0.0,0.0,0.0,0.0,0.0,-0.1,-0.17,-0.42,226.0,0.05,525.0,0,14,2229.98,125.0,0.0,0.0,0.0,0.0,0.0,0.0,0.0,108.0,19.0,Sprint of small group,17.6,1.0,🟢  Plat/Sprint,0
2025-04-05,2025,gran-premio-miguel-indurain,result,,Arkéa - B&B Hotels,0,1.Pro,,,0.0,,,,,,,15.0,15.0,0.0,0.0,0.0,,204.69,189.0,11.7,1.9,0.0,0.0,126.0,7.81,67.4,1.75,2.3,0.0,2.3,0.0,0.0,3351.0,3339.0,839.0,341.0,5.0,5.0,1.0,0.0,0.0,0.9522,0.9522,0.7833,0.0,0.0,-4.4,-2.07,-3.5,360.0,0.2,713.0,1,14,2229.98,200.0,0.738,0.0,0.294,0.0,0.294,0.0,0.0,393.0,15.0,1.6 km solo,18.6,2.0,⛰️  Moy. montagne,0
2025-04-06,2025,ronde-van-vlaanderen,result,,Arkéa - B&B Hotels,0,1.UWT,,,0.0,,,,,,,5.0,5.0,0.0,0.0,0.0,,268.69,147.0,99.4,22.0,0.435,0.0,89.7,29.7,10.3,114.0,0.459,0.0,0.74,0.431,0.0,2007.0,2002.0,158.0,3.0,5.0,0.0,0.0,0.0,0.0,0.9559,0.0,0.0,0.0,0.0,-0.1,-0.33,-0.1,182.0,0.03,131.0,0,14,2229.98,800.0,5.685,0.0,1.839,0.0,0.0,0.0,0.0,819.0,13.0,18 km solo,37.6,1.0,🟢  Plat/Sprint,0
2025-04-07,2025,itzulia-basque-country,stage,1.0,Arkéa - B&B Hotels,0,2.UWT,,,0.0,,,,,,,0.0,8.0,8.0,0.0,0.0,1.0,16.5,15.4,0.555,0.0,0.0,0.0,14.8,0.0,0.58,0.555,0.154,0.218,0.65,0.277,0.0,78.0,79.0,547.0,509.0,0.0,0.0,0.0,0.0,0.0,0.0,0.0,0.0,0.0,0.0,0.4,0.0,-0.04,78.0,-0.01,78.0,0,14,2229.98,50.0,0.0,0.0,0.0,0.0,0.0,0.0,0.0,696.0,,Time trial,43.0,1.0,🟢  Plat/Sprint,0
2025-04-08,2025,itzulia-basque-country,stage,2.0,Arkéa - B&B Hotels,0,2.UWT,,,0.0,,,,,,,0.0,8.0,8.0,0.0,0.0,2.0,186.54,183.0,3.57,0.0,0.0,0.0,82.8,0.0,99.9,3.57,0.391,0.0,0.567,0.177,0.0,2063.0,2170.0,626.0,282.0,5.0,3.0,0.0,0.0,0.0,0.908,0.7331,0.0,0.0,0.0,0.7,0.3,0.02,81.0,0.16,736.0,0,14,2229.98,50.0,0.0,0.0,0.0,0.0,0.0,0.0,0.0,696.0,21.0,Sprint of large group,21.6,2.0,⛰️  Moy. montagne,0
2025-04-08,2025,region-pays-de-la-loire,stage,1.0,Arkéa - B&B Hotels,0,2.1,,,0.0,,,,,,,0.0,209.0,178.0,0.0,0.0,1.0,209.08,198.0,10.1,0.0,0.0,0.0,180.0,15.0,0.215,13.0,0.912,0.0,1.47,0.0,0.0,1499.0,1502.0,99.0,0.0,1.0,0.0,0.0,0.0,0.0,0.4964,0.0,0.0,0.0,0.0,-0.5,-0.07,-0.36,114.0,0.03,415.0,1,14,2229.98,14.0,0.0,0.0,0.0,0.0,0.0,0.0,0.0,113.0,18.0,Sprint of large group,21.0,1.0,🟢  Plat/Sprint,0
2025-04-09,2025,region-pays-de-la-loire,stage,2.0,Arkéa - B&B Hotels,0,2.1,,,0.0,,,,,,,14.0,209.0,178.0,0.0,0.0,2.0,156.3,131.0,25.1,0.0,0.0,0.0,143.0,7.3,0.768,5.53,0.0,0.0,0.0,0.0,0.0,1824.0,1776.0,114.0,24.0,1.0,0.0,0.0,0.0,0.0,0.5307,0.0,0.0,0.0,0.0,3.8,0.47,1.24,218.0,-0.01,399.0,1,14,2229.98,14.0,0.0,0.0,0.0,0.0,0.0,0.0,0.0,113.0,17.0,Sprint of 3 riders,21.0,1.0,🟢  Plat/Sprint,0
2025-04-09,2025,itzulia-basque-country,stage,3.0,Arkéa - B&B Hotels,0,2.UWT,,,0.0,,,,,,,0.0,8.0,8.0,0.0,0.0,3.0,157.24,152.0,3.99,0.717,0.0,0.0,135.0,9.51,11.3,1.03,0.515,0.0,0.661,0.445,0.0,3123.0,2966.0,699.0,1.0,3.0,3.0,2.0,1.0,0.0,0.9818,0.9818,0.6456,0.5003,0.0,0.6,-1.07,-3.16,253.0,0.63,1025.0,0,14,2229.98,50.0,0.871,0.0,0.606,0.0,0.606,0.0,0.0,696.0,16.0,1.8 km solo,18.6,2.0,⛰️  Moy. montagne,0
2025-04-10,2025,itzulia-basque-country,stage,4.0,Arkéa - B&B Hotels,0,2.UWT,,,0.0,,,,,,,0.0,8.0,8.0,0.0,0.0,4.0,169.95,165.0,4.05,0.271,0.0,0.0,118.0,0.371,50.8,0.385,0.477,0.0,0.477,0.0,0.0,2855.0,2967.0,568.0,3.0,1.0,3.0,3.0,0.0,0.0,0.9276,0.9276,0.9276,0.0,0.0,-1.7,-0.87,-1.48,158.0,0.27,823.0,0,13,2218.5,50.0,0.0,0.0,0.0,0.0,0.0,0.0,0.0,696.0,21.0,13.3 km solo,18.6,2.0,⛰️  Moy. montagne,0
2025-04-10,2025,region-pays-de-la-loire,stage,3.0,Arkéa - B&B Hotels,0,2.1,,,0.0,,,,,,,3.0,209.0,178.0,0.0,0.0,3.0,166.07,123.0,42.8,0.0,0.0,0.0,165.0,0.784,0.106,0.0,0.0,0.0,0.0,0.0,0.0,1453.0,1228.0,262.0,23.0,1.0,4.0,0.0,0.0,0.0,0.9995,0.8936,0.0,0.0,0.0,6.9,4.03,2.48,305.0,0.07,296.0,1,13,2218.5,14.0,0.0,0.0,0.0,0.0,0.0,0.0,0.0,113.0,16.0,Sprint of small group,23.8,1.0,🟢  Plat/Sprint,0
2025-04-11,2025,itzulia-basque-country,stage,5.0,Arkéa - B&B Hotels,0,2.UWT,,,0.0,,,,,,,0.0,8.0,8.0,0.0,0.0,5.0,172.96,158.0,12.0,0.666,0.0,0.0,124.0,2.78,43.7,0.239,2.43,0.0,2.43,0.0,0.0,2663.0,2917.0,461.0,2.0,2.0,4.0,2.0,0.0,0.0,0.8893,0.8893,0.8893,0.0,0.0,0.9,-1.77,0.06,113.0,-0.37,620.0,0,12,2028.91,50.0,0.019,0.0,0.019,0.0,0.019,0.0,0.0,696.0,21.0,56.7 km solo,18.6,2.0,⛰️  Moy. montagne,0
2025-04-11,2025,region-pays-de-la-loire,stage,4.0,Arkéa - B&B Hotels,0,2.1,,,0.0,,,,,,,14.0,209.0,178.0,0.0,0.0,4.0,186.88,176.0,10.3,0.0,0.0,0.0,127.0,22.5,24.5,12.5,0.0,0.0,0.0,0.18,0.0,2363.0,2464.0,337.0,46.0,6.0,1.0,0.0,0.0,0.0,0.3959,0.2351,0.0,0.0,0.0,0.1,-1.0,-0.54,121.0,-0.06,648.0,1,12,2028.91,14.0,0.0,0.0,0.0,0.0,0.0,0.0,0.0,113.0,18.0,Sprint of small group,3.0,2.0,⛰️  Moy. montagne,0
2025-04-12,2025,itzulia-basque-country,stage,6.0,Arkéa - B&B Hotels,0,2.UWT,,,0.0,,,,,,,0.0,8.0,8.0,0.0,0.0,6.0,154.01,149.0,3.98,0.217,0.0,0.0,95.8,6.45,50.0,1.26,1.4,0.0,1.43,0.29,0.0,3628.0,3590.0,673.0,13.0,0.0,2.0,3.0,1.0,0.0,0.8685,0.8685,0.768,0.2206,0.0,0.9,-0.63,-1.32,214.0,0.86,1459.0,0,11,1789.35,50.0,0.0,0.0,0.0,0.0,0.0,0.0,0.0,696.0,18.0,Sprint à deux,2.8,2.0,⛰️  Moy. montagne,0
2025-04-13,2025,paris-roubaix,result,,Arkéa - B&B Hotels,0,1.UWT,,,0.0,,,,,,,15.0,15.0,0.0,0.0,0.0,,259.15,200.0,4.24,52.0,0.708,0.478,165.0,16.4,45.9,19.4,1.31,0.0,1.64,10.7,0.467,1375.0,1412.0,163.0,14.0,1.0,0.0,0.0,0.0,0.0,0.2354,0.0,0.0,0.0,0.0,-0.2,-0.5,-0.06,27.0,0.06,288.0,0,10,1599.8,800.0,14.531,0.0,6.23,0.0,1.499,0.0,0.0,823.0,14.0,38.1 km solo,4.4,1.0,🟢  Plat/Sprint,0
2025-04-18,2025,classic-grand-besancon-doubs,result,,Arkéa - B&B Hotels,1,1.1,FIN,9.0,25.0,,,,,,,25.0,25.0,0.0,0.0,0.0,,168.52,167.0,0.73,0.0,0.191,0.0,163.0,2.16,0.0,3.02,0.195,0.0,0.195,0.302,0.0,2522.0,2243.0,593.0,216.0,6.0,3.0,1.0,0.0,0.0,0.9995,0.9995,0.9995,0.0,0.0,8.4,8.57,6.48,525.0,-0.16,548.0,0,7,1085.66,125.0,0.0,0.0,0.0,0.0,0.0,0.0,0.2,97.0,11.0,2.3 km solo,0.0,3.0,🏔️  Haute montagne,1
2025-04-19,2025,tour-du-jura-cycliste,result,,Arkéa - B&B Hotels,1,1.1,FIN,4.0,60.0,,,,,,,63.0,63.0,0.0,0.0,0.0,,177.05,153.0,22.8,0.0,0.0,0.254,162.0,2.1,11.8,0.694,0.0,0.909,1.41,0.0,0.0,3004.0,2383.0,835.0,194.0,4.0,2.0,1.0,1.0,0.0,0.9997,0.9997,0.9997,0.9997,0.0,8.9,7.9,6.62,666.0,0.02,554.0,0,8,1254.1799999999998,125.0,0.0,0.0,0.0,0.0,0.0,0.0,0.48,127.0,18.0,Sprint à deux,5.0,3.0,🏔️  Haute montagne,1
2025-04-20,2025,tour-du-doubs,result,,Arkéa - B&B Hotels,0,1.1,,,0.0,,,,,,,25.0,25.0,0.0,0.0,0.0,,197.37,186.0,10.9,0.0,0.467,0.0,173.0,3.34,15.5,4.85,0.22,0.0,0.22,0.467,0.0,2866.0,2949.0,1055.0,331.0,4.0,1.0,1.0,1.0,0.0,0.9031,0.9031,0.7867,0.7867,0.0,1.5,0.23,0.32,51.0,-0.19,527.0,0,9,1431.2299999999998,125.0,0.0,0.0,0.0,0.0,0.0,0.0,0.0,121.0,10.0,Sprint of small group,3.4,2.0,⛰️  Moy. montagne,0
2025-04-20,2025,amstel-gold-race,result,,Arkéa - B&B Hotels,0,1.UWT,,,0.0,,,,,,,3.0,3.0,0.0,0.0,0.0,,255.79,225.0,18.8,6.78,0.21,0.0,121.0,7.27,0.852,82.5,5.38,0.0,5.83,0.278,0.198,3149.0,3143.0,327.0,40.0,12.0,2.0,0.0,0.0,0.0,0.9834,0.7656,0.0,0.0,0.0,-7.9,-1.63,-1.76,129.0,0.25,369.0,1,9,1431.2299999999998,500.0,0.45,0.0,0.188,0.0,0.114,0.0,0.0,954.0,16.0,Sprint of 3 riders,2.8,2.0,⛰️  Moy. montagne,0
2025-04-23,2025,la-fleche-wallonne,result,,Arkéa - B&B Hotels,0,1.UWT,,,0.0,,,,,,,328.0,328.0,0.0,0.0,0.0,,205.21,191.0,13.6,0.0,0.182,0.0,174.0,5.21,18.4,5.57,0.0,0.0,1.94,0.182,0.0,3144.0,3205.0,331.0,69.0,9.0,4.0,0.0,0.0,0.0,0.9998,0.8514,0.0,0.0,0.0,11.5,3.97,0.78,208.0,-0.01,596.0,1,9,1431.2299999999998,400.0,0.0,0.0,0.0,0.0,0.0,0.0,0.0,990.0,11.0,0.5 km solo,8.4,2.0,⛰️  Moy. montagne,0
2025-04-27,2025,liege-bastogne-liege,result,,Arkéa - B&B Hotels,0,1.UWT,,,0.0,,,,,,,15.0,15.0,0.0,0.0,0.0,,251.91,248.0,3.09,0.668,0.0,0.0,135.0,4.7,101.0,11.2,0.368,0.0,0.502,0.129,0.0,4290.0,4300.0,649.0,65.0,6.0,9.0,2.0,0.0,0.0,0.9402,0.9402,0.4628,0.0,0.0,-0.1,-2.2,-3.28,3.0,0.9,895.0,1,5,668.4200000000001,800.0,0.009,0.0,0.009,0.0,0.009,0.0,0.0,1071.0,17.0,35 km solo,74.0,2.0,⛰️  Moy. montagne,0
2025-04-29,2025,tour-de-romandie,prologue,,Arkéa - B&B Hotels,1,2.UWT,FIN,118.0,0.0,11.0,70.0,,,,,10.0,168.0,93.0,0.0,0.0,,3.47,1.59,1.67,0.109,0.0,0.0,0.495,2.24,0.637,0.0,0.0,0.0,0.0,0.0,0.0,42.0,43.0,840.0,803.0,0.0,0.0,0.0,0.0,0.0,0.0,0.0,0.0,0.0,0.0,-1.6,-0.03,-0.03,42.0,-0.03,42.0,0,3,434.41,60.0,0.0,0.0,0.0,0.0,0.0,0.0,0.0,,,,18.0,0.0,⏱️  CLM,0
2025-04-30,2025,tour-de-romandie,stage,1.0,Arkéa - B&B Hotels,1,2.UWT,FIN,38.0,0.0,11.0,70.0,,,,,20.0,168.0,93.0,0.0,0.0,1.0,194.4,190.0,4.71,0.215,0.0,0.0,133.0,0.181,34.9,24.5,0.0,0.0,0.0,0.19,0.0,3224.0,3079.0,1227.0,368.0,1.0,3.0,2.0,0.0,1.0,0.9498,0.9498,0.6292,0.4981,0.4981,0.1,0.37,-1.52,140.0,-0.1,749.0,0,3,349.0400000000001,60.0,0.0,0.0,0.0,0.0,0.0,0.0,0.0,493.0,21.0,Sprint of large group,74.2,2.0,⛰️  Moy. montagne,0
2025-05-01,2025,eschborn-frankfurt,result,,Arkéa - B&B Hotels,0,1.UWT,,,0.0,,,,,,,2.0,2.0,0.0,0.0,0.0,,198.21,186.0,3.08,1.43,0.193,0.0,129.0,4.61,24.2,21.0,8.53,0.192,8.47,1.48,0.742,3236.0,3234.0,856.0,86.0,3.0,2.0,0.0,2.0,0.0,0.8074,0.8074,0.5507,0.5507,0.0,0.3,0.3,0.3,120.0,0.69,992.0,0,4,543.44,300.0,0.38,0.115,0.273,0.0,0.0,0.0,0.0,525.0,26.0,Sprint of small group,78.2,2.0,⛰️  Moy. montagne,0
2025-05-01,2025,tour-de-romandie,stage,2.0,Arkéa - B&B Hotels,1,2.UWT,FIN,9.0,5.0,11.0,70.0,,,,,5.0,168.0,93.0,0.0,0.0,2.0,156.77,149.0,8.18,0.0,0.0,0.0,94.6,3.01,24.2,35.3,0.0,0.0,0.0,0.0,0.0,2753.0,2794.0,1271.0,430.0,0.0,1.0,1.0,1.0,1.0,0.698,0.698,0.698,0.698,0.2577,0.9,0.0,-0.24,119.0,1.14,1407.0,0,4,543.44,60.0,0.0,0.0,0.0,0.0,0.0,0.0,0.0833333333333333,493.0,22.0,1.2 km solo,78.0,2.0,⛰️  Moy. montagne,0
2025-05-02,2025,tour-de-romandie,stage,3.0,Arkéa - B&B Hotels,1,2.UWT,FIN,20.0,0.0,11.0,70.0,,,,,0.0,168.0,93.0,0.0,0.0,3.0,182.82,173.0,9.46,0.0,0.344,0.0,163.0,4.05,6.34,9.31,0.0,0.0,0.216,0.344,0.0,2457.0,2466.0,1185.0,430.0,2.0,1.0,1.0,1.0,0.0,0.9993,0.792,0.792,0.792,0.0,4.2,4.6,1.54,231.0,-0.18,584.0,0,5,700.21,60.0,0.0,0.0,0.0,0.0,0.0,0.0,0.0,493.0,22.0,1 km solo,74.0,2.0,⛰️  Moy. montagne,0
2025-05-03,2025,tour-de-romandie,stage,4.0,Arkéa - B&B Hotels,1,2.UWT,FIN,6.0,15.0,11.0,70.0,,,,,15.0,168.0,93.0,0.0,0.0,4.0,118.11,116.0,2.07,0.0,0.0,0.0,109.0,2.99,0.666,5.32,0.0,0.0,0.0,0.0,0.0,4126.0,2515.0,2091.0,479.0,0.0,2.0,0.0,0.0,3.0,0.9995,0.9995,0.9995,0.9995,0.9995,7.3,7.77,8.58,429.0,0.06,1335.0,0,6,883.03,60.0,0.0,0.0,0.0,0.0,0.0,0.0,0.25,493.0,14.0,Sprint à deux,17.6,3.0,🏔️  Haute montagne,1
2025-05-04,2025,tour-de-romandie,stage,5.0,Arkéa - B&B Hotels,1,2.UWT,FIN,51.0,0.0,11.0,70.0,,,,,25.0,168.0,93.0,0.0,0.0,5.0,16.89,13.0,3.15,0.0,0.0,0.0,2.99,1.21,3.35,8.34,0.0,0.0,0.0,0.211,0.0,228.0,225.0,490.0,372.0,1.0,0.0,0.0,0.0,0.0,0.6712,0.0,0.0,0.0,0.0,-0.1,0.37,-2.04,159.0,0.02,228.0,0,7,1001.14,60.0,0.0,0.0,0.0,0.0,0.0,0.0,0.0,493.0,,Time trial,6.4,1.0,🟢  Plat/Sprint,0
2025-05-08,2025,boucles-de-l-aulne,result,,Arkéa - B&B Hotels,0,1.1,,,0.0,,,,,,,70.0,70.0,0.0,0.0,0.0,,183.57,170.0,13.2,0.572,0.0,0.0,172.0,2.45,8.04,1.4,0.0,0.0,0.0,0.0,0.0,2563.0,2565.0,209.0,2.0,13.0,4.0,0.0,0.0,0.0,0.9738,0.6079,0.0,0.0,0.0,3.6,1.1,-0.82,150.0,-0.07,524.0,1,8,1018.03,125.0,0.369,0.0,0.185,0.0,0.123,0.0,0.0,168.0,14.0,0.7 km solo,8.4,2.0,⛰️  Moy. montagne,0
2025-05-09,2025,giro-d-italia,stage,1.0,Arkéa - B&B Hotels,0,2.UWT,,,0.0,,,,,,,0.0,264.0,70.0,0.0,0.0,1.0,160.13,152.0,5.46,0.353,0.0,0.0,41.5,3.07,107.0,6.17,2.17,0.0,2.48,0.554,0.0,1874.0,1769.0,797.0,-1.0,0.0,0.0,2.0,1.0,0.0,0.8887,0.8887,0.8887,0.3347,0.0,-0.2,-1.0,-1.44,105.0,0.12,140.0,0,8,1018.03,180.0,0.0,0.0,0.0,0.0,0.0,0.0,0.0,946.0,22.0,Sprint of small group,19.4,2.0,⛰️  Moy. montagne,0
2025-05-09,2025,tour-du-finistere,result,,Arkéa - B&B Hotels,0,1.1,,,0.0,,,,,,,60.0,60.0,0.0,0.0,0.0,,168.13,152.0,15.9,0.127,0.0,0.0,139.0,3.32,12.2,14.1,0.0,0.0,0.0,0.249,0.0,2247.0,2216.0,224.0,12.0,6.0,1.0,0.0,0.0,0.0,0.9618,0.3311,0.0,0.0,0.0,4.0,1.13,-0.32,228.0,0.17,604.0,0,8,1018.03,125.0,0.0,0.0,0.0,0.0,0.0,0.0,0.0,178.0,18.0,Sprint à deux,15.4,2.0,⛰️  Moy. montagne,0
2025-05-10,2025,gp-de-plumelec,result,,Arkéa - B&B Hotels,0,1.Pro,,,0.0,,,,,,,275.0,275.0,0.0,0.0,0.0,,190.1,190.0,0.512,0.0,0.0,0.0,190.0,0.363,0.0,0.0,0.0,0.0,0.0,0.0,0.0,2433.0,2430.0,166.0,42.0,14.0,0.0,0.0,0.0,0.0,0.9996,0.0,0.0,0.0,0.0,6.4,3.37,1.16,243.0,-0.05,435.0,1,8,1018.03,200.0,0.0,0.0,0.0,0.0,0.0,0.0,0.0,285.0,14.0,Sprint of small group,27.0,2.0,⛰️  Moy. montagne,0
2025-05-10,2025,giro-d-italia,stage,2.0,Arkéa - B&B Hotels,0,2.UWT,,,0.0,,,,,,,0.0,264.0,70.0,0.0,0.0,2.0,13.77,11.3,2.31,0.0,0.0,0.0,0.633,0.964,7.62,4.07,0.0,0.0,0.125,0.181,0.0,141.0,144.0,196.0,98.0,1.0,0.0,0.0,0.0,0.0,0.6265,0.0,0.0,0.0,0.0,-0.2,-0.03,-1.54,141.0,-0.02,141.0,0,8,1018.03,180.0,0.0,0.0,0.0,0.0,0.0,0.0,0.0,946.0,25.0,Time trial,11.4,1.0,🟢  Plat/Sprint,0
2025-05-11,2025,tro-bro-leon,result,,Arkéa - B&B Hotels,0,1.Pro,,,0.0,,,,,,,50.0,50.0,0.0,0.0,0.0,,203.05,139.0,38.6,0.0,20.5,3.08,159.0,3.44,7.3,6.12,1.63,0.167,2.18,23.8,1.67,1470.0,1443.0,127.0,1.0,2.0,0.0,0.0,0.0,0.0,0.5031,0.0,0.0,0.0,0.0,1.1,0.07,-0.14,90.0,0.12,379.0,1,8,1018.03,200.0,0.0,2.641,0.0,0.915,0.0,0.0,0.0,316.0,15.0,Other,11.4,1.0,🟢  Plat/Sprint,0
2025-05-11,2025,giro-d-italia,stage,3.0,Arkéa - B&B Hotels,0,2.UWT,,,0.0,,,,,,,2.0,264.0,70.0,0.0,0.0,3.0,159.29,157.0,1.62,0.198,0.0,0.0,18.1,0.0,140.0,1.62,0.236,0.0,0.318,0.0,0.0,2912.0,2919.0,1030.0,-3.0,1.0,1.0,1.0,0.0,1.0,0.7724,0.7724,0.7724,0.7724,0.7724,0.3,0.03,-0.18,63.0,0.47,707.0,0,8,1018.03,180.0,0.0,0.0,0.0,0.0,0.0,0.0,0.0,946.0,18.0,Sprint of large group,81.0,2.0,⛰️  Moy. montagne,0
2025-05-13,2025,classique-dunkerque,result,,Arkéa - B&B Hotels,0,1.Pro,,,0.0,,,,,,,108.0,108.0,0.0,0.0,0.0,,0.0,164.0,29.7,0.0,0.0,0.0,147.0,12.0,26.7,7.44,0.0,0.0,0.145,0.0,0.0,0.0,0.0,0.0,0.0,0.0,0.0,0.0,0.0,0.0,0.0,0.0,0.0,0.0,0.0,0.0,0.0,0.0,0.0,0.0,0.0,0,8,1018.03,200.0,0.0,0.0,0.0,0.0,0.0,0.0,0.0,289.0,23.0,Sprint of large group,18.6,1.0,🟢  Plat/Sprint,0
2025-05-13,2025,giro-d-italia,stage,4.0,Arkéa - B&B Hotels,0,2.UWT,,,0.0,,,,,,,0.0,264.0,70.0,0.0,0.0,4.0,188.95,174.0,3.69,0.0,0.0,0.281,140.0,1.55,33.3,1.79,11.6,0.0,12.0,0.721,0.0,730.0,1130.0,455.0,22.0,0.0,1.0,0.0,0.0,0.0,0.4535,0.4535,0.0,0.0,0.0,0.0,0.3,0.26,36.0,-0.82,188.0,0,8,1018.03,180.0,0.0,0.0,0.0,0.0,0.0,0.0,0.0,946.0,21.0,Sprint of large group,39.6,1.0,🟢  Plat/Sprint,0
2025-05-14,2025,giro-d-italia,stage,5.0,Arkéa - B&B Hotels,0,2.UWT,,,0.0,,,,,,,0.0,264.0,70.0,0.0,0.0,5.0,151.7,133.0,2.79,0.0,0.0,0.0,77.8,3.43,54.5,1.84,14.6,0.0,15.6,0.0,0.0,1487.0,1363.0,506.0,0.0,2.0,2.0,1.0,0.0,0.0,0.9994,0.8854,0.8854,0.0,0.0,2.3,2.27,1.3,310.0,-0.49,357.0,0,8,1018.03,180.0,0.0,0.0,0.0,0.0,0.0,0.0,0.0,946.0,21.0,Sprint of large group,67.4,2.0,⛰️  Moy. montagne,0
2025-05-14,2025,4-jours-de-dunkerque,stage,1.0,Arkéa - B&B Hotels,0,2.Pro,,,0.0,,,,,,,0.0,0.0,5.0,0.0,0.0,1.0,0.0,171.0,5.37,0.13,0.0,0.0,154.0,5.15,11.2,6.08,1.14,0.0,1.14,0.0,0.0,0.0,0.0,0.0,0.0,0.0,0.0,0.0,0.0,0.0,0.0,0.0,0.0,0.0,0.0,0.0,0.0,0.0,0.0,0.0,0.0,0,8,1018.03,20.0,0.0,0.0,0.0,0.0,0.0,0.0,0.0,220.0,23.0,Sprint of large group,81.4,2.0,⛰️  Moy. montagne,0
2025-05-15,2025,4-jours-de-dunkerque,stage,2.0,Arkéa - B&B Hotels,0,2.Pro,,,0.0,,,,,,,0.0,0.0,5.0,0.0,0.0,2.0,0.0,176.0,0.431,0.0,0.223,2.16,168.0,1.29,7.68,1.45,0.0,0.0,0.0,0.264,0.0,0.0,0.0,0.0,0.0,0.0,0.0,0.0,0.0,0.0,0.0,0.0,0.0,0.0,0.0,0.0,0.0,0.0,0.0,0.0,0.0,0,8,1018.03,20.0,0.0,0.0,0.0,0.0,0.0,0.0,0.0,220.0,16.0,Sprint of large group,67.4,2.0,⛰️  Moy. montagne,0
2025-05-15,2025,giro-d-italia,stage,6.0,Arkéa - B&B Hotels,0,2.UWT,,,0.0,,,,,,,35.0,264.0,70.0,0.0,0.0,6.0,227.27,156.0,23.5,0.725,2.0,0.0,120.0,10.6,45.4,1.55,45.2,0.0,45.8,6.25,0.0,2496.0,3413.0,1140.0,2.0,1.0,1.0,2.0,1.0,0.0,0.6991,0.6991,0.6991,0.3294,0.0,-0.5,-0.1,-0.1,47.0,-0.27,802.0,0,8,1018.03,180.0,0.796,0.0,0.796,0.0,0.796,0.0,0.0,946.0,17.0,Sprint of large group,55.4,2.0,⛰️  Moy. montagne,0
2025-05-16,2025,giro-d-italia,stage,7.0,Arkéa - B&B Hotels,0,2.UWT,,,0.0,,,,,,,0.0,264.0,70.0,0.0,0.0,7.0,168.25,167.0,0.411,0.0,0.0,0.0,113.0,0.132,54.4,0.0,0.975,0.0,0.799,0.0,0.0,3390.0,2759.0,1424.0,295.0,2.0,0.0,2.0,1.0,1.0,0.9996,0.9996,0.9996,0.9996,0.9996,9.0,8.77,6.98,696.0,-0.74,747.0,0,8,1018.03,180.0,0.0,0.0,0.0,0.0,0.0,0.0,0.0,946.0,12.0,0.4 km solo,20.6,3.0,🏔️  Haute montagne,1
2025-05-16,2025,4-jours-de-dunkerque,stage,3.0,Arkéa - B&B Hotels,0,2.Pro,,,0.0,,,,,,,-5.0,0.0,5.0,0.0,0.0,3.0,0.0,131.0,1.88,21.7,0.0,0.0,131.0,12.7,0.0,4.02,0.0,0.0,0.0,6.96,0.0,0.0,0.0,0.0,0.0,0.0,0.0,0.0,0.0,0.0,0.0,0.0,0.0,0.0,0.0,0.0,0.0,0.0,0.0,0.0,0.0,0,8,1018.03,20.0,0.0,0.0,0.0,0.0,0.0,0.0,0.0,220.0,17.0,1.5 km solo,36.6,1.0,🟢  Plat/Sprint,0
2025-05-17,2025,giro-d-italia,stage,8.0,Arkéa - B&B Hotels,0,2.UWT,,,0.0,,,,,,,2.0,264.0,70.0,0.0,0.0,8.0,196.61,190.0,4.63,0.0,0.0,0.0,126.0,0.386,67.2,0.382,2.83,0.0,2.23,0.0,0.0,3777.0,3483.0,1451.0,15.0,3.0,4.0,1.0,0.0,1.0,0.9626,0.8958,0.7704,0.528,0.528,1.8,-1.17,-3.2,226.0,0.56,611.0,0,8,1018.03,180.0,0.0,0.0,0.0,0.0,0.0,0.0,0.0,946.0,17.0,45.5 km solo,7.0,2.0,⛰️  Moy. montagne,0
2025-05-17,2025,4-jours-de-dunkerque,stage,4.0,Arkéa - B&B Hotels,0,2.Pro,,,0.0,,,,,,,0.0,0.0,5.0,0.0,0.0,4.0,0.0,157.0,3.5,12.1,0.0,0.0,114.0,12.5,41.8,4.36,0.0,0.381,0.357,0.0,0.0,0.0,0.0,0.0,0.0,0.0,0.0,0.0,0.0,0.0,0.0,0.0,0.0,0.0,0.0,0.0,0.0,0.0,0.0,0.0,0.0,0,8,1018.03,20.0,0.0,0.0,0.0,0.0,0.0,0.0,0.0,220.0,15.0,Sprint of small group,7.4,2.0,⛰️  Moy. montagne,0
2025-05-18,2025,giro-d-italia,stage,9.0,Arkéa - B&B Hotels,0,2.UWT,,,0.0,,,,,,,0.0,264.0,70.0,0.0,0.0,9.0,179.88,151.0,0.663,0.841,16.6,9.83,137.0,15.9,23.9,0.0,0.83,0.0,0.83,2.92,0.0,2346.0,2491.0,641.0,141.0,4.0,2.0,1.0,0.0,0.0,0.9955,0.9198,0.2463,0.0,0.0,5.8,0.83,-0.22,257.0,-0.02,380.0,0,8,1018.03,180.0,0.865,4.82,0.865,0.0,0.865,0.0,0.0,946.0,20.0,Sprint à deux,7.4,2.0,⛰️  Moy. montagne,0
2025-05-18,2025,4-jours-de-dunkerque,stage,5.0,Arkéa - B&B Hotels,0,2.Pro,,,0.0,,,,,,,0.0,0.0,5.0,0.0,0.0,5.0,0.0,163.0,4.91,17.1,0.0,0.0,115.0,36.1,18.2,13.6,0.0,0.298,0.0,2.28,0.0,0.0,0.0,0.0,0.0,0.0,0.0,0.0,0.0,0.0,0.0,0.0,0.0,0.0,0.0,0.0,0.0,0.0,0.0,0.0,0.0,0,8,1018.03,20.0,0.0,0.0,0.0,0.0,0.0,0.0,0.0,220.0,14.0,Sprint of large group,30.6,1.0,🟢  Plat/Sprint,0
2025-05-18,2025,rund-um-koln,result,,Arkéa - B&B Hotels,0,1.1,,,0.0,,,,,,,40.0,40.0,0.0,0.0,0.0,,180.76,164.0,12.1,1.43,0.0,0.0,127.0,6.88,7.05,28.7,3.38,0.0,3.59,0.142,0.833,1924.0,1922.0,382.0,41.0,4.0,0.0,2.0,0.0,0.0,0.8689,0.6893,0.6893,0.0,0.0,0.7,-0.03,-0.02,36.0,0.35,666.0,0,8,1018.03,125.0,0.922,0.0,0.775,0.0,0.775,0.0,0.0,154.0,14.0,Sprint of large group,7.4,2.0,⛰️  Moy. montagne,0
2025-05-20,2025,giro-d-italia,stage,10.0,Arkéa - B&B Hotels,0,2.UWT,,,0.0,,,,,,,0.0,264.0,70.0,0.0,0.0,10.0,28.68,24.1,3.52,0.459,0.0,0.0,13.1,1.56,9.31,1.6,0.663,0.0,0.722,2.56,0.0,150.0,163.0,99.0,-3.0,1.0,0.0,0.0,0.0,0.0,0.5473,0.0,0.0,0.0,0.0,-0.2,0.23,0.12,32.0,-0.05,150.0,0,6,672.46,180.0,0.0,0.0,0.0,0.0,0.0,0.0,0.0,946.0,22.0,Time trial,30.6,1.0,🟢  Plat/Sprint,0
2025-05-21,2025,giro-d-italia,stage,11.0,Arkéa - B&B Hotels,0,2.UWT,,,0.0,,,,,,,0.0,264.0,70.0,0.0,0.0,11.0,186.28,186.0,0.136,0.0,0.0,0.0,138.0,0.0,45.9,2.93,0.0,0.0,0.0,0.0,0.0,3809.0,3097.0,1622.0,3.0,2.0,2.0,2.0,0.0,1.0,0.9678,0.9678,0.9678,0.4484,0.4484,3.4,0.7,-1.32,343.0,0.21,430.0,0,6,672.46,180.0,0.0,0.0,0.0,0.0,0.0,0.0,0.0,946.0,17.0,9.1 km solo,15.4,2.0,⛰️  Moy. montagne,0
2025-05-22,2025,giro-d-italia,stage,12.0,Arkéa - B&B Hotels,0,2.UWT,,,0.0,,,,,,,5.0,264.0,70.0,0.0,0.0,12.0,172.4,165.0,5.01,0.0,0.0,0.0,119.0,9.66,32.6,8.38,2.74,0.0,3.07,0.237,0.0,1627.0,1641.0,703.0,18.0,2.0,1.0,0.0,1.0,0.0,0.6714,0.6714,0.4984,0.4984,0.0,0.4,0.0,0.06,38.0,1.27,797.0,0,6,672.46,180.0,0.0,0.0,0.0,0.0,0.0,0.0,0.0,946.0,18.0,Sprint of large group,8.4,2.0,⛰️  Moy. montagne,0
2025-05-23,2025,giro-d-italia,stage,13.0,Arkéa - B&B Hotels,0,2.UWT,,,0.0,,,,,,,0.0,264.0,70.0,0.0,0.0,13.0,181.19,178.0,0.871,0.0,0.0,0.0,146.0,1.63,29.6,1.72,2.17,0.0,2.17,0.0,0.0,1560.0,1455.0,408.0,0.0,3.0,2.0,1.0,0.0,0.0,0.9997,0.7001,0.7001,0.0,0.0,6.4,2.5,1.56,93.0,0.02,379.0,0,6,672.46,180.0,0.0,0.0,0.0,0.0,0.0,0.0,0.0,946.0,18.0,Sprint of small group,9.4,2.0,⛰️  Moy. montagne,0
2025-05-24,2025,giro-d-italia,stage,14.0,Arkéa - B&B Hotels,0,2.UWT,,,0.0,,,,,,,0.0,264.0,70.0,0.0,0.0,14.0,192.79,188.0,3.05,1.15,0.0,0.0,133.0,2.89,51.4,5.06,0.616,0.0,1.02,0.161,0.0,967.0,897.0,295.0,0.0,2.0,1.0,0.0,0.0,0.0,0.9462,0.722,0.0,0.0,0.0,-0.1,-0.23,-0.02,131.0,-0.03,84.0,0,6,672.46,180.0,1.4,0.0,0.7,0.0,0.561,0.0,0.0,946.0,19.0,6.1 km solo,20.6,1.0,🟢  Plat/Sprint,0
2025-05-25,2025,giro-d-italia,stage,15.0,Arkéa - B&B Hotels,0,2.UWT,,,0.0,,,,,,,0.0,264.0,70.0,0.0,0.0,15.0,219.82,206.0,11.8,0.0,0.501,0.0,183.0,2.84,27.8,3.96,1.63,0.0,1.45,0.522,0.0,3847.0,2867.0,1622.0,15.0,4.0,1.0,0.0,0.0,2.0,0.97,0.8701,0.8701,0.8701,0.8701,-0.1,-2.63,-1.96,155.0,0.38,432.0,0,6,672.46,180.0,0.0,0.0,0.0,0.0,0.0,0.0,0.0,946.0,17.0,44 km solo,9.0,2.0,⛰️  Moy. montagne,0
2025-05-26,2025,mercan-tour-classic-alpes-maritimes,result,,Arkéa - B&B Hotels,1,1.1,FIN,1.0,125.0,,,,,,,168.0,168.0,0.0,0.0,0.0,,151.27,148.0,1.93,0.0,0.0,0.0,113.0,1.13,28.9,7.11,1.19,0.0,0.163,0.371,0.0,4320.0,3043.0,1683.0,148.0,0.0,1.0,0.0,0.0,3.0,0.9996,0.9996,0.9996,0.9996,0.9996,6.1,6.03,5.74,287.0,0.09,695.0,0,6,672.46,125.0,0.0,0.0,0.0,0.0,0.0,0.0,1.0,58.0,18.0,48 km solo,20.6,3.0,🏔️  Haute montagne,1
2025-05-27,2025,giro-d-italia,stage,16.0,Arkéa - B&B Hotels,0,2.UWT,,,0.0,,,,,,,0.0,264.0,70.0,0.0,0.0,16.0,203.35,199.0,0.857,0.236,0.0,0.0,119.0,1.99,76.4,2.79,3.37,0.0,3.39,0.174,0.0,4704.0,3421.0,1316.0,31.0,0.0,1.0,0.0,1.0,3.0,0.9996,0.9996,0.9996,0.9996,0.9996,9.0,4.0,5.42,271.0,0.56,391.0,0,7,823.73,180.0,0.0,0.0,0.0,0.0,0.0,0.0,0.0,946.0,14.0,Other,54.2,3.0,🏔️  Haute montagne,1
2025-05-28,2025,giro-d-italia,stage,17.0,Arkéa - B&B Hotels,0,2.UWT,,,0.0,,,,,,,0.0,264.0,70.0,0.0,0.0,17.0,155.21,151.0,2.87,0.0,0.216,0.0,59.0,4.04,87.7,3.14,0.904,0.0,0.906,0.436,0.0,3813.0,2826.0,1880.0,213.0,0.0,0.0,0.0,1.0,2.0,0.933,0.933,0.933,0.933,0.6858,0.1,-3.67,-2.14,327.0,1.4,975.0,0,7,823.73,180.0,0.0,0.0,0.0,0.0,0.0,0.0,0.0,946.0,17.0,1.6 km solo,49.2,3.0,🏔️  Haute montagne,1
2025-05-29,2025,giro-d-italia,stage,18.0,Arkéa - B&B Hotels,0,2.UWT,,,0.0,,,,,,,0.0,264.0,70.0,0.0,0.0,18.0,144.32,135.0,8.63,0.272,0.0,0.0,128.0,12.0,1.8,2.18,1.16,0.0,1.16,0.0,0.0,1669.0,1688.0,730.0,191.0,1.0,1.0,2.0,0.0,0.0,0.6119,0.5366,0.5366,0.0,0.0,0.3,-0.1,-0.2,51.0,0.7,751.0,0,7,823.73,180.0,0.0,0.0,0.0,0.0,0.0,0.0,0.0,946.0,26.0,17.6 km solo,9.0,2.0,⛰️  Moy. montagne,0
2025-05-29,2025,boucles-de-la-mayenne,prologue,,Arkéa - B&B Hotels,0,2.Pro,,,0.0,,,,,,,0.0,85.0,80.0,0.0,0.0,,5.5,4.68,0.0,0.0,0.0,0.0,3.02,2.09,0.0,0.277,0.0,0.0,0.675,0.0,0.0,55.0,51.0,93.0,54.0,0.0,0.0,0.0,0.0,0.0,0.0,0.0,0.0,0.0,0.0,1.2,1.17,0.0,55.0,0.07,55.0,0,7,823.73,20.0,0.0,0.0,0.0,0.0,0.0,0.0,0.0,,,,20.0,0.0,⏱️  CLM,0
2025-05-30,2025,giro-d-italia,stage,19.0,Arkéa - B&B Hotels,0,2.UWT,,,0.0,,,,,,,0.0,264.0,70.0,0.0,0.0,19.0,165.62,164.0,1.31,0.464,0.0,0.0,127.0,0.857,38.0,0.0,0.52,0.0,0.312,0.0,0.0,4908.0,3715.0,1733.0,256.0,0.0,0.0,2.0,0.0,3.0,0.9718,0.9718,0.9718,0.9718,0.9718,1.0,-4.3,-2.96,482.0,-0.01,748.0,0,6,820.26,180.0,0.0,0.0,0.0,0.0,0.0,0.0,0.0,946.0,24.0,28.3 km solo,36.6,3.0,🏔️  Haute montagne,1
2025-05-30,2025,boucles-de-la-mayenne,stage,1.0,Arkéa - B&B Hotels,0,2.Pro,,,0.0,,,,,,,0.0,85.0,80.0,0.0,0.0,1.0,165.98,135.0,31.2,0.0,0.0,0.0,164.0,2.41,0.247,0.0,0.0,0.0,0.0,0.0,0.0,1550.0,1452.0,196.0,52.0,4.0,0.0,0.0,0.0,0.0,0.9437,0.0,0.0,0.0,0.0,-2.5,0.63,0.52,491.0,-0.01,366.0,0,6,820.26,20.0,0.0,0.0,0.0,0.0,0.0,0.0,0.0,213.0,27.0,1.3 km solo,-1.0,1.0,🟢  Plat/Sprint,0
2025-05-31,2025,giro-d-italia,stage,20.0,Arkéa - B&B Hotels,0,2.UWT,,,0.0,,,,,,,130.0,264.0,70.0,0.0,0.0,20.0,205.09,194.0,0.0,1.75,1.22,7.87,117.0,0.102,87.0,0.0,0.249,0.0,0.249,1.22,0.0,4399.0,2719.0,2172.0,239.0,1.0,1.0,1.0,0.0,2.0,0.9994,0.9994,0.9994,0.7894,0.7894,3.6,5.63,5.92,443.0,-0.03,368.0,0,5,625.86,180.0,0.0,7.822,0.0,0.0,0.0,0.0,0.0,946.0,24.0,32.5 km solo,33.6,3.0,🏔️  Haute montagne,1
2025-05-31,2025,boucles-de-la-mayenne,stage,2.0,Arkéa - B&B Hotels,0,2.Pro,,,0.0,,,,,,,5.0,85.0,80.0,0.0,0.0,2.0,210.35,176.0,33.9,0.0,0.0,0.0,168.0,2.19,40.0,0.0,0.0,0.337,0.337,0.0,0.0,2980.0,2935.0,340.0,102.0,4.0,6.0,0.0,0.0,0.0,0.9719,0.9719,0.0,0.0,0.0,-1.1,-2.27,-1.6,379.0,0.2,733.0,0,5,625.86,20.0,0.0,0.0,0.0,0.0,0.0,0.0,0.0,213.0,23.0,Sprint à deux,1.0,2.0,⛰️  Moy. montagne,0
2025-06-01,2025,boucles-de-la-mayenne,stage,3.0,Arkéa - B&B Hotels,0,2.Pro,,,0.0,,,,,,,0.0,85.0,80.0,0.0,0.0,3.0,163.17,145.0,18.4,0.0,0.0,0.0,149.0,2.26,6.89,5.43,0.0,0.0,0.0,0.0,0.0,1515.0,1642.0,347.0,46.0,0.0,1.0,0.0,0.0,0.0,0.1532,0.1532,0.0,0.0,0.0,1.3,-0.4,-0.12,97.0,-0.01,526.0,0,4,469.09,20.0,0.0,0.0,0.0,0.0,0.0,0.0,0.0,213.0,20.0,20 km solo,-1.0,1.0,🟢  Plat/Sprint,0
2025-06-01,2025,giro-d-italia,stage,21.0,Arkéa - B&B Hotels,0,2.UWT,,,0.0,,,,,,,20.0,264.0,70.0,0.0,0.0,21.0,144.61,111.0,11.5,19.0,0.0,0.0,61.1,11.9,43.5,9.3,3.31,0.0,7.03,13.0,6.21,1563.0,1575.0,67.0,0.0,0.0,0.0,0.0,0.0,0.0,0.0,0.0,0.0,0.0,0.0,1.0,-0.07,0.0,84.0,0.01,413.0,0,4,469.09,180.0,10.876,0.0,4.305,0.0,2.266,0.0,0.0,946.0,27.0,Sprint of large group,0.0,1.0,🟢  Plat/Sprint,0
2025-06-07,2025,heist-op-den-berg,result,,Arkéa - B&B Hotels,0,1.1,,,0.0,,,,,,,33.0,33.0,0.0,0.0,0.0,,188.4,67.7,113.0,6.02,0.341,0.8,11.3,15.4,0.825,142.0,1.16,0.0,1.23,0.92,0.409,492.0,497.0,45.0,2.0,0.0,0.0,0.0,0.0,0.0,0.0,0.0,0.0,0.0,0.0,-2.1,0.43,0.24,103.0,-0.01,91.0,0,1,151.27,125.0,1.849,0.02,0.579,0.01,0.458,0.0,0.0,194.0,17.0,Sprint of large group,4.0,1.0,🟢  Plat/Sprint,0
2025-06-08,2025,brussels-cycling-classic,result,,Arkéa - B&B Hotels,0,1.Pro,,,0.0,,,,,,,10.0,10.0,0.0,0.0,0.0,,205.35,152.0,45.5,8.05,0.0,0.0,96.7,26.6,7.42,69.0,0.0,0.561,0.468,0.347,0.0,1963.0,2038.0,149.0,15.0,5.0,0.0,0.0,0.0,0.0,0.7802,0.0,0.0,0.0,0.0,1.2,-0.23,-0.2,171.0,-0.11,395.0,0,1,151.27,200.0,2.382,0.0,2.195,0.0,0.0,0.0,0.0,356.0,15.0,Sprint of large group,10.6,1.0,🟢  Plat/Sprint,0
2025-06-08,2025,tour-auvergne-rhone-alpes,stage,1.0,Arkéa - B&B Hotels,0,2.UWT,,,0.0,,,,,,,8.0,23.0,10.0,0.0,0.0,1.0,194.93,187.0,7.68,0.0,0.0,0.0,169.0,2.58,17.2,6.26,0.176,0.0,0.0,0.0,0.0,2279.0,2280.0,437.0,172.0,5.0,4.0,0.0,0.0,0.0,0.9378,0.9378,0.0,0.0,0.0,-0.7,-1.6,-1.32,111.0,0.16,517.0,0,1,151.27,60.0,0.0,0.0,0.0,0.0,0.0,0.0,0.0,837.0,18.0,Sprint of small group,2.0,2.0,⛰️  Moy. montagne,0
2025-06-09,2025,antwerp-port-epic,result,,Arkéa - B&B Hotels,0,1.1,,,0.0,,,,,,,40.0,40.0,0.0,0.0,0.0,,181.97,87.1,32.2,23.3,25.2,2.09,56.8,11.0,2.42,31.9,11.7,0.247,12.6,23.1,4.13,467.8,465.0,13.0,-5.8,0.0,0.0,0.0,0.0,0.0,0.0,0.0,0.0,0.0,0.0,-0.0,-0.07,0.02,22.4,0.01,107.4,0,1,151.27,125.0,0.0,0.0,0.0,0.0,0.0,0.0,0.0,290.0,18.0,Sprint à deux,12.6,1.0,🟢  Plat/Sprint,0
2025-06-09,2025,tour-auvergne-rhone-alpes,stage,2.0,Arkéa - B&B Hotels,0,2.UWT,,,0.0,,,,,,,5.0,23.0,10.0,0.0,0.0,2.0,204.58,203.0,1.4,0.0,0.0,0.0,182.0,0.206,18.2,3.75,0.0,0.0,0.0,0.0,0.0,2813.0,2699.0,974.0,276.0,6.0,3.0,0.0,1.0,0.0,0.9054,0.6931,0.4963,0.4963,0.0,0.9,0.7,-0.74,105.0,0.73,872.0,0,1,151.27,60.0,0.0,0.0,0.0,0.0,0.0,0.0,0.0,837.0,20.0,Sprint of large group,2.6,2.0,⛰️  Moy. montagne,0
2025-06-10,2025,tour-auvergne-rhone-alpes,stage,3.0,Arkéa - B&B Hotels,0,2.UWT,,,0.0,,,,,,,0.0,23.0,10.0,0.0,0.0,3.0,206.73,201.0,5.76,0.0,0.0,0.0,83.8,2.56,115.0,5.37,0.0,0.0,0.0,0.0,0.0,3036.0,3148.0,1110.0,141.0,6.0,2.0,1.0,1.0,0.0,0.9441,0.9441,0.6391,0.2142,0.0,1.0,0.9,1.0,183.0,0.77,1050.0,0,1,151.27,60.0,0.0,0.0,0.0,0.0,0.0,0.0,0.0,837.0,24.0,5.9 km solo,3.6,2.0,⛰️  Moy. montagne,0
2025-06-11,2025,tour-auvergne-rhone-alpes,stage,4.0,Arkéa - B&B Hotels,0,2.UWT,,,0.0,,,,,,,0.0,23.0,10.0,0.0,0.0,4.0,17.39,16.7,0.0,0.0,0.0,0.0,6.24,0.0,6.9,3.46,0.676,0.106,0.676,0.0,0.0,214.0,189.0,273.0,106.0,0.0,1.0,0.0,0.0,0.0,0.4379,0.4379,0.0,0.0,0.0,0.2,-0.5,-1.2,195.0,0.14,214.0,0,1,151.27,60.0,0.0,0.0,0.0,0.0,0.0,0.0,0.0,837.0,31.0,Time trial,20.6,1.0,🟢  Plat/Sprint,0
2025-06-12,2025,tour-auvergne-rhone-alpes,stage,5.0,Arkéa - B&B Hotels,0,2.UWT,,,0.0,,,,,,,0.0,23.0,10.0,0.0,0.0,5.0,182.97,182.0,0.884,0.0,0.0,0.0,161.0,0.569,19.4,2.32,0.0,0.0,0.0,0.0,0.0,1705.0,1745.0,657.0,168.0,2.0,2.0,1.0,0.0,0.0,0.8398,0.8398,0.466,0.0,0.0,0.1,0.03,-0.54,70.0,0.13,197.0,0,1,151.27,60.0,0.0,0.0,0.0,0.0,0.0,0.0,0.0,837.0,31.0,Sprint of large group,3.6,2.0,⛰️  Moy. montagne,0
2025-06-13,2025,tour-auvergne-rhone-alpes,stage,6.0,Arkéa - B&B Hotels,0,2.UWT,,,0.0,,,,,,,0.0,23.0,10.0,0.0,0.0,6.0,127.02,124.0,2.59,0.0,0.0,0.0,84.5,1.32,36.1,4.97,0.287,0.0,0.338,0.0,0.0,2485.0,1759.0,1183.0,299.0,1.0,1.0,2.0,0.0,1.0,0.9997,0.9997,0.9997,0.9997,0.9997,6.7,7.17,6.36,290.0,0.26,745.0,0,1,151.27,60.0,0.0,0.0,0.0,0.0,0.0,0.0,0.0,837.0,29.0,6.7 km solo,59.6,3.0,🏔️  Haute montagne,1
2025-06-14,2025,tour-auvergne-rhone-alpes,stage,7.0,Arkéa - B&B Hotels,0,2.UWT,,,0.0,,,,,,,0.0,23.0,10.0,0.0,0.0,7.0,132.56,132.0,0.924,0.0,0.0,0.0,124.0,0.924,2.96,4.53,0.0,0.0,0.0,0.0,0.0,4815.0,3415.0,2063.0,425.0,0.0,0.0,0.0,0.0,3.0,0.9996,0.9996,0.9996,0.9996,0.9996,6.9,7.0,6.76,397.0,0.28,1724.0,0,1,151.27,60.0,0.0,0.0,0.0,0.0,0.0,0.0,0.0,837.0,27.0,11.9 km solo,26.0,3.0,🏔️  Haute montagne,1
2025-06-14,2025,dwars-door-het-hageland,result,,Arkéa - B&B Hotels,0,1.Pro,,,0.0,,,,,,,5.0,5.0,0.0,0.0,0.0,,179.26,56.1,75.8,3.36,12.1,30.9,23.3,22.4,0.83,63.9,0.91,0.128,1.28,43.7,0.111,1328.0,1291.0,73.0,8.0,0.0,0.0,0.0,0.0,0.0,0.0,0.0,0.0,0.0,0.0,2.9,0.17,0.56,99.0,0.01,293.0,0,1,151.27,200.0,1.596,12.641,0.743,5.319,0.743,3.856,0.0,272.0,25.0,Sprint of small group,20.6,1.0,🟢  Plat/Sprint,0
2025-06-15,2025,tour-auvergne-rhone-alpes,stage,8.0,Arkéa - B&B Hotels,0,2.UWT,,,0.0,,,,,,,0.0,23.0,10.0,0.0,0.0,8.0,133.49,131.0,2.24,0.0,0.0,0.0,90.0,0.989,26.1,16.5,0.0,0.0,0.0,0.0,0.0,3531.0,1754.0,2098.0,301.0,2.0,2.0,1.0,0.0,1.0,0.9984,0.9984,0.9984,0.9984,0.9984,1.9,1.63,0.32,421.0,0.46,821.0,0,1,151.27,60.0,0.0,0.0,0.0,0.0,0.0,0.0,0.0,837.0,25.0,8.3 km solo,26.0,3.0,🏔️  Haute montagne,1
2025-06-15,2025,circuit-des-xi-villes,result,,Arkéa - B&B Hotels,0,1.1,,,0.0,,,,,,,40.0,40.0,0.0,0.0,0.0,,195.71,119.0,68.3,6.73,0.61,0.0,42.0,10.2,9.89,124.0,0.615,0.368,2.08,0.324,0.331,543.0,542.0,36.0,-2.0,0.0,0.0,0.0,0.0,0.0,0.0,0.0,0.0,0.0,0.0,0.2,0.13,0.0,94.0,-0.01,128.0,0,1,151.27,125.0,0.719,0.0,0.269,0.0,0.269,0.0,0.0,222.0,21.0,Sprint of large group,17.6,1.0,🟢  Plat/Sprint,0
2025-06-15,2025,tour-de-suisse,stage,1.0,Arkéa - B&B Hotels,0,2.UWT,,,0.0,,,,,,,40.0,585.0,420.0,0.0,0.0,1.0,129.15,125.0,3.18,0.0,0.0,0.0,34.6,1.14,43.4,49.2,0.207,0.0,0.514,0.277,0.0,2087.0,2088.0,776.0,411.0,3.0,1.0,2.0,0.0,0.0,0.9007,0.9007,0.9007,0.0,0.0,-0.2,-0.13,-0.84,99.0,0.02,892.0,1,1,151.27,60.0,0.0,0.0,0.0,0.0,0.0,0.0,0.0,642.0,26.0,13 km solo,3.6,2.0,⛰️  Moy. montagne,0
2025-06-16,2025,tour-de-suisse,stage,2.0,Arkéa - B&B Hotels,0,2.UWT,,,0.0,,,,,,,0.0,585.0,420.0,0.0,0.0,2.0,176.69,176.0,0.548,0.0,0.0,0.0,142.0,0.592,13.0,21.5,0.0,0.0,0.0,0.0,0.0,2492.0,1846.0,1119.0,404.0,3.0,1.0,1.0,1.0,0.0,0.9963,0.9963,0.9963,0.7033,0.0,1.8,1.9,2.56,241.0,0.19,512.0,1,1,151.27,60.0,0.0,0.0,0.0,0.0,0.0,0.0,0.0,642.0,21.0,Sprint of 4 riders,10.6,2.0,⛰️  Moy. montagne,0
2025-06-17,2025,tour-de-suisse,stage,3.0,Arkéa - B&B Hotels,0,2.UWT,,,0.0,,,,,,,20.0,585.0,420.0,0.0,0.0,3.0,196.41,188.0,8.29,0.0,0.0,0.0,131.0,2.55,21.6,28.3,0.176,0.0,0.593,0.71,0.0,2999.0,2563.0,970.0,340.0,3.0,3.0,2.0,0.0,0.0,0.9997,0.9997,0.9997,0.0,0.0,5.0,5.3,2.54,228.0,0.1,482.0,1,1,151.27,60.0,0.0,0.0,0.0,0.0,0.0,0.0,0.0,642.0,24.0,19 km solo,9.0,2.0,⛰️  Moy. montagne,0
2025-06-18,2025,tour-de-suisse,stage,4.0,Arkéa - B&B Hotels,0,2.UWT,,,0.0,,,,,,,25.0,585.0,420.0,0.0,0.0,4.0,193.18,189.0,1.77,1.42,0.0,0.0,65.3,0.184,108.0,19.0,1.1,0.0,1.1,0.0,0.0,2793.0,2798.0,2113.0,239.0,1.0,1.0,0.0,0.0,1.0,0.9998,0.9998,0.7581,0.7581,0.7581,3.2,2.53,2.42,204.0,0.11,356.0,1,1,151.27,60.0,1.282,0.0,1.282,0.0,1.282,0.0,0.0,642.0,24.0,48.8 km solo,26.0,3.0,🏔️  Haute montagne,1
2025-06-18,2025,la-route-d-occitanie,stage,1.0,Arkéa - B&B Hotels,1,2.1,FIN,2.0,5.0,,,,,,,19.0,19.0,0.0,0.0,0.0,1.0,10.49,10.3,0.0,0.0,0.0,0.0,10.2,0.0,0.135,0.0,0.193,0.0,0.193,0.0,0.0,330.0,111.0,566.0,324.0,1.0,1.0,0.0,0.0,0.0,0.9957,0.4968,0.0,0.0,0.0,4.6,1.63,-0.44,330.0,2.09,330.0,0,1,151.27,14.0,0.0,0.0,0.0,0.0,0.0,0.0,0.3571428571428571,125.0,28.0,Time trial,19.0,1.0,🟢  Plat/Sprint,0
2025-06-19,2025,tour-de-suisse,stage,5.0,Arkéa - B&B Hotels,0,2.UWT,,,0.0,,,,,,,25.0,585.0,420.0,0.0,0.0,5.0,183.65,174.0,6.44,1.38,0.127,0.0,12.8,7.76,154.0,2.79,1.31,0.0,0.466,4.44,0.127,3887.0,4634.0,2287.0,294.0,2.0,0.0,2.0,1.0,1.0,0.9998,0.9998,0.9998,0.9998,0.5711,7.5,9.7,9.96,510.0,-0.95,713.0,1,2,161.76000000000002,60.0,0.507,0.0,0.0,0.0,0.0,0.0,0.0,642.0,24.0,Sprint à deux,31.0,3.0,🏔️  Haute montagne,1
2025-06-19,2025,la-route-d-occitanie,stage,2.0,Arkéa - B&B Hotels,1,2.1,FIN,46.0,0.0,,,,,,,0.0,19.0,0.0,0.0,0.0,2.0,195.79,195.0,0.476,0.0,0.0,0.0,192.0,0.505,3.41,0.0,0.0,0.0,0.0,0.0,0.0,2264.0,2284.0,834.0,210.0,4.0,1.0,2.0,0.0,0.0,0.9476,0.7336,0.7336,0.0,0.0,1.0,0.5,0.28,180.0,0.39,842.0,0,2,161.76000000000002,14.0,0.0,0.0,0.0,0.0,0.0,0.0,0.0,125.0,30.0,Sprint of large group,12.0,2.0,⛰️  Moy. montagne,0
2025-06-20,2025,tour-de-suisse,stage,6.0,Arkéa - B&B Hotels,0,2.UWT,,,0.0,,,,,,,0.0,585.0,420.0,0.0,0.0,6.0,186.58,184.0,3.05,0.0,0.0,0.0,84.9,3.28,66.0,30.2,0.0,0.0,0.204,0.854,0.0,2237.0,2414.0,1116.0,388.0,2.0,2.0,1.0,1.0,0.0,0.8695,0.6182,0.4337,0.4337,0.0,1.3,0.33,0.24,160.0,0.7,801.0,1,3,357.55,60.0,0.0,0.0,0.0,0.0,0.0,0.0,0.0,642.0,27.0,Sprint of large group,12.0,2.0,⛰️  Moy. montagne,0
2025-06-20,2025,la-route-d-occitanie,stage,3.0,Arkéa - B&B Hotels,1,2.1,FIN,34.0,0.0,,,,,,,0.0,19.0,0.0,0.0,0.0,3.0,172.5,172.0,0.0,0.0,0.0,0.0,131.0,0.0,41.1,0.0,0.186,0.0,0.0,0.0,0.0,3704.0,2140.0,2108.0,150.0,1.0,1.0,0.0,0.0,2.0,0.9996,0.9996,0.9996,0.9996,0.9996,6.6,7.17,7.56,378.0,0.24,188.0,0,3,357.55,14.0,0.0,0.0,0.0,0.0,0.0,0.0,0.0,125.0,28.0,6 km solo,10.0,3.0,🏔️  Haute montagne,1
2025-06-21,2025,tour-de-suisse,stage,7.0,Arkéa - B&B Hotels,0,2.UWT,,,0.0,,,,,,,30.0,585.0,420.0,0.0,0.0,7.0,206.29,197.0,9.07,0.25,0.0,0.0,91.4,5.48,47.4,55.0,0.0,0.0,0.0,0.492,0.0,3144.0,2794.0,934.0,370.0,4.0,1.0,4.0,0.0,0.0,0.9998,0.9998,0.9998,0.0,0.0,6.5,8.23,6.26,343.0,0.34,701.0,1,4,530.05,60.0,0.0,0.0,0.0,0.0,0.0,0.0,0.0,642.0,26.0,Sprint of 3 riders,10.0,3.0,🏔️  Haute montagne,1
2025-06-21,2025,la-route-d-occitanie,stage,4.0,Arkéa - B&B Hotels,1,2.1,DNS,,0.0,,,,,,,0.0,19.0,0.0,0.0,0.0,4.0,128.41,129.0,0.0,0.0,0.0,0.0,122.0,0.0,0.393,6.16,0.0,0.0,0.0,0.0,0.0,2640.0,2662.0,1390.0,357.0,0.0,0.0,2.0,0.0,1.0,0.7558,0.7558,0.7558,0.4782,0.4782,-0.5,-0.47,-0.5,41.0,0.67,1197.0,0,4,530.05,14.0,0.0,0.0,0.0,0.0,0.0,0.0,0.0,125.0,32.0,Sprint of large group,12.0,2.0,⛰️  Moy. montagne,0
2025-06-22,2025,copenhagen-sprint,result,,Arkéa - B&B Hotels,0,1.UWT,,,0.0,,,,,,,200.0,200.0,0.0,0.0,0.0,,150.94,103.0,44.0,0.215,0.879,0.222,37.1,7.74,9.08,67.5,2.18,0.0,3.53,0.737,0.534,686.0,685.0,63.0,1.0,0.0,0.0,0.0,0.0,0.0,0.0,0.0,0.0,0.0,0.0,-0.2,-0.17,0.0,40.0,0.03,226.0,0,5,658.4599999999999,300.0,0.0,0.0,0.0,0.0,0.0,0.0,0.0,358.0,24.0,Sprint of large group,20.8,1.0,🟢  Plat/Sprint,0
2025-06-22,2025,tour-de-suisse,stage,8.0,Arkéa - B&B Hotels,0,2.UWT,,,0.0,,,,,,,25.0,585.0,420.0,0.0,0.0,8.0,10.12,9.84,0.185,0.0,0.0,0.0,9.13,0.949,0.0,0.0,0.0,0.0,0.0,0.0,0.0,836.0,17.0,1268.0,438.0,0.0,0.0,0.0,0.0,1.0,0.9974,0.9974,0.9974,0.9974,0.9974,8.2,9.9,9.88,614.0,8.09,836.0,1,5,658.4599999999999,60.0,0.0,0.0,0.0,0.0,0.0,0.0,0.0,642.0,24.0,Time trial,34.0,3.0,🏔️  Haute montagne,1
2025-06-22,2025,andorra-morabanc-classica,result,,Arkéa - B&B Hotels,1,1.1,FIN,2.0,85.0,,,,,,,90.0,90.0,0.0,0.0,0.0,,114.65,110.0,2.89,0.0,0.0,0.0,31.3,3.45,71.9,5.82,2.24,0.0,1.42,0.0,0.0,3533.0,2358.0,2401.0,893.0,0.0,1.0,1.0,0.0,2.0,0.9996,0.9996,0.9996,0.9996,0.9996,8.1,8.4,8.02,401.0,1.65,1587.0,0,5,658.4599999999999,125.0,0.0,0.0,0.0,0.0,0.0,0.0,0.68,199.0,25.0,Sprint of 5 riders,16.0,3.0,🏔️  Haute montagne,1
2025-06-26,2025,nc-luxembourg-itt,result,,Arkéa - B&B Hotels,0,NC,,,0.0,,,,,,,15.0,15.0,0.0,0.0,0.0,,19.71,19.7,0.0,0.0,0.0,0.0,15.1,0.0,4.52,0.0,0.0,0.0,0.0,0.0,0.0,258.0,261.0,519.0,308.0,0.0,1.0,0.0,0.0,0.0,0.5086,0.5086,0.0,0.0,0.0,0.2,-1.1,-1.96,218.0,-0.02,258.0,0,5,621.8399999999999,50.0,0.0,0.0,0.0,0.0,0.0,0.0,0.0,8.0,,Time trial,20.0,0.0,⏱️  CLM,0
2025-06-26,2025,nc-france-itt,result,,Arkéa - B&B Hotels,0,NC,,,0.0,,,,,,,40.0,40.0,0.0,0.0,0.0,,,,,,,,,,,,,,,,,,,,,0.0,0.0,0.0,0.0,0.0,,,,,,,,,,,,1,5,621.8399999999999,,,,,,,,,66.0,,Time trial,,,,0
2025-06-26,2025,nc-norway-itt,result,,Arkéa - B&B Hotels,0,NC,,,0.0,,,,,,,3.0,3.0,0.0,0.0,0.0,,,,,,,,,,,,,,,,,,,,,0.0,0.0,0.0,0.0,0.0,,,,,,,,,,,,0,5,621.8399999999999,,,,,,,,,23.0,,Time trial,,,,0
2025-06-27,2025,nc-spain-itt,result,,Arkéa - B&B Hotels,0,NC,,,0.0,,,,,,,20.0,20.0,0.0,0.0,0.0,,14.0,13.8,0.0,0.0,0.0,0.0,13.7,0.325,0.0,0.0,0.0,0.0,0.283,0.0,0.0,737.0,17.0,2380.0,1660.0,0.0,0.0,0.0,1.0,0.0,0.9966,0.9966,0.9966,0.9966,0.0,5.4,6.47,5.12,615.0,5.14,737.0,0,5,621.8399999999999,50.0,0.0,0.0,0.0,0.0,0.0,0.0,0.0,56.0,,Time trial,17.0,0.0,⏱️  CLM,0
2025-06-29,2025,nc-luxembourg,result,,Arkéa - B&B Hotels,0,NC,,,0.0,,,,,,,1.0,1.0,0.0,0.0,0.0,,138.78,139.0,0.0,0.0,0.0,0.0,106.0,1.3,31.6,0.0,0.0,0.0,0.0,0.0,0.0,1831.0,1831.0,519.0,308.0,0.0,7.0,0.0,0.0,0.0,0.9309,0.9309,0.0,0.0,0.0,0.3,-1.3,-1.96,220.0,0.4,765.0,0,5,621.8399999999999,100.0,0.0,0.0,0.0,0.0,0.0,0.0,0.0,,,-,4.0,2.0,⛰️  Moy. montagne,0
2025-06-29,2025,nc-italy,result,,Arkéa - B&B Hotels,0,NC,,,0.0,,,,,,,0.0,0.0,0.0,0.0,0.0,,130.45,92.1,36.8,0.0,0.0,0.0,109.0,9.96,9.76,0.163,1.07,0.0,1.16,0.0,0.0,1472.0,1471.0,461.0,204.0,5.0,1.0,0.0,0.0,0.0,0.6585,0.6585,0.0,0.0,0.0,0.0,-1.87,-0.12,90.0,0.0,498.0,0,5,621.8399999999999,100.0,0.0,0.0,0.0,0.0,0.0,0.0,0.0,232.0,,Sprint of small group,52.8,1.0,🟢  Plat/Sprint,0
2025-06-29,2025,nc-france,result,,Arkéa - B&B Hotels,0,NC,,,0.0,,,,,,,60.0,60.0,0.0,0.0,0.0,,,,,,,,,,,,,,,,,,,,,0.0,0.0,0.0,0.0,0.0,,,,,,,,,,,,1,5,621.8399999999999,,,,,,,,,298.0,,Sprint of small group,,,,0
2025-06-29,2025,nc-belgium,result,,Arkéa - B&B Hotels,0,NC,,,0.0,,,,,,,0.0,0.0,0.0,0.0,0.0,,249.57,185.0,42.9,11.5,7.61,0.0,103.0,40.8,62.0,33.3,1.93,0.0,2.45,8.28,0.0,1999.0,2001.0,277.0,58.0,1.0,1.0,0.0,0.0,0.0,0.2627,0.2627,0.0,0.0,0.0,1.6,0.27,0.14,92.0,0.21,478.0,0,5,621.8399999999999,100.0,3.489,0.0,1.737,0.0,0.638,0.0,0.0,388.0,,41.8 km solo,52.8,1.0,🟢  Plat/Sprint,0
2025-06-29,2025,nc-norway,result,,Arkéa - B&B Hotels,0,NC,,,0.0,,,,,,,1.0,1.0,0.0,0.0,0.0,,190.57,184.0,4.53,1.19,0.0,0.0,108.0,6.88,73.1,0.455,0.0,0.0,0.484,1.71,0.0,2299.0,2344.0,249.0,76.0,7.0,0.0,0.0,0.0,0.0,0.9663,0.0,0.0,0.0,0.0,-0.7,-0.97,-2.34,106.0,0.04,535.0,0,5,621.8399999999999,100.0,0.989,0.0,0.348,0.0,0.134,0.0,0.0,59.0,,-,4.2,2.0,⛰️  Moy. montagne,0
2025-06-29,2025,nc-spain,result,,Arkéa - B&B Hotels,0,NC,,,0.0,,,,,,,0.0,0.0,0.0,0.0,0.0,,144.38,129.0,15.9,0.0,0.0,0.0,133.0,7.65,3.77,0.0,0.0,0.0,0.0,0.0,0.0,2808.0,2808.0,1296.0,678.0,4.0,2.0,2.0,0.0,0.0,0.8046,0.8046,0.8046,0.0,0.0,-1.0,-1.2,-1.22,54.0,0.51,1026.0,0,5,621.8399999999999,100.0,0.0,0.0,0.0,0.0,0.0,0.0,0.0,151.0,,20 km solo,0.4,2.0,⛰️  Moy. montagne,0
2025-07-05,2025,tour-de-france,stage,1.0,Arkéa - B&B Hotels,1,2.UWT,FIN,140.0,0.0,20.0,60.0,,,113.0,0.0,0.0,1030.0,570.0,0.0,0.0,1.0,185.18,177.0,6.17,2.17,0.0,0.0,111.0,5.9,35.7,32.2,0.434,0.0,0.698,0.0,0.0,1023.0,1039.0,168.0,14.0,3.0,0.0,0.0,0.0,0.0,0.6969,0.0,0.0,0.0,0.0,0.1,0.13,0.06,51.0,0.16,315.0,1,5,621.8399999999999,210.0,0.0,0.0,0.0,0.0,0.0,0.0,0.0,1711.0,22.0,Sprint of small group,51.8,1.0,🟢  Plat/Sprint,0
2025-07-06,2025,tour-de-france,stage,2.0,Arkéa - B&B Hotels,1,2.UWT,FIN,32.0,0.0,20.0,60.0,,,113.0,0.0,40.0,1030.0,570.0,0.0,0.0,2.0,209.55,208.0,1.5,0.703,0.0,0.0,167.0,2.38,38.2,1.59,0.0,0.0,0.414,0.109,0.0,1853.0,1833.0,189.0,3.0,3.0,2.0,0.0,0.0,0.0,0.9386,0.8499,0.0,0.0,0.0,4.0,0.87,-0.62,305.0,0.23,287.0,1,6,807.02,210.0,0.007,0.0,0.007,0.0,0.007,0.0,0.0,1711.0,18.0,Sprint of 26 riders,0.4,2.0,⛰️  Moy. montagne,0
2025-07-07,2025,tour-de-france,stage,3.0,Arkéa - B&B Hotels,1,2.UWT,FIN,68.0,0.0,20.0,60.0,,,113.0,0.0,35.0,1030.0,570.0,0.0,0.0,3.0,178.51,173.0,2.56,1.12,0.0,0.301,101.0,1.73,42.4,31.7,1.16,0.139,1.33,0.301,0.0,772.0,788.0,161.0,-2.0,1.0,0.0,0.0,0.0,0.0,0.856,0.0,0.0,0.0,0.0,0.0,0.07,0.06,17.0,0.15,211.0,1,7,1016.57,210.0,0.61,0.0,0.0,0.0,0.0,0.0,0.0,1711.0,18.0,Sprint of large group,43.8,1.0,🟢  Plat/Sprint,0
2025-07-08,2025,tour-de-france,stage,4.0,Arkéa - B&B Hotels,1,2.UWT,FIN,31.0,0.0,20.0,60.0,,,113.0,0.0,30.0,1030.0,570.0,0.0,0.0,4.0,174.02,169.0,4.91,0.0,0.0,0.0,116.0,3.61,51.6,2.78,0.355,0.0,0.438,0.0,0.0,1675.0,1699.0,214.0,9.0,7.0,1.0,0.0,0.0,0.0,0.9426,0.3077,0.0,0.0,0.0,1.9,-2.13,-1.76,279.0,0.13,347.0,1,8,1195.08,210.0,0.0,0.0,0.0,0.0,0.0,0.0,0.0,1711.0,19.0,Sprint of 6 riders,8.4,2.0,⛰️  Moy. montagne,0
2025-07-09,2025,tour-de-france,stage,5.0,Arkéa - B&B Hotels,1,2.UWT,FIN,38.0,0.0,20.0,60.0,,,113.0,0.0,70.0,1030.0,570.0,0.0,0.0,5.0,33.0,33.0,0.0,0.0,0.0,0.0,29.6,1.29,0.0,2.02,0.0,0.0,0.0,0.0,0.0,182.0,179.0,68.0,7.0,0.0,0.0,0.0,0.0,0.0,0.0,0.0,0.0,0.0,0.0,-0.5,-1.43,-1.06,93.0,0.01,182.0,1,9,1369.1,210.0,0.0,0.0,0.0,0.0,0.0,0.0,0.0,1711.0,23.0,Time trial,47.0,1.0,🟢  Plat/Sprint,0
2025-07-10,2025,tour-de-france,stage,6.0,Arkéa - B&B Hotels,1,2.UWT,FIN,27.0,0.0,20.0,60.0,,,113.0,0.0,10.0,1030.0,570.0,0.0,0.0,6.0,201.59,198.0,3.66,0.0,0.0,0.0,168.0,1.44,32.6,0.0,0.0,0.0,0.0,0.0,0.0,3249.0,3103.0,345.0,31.0,2.0,7.0,0.0,0.0,0.0,0.9738,0.8338,0.0,0.0,0.0,7.6,0.3,0.4,340.0,-0.05,715.0,1,10,1402.1,210.0,0.0,0.0,0.0,0.0,0.0,0.0,0.0,1711.0,26.0,42.5 km solo,14.4,2.0,⛰️  Moy. montagne,0
2025-07-11,2025,tour-de-france,stage,7.0,Arkéa - B&B Hotels,1,2.UWT,FIN,17.0,0.0,20.0,60.0,,,113.0,0.0,45.0,1030.0,570.0,0.0,0.0,7.0,196.55,191.0,5.37,0.2,0.0,0.0,146.0,1.83,41.8,6.39,0.433,0.0,0.433,0.428,0.0,2052.0,1809.0,287.0,4.0,6.0,2.0,0.0,0.0,0.0,0.9995,0.9995,0.0,0.0,0.0,7.2,5.53,3.02,550.0,-0.03,301.0,1,11,1603.6899999999998,210.0,0.0,0.0,0.0,0.0,0.0,0.0,0.0,1711.0,27.0,Sprint of small group,16.2,2.0,⛰️  Moy. montagne,0
2025-07-12,2025,tour-de-france,stage,8.0,Arkéa - B&B Hotels,1,2.UWT,FIN,45.0,0.0,20.0,60.0,,,113.0,0.0,0.0,1030.0,570.0,0.0,0.0,8.0,171.07,169.0,1.8,0.0,0.0,0.0,149.0,2.03,15.9,3.89,0.368,0.0,0.368,0.0,0.0,1158.0,1141.0,118.0,39.0,0.0,0.0,0.0,0.0,0.0,0.0,0.0,0.0,0.0,0.0,2.0,0.7,0.84,103.0,-0.05,310.0,1,12,1800.2399999999998,210.0,0.0,0.0,0.0,0.0,0.0,0.0,0.0,1711.0,30.0,Sprint of large group,21.0,1.0,🟢  Plat/Sprint,0
2025-07-13,2025,tour-de-france,stage,9.0,Arkéa - B&B Hotels,1,2.UWT,FIN,144.0,0.0,20.0,60.0,,,113.0,0.0,15.0,1030.0,570.0,0.0,0.0,9.0,173.9,172.0,1.63,0.112,0.0,0.0,93.8,0.917,74.2,3.95,0.0,0.0,1.15,0.0,0.0,942.0,863.0,172.0,42.0,3.0,0.0,0.0,0.0,0.0,0.8986,0.0,0.0,0.0,0.0,-0.1,0.13,0.14,123.0,-0.05,311.0,1,13,1971.3099999999995,210.0,0.0,0.0,0.0,0.0,0.0,0.0,0.0,1711.0,31.0,Sprint of large group,21.0,1.0,🟢  Plat/Sprint,0
2025-07-14,2025,tour-de-france,stage,10.0,Arkéa - B&B Hotels,1,2.UWT,FIN,36.0,0.0,20.0,60.0,,,113.0,0.0,0.0,1030.0,570.0,0.0,0.0,10.0,165.48,162.0,0.685,0.0,0.698,0.0,138.0,1.85,16.4,5.7,2.67,0.0,2.67,0.698,0.0,4307.0,3316.0,1447.0,327.0,0.0,5.0,2.0,0.0,1.0,0.9997,0.9997,0.9482,0.9482,0.9482,7.2,7.83,2.9,410.0,0.26,1052.0,1,14,2145.2099999999996,210.0,0.0,0.0,0.0,0.0,0.0,0.0,0.0,1711.0,25.0,2.3 km solo,34.0,3.0,🏔️  Haute montagne,1
2025-07-16,2025,tour-de-france,stage,11.0,Arkéa - B&B Hotels,1,2.UWT,FIN,30.0,0.0,20.0,60.0,,,113.0,0.0,0.0,1030.0,570.0,0.0,0.0,11.0,156.53,155.0,0.305,0.0,0.0,0.579,138.0,2.28,12.6,3.4,0.442,0.0,0.442,0.0,0.0,1567.0,1567.0,288.0,105.0,7.0,1.0,0.0,0.0,0.0,0.9099,0.67,0.0,0.0,0.0,-0.9,-0.27,-0.16,61.0,0.0,295.0,1,15,2310.6899999999996,210.0,0.0,0.577,0.0,0.0,0.0,0.0,0.0,1711.0,30.0,Sprint à deux,24.0,1.0,🟢  Plat/Sprint,0
2025-07-17,2025,tour-de-france,stage,12.0,Arkéa - B&B Hotels,1,2.UWT,FIN,10.0,30.0,20.0,60.0,,,113.0,0.0,105.0,1030.0,570.0,0.0,0.0,12.0,180.92,175.0,3.74,0.0,0.0,0.0,130.0,0.394,48.8,0.0,1.79,0.0,1.79,0.0,0.0,3794.0,2415.0,1519.0,140.0,4.0,2.0,0.0,0.0,2.0,0.9997,0.9997,0.9997,0.9997,0.9997,8.3,7.93,7.92,396.0,0.16,577.0,1,16,2467.2200000000003,210.0,0.0,0.0,0.0,0.0,0.0,0.0,0.1428571428571428,1711.0,30.0,11.1 km solo,29.0,3.0,🏔️  Haute montagne,1
2025-07-18,2025,tour-de-france,stage,13.0,Arkéa - B&B Hotels,1,2.UWT,FIN,18.0,0.0,20.0,60.0,,,113.0,0.0,25.0,1030.0,570.0,0.0,0.0,13.0,10.92,10.4,0.0,0.0,0.0,0.0,10.1,0.225,0.0,0.0,0.521,0.0,0.521,0.0,0.0,645.0,43.0,1561.0,940.0,0.0,0.0,1.0,0.0,0.0,0.9963,0.9963,0.9963,0.0,0.0,8.1,8.1,8.0,645.0,5.52,645.0,1,17,2648.1400000000003,210.0,0.0,0.0,0.0,0.0,0.0,0.0,0.0,1711.0,24.0,Time trial,50.0,3.0,🏔️  Haute montagne,1
2025-07-19,2025,tour-de-france,stage,14.0,Arkéa - B&B Hotels,1,2.UWT,FIN,30.0,0.0,20.0,60.0,,,113.0,0.0,30.0,1030.0,570.0,0.0,0.0,14.0,182.43,183.0,0.0,0.0,0.0,0.0,167.0,0.0,16.2,0.0,0.0,0.0,0.0,0.0,0.0,5020.0,3412.0,2111.0,185.0,0.0,0.0,1.0,0.0,3.0,0.9997,0.9997,0.9997,0.9997,0.9997,9.3,8.23,8.34,417.0,0.48,471.0,1,17,2648.57,210.0,0.0,0.0,0.0,0.0,0.0,0.0,0.0,1711.0,19.0,37 km solo,49.0,3.0,🏔️  Haute montagne,1
2025-07-20,2025,tour-de-france,stage,15.0,Arkéa - B&B Hotels,1,2.UWT,FIN,41.0,0.0,20.0,60.0,,,113.0,0.0,0.0,1030.0,570.0,0.0,0.0,15.0,169.45,158.0,5.91,0.0,5.12,0.0,123.0,0.596,44.6,1.27,0.566,0.0,0.397,0.0,0.0,2305.0,2396.0,890.0,96.0,4.0,0.0,1.0,1.0,0.0,0.785,0.785,0.785,0.785,0.0,1.2,0.53,0.52,57.0,0.03,465.0,1,17,2635.2099999999996,210.0,0.0,0.0,0.0,0.0,0.0,0.0,0.0,1711.0,27.0,43.6 km solo,25.0,2.0,⛰️  Moy. montagne,0
2025-07-22,2025,tour-de-france,stage,16.0,Arkéa - B&B Hotels,1,2.UWT,FIN,34.0,0.0,20.0,60.0,,,113.0,0.0,0.0,1030.0,570.0,0.0,0.0,16.0,171.03,171.0,0.159,0.0,0.0,0.0,147.0,0.0,17.5,6.49,0.0,0.0,0.0,0.0,0.0,2858.0,1027.0,1902.0,24.0,1.0,1.0,0.0,0.0,1.0,0.9995,0.9995,0.9995,0.9995,0.9995,10.7,9.0,8.22,411.0,0.01,371.0,1,16,2503.75,210.0,0.0,0.0,0.0,0.0,0.0,0.0,0.0,1711.0,26.0,Sprint à deux,37.0,3.0,🏔️  Haute montagne,1
2025-07-23,2025,tour-de-france,stage,17.0,Arkéa - B&B Hotels,1,2.UWT,FIN,47.0,0.0,20.0,60.0,,,113.0,0.0,0.0,1030.0,570.0,0.0,0.0,17.0,160.7,159.0,1.38,0.0,0.0,0.0,142.0,0.335,5.49,12.5,0.0,0.0,0.0,0.0,0.0,1590.0,1509.0,662.0,68.0,2.0,1.0,1.0,0.0,0.0,0.6997,0.6997,0.3978,0.0,0.0,-0.3,-0.03,-0.18,72.0,0.61,535.0,1,16,2560.13,210.0,0.0,0.0,0.0,0.0,0.0,0.0,0.0,1711.0,26.0,Sprint of small group,25.0,2.0,⛰️  Moy. montagne,0
2025-07-24,2025,tour-de-france,stage,18.0,Arkéa - B&B Hotels,1,2.UWT,FIN,32.0,0.0,20.0,60.0,,,113.0,0.0,-5.0,1030.0,570.0,0.0,0.0,18.0,172.39,170.0,1.77,0.0,0.0,0.0,130.0,4.36,14.5,23.0,0.486,0.0,0.486,0.136,0.0,5636.0,3631.0,2298.0,260.0,1.0,0.0,0.0,0.0,3.0,0.9998,0.9998,0.9998,0.9998,0.9998,7.0,7.67,6.2,268.0,1.87,1252.0,1,17,2720.83,210.0,0.0,0.0,0.0,0.0,0.0,0.0,0.0,1711.0,15.0,15.8 km solo,32.0,3.0,🏔️  Haute montagne,1
2025-07-25,2025,tour-de-france,stage,19.0,Arkéa - B&B Hotels,1,2.UWT,FIN,36.0,0.0,20.0,60.0,,,113.0,0.0,0.0,1030.0,570.0,0.0,0.0,19.0,93.25,93.3,0.0,0.0,0.0,0.0,80.1,0.0,11.2,1.97,0.0,0.0,0.0,0.0,0.0,3352.0,1764.0,2063.0,475.0,0.0,1.0,0.0,0.0,2.0,0.9996,0.9996,0.9996,0.9996,0.9996,6.9,6.5,6.66,377.0,2.01,1871.0,1,18,2893.22,210.0,0.0,0.0,0.0,0.0,0.0,0.0,0.0,1711.0,18.0,13 km solo,31.0,3.0,🏔️  Haute montagne,1
2025-07-26,2025,tour-de-wallonie,stage,1.0,Arkéa - B&B Hotels,0,2.Pro,,,0.0,,,,,,,0.0,24.0,8.0,0.0,0.0,1.0,182.29,170.0,2.08,0.0,1.19,0.0,130.0,2.59,38.0,2.14,8.95,0.0,8.95,0.0,1.16,2541.0,2534.0,566.0,174.0,5.0,2.0,3.0,0.0,0.0,0.9996,0.9996,0.8596,0.0,0.0,4.5,4.13,3.28,242.0,-0.14,623.0,0,19,2986.47,20.0,0.0,0.0,0.0,0.0,0.0,0.0,0.0,203.0,22.0,Sprint of large group,15.0,2.0,⛰️  Moy. montagne,0
2025-07-26,2025,tour-de-france,stage,20.0,Arkéa - B&B Hotels,1,2.UWT,FIN,37.0,0.0,20.0,60.0,,,113.0,0.0,20.0,1030.0,570.0,0.0,0.0,20.0,184.79,184.0,0.764,0.0,0.605,0.0,141.0,0.492,38.8,3.61,0.0,0.0,0.102,1.17,0.0,2914.0,2619.0,1052.0,362.0,4.0,1.0,3.0,0.0,0.0,0.933,0.933,0.933,0.0,0.0,1.4,0.73,0.46,85.0,0.39,1036.0,1,19,2986.47,210.0,0.0,0.0,0.0,0.0,0.0,0.0,0.0,1711.0,20.0,16.8 km solo,17.0,2.0,⛰️  Moy. montagne,0
2025-07-27,2025,tour-de-wallonie,stage,2.0,Arkéa - B&B Hotels,0,2.Pro,,,0.0,,,,,,,13.0,24.0,8.0,0.0,0.0,2.0,154.69,141.0,13.8,0.0,0.0,0.0,116.0,10.9,17.5,10.2,0.0,0.0,0.0,0.0,0.0,1523.0,1483.0,296.0,70.0,2.0,2.0,0.0,0.0,0.0,0.8316,0.434,0.0,0.0,0.0,2.6,-0.17,0.56,187.0,0.03,426.0,0,20,3171.26,20.0,0.0,0.0,0.0,0.0,0.0,0.0,0.0,203.0,20.0,Sprint of 3 riders,25.0,1.0,🟢  Plat/Sprint,0
2025-07-27,2025,tour-de-france,stage,21.0,Arkéa - B&B Hotels,1,2.UWT,FIN,111.0,0.0,20.0,60.0,,,113.0,0.0,40.0,1030.0,570.0,0.0,0.0,21.0,132.17,79.3,2.8,32.9,0.0,0.0,29.8,5.51,39.7,36.8,12.9,0.382,13.0,2.77,0.269,1106.0,1100.0,183.0,19.0,4.0,1.0,0.0,0.0,0.0,0.9527,0.1125,0.0,0.0,0.0,-1.2,-0.93,-1.36,159.0,0.01,426.0,1,20,3171.26,210.0,19.156,0.0,6.868,0.0,2.16,0.0,0.0,1711.0,19.0,6.4 km solo,24.0,1.0,🟢  Plat/Sprint,0
2025-07-28,2025,tour-de-wallonie,stage,3.0,Arkéa - B&B Hotels,0,2.Pro,,,0.0,,,,,,,0.0,24.0,8.0,0.0,0.0,3.0,165.61,137.0,28.6,0.123,0.23,0.0,108.0,5.86,31.5,17.9,0.0,0.0,0.0,0.0,0.23,767.0,836.0,183.0,13.0,2.0,0.0,0.0,0.0,0.0,0.2698,0.0,0.0,0.0,0.0,-0.3,0.0,0.02,64.0,0.11,378.0,0,21,3303.43,20.0,0.0,0.0,0.0,0.0,0.0,0.0,0.0,203.0,21.0,Sprint of large group,13.6,1.0,🟢  Plat/Sprint,0
2025-07-29,2025,tour-de-wallonie,stage,4.0,Arkéa - B&B Hotels,0,2.Pro,,,0.0,,,,,,,3.0,24.0,8.0,0.0,0.0,4.0,162.99,146.0,14.1,0.0,0.0,0.0,110.0,16.0,19.7,13.6,3.57,0.144,3.61,0.0,0.0,2500.0,2676.0,676.0,61.0,4.0,6.0,1.0,0.0,0.0,0.9538,0.8777,0.0935,0.0,0.0,-0.6,-2.97,-2.82,169.0,0.25,843.0,0,21,3303.43,20.0,0.0,0.0,0.0,0.0,0.0,0.0,0.0,203.0,19.0,Sprint of small group,13.0,2.0,⛰️  Moy. montagne,0
2025-07-30,2025,tour-de-wallonie,stage,5.0,Arkéa - B&B Hotels,0,2.Pro,,,0.0,,,,,,,0.0,24.0,8.0,0.0,0.0,5.0,183.79,162.0,21.5,0.0,0.0,0.0,157.0,6.3,9.76,5.29,0.0,0.0,0.0,5.46,0.0,3075.0,3052.0,448.0,189.0,6.0,7.0,0.0,0.0,0.0,0.9739,0.9739,0.0,0.0,0.0,4.7,1.33,-0.14,286.0,-0.1,808.0,0,21,3303.43,20.0,0.0,0.0,0.0,0.0,0.0,0.0,0.0,203.0,20.0,Sprint of small group,4.6,2.0,⛰️  Moy. montagne,0
2025-08-02,2025,san-sebastian,result,,Arkéa - B&B Hotels,0,1.UWT,,,0.0,,,,,,,4.0,4.0,0.0,0.0,0.0,,212.46,204.0,4.81,2.19,0.0,0.0,150.0,15.1,36.6,8.02,0.929,0.0,1.76,2.52,0.0,3903.0,3901.0,678.0,-1.0,0.0,2.0,3.0,1.0,0.0,0.9704,0.9704,0.837,0.419,0.0,-0.3,-0.07,-2.82,253.0,0.03,755.0,0,21,3303.43,400.0,0.159,0.0,0.155,0.0,0.027,0.0,0.0,718.0,22.0,8.8 km solo,4.6,2.0,⛰️  Moy. montagne,0
2025-08-04,2025,tour-de-pologne,stage,1.0,Arkéa - B&B Hotels,0,2.UWT,,,0.0,,,,,,,0.0,7.0,32.0,0.0,0.0,1.0,199.74,194.0,3.31,1.51,0.0,0.0,153.0,5.48,38.0,2.43,0.703,0.0,0.804,0.0,0.0,816.0,828.0,204.0,92.0,1.0,0.0,0.0,0.0,0.0,0.6705,0.0,0.0,0.0,0.0,-0.1,0.0,0.06,30.0,-0.04,150.0,0,21,3303.43,50.0,0.0,0.0,0.0,0.0,0.0,0.0,0.0,415.0,19.0,Sprint of large group,13.6,1.0,🟢  Plat/Sprint,0
2025-08-05,2025,tour-de-pologne,stage,2.0,Arkéa - B&B Hotels,0,2.UWT,,,0.0,,,,,,,0.0,7.0,32.0,0.0,0.0,2.0,148.23,148.0,0.234,0.38,0.0,0.0,131.0,4.51,12.3,0.0,0.0,0.0,0.0,0.0,0.0,2199.0,1871.0,813.0,369.0,0.0,4.0,2.0,0.0,0.0,0.9996,0.9996,0.9996,0.0,0.0,8.1,6.8,4.32,380.0,0.08,550.0,0,20,3118.2499999999995,50.0,0.0,0.0,0.0,0.0,0.0,0.0,0.0,415.0,22.0,Sprint of small group,10.0,3.0,🏔️  Haute montagne,1
2025-08-06,2025,tour-de-l-ain,stage,1.0,Arkéa - B&B Hotels,0,2.1,,,0.0,,,,,,,0.0,63.0,63.0,0.0,0.0,1.0,163.0,162.0,0.822,0.0,0.0,0.0,154.0,0.822,7.83,0.436,0.0,0.0,0.0,0.0,0.0,1536.0,1526.0,1005.0,174.0,1.0,0.0,0.0,0.0,1.0,0.8064,0.8064,0.8064,0.8064,0.8064,-0.2,0.17,0.08,45.0,0.04,276.0,0,19,2908.7000000000003,14.0,0.0,0.0,0.0,0.0,0.0,0.0,0.0,90.0,25.0,Sprint of small group,5.4,2.0,⛰️  Moy. montagne,0
2025-08-06,2025,tour-de-pologne,stage,3.0,Arkéa - B&B Hotels,0,2.UWT,,,0.0,,,,,,,-25.0,7.0,32.0,0.0,0.0,3.0,159.24,147.0,7.21,3.92,0.239,0.0,148.0,5.39,0.88,3.25,0.0,0.0,0.633,1.24,0.239,3467.0,3495.0,757.0,354.0,5.0,4.0,3.0,0.0,0.0,0.9282,0.9282,0.8026,0.0,0.0,2.4,-0.17,-1.14,243.0,0.14,1091.0,0,19,2908.7000000000003,50.0,0.406,0.0,0.025,0.0,0.013,0.0,0.0,415.0,17.0,Sprint of large group,1.4,2.0,⛰️  Moy. montagne,0
2025-08-07,2025,tour-de-l-ain,stage,2.0,Arkéa - B&B Hotels,0,2.1,,,0.0,,,,,,,0.0,63.0,63.0,0.0,0.0,2.0,152.86,142.0,11.5,0.0,0.0,0.0,152.0,1.12,0.216,0.0,0.0,0.0,0.0,0.0,0.0,3350.0,2658.0,1166.0,196.0,1.0,0.0,2.0,1.0,1.0,0.9822,0.9822,0.9822,0.8211,0.4682,0.8,0.33,1.92,357.0,1.15,939.0,0,18,2730.19,14.0,0.0,0.0,0.0,0.0,0.0,0.0,0.0,90.0,29.0,Sprint à deux,5.0,3.0,🏔️  Haute montagne,1
2025-08-07,2025,tour-de-pologne,stage,4.0,Arkéa - B&B Hotels,0,2.UWT,,,0.0,,,,,,,0.0,7.0,32.0,0.0,0.0,4.0,201.63,189.0,10.3,2.61,0.0,0.0,180.0,18.1,0.0,3.1,0.0,0.0,0.0,0.259,0.0,2270.0,2217.0,925.0,240.0,2.0,0.0,1.0,1.0,0.0,0.6017,0.6017,0.6017,0.6017,0.0,3.0,1.23,0.5,95.0,0.03,262.0,0,18,2730.19,50.0,2.546,0.0,1.91,0.0,1.207,0.0,0.0,415.0,22.0,Sprint of large group,-3.6,2.0,⛰️  Moy. montagne,0
2025-08-07,2025,arctic-race-of-norway,stage,1.0,Arkéa - B&B Hotels,0,2.Pro,,,0.0,,,,,,,3.0,66.0,63.0,0.0,0.0,1.0,181.24,181.0,0.949,0.0,0.0,0.0,94.0,0.211,83.2,4.23,0.0,0.0,0.126,0.0,0.0,2303.0,2306.0,217.0,0.0,4.0,4.0,0.0,0.0,0.0,0.9303,0.8542,0.0,0.0,0.0,3.2,1.1,0.36,113.0,0.05,684.0,0,18,2730.19,20.0,0.0,0.0,0.0,0.0,0.0,0.0,0.0,229.0,14.0,Sprint of large group,-3.6,2.0,⛰️  Moy. montagne,0
2025-08-08,2025,arctic-race-of-norway,stage,2.0,Arkéa - B&B Hotels,0,2.Pro,,,0.0,,,,,,,0.0,66.0,63.0,0.0,0.0,2.0,166.09,160.0,0.0,0.0,0.0,6.37,28.6,0.145,137.0,0.144,0.0,0.0,0.145,0.0,0.0,2236.0,2265.0,429.0,0.0,1.0,2.0,2.0,0.0,0.0,0.6434,0.6434,0.2247,0.0,0.0,0.3,0.17,-0.28,117.0,0.08,973.0,0,17,2556.17,20.0,0.0,5.66,0.0,1.887,0.0,1.887,0.0,229.0,20.0,Sprint of large group,-3.6,2.0,⛰️  Moy. montagne,0
2025-08-08,2025,tour-de-pologne,stage,5.0,Arkéa - B&B Hotels,0,2.UWT,,,0.0,,,,,,,0.0,7.0,32.0,0.0,0.0,5.0,205.57,201.0,3.24,0.255,0.242,0.0,188.0,12.2,1.55,1.02,0.474,0.0,0.764,0.631,0.0,2761.0,2135.0,1125.0,231.0,1.0,2.0,2.0,0.0,1.0,0.8739,0.8739,0.8739,0.8739,0.8739,2.1,2.0,0.32,63.0,0.03,253.0,0,17,2556.17,50.0,0.0,0.0,0.0,0.0,0.0,0.0,0.0,415.0,24.0,Sprint of large group,-4.4,2.0,⛰️  Moy. montagne,0
2025-08-08,2025,tour-de-l-ain,stage,3.0,Arkéa - B&B Hotels,0,2.1,,,0.0,,,,,,,0.0,63.0,63.0,0.0,0.0,3.0,130.34,126.0,4.89,0.0,0.0,0.0,126.0,1.86,3.0,0.0,0.196,0.0,0.196,0.0,0.0,3155.0,3656.0,1489.0,230.0,2.0,1.0,0.0,0.0,2.0,0.9576,0.6912,0.6912,0.6912,0.6912,1.6,0.53,-0.46,239.0,0.09,1082.0,0,17,2556.17,14.0,0.0,0.0,0.0,0.0,0.0,0.0,0.0,90.0,31.0,50.6 km solo,-1.0,3.0,🏔️  Haute montagne,1
2025-08-09,2025,arctic-race-of-norway,stage,3.0,Arkéa - B&B Hotels,0,2.Pro,,,0.0,,,,,,,0.0,66.0,63.0,0.0,0.0,3.0,182.07,178.0,4.21,0.0,0.0,0.0,20.9,0.221,161.0,0.0,0.0,0.0,0.326,0.224,0.0,2455.0,2108.0,365.0,0.0,3.0,2.0,2.0,0.0,0.0,0.9997,0.9997,0.9997,0.0,0.0,6.4,9.03,6.18,370.0,-0.02,706.0,0,16,2523.17,20.0,0.0,0.0,0.0,0.0,0.0,0.0,0.0,229.0,18.0,Sprint à deux,-1.0,3.0,🏔️  Haute montagne,1
2025-08-09,2025,tour-de-pologne,stage,6.0,Arkéa - B&B Hotels,0,2.UWT,,,0.0,,,,,,,0.0,7.0,32.0,0.0,0.0,6.0,147.46,135.0,12.9,0.0,0.0,0.0,117.0,13.2,16.2,0.0,0.0,0.0,0.0,0.929,0.0,2811.0,2612.0,991.0,620.0,3.0,4.0,3.0,0.0,0.0,0.9995,0.9995,0.9047,0.0,0.0,3.7,5.17,4.12,252.0,0.08,911.0,0,16,2523.17,50.0,0.0,0.0,0.0,0.0,0.0,0.0,0.0,415.0,25.0,Sprint à deux,-4.4,2.0,⛰️  Moy. montagne,0
2025-08-10,2025,arctic-race-of-norway,stage,4.0,Arkéa - B&B Hotels,0,2.Pro,,,0.0,,,,,,,0.0,66.0,63.0,0.0,0.0,4.0,135.18,124.0,9.06,0.9,0.0,0.0,83.1,25.2,23.1,2.28,1.34,0.0,1.39,0.377,0.0,2116.0,2109.0,99.0,0.0,16.0,0.0,0.0,0.0,0.0,0.9497,0.0,0.0,0.0,0.0,0.1,0.23,-0.14,19.0,0.0,786.0,0,15,2321.58,20.0,0.331,0.0,0.11,0.0,0.0,0.0,0.0,229.0,17.0,Sprint of large group,0.6,2.0,⛰️  Moy. montagne,0
2025-08-10,2025,tour-de-pologne,stage,7.0,Arkéa - B&B Hotels,0,2.UWT,,,0.0,,,,,,,0.0,7.0,32.0,0.0,0.0,7.0,12.46,12.3,0.0,0.0,0.0,0.0,12.3,0.158,0.0,0.0,0.0,0.0,0.0,0.0,0.0,175.0,191.0,363.0,226.0,1.0,0.0,0.0,0.0,0.0,0.3023,0.0,0.0,0.0,0.0,0.7,-0.43,-1.04,45.0,-0.13,175.0,0,15,2321.58,50.0,0.0,0.0,0.0,0.0,0.0,0.0,0.0,415.0,27.0,Time trial,10.6,1.0,🟢  Plat/Sprint,0
2025-08-15,2025,circuit-franco-belge,result,,Arkéa - B&B Hotels,0,1.Pro,,,0.0,,,,,,,70.0,70.0,0.0,0.0,0.0,,207.57,135.0,72.2,0.407,0.0,0.0,134.0,19.1,3.26,48.3,0.0,0.0,2.81,0.0,0.0,2284.0,2210.0,126.0,8.0,8.0,0.0,0.0,0.0,0.0,0.9344,0.0,0.0,0.0,0.0,6.3,2.53,1.48,86.0,0.02,429.0,0,11,1614.58,200.0,0.0,0.0,0.0,0.0,0.0,0.0,0.0,282.0,28.0,Sprint of small group,0.0,2.0,⛰️  Moy. montagne,0
2025-08-17,2025,la-poly-normande,result,,Arkéa - B&B Hotels,0,1.1,,,0.0,,,,,,,83.0,83.0,0.0,0.0,0.0,,168.81,115.0,54.2,0.0,0.0,0.0,169.0,0.0,0.0,0.0,0.0,0.0,0.0,0.0,0.0,2159.0,2087.0,189.0,35.0,11.0,0.0,0.0,0.0,0.0,0.9331,0.0,0.0,0.0,0.0,2.9,1.33,0.38,140.0,0.12,672.0,0,9,1277.13,125.0,0.0,0.0,0.0,0.0,0.0,0.0,0.0,109.0,26.0,8.9 km solo,14.0,2.0,⛰️  Moy. montagne,0
2025-08-17,2025,cyclassics-hamburg,result,,Arkéa - B&B Hotels,0,1.UWT,,,0.0,,,,,,,16.0,16.0,0.0,0.0,0.0,,206.88,171.0,30.8,2.68,0.403,0.0,104.0,23.0,5.81,59.3,2.85,0.0,3.01,0.611,0.356,1802.0,1821.0,148.0,-3.0,1.0,0.0,0.0,0.0,0.0,0.0675,0.0,0.0,0.0,0.0,1.5,0.0,-0.18,62.0,-0.08,286.0,0,9,1277.13,400.0,0.354,0.0,0.217,0.0,0.157,0.0,0.0,742.0,21.0,0.2 km solo,10.6,1.0,🟢  Plat/Sprint,0
2025-08-19,2025,tour-du-limousin,stage,1.0,Arkéa - B&B Hotels,0,2.1,,,0.0,,,,,,,5.0,181.0,168.0,0.0,0.0,1.0,184.34,174.0,9.88,0.0,0.0,0.0,180.0,0.564,3.9,0.0,0.0,0.0,0.0,0.0,0.0,3127.0,2718.0,910.0,311.0,5.0,2.0,2.0,0.0,0.0,0.9533,0.8888,0.8888,0.0,0.0,-0.3,0.17,-0.34,196.0,0.32,845.0,0,7,1083.78,14.0,0.0,0.0,0.0,0.0,0.0,0.0,0.0,116.0,19.0,Sprint à deux,30.6,2.0,⛰️  Moy. montagne,0
2025-08-20,2025,tour-du-limousin,stage,2.0,Arkéa - B&B Hotels,0,2.1,,,0.0,,,,,,,3.0,181.0,168.0,0.0,0.0,2.0,172.71,125.0,47.6,0.0,0.0,0.0,168.0,3.06,2.2,0.0,0.0,0.0,0.0,0.0,0.0,2827.0,2678.0,344.0,83.0,5.0,7.0,0.0,0.0,0.0,0.9995,0.9995,0.0,0.0,0.0,5.6,4.93,4.8,399.0,0.0,640.0,0,6,914.33,14.0,0.0,0.0,0.0,0.0,0.0,0.0,0.0,116.0,25.0,1.9 km solo,31.6,2.0,⛰️  Moy. montagne,0
2025-08-20,2025,renewi-tour,stage,1.0,Arkéa - B&B Hotels,0,2.UWT,,,0.0,,,,,,,0.0,9.0,6.0,0.0,0.0,1.0,182.87,136.0,24.9,6.29,0.795,0.436,58.1,8.12,0.0,45.6,13.0,0.163,16.4,1.87,0.776,255.0,252.0,7.0,-3.0,0.0,0.0,0.0,0.0,0.0,0.0,0.0,0.0,0.0,0.0,0.2,0.1,0.04,23.0,0.01,80.0,0,6,914.33,50.0,4.114,0.0,0.64,0.0,0.0,0.0,0.0,572.0,21.0,Sprint of large group,5.8,1.0,🟢  Plat/Sprint,0
2025-08-21,2025,renewi-tour,stage,2.0,Arkéa - B&B Hotels,0,2.UWT,,,0.0,,,,,,,3.0,9.0,6.0,0.0,0.0,2.0,172.73,115.0,54.6,0.989,0.157,0.0,49.6,6.0,4.7,86.2,1.73,0.0,1.89,0.278,0.0,460.0,437.0,49.0,1.0,0.0,0.0,0.0,0.0,0.0,0.0,0.0,0.0,0.0,0.0,0.4,0.1,-0.02,29.0,0.01,90.0,0,6,914.33,50.0,0.0,0.0,0.0,0.0,0.0,0.0,0.0,572.0,22.0,Sprint of large group,3.2,1.0,🟢  Plat/Sprint,0
2025-08-21,2025,tour-du-limousin,stage,3.0,Arkéa - B&B Hotels,0,2.1,,,0.0,,,,,,,5.0,181.0,168.0,0.0,0.0,3.0,181.9,162.0,19.7,0.0,0.0,0.0,172.0,1.54,8.58,0.195,0.0,0.0,0.0,0.0,0.0,3030.0,2932.0,532.0,169.0,7.0,2.0,1.0,0.0,0.0,0.9997,0.9997,0.9997,0.0,0.0,8.7,1.07,1.04,304.0,-0.11,768.0,0,6,914.33,14.0,0.0,0.0,0.0,0.0,0.0,0.0,0.0,116.0,18.0,Sprint of large group,32.2,2.0,⛰️  Moy. montagne,0
2025-08-22,2025,renewi-tour,stage,3.0,Arkéa - B&B Hotels,0,2.UWT,,,0.0,,,,,,,0.0,9.0,6.0,0.0,0.0,3.0,181.41,111.0,58.2,9.64,0.0,0.0,63.1,37.4,2.15,61.6,2.24,0.468,2.94,0.0,0.0,1621.0,1571.0,128.0,3.0,4.0,0.0,0.0,0.0,0.0,0.8144,0.0,0.0,0.0,0.0,3.5,-0.37,-0.28,143.0,0.01,166.0,0,5,743.3,50.0,4.044,0.0,1.41,0.0,1.41,0.0,0.0,572.0,19.0,Sprint à deux,3.8,1.0,🟢  Plat/Sprint,0
2025-08-22,2025,tour-du-limousin,stage,4.0,Arkéa - B&B Hotels,0,2.1,,,0.0,,,,,,,0.0,181.0,168.0,0.0,0.0,4.0,164.57,143.0,21.4,0.0,0.0,0.0,145.0,12.1,5.86,1.17,0.0,0.0,0.0,0.0,0.0,2407.0,2455.0,496.0,215.0,13.0,1.0,0.0,0.0,0.0,0.9487,0.2992,0.0,0.0,0.0,2.3,1.87,-0.48,214.0,0.04,672.0,0,5,743.3,14.0,0.0,0.0,0.0,0.0,0.0,0.0,0.0,116.0,22.0,Sprint of small group,33.2,2.0,⛰️  Moy. montagne,0
2025-08-23,2025,vuelta-a-espana,stage,1.0,Arkéa - B&B Hotels,1,2.UWT,FIN,119.0,0.0,,,,,,,0.0,345.0,25.0,0.0,0.0,1.0,187.91,185.0,0.0,1.18,0.509,0.0,46.2,0.159,139.0,1.38,0.971,0.0,1.24,0.352,0.0,1293.0,1371.0,586.0,141.0,4.0,0.0,1.0,0.0,0.0,0.8582,0.3542,0.3542,0.0,0.0,0.0,-0.23,-0.14,30.0,0.03,287.0,0,4,582.5999999999999,180.0,0.0,0.0,0.0,0.0,0.0,0.0,0.0,872.0,26.0,Sprint of large group,3.8,1.0,🟢  Plat/Sprint,0
2025-08-23,2025,renewi-tour,stage,4.0,Arkéa - B&B Hotels,0,2.UWT,,,0.0,,,,,,,0.0,9.0,6.0,0.0,0.0,4.0,198.36,110.0,85.3,3.57,0.0,0.0,98.0,14.4,0.0,76.4,0.0,0.0,9.07,0.0,0.0,1446.0,1437.0,146.0,56.0,1.0,0.0,0.0,0.0,0.0,0.3933,0.0,0.0,0.0,0.0,2.1,0.87,0.26,129.0,-0.0,354.0,0,4,582.5999999999999,50.0,0.774,0.0,0.298,0.0,0.091,0.0,0.0,572.0,17.0,Sprint of large group,3.8,1.0,🟢  Plat/Sprint,0
2025-08-24,2025,renewi-tour,stage,5.0,Arkéa - B&B Hotels,0,2.UWT,,,0.0,,,,,,,0.0,9.0,6.0,0.0,0.0,5.0,184.45,98.4,80.1,4.69,0.0,0.0,46.9,47.9,7.43,71.1,2.02,0.0,2.02,2.81,0.107,1554.0,1542.0,101.0,18.0,2.0,0.0,0.0,0.0,0.0,0.4902,0.0,0.0,0.0,0.0,0.9,-0.2,-0.52,118.0,0.01,413.0,0,4,598.1199999999999,50.0,1.874,0.0,0.632,0.0,0.029,0.0,0.0,572.0,20.0,Sprint of large group,0.6,1.0,🟢  Plat/Sprint,0
2025-08-24,2025,vuelta-a-espana,stage,2.0,Arkéa - B&B Hotels,1,2.UWT,FIN,28.0,0.0,,,,,,,0.0,345.0,25.0,0.0,0.0,2.0,160.41,158.0,1.6,0.898,0.0,0.0,104.0,1.55,52.5,2.25,0.0,0.0,0.0,0.348,0.0,1910.0,692.0,1389.0,170.0,1.0,1.0,0.0,0.0,1.0,0.9996,0.9996,0.9996,0.9996,0.9996,7.7,7.27,6.5,589.0,0.49,292.0,0,4,598.1199999999999,180.0,0.0,0.0,0.0,0.0,0.0,0.0,0.0,872.0,20.0,Sprint of small group,0.0,3.0,🏔️  Haute montagne,1
2025-08-25,2025,vuelta-a-espana,stage,3.0,Arkéa - B&B Hotels,1,2.UWT,FIN,56.0,0.0,,,,,,,0.0,345.0,25.0,0.0,0.0,3.0,135.01,133.0,1.11,0.63,0.0,0.0,126.0,0.213,7.51,1.13,0.0,0.0,0.0,0.3,0.0,1948.0,1579.0,858.0,262.0,1.0,2.0,2.0,0.0,0.0,0.9983,0.9983,0.9983,0.0,0.0,4.7,2.67,2.66,259.0,0.02,376.0,0,4,665.28,180.0,0.413,0.0,0.413,0.0,0.0,0.0,0.0,872.0,24.0,Sprint of large group,19.2,2.0,⛰️  Moy. montagne,0
2025-08-26,2025,vuelta-a-espana,stage,4.0,Arkéa - B&B Hotels,1,2.UWT,FIN,73.0,0.0,,,,,,,60.0,345.0,25.0,0.0,0.0,4.0,207.1,204.0,0.32,0.472,0.201,0.0,23.7,0.0,125.0,55.1,2.99,0.0,2.99,0.153,0.0,3080.0,3507.0,2056.0,183.0,2.0,1.0,1.0,0.0,1.0,0.9997,0.8166,0.4262,0.4262,0.4262,2.1,1.43,1.3,150.0,1.13,1298.0,0,4,615.5,180.0,0.0,0.0,0.0,0.0,0.0,0.0,0.0,872.0,26.0,Sprint of large group,2.6,2.0,⛰️  Moy. montagne,0
2025-08-26,2025,tour-du-poitou-charentes-et-de-la-vienne,stage,1.0,Arkéa - B&B Hotels,0,2.1,,,0.0,,,,,,,5.0,130.0,115.0,0.0,0.0,1.0,193.64,185.0,6.17,0.0,0.0,0.0,191.0,0.431,0.474,0.0,1.94,0.0,2.27,0.0,0.0,1456.0,1497.0,170.0,3.0,2.0,0.0,0.0,0.0,0.0,0.8042,0.0,0.0,0.0,0.0,0.0,-0.07,0.26,197.0,-0.11,270.0,0,4,615.5,14.0,0.0,0.0,0.0,0.0,0.0,0.0,0.0,81.0,25.0,Sprint of large group,0.6,1.0,🟢  Plat/Sprint,0
2025-08-27,2025,tour-du-poitou-charentes-et-de-la-vienne,stage,2.0,Arkéa - B&B Hotels,0,2.1,,,0.0,,,,,,,5.0,130.0,115.0,0.0,0.0,2.0,175.33,163.0,12.6,0.0,0.0,0.0,173.0,2.32,0.139,0.0,0.0,0.0,0.0,0.0,0.0,1731.0,1713.0,200.0,21.0,4.0,1.0,0.0,0.0,0.0,0.8683,0.6592,0.0,0.0,0.0,1.9,0.83,0.52,105.0,0.02,323.0,0,4,690.43,14.0,0.0,0.0,0.0,0.0,0.0,0.0,0.0,81.0,23.0,-,1.0,1.0,🟢  Plat/Sprint,0
2025-08-28,2025,vuelta-a-espana,stage,6.0,Arkéa - B&B Hotels,1,2.UWT,FIN,50.0,0.0,,,,,,,0.0,345.0,25.0,0.0,0.0,6.0,170.57,170.0,0.0,0.0,0.0,0.0,59.4,0.325,108.0,2.89,0.424,0.0,0.0,0.0,0.0,3602.0,2295.0,1900.0,593.0,0.0,1.0,1.0,0.0,2.0,0.9997,0.9997,0.9997,0.9997,0.9997,5.8,6.97,7.16,625.0,1.3,1152.0,0,4,690.43,180.0,0.0,0.0,0.0,0.0,0.0,0.0,0.0,872.0,20.0,21 km solo,0.0,3.0,🏔️  Haute montagne,1
2025-08-28,2025,tour-du-poitou-charentes-et-de-la-vienne,stage,3.0,Arkéa - B&B Hotels,0,2.1,,,0.0,,,,,,,5.0,130.0,115.0,0.0,0.0,3.0,27.49,27.5,0.0,0.0,0.0,0.0,27.4,0.0,0.0,0.0,0.0,0.0,0.0,0.0,0.0,202.0,148.0,136.0,60.0,0.0,0.0,0.0,0.0,0.0,0.0,0.0,0.0,0.0,0.0,-0.1,0.37,0.2,110.0,0.2,202.0,0,4,690.43,14.0,0.0,0.0,0.0,0.0,0.0,0.0,0.0,81.0,22.0,Time trial,2.0,1.0,🟢  Plat/Sprint,0
2025-08-29,2025,tour-du-poitou-charentes-et-de-la-vienne,stage,4.0,Arkéa - B&B Hotels,0,2.1,,,0.0,,,,,,,0.0,130.0,115.0,0.0,0.0,4.0,186.26,169.0,17.2,0.0,0.0,0.0,176.0,7.9,0.147,2.69,0.0,0.287,0.0,0.0,0.0,1391.0,1389.0,188.0,71.0,1.0,0.0,0.0,0.0,0.0,0.0742,0.0,0.0,0.0,0.0,3.7,1.4,0.9,121.0,0.1,535.0,0,5,861.0,14.0,0.0,0.0,0.0,0.0,0.0,0.0,0.0,81.0,19.0,Sprint of large group,3.0,1.0,🟢  Plat/Sprint,0
2025-08-29,2025,vuelta-a-espana,stage,7.0,Arkéa - B&B Hotels,1,2.UWT,DNS,,0.0,,,,,,,95.0,345.0,25.0,0.0,0.0,7.0,187.92,185.0,0.955,0.0,0.551,0.0,20.6,0.145,165.0,0.156,2.31,0.0,1.08,0.0,0.551,4203.0,3096.0,1910.0,517.0,1.0,0.0,2.0,0.0,2.0,0.9993,0.9993,0.9993,0.9993,0.9993,2.4,5.3,3.8,590.0,0.7,1221.0,0,5,861.0,180.0,0.0,0.0,0.0,0.0,0.0,0.0,0.0,872.0,18.0,11.1 km solo,0.0,3.0,🏔️  Haute montagne,1
2025-08-30,2025,vuelta-a-espana,stage,8.0,Arkéa - B&B Hotels,0,2.UWT,,,0.0,,,,,,,0.0,345.0,25.0,0.0,0.0,8.0,163.91,160.0,2.71,0.216,0.0,0.0,8.06,2.93,149.0,3.54,0.735,0.0,1.85,0.785,0.0,1219.0,1306.0,564.0,193.0,4.0,1.0,0.0,0.0,0.0,0.8814,0.258,0.0,0.0,0.0,0.7,0.43,0.2,82.0,0.45,661.0,0,6,1048.92,180.0,0.0,0.0,0.0,0.0,0.0,0.0,0.0,872.0,28.0,Sprint of large group,3.0,1.0,🟢  Plat/Sprint,0
2025-08-31,2025,vuelta-a-espana,stage,9.0,Arkéa - B&B Hotels,0,2.UWT,,,0.0,,,,,,,60.0,345.0,25.0,0.0,0.0,9.0,196.56,196.0,0.0,0.0,0.0,0.0,139.0,0.0,56.9,0.0,0.828,0.226,0.522,0.0,0.0,3123.0,1889.0,1541.0,307.0,5.0,1.0,1.0,0.0,1.0,0.9993,0.9993,0.9993,0.9993,0.9993,1.3,2.4,3.02,453.0,1.11,992.0,0,6,1048.92,180.0,0.0,0.0,0.0,0.0,0.0,0.0,0.0,872.0,23.0,10.3 km solo,19.0,3.0,🏔️  Haute montagne,1
2025-08-31,2025,bretagne-classic,result,,Arkéa - B&B Hotels,0,1.UWT,,,0.0,,,,,,,40.0,40.0,0.0,0.0,0.0,,262.06,202.0,59.1,0.0,0.0,0.0,238.0,7.28,14.5,1.43,0.569,0.0,0.569,0.0,0.0,3851.0,3877.0,302.0,29.0,6.0,6.0,0.0,0.0,0.0,0.9734,0.6559,0.0,0.0,0.0,-1.9,-1.5,-0.18,216.0,0.11,640.0,0,6,1048.92,400.0,0.0,0.0,0.0,0.0,0.0,0.0,0.0,809.0,19.0,Sprint of large group,13.6,2.0,⛰️  Moy. montagne,0
2025-09-02,2025,vuelta-a-espana,stage,10.0,Arkéa - B&B Hotels,0,2.UWT,,,0.0,,,,,,,0.0,345.0,25.0,0.0,0.0,10.0,175.24,175.0,0.0,0.0,0.0,0.0,42.6,0.0,132.0,0.0,0.234,0.0,0.234,0.0,0.0,2910.0,1587.0,1585.0,255.0,2.0,1.0,2.0,0.0,1.0,0.9996,0.9996,0.9996,0.9996,0.9996,0.9,3.5,5.2,685.0,0.19,354.0,0,6,1048.92,180.0,0.0,0.0,0.0,0.0,0.0,0.0,0.0,872.0,21.0,5.2 km solo,31.0,3.0,🏔️  Haute montagne,1
2025-09-03,2025,vuelta-a-espana,stage,11.0,Arkéa - B&B Hotels,0,2.UWT,,,0.0,,,,,,,0.0,345.0,25.0,0.0,0.0,11.0,157.8,143.0,14.6,0.425,0.0,0.0,111.0,1.72,43.4,1.56,0.0,0.0,0.0,0.0,0.0,3079.0,3057.0,429.0,-3.0,0.0,3.0,4.0,0.0,0.0,0.9589,0.9589,0.8637,0.0,0.0,2.4,-1.43,-2.72,244.0,0.1,1017.0,0,6,1048.92,0.0,0.0,0.0,0.0,0.0,0.0,0.0,,872.0,27.0,-,21.0,2.0,⛰️  Moy. montagne,0
2025-09-04,2025,vuelta-a-espana,stage,12.0,Arkéa - B&B Hotels,0,2.UWT,,,0.0,,,,,,,0.0,345.0,25.0,0.0,0.0,12.0,145.42,138.0,7.66,0.0,0.0,0.0,89.7,0.68,54.8,0.265,0.0,0.0,0.121,0.0,0.0,2471.0,2413.0,751.0,3.0,0.0,2.0,1.0,1.0,0.0,0.8357,0.8357,0.8357,0.8357,0.0,-0.6,-1.6,-1.3,49.0,0.19,946.0,0,6,1048.92,180.0,0.0,0.0,0.0,0.0,0.0,0.0,0.0,872.0,20.0,Sprint à deux,20.0,2.0,⛰️  Moy. montagne,0
2025-09-05,2025,vuelta-a-espana,stage,13.0,Arkéa - B&B Hotels,0,2.UWT,,,0.0,,,,,,,0.0,345.0,25.0,0.0,0.0,13.0,202.98,194.0,0.724,0.0,0.366,0.0,107.0,0.528,87.9,0.0,7.79,0.0,8.07,0.105,0.261,3958.0,2513.0,1569.0,-1.0,1.0,1.0,2.0,0.0,1.0,0.9939,0.9939,0.9939,0.9939,0.9939,2.3,10.8,11.76,588.0,-0.17,513.0,0,6,1048.92,180.0,0.0,0.0,0.0,0.0,0.0,0.0,0.0,872.0,22.0,Sprint à deux,31.0,3.0,🏔️  Haute montagne,1
2025-09-06,2025,vuelta-a-espana,stage,14.0,Arkéa - B&B Hotels,0,2.UWT,,,0.0,,,,,,,0.0,345.0,25.0,0.0,0.0,14.0,135.98,136.0,0.0,0.0,0.0,0.0,106.0,0.0,30.0,0.0,0.0,0.0,0.0,0.0,0.0,4072.0,2384.0,1711.0,23.0,4.0,1.0,1.0,0.0,2.0,0.9996,0.9996,0.9996,0.9996,0.9996,8.9,9.07,9.08,675.0,0.24,754.0,0,6,1048.92,180.0,0.0,0.0,0.0,0.0,0.0,0.0,0.0,872.0,25.0,15.9 km solo,31.0,3.0,🏔️  Haute montagne,1
2025-09-07,2025,vuelta-a-espana,stage,15.0,Arkéa - B&B Hotels,0,2.UWT,,,0.0,,,,,,,0.0,345.0,25.0,0.0,0.0,15.0,167.95,167.0,1.28,0.0,0.0,0.0,47.9,0.958,119.0,0.0,0.0,0.0,0.0,0.0,0.0,3073.0,2807.0,958.0,26.0,5.0,3.0,1.0,0.0,1.0,0.8768,0.8768,0.5363,0.5363,0.5363,-0.4,-0.07,-0.14,53.0,1.62,1666.0,0,6,1048.92,180.0,0.0,0.0,0.0,0.0,0.0,0.0,0.0,872.0,21.0,Sprint of 9 riders,20.0,2.0,⛰️  Moy. montagne,0
2025-09-09,2025,vuelta-a-espana,stage,16.0,Arkéa - B&B Hotels,0,2.UWT,,,0.0,,,,,,,25.0,345.0,25.0,0.0,0.0,16.0,160.16,156.0,4.61,0.0,0.0,0.0,139.0,0.899,20.3,0.0,0.0,0.0,0.0,0.0,0.0,3013.0,2953.0,630.0,-1.0,4.0,2.0,3.0,0.0,0.0,0.9586,0.9066,0.9066,0.0,0.0,3.1,-1.03,-2.92,176.0,0.11,726.0,0,6,1048.92,180.0,0.0,0.0,0.0,0.0,0.0,0.0,0.0,872.0,18.0,Sprint à deux,20.0,2.0,⛰️  Moy. montagne,0
2025-09-10,2025,vuelta-a-espana,stage,17.0,Arkéa - B&B Hotels,0,2.UWT,,,0.0,,,,,,,0.0,345.0,25.0,0.0,0.0,17.0,143.43,141.0,1.95,0.0,0.0,0.0,106.0,2.57,34.3,0.0,0.365,0.0,0.793,0.0,0.0,3234.0,1915.0,1755.0,422.0,3.0,3.0,1.0,0.0,1.0,0.9996,0.9996,0.9996,0.9996,0.9996,7.5,7.2,8.54,427.0,0.6,912.0,0,6,1048.92,180.0,0.0,0.0,0.0,0.0,0.0,0.0,0.0,872.0,18.0,3.5 km solo,31.0,3.0,🏔️  Haute montagne,1
2025-09-11,2025,vuelta-a-espana,stage,18.0,Arkéa - B&B Hotels,0,2.UWT,,,0.0,,,,,,,0.0,345.0,25.0,0.0,0.0,18.0,12.22,12.1,0.0,0.0,0.0,0.0,0.757,2.0,8.89,0.161,0.0,0.0,0.0,0.356,0.0,97.0,95.0,714.0,684.0,0.0,0.0,0.0,0.0,0.0,0.0,0.0,0.0,0.0,0.0,0.6,0.43,0.2,97.0,0.02,97.0,0,6,1048.92,180.0,0.0,0.0,0.0,0.0,0.0,0.0,0.0,872.0,24.0,Time trial,3.0,1.0,🟢  Plat/Sprint,0
2025-09-12,2025,gp-quebec,result,,Arkéa - B&B Hotels,0,1.UWT,,,0.0,,,,,,,20.0,20.0,0.0,0.0,0.0,,216.07,196.0,7.4,0.0,0.0,0.0,47.7,41.6,98.3,10.1,12.2,0.0,13.6,7.05,0.0,2553.0,2556.0,100.0,5.0,18.0,0.0,0.0,0.0,0.0,0.9995,0.0,0.0,0.0,0.0,2.5,2.63,1.42,351.0,-0.02,592.0,0,6,1048.92,500.0,0.0,0.0,0.0,0.0,0.0,0.0,0.0,829.0,18.0,1.5 km solo,13.0,2.0,⛰️  Moy. montagne,0
2025-09-12,2025,vuelta-a-espana,stage,19.0,Arkéa - B&B Hotels,0,2.UWT,,,0.0,,,,,,,80.0,345.0,25.0,0.0,0.0,19.0,162.09,158.0,2.22,0.267,0.0,0.0,67.7,0.279,92.9,0.0,0.992,0.0,0.854,0.212,0.0,1300.0,1041.0,1016.0,711.0,2.0,2.0,0.0,0.0,0.0,0.9355,0.9355,0.0,0.0,0.0,3.2,2.3,1.54,326.0,0.1,279.0,0,6,1048.92,180.0,0.0,0.0,0.0,0.0,0.0,0.0,0.0,872.0,23.0,Sprint of large group,2.0,1.0,🟢  Plat/Sprint,0
2025-09-13,2025,vuelta-a-espana,stage,20.0,Arkéa - B&B Hotels,0,2.UWT,,,0.0,,,,,,,0.0,345.0,25.0,0.0,0.0,20.0,159.87,156.0,3.42,0.0,0.164,0.0,27.7,0.188,118.0,3.46,0.0,0.0,0.881,10.5,0.0,4078.0,2665.0,2253.0,840.0,2.0,1.0,2.0,0.0,2.0,0.9997,0.9997,0.9997,0.9997,0.9997,11.0,12.33,10.3,520.0,0.22,1060.0,0,6,1048.92,180.0,0.0,0.0,0.0,0.0,0.0,0.0,0.0,872.0,,1.1 km solo,12.0,3.0,🏔️  Haute montagne,1
2025-09-14,2025,gp-de-fourmies,result,,Arkéa - B&B Hotels,0,1.Pro,,,0.0,,,,,,,40.0,40.0,0.0,0.0,0.0,,192.62,184.0,8.71,0.0,0.0,0.0,184.0,4.58,0.0,4.68,0.0,0.0,0.0,0.0,0.0,1915.8,1917.8,251.8,110.6,0.0,0.0,0.0,0.0,0.0,0.0,0.0,0.0,0.0,0.0,-8.29,-3.89,-2.07,37.4,0.17,539.6,0,6,1048.92,200.0,0.0,0.0,0.0,0.0,0.0,0.0,0.0,297.0,17.0,Sprint of large group,17.0,1.0,🟢  Plat/Sprint,0
2025-09-14,2025,vuelta-a-espana,stage,21.0,Arkéa - B&B Hotels,0,2.UWT,,,0.0,,,,,,,0.0,345.0,25.0,0.0,0.0,21.0,,,,,,,,,,,,,,,,,,,,0.0,0.0,0.0,0.0,0.0,,,,,,,,,,,,0,6,1048.92,,,,,,,,,872.0,30.0,-,,,,0
2025-09-14,2025,gp-montreal,result,,Arkéa - B&B Hotels,0,1.UWT,,,0.0,,,,,,,60.0,60.0,0.0,0.0,0.0,,213.68,198.0,3.67,0.0,0.0,0.0,99.8,52.4,0.0,45.3,11.2,0.0,10.7,4.19,0.0,3821.0,3827.0,208.0,61.0,17.0,0.0,0.0,0.0,0.0,0.9576,0.0,0.0,0.0,0.0,-0.3,-0.7,-0.72,462.0,-0.02,890.0,0,6,1048.92,500.0,0.0,0.0,0.0,0.0,0.0,0.0,0.0,824.0,21.0,Other,9.0,2.0,⛰️  Moy. montagne,0
2025-09-17,2025,tour-de-luxembourg,stage,1.0,Arkéa - B&B Hotels,0,2.Pro,,,0.0,,,,,,,0.0,15.0,10.0,0.0,0.0,1.0,152.85,153.0,0.0,0.205,0.0,0.0,113.0,0.0,38.5,0.857,0.0,0.0,0.0,0.163,0.0,2408.0,2379.0,517.0,190.0,4.0,3.0,1.0,0.0,0.0,0.9311,0.9311,0.5067,0.0,0.0,6.2,1.97,0.62,273.0,-0.06,656.0,0,6,1048.92,20.0,0.0,0.0,0.0,0.0,0.0,0.0,0.0,295.0,17.0,Sprint of small group,23.6,2.0,⛰️  Moy. montagne,0
2025-09-17,2025,gp-de-wallonie,result,,Arkéa - B&B Hotels,0,1.Pro,,,0.0,,,,,,,13.0,13.0,0.0,0.0,0.0,,188.56,182.0,4.07,2.18,0.0,0.0,145.0,6.23,28.5,8.58,0.0,0.0,0.0,0.0,0.0,2491.0,2477.0,532.0,81.0,5.0,3.0,1.0,0.0,0.0,0.9982,0.7535,0.1657,0.0,0.0,2.6,4.07,2.52,115.0,0.37,823.0,0,6,1048.92,200.0,1.969,0.0,1.931,0.0,1.931,0.0,0.0,341.0,17.0,Sprint of small group,21.0,2.0,⛰️  Moy. montagne,0
2025-09-18,2025,tour-de-luxembourg,stage,2.0,Arkéa - B&B Hotels,0,2.Pro,,,0.0,,,,,,,0.0,15.0,10.0,0.0,0.0,2.0,168.35,168.0,0.0,0.132,0.0,0.0,106.0,3.03,54.9,2.6,0.0,0.12,0.0,1.94,0.0,2001.0,1839.0,389.0,139.0,4.0,2.0,0.0,0.0,0.0,0.9399,0.55,0.0,0.0,0.0,1.8,0.33,0.38,231.0,0.21,626.0,0,6,1048.92,20.0,0.0,0.0,0.0,0.0,0.0,0.0,0.0,295.0,22.0,Sprint of large group,23.6,2.0,⛰️  Moy. montagne,0
2025-09-19,2025,kampioenschap-van-vlaanderen1,result,,Arkéa - B&B Hotels,0,1.1,,,0.0,,,,,,,8.0,8.0,0.0,0.0,0.0,,180.22,92.9,88.8,0.0,0.0,0.0,65.4,17.2,5.2,93.8,0.0,0.0,0.0,0.0,0.0,757.0,766.0,45.0,22.0,0.0,0.0,0.0,0.0,0.0,0.0,0.0,0.0,0.0,0.0,0.4,0.27,0.12,52.0,-0.01,208.0,0,6,1048.92,125.0,0.0,0.0,0.0,0.0,0.0,0.0,0.0,309.0,26.0,Sprint of large group,24.0,1.0,🟢  Plat/Sprint,0
2025-09-19,2025,tour-de-luxembourg,stage,3.0,Arkéa - B&B Hotels,0,2.Pro,,,0.0,,,,,,,0.0,15.0,10.0,0.0,0.0,3.0,170.32,168.0,0.149,2.41,0.0,0.0,114.0,1.15,55.6,0.0,0.125,0.0,0.305,0.126,0.0,3110.0,2964.0,529.0,148.0,6.0,4.0,1.0,0.0,0.0,0.9996,0.9231,0.4044,0.0,0.0,7.6,1.77,1.08,211.0,0.34,935.0,0,6,1048.92,20.0,1.777,0.0,1.21,0.0,0.642,0.0,0.0,295.0,24.0,Sprint of small group,18.6,2.0,⛰️  Moy. montagne,0
2025-09-20,2025,tour-de-luxembourg,stage,4.0,Arkéa - B&B Hotels,0,2.Pro,,,0.0,,,,,,,5.0,15.0,10.0,0.0,0.0,4.0,26.28,26.3,0.0,0.0,0.0,0.0,20.1,0.488,0.333,0.663,0.0,0.0,0.0,4.66,0.0,362.0,369.0,363.0,233.0,1.0,0.0,0.0,0.0,0.0,0.2271,0.0,0.0,0.0,0.0,-3.2,-1.33,-0.12,194.0,-0.03,362.0,0,6,1048.92,20.0,0.0,0.0,0.0,0.0,0.0,0.0,0.0,295.0,26.0,Time trial,27.8,1.0,🟢  Plat/Sprint,0
2025-09-20,2025,gp-impanis-van-petegem,result,,Arkéa - B&B Hotels,0,1.Pro,,,0.0,,,,,,,11.0,11.0,0.0,0.0,0.0,,200.23,145.0,53.3,1.7,0.137,0.0,121.0,10.7,2.54,60.5,0.0,0.0,0.0,0.159,0.0,1794.0,1827.0,156.0,10.0,3.0,0.0,0.0,0.0,0.0,0.4537,0.0,0.0,0.0,0.0,-0.3,-0.03,-0.08,21.0,0.1,441.0,0,6,1048.92,200.0,0.552,0.0,0.167,0.0,0.005,0.0,0.0,579.0,20.0,Sprint of small group,25.6,1.0,🟢  Plat/Sprint,0
2025-09-21,2025,gp-d-isbergues,result,,Arkéa - B&B Hotels,0,1.1,,,0.0,,,,,,,70.0,70.0,0.0,0.0,0.0,,201.52,138.0,61.6,0.0,0.0,0.0,133.0,49.1,17.8,1.53,0.0,0.0,1.49,0.0,0.0,1155.0,1168.0,191.0,16.0,1.0,1.0,0.0,0.0,0.0,0.5525,0.4045,0.0,0.0,0.0,-0.1,0.07,0.0,44.0,-0.03,178.0,0,6,1048.92,125.0,0.0,0.0,0.0,0.0,0.0,0.0,0.0,211.0,15.0,Sprint of large group,28.8,1.0,🟢  Plat/Sprint,0
2025-09-21,2025,tour-de-luxembourg,stage,5.0,Arkéa - B&B Hotels,0,2.Pro,,,0.0,,,,,,,0.0,15.0,10.0,0.0,0.0,5.0,176.61,177.0,0.0,0.0,0.0,0.0,125.0,4.08,45.2,1.55,0.0,0.0,0.0,0.386,0.0,3099.0,2997.0,530.0,189.0,8.0,3.0,1.0,0.0,0.0,0.9662,0.6717,0.2495,0.0,0.0,-1.1,0.97,-1.08,209.0,0.47,879.0,0,6,1048.92,20.0,0.0,0.0,0.0,0.0,0.0,0.0,0.0,295.0,13.0,1.1 km solo,14.6,2.0,⛰️  Moy. montagne,0
2025-09-28,2025,paris-chauny-classique,result,,Arkéa - B&B Hotels,0,1.1,,,0.0,,,,,,,85.0,85.0,0.0,0.0,0.0,,188.51,171.0,17.6,0.0,0.0,0.0,167.0,6.91,14.0,0.561,0.0,0.0,0.0,0.0,0.0,1751.0,1774.0,206.0,36.0,8.0,1.0,0.0,0.0,0.0,0.7757,0.48,0.0,0.0,0.0,0.3,-0.3,-0.38,124.0,-0.06,280.0,0,1,187.92,125.0,0.0,0.0,0.0,0.0,0.0,0.0,0.0,272.0,,Sprint of large group,2.6,2.0,⛰️  Moy. montagne,0
2025-09-30,2025,tour-of-croatia,stage,1.0,Arkéa - B&B Hotels,0,2.1,,,0.0,,,,,,,0.0,3.0,3.0,0.0,0.0,1.0,162.25,162.0,0.319,0.176,0.0,0.0,60.9,0.381,101.0,0.0,0.216,0.0,0.216,0.282,0.0,1684.0,1404.0,471.0,-2.0,3.0,0.0,1.0,0.0,0.0,0.8714,0.8714,0.8714,0.0,0.0,-0.9,-0.3,0.0,123.0,0.7,763.0,0,0,0.0,14.0,0.0,0.0,0.0,0.0,0.0,0.0,0.0,196.0,20.0,Sprint of large group,17.0,2.0,⛰️  Moy. montagne,0
2025-10-01,2025,tour-of-croatia,stage,2.0,Arkéa - B&B Hotels,0,2.1,,,0.0,,,,,,,0.0,3.0,3.0,0.0,0.0,2.0,51.01,48.4,2.7,0.0,0.0,0.0,0.0,0.0,48.4,2.7,0.0,0.0,0.0,0.0,0.0,448.0,299.0,160.0,3.0,2.0,0.0,0.0,0.0,0.0,0.9933,0.0,0.0,0.0,0.0,1.9,1.73,1.48,268.0,0.26,428.0,0,0,0.0,14.0,0.0,0.0,0.0,0.0,0.0,0.0,0.0,196.0,18.0,Sprint of large group,26.8,1.0,🟢  Plat/Sprint,0
2025-10-02,2025,tour-of-croatia,stage,3.0,Arkéa - B&B Hotels,0,2.1,,,0.0,,,,,,,0.0,3.0,3.0,0.0,0.0,3.0,150.19,144.0,0.116,0.0,0.0,0.0,38.6,0.794,104.0,0.0,6.25,0.0,2.8,0.346,0.137,1632.0,2188.0,838.0,3.0,2.0,2.0,1.0,0.0,0.0,0.8929,0.8929,0.3985,0.0,0.0,0.0,-1.05,-1.2,45.0,-0.27,284.0,0,0,0.0,14.0,0.0,0.0,0.0,0.0,0.0,0.0,0.0,196.0,12.0,Sprint of large group,17.0,2.0,⛰️  Moy. montagne,0
2025-10-03,2025,tour-of-croatia,stage,4.0,Arkéa - B&B Hotels,0,2.1,,,0.0,,,,,,,0.0,3.0,3.0,0.0,0.0,4.0,191.06,167.0,3.71,0.887,3.47,0.0,116.0,2.36,52.4,0.0,16.6,0.0,16.7,2.58,1.39,3653.0,3398.0,957.0,0.0,7.0,4.0,1.0,0.0,1.0,0.9995,0.9206,0.9206,0.6366,0.6366,7.6,2.73,1.16,299.0,0.11,765.0,0,0,0.0,14.0,0.891,0.0,0.438,0.0,0.438,0.0,0.0,196.0,13.0,23.5 km solo,0.0,3.0,🏔️  Haute montagne,1
2025-10-03,2025,munsterland-giro,result,,Arkéa - B&B Hotels,0,1.Pro,,,0.0,,,,,,,15.0,15.0,0.0,0.0,0.0,,193.93,168.0,12.5,10.3,0.119,0.241,129.0,12.2,1.73,31.4,3.02,0.0,3.26,0.917,0.457,889.0,964.0,161.0,40.0,0.0,0.0,0.0,0.0,0.0,0.0,0.0,0.0,0.0,0.0,0.4,0.0,0.06,32.0,-0.06,349.0,0,0,0.0,200.0,9.937,0.005,8.55,0.005,3.571,0.0,0.0,428.0,13.0,Sprint of large group,18.8,1.0,🟢  Plat/Sprint,0
2025-10-04,2025,tour-of-croatia,stage,5.0,Arkéa - B&B Hotels,0,2.1,,,0.0,,,,,,,0.0,3.0,3.0,0.0,0.0,5.0,150.53,147.0,2.93,0.0,0.0,0.0,98.1,8.83,41.6,1.16,0.0,0.0,0.269,0.482,0.0,1515.0,1494.0,581.0,105.0,1.0,1.0,1.0,0.0,0.0,0.8528,0.8528,0.8528,0.0,0.0,-0.2,-0.27,-0.72,72.0,0.02,300.0,0,0,0.0,14.0,0.0,0.0,0.0,0.0,0.0,0.0,0.0,196.0,15.0,Sprint of large group,20.2,1.0,🟢  Plat/Sprint,0
2025-10-05,2025,tour-of-croatia,stage,6.0,Arkéa - B&B Hotels,0,2.1,,,0.0,,,,,,,0.0,3.0,3.0,0.0,0.0,6.0,156.71,124.0,2.41,0.0,2.53,0.0,57.1,2.58,22.5,7.28,27.7,0.392,28.2,6.23,0.691,531.0,553.0,201.0,99.0,1.0,0.0,0.0,0.0,0.0,0.7162,0.0,0.0,0.0,0.0,0.1,0.13,0.02,54.0,-0.05,107.0,0,0,0.0,14.0,0.0,0.0,0.0,0.0,0.0,0.0,0.0,196.0,9.0,Sprint of large group,18.0,1.0,🟢  Plat/Sprint,0
2025-10-07,2025,memorial-frank-vandenbroucke,result,,Arkéa - B&B Hotels,0,1.1,,,0.0,,,,,,,31.0,31.0,0.0,0.0,0.0,,204.26,173.0,25.6,5.7,0.0,0.0,113.0,8.02,71.4,11.9,0.0,0.0,0.168,0.0,0.0,1647.2,1677.0,289.0,55.6,0.0,0.0,0.0,0.0,0.0,0.0,0.0,0.0,0.0,0.0,-2.21,-0.99,-1.47,24.4,0.31,511.8,0,0,0.0,125.0,0.0,0.0,0.0,0.0,0.0,0.0,0.0,308.0,14.0,Sprint of large group,17.0,2.0,⛰️  Moy. montagne,0
2025-10-11,2025,tour-de-vendee,result,,Arkéa - B&B Hotels,0,1.1,,,0.0,,,,,,,78.0,78.0,0.0,0.0,0.0,,200.78,150.0,51.5,0.0,0.0,0.0,172.0,10.7,17.7,0.114,0.0,0.0,0.0,0.114,0.0,1807.0,1877.0,277.0,6.0,5.0,0.0,0.0,0.0,0.0,0.6909,0.0,0.0,0.0,0.0,-0.4,0.33,0.06,106.0,-0.07,562.0,0,0,0.0,125.0,0.0,0.0,0.0,0.0,0.0,0.0,0.0,97.0,15.0,Sprint of large group,17.0,1.0,🟢  Plat/Sprint,0
2025-10-11,2025,il-lombardia,result,,Arkéa - B&B Hotels,0,1.UWT,,,0.0,,,,,,,15.0,15.0,0.0,0.0,0.0,,241.2,232.0,0.784,0.289,0.894,0.414,206.0,2.55,16.3,8.12,7.41,0.0,7.62,1.09,0.863,4802.0,4842.0,1261.0,198.0,3.0,0.0,2.0,2.0,1.0,0.9904,0.8687,0.8687,0.8687,0.7493,-3.3,-3.8,-0.48,121.0,-0.01,883.0,0,0,0.0,800.0,0.0,0.0,0.0,0.0,0.0,0.0,0.0,1087.0,,33.7 km solo,23.2,2.0,⛰️  Moy. montagne,0
2025-10-12,2025,paris-tours,result,,Arkéa - B&B Hotels,0,1.Pro,,,0.0,,,,,,,5.0,5.0,0.0,0.0,0.0,,212.74,179.0,24.0,0.0,8.32,0.92,180.0,11.7,9.43,3.31,0.0,0.0,0.0,8.33,0.0,1240.0,1320.0,211.0,47.0,1.0,0.0,0.0,0.0,0.0,0.3144,0.0,0.0,0.0,0.0,0.2,0.0,0.0,22.0,0.05,172.0,0,0,0.0,200.0,0.0,1.217,0.0,0.822,0.0,0.0,0.0,436.0,,Sprint of 6 riders,18.6,1.0,🟢  Plat/Sprint,0
2025-10-14,2025,tour-of-guangxi,stage,1.0,Arkéa - B&B Hotels,0,2.UWT,,,0.0,,,,,,,2.0,24.0,22.0,0.0,0.0,1.0,148.64,149.0,0.114,0.0,0.0,0.0,64.0,0.129,85.3,0.0,0.0,0.0,0.129,0.0,0.0,1338.0,1336.0,80.0,-1.0,4.0,0.0,0.0,0.0,0.0,0.9,0.0,0.0,0.0,0.0,-1.4,-0.07,-0.04,339.0,0.13,485.0,0,0,0.0,40.0,0.0,0.0,0.0,0.0,0.0,0.0,0.0,326.0,28.0,Sprint of large group,19.6,1.0,🟢  Plat/Sprint,0
2025-10-15,2025,tour-of-guangxi,stage,2.0,Arkéa - B&B Hotels,0,2.UWT,,,0.0,,,,,,,0.0,24.0,22.0,0.0,0.0,2.0,179.03,168.0,0.97,0.0,0.0,0.0,30.1,0.0,138.0,0.0,11.2,0.0,4.11,0.124,0.0,1758.0,1093.0,797.0,108.0,1.0,0.0,0.0,1.0,0.0,0.9997,0.9997,0.9997,0.9997,0.0,0.24,0.36,0.45,120.0,0.03,359.0,0,0,0.0,40.0,0.0,0.0,0.0,0.0,0.0,0.0,0.0,326.0,27.0,Sprint of large group,17.0,1.0,🟢  Plat/Sprint,0
2025-10-16,2025,tour-of-guangxi,stage,3.0,Arkéa - B&B Hotels,0,2.UWT,,,0.0,,,,,,,0.0,24.0,22.0,0.0,0.0,3.0,213.91,9.47,1.5,0.0,0.0,0.0,0.633,0.922,9.42,0.0,206.0,0.0,206.0,0.0,0.0,1922.0,2425.0,791.0,111.0,4.0,0.0,1.0,0.0,0.0,0.934,0.832,0.832,0.0,0.0,-0.2,-0.17,-0.4,495.0,-0.33,405.0,0,0,0.0,40.0,0.0,0.0,0.0,0.0,0.0,0.0,0.0,326.0,27.0,Sprint of large group,26.2,2.0,⛰️  Moy. montagne,0
2025-10-17,2025,tour-of-guangxi,stage,4.0,Arkéa - B&B Hotels,0,2.UWT,,,0.0,,,,,,,0.0,24.0,22.0,0.0,0.0,4.0,176.94,177.0,0.0,0.0,0.0,0.0,0.0,0.0,177.0,0.0,0.0,0.0,0.0,0.0,0.0,2449.0,2493.0,695.0,180.0,1.0,2.0,2.0,0.0,0.0,0.9534,0.856,0.5451,0.0,0.0,0.8,-0.6,-0.48,564.0,0.37,935.0,0,0,0.0,40.0,0.0,0.0,0.0,0.0,0.0,0.0,0.0,326.0,28.0,Sprint of large group,9.2,2.0,⛰️  Moy. montagne,0
2025-10-18,2025,tour-of-guangxi,stage,5.0,Arkéa - B&B Hotels,0,2.UWT,,,0.0,,,,,,,0.0,24.0,22.0,0.0,0.0,5.0,165.72,166.0,0.265,0.0,0.0,0.0,4.85,0.188,161.0,0.0,0.0,0.0,0.0,0.0,0.0,1976.0,1500.0,617.0,107.0,2.0,2.0,1.0,0.0,0.0,0.9989,0.9989,0.9989,0.0,0.0,13.5,6.7,7.62,381.0,-0.0,246.0,0,0,0.0,40.0,0.0,0.0,0.0,0.0,0.0,0.0,0.0,326.0,30.0,1 km solo,0.0,3.0,🏔️  Haute montagne,1
2025-10-19,2025,tour-of-guangxi,stage,6.0,Arkéa - B&B Hotels,0,2.UWT,,,0.0,,,,,,,0.0,24.0,22.0,0.0,0.0,6.0,135.49,109.0,8.17,0.0,0.0,0.0,74.5,20.1,24.5,10.3,5.21,0.0,21.1,3.27,0.0,1483.0,1483.0,226.0,72.0,5.0,0.0,0.0,0.0,0.0,0.8644,0.0,0.0,0.0,0.0,-0.11,-0.11,-0.01,61.0,0.0,583.0,0,0,0.0,40.0,0.0,0.0,0.0,0.0,0.0,0.0,0.0,326.0,29.0,Sprint of large group,17.0,1.0,🟢  Plat/Sprint,0
2025-10-19,2025,chrono-des-nations,result,,Arkéa - B&B Hotels,0,1.1,,,0.0,,,,,,,23.0,23.0,0.0,0.0,0.0,,45.02,44.4,0.499,0.0,0.0,0.0,43.7,0.513,0.131,0.62,0.0,0.0,0.0,0.0,0.0,346.0,333.0,152.0,67.0,0.0,0.0,0.0,0.0,0.0,0.0,0.0,0.0,0.0,0.0,0.9,-0.07,0.0,44.0,0.03,346.0,0,0,0.0,125.0,0.0,0.0,0.0,0.0,0.0,0.0,0.0,107.0,16.0,Time trial,17.0,0.0,⏱️  CLM,0
